Model,Fold,Date,y_true,y_pred
Random Walk,1,2025-07-02,0.00948862302167157,0.0
Random Walk,1,2025-07-03,0.00978020945508253,0.0
Random Walk,1,2025-07-04,-0.0002446708263924116,0.0
Random Walk,1,2025-07-07,-0.004360269625795433,0.0
Random Walk,1,2025-07-08,-0.003913192095893367,0.0
Random Walk,1,2025-07-09,-0.0033230844876732876,0.0
Random Walk,1,2025-07-10,0.01872260225614796,0.0
Random Walk,1,2025-07-11,0.04327485466526427,0.0
Random Walk,1,2025-07-14,-0.005548430989781301,0.0
Random Walk,1,2025-07-15,-0.016462628137999764,0.0
Random Walk,1,2025-07-16,0.0005020943467253442,0.0
Random Walk,1,2025-07-17,0.0053484988038978365,0.0
Random Walk,1,2025-07-18,0.004378664774949515,0.0
Random Walk,1,2025-07-21,0.0227106691096158,0.0
Random Walk,1,2025-07-22,0.005585200918381937,0.0
Random Walk,1,2025-07-23,-0.001068724932451854,0.0
Random Walk,1,2025-07-24,-0.006564602181705882,0.0
Random Walk,1,2025-07-25,-0.02212869728845116,0.0
Random Walk,1,2025-07-28,-0.0037011011461839253,0.0
Random Walk,1,2025-07-29,0.0015240748387354282,0.0
Random Walk,1,2025-07-30,-0.013694800449260934,0.0
Random Walk,2,2025-07-31,-0.02736358302676405,0.0
Random Walk,2,2025-08-01,0.006408634549875711,0.0
Random Walk,2,2025-08-04,0.01094923261068545,0.0
Random Walk,2,2025-08-05,0.013221494196824215,0.0
Random Walk,2,2025-08-06,0.0020939815637874963,0.0
Random Walk,2,2025-08-07,0.010326262845232513,0.0
Random Walk,2,2025-08-08,0.00676460609637975,0.0
Random Walk,2,2025-08-11,-0.019848469853247078,0.0
Random Walk,2,2025-08-12,0.006273085276564445,0.0
Random Walk,2,2025-08-13,0.01570760058111391,0.0
Random Walk,2,2025-08-14,-0.013519958883922833,0.0
Random Walk,2,2025-08-15,-0.0023195075284289193,0.0
Random Walk,2,2025-08-18,0.0015030447981110365,0.0
Random Walk,2,2025-08-19,-0.018348613749446335,0.0
Random Walk,2,2025-08-20,0.011845514382182482,0.0
Random Walk,2,2025-08-21,0.00850368475593492,0.0
Random Walk,2,2025-08-22,0.025342079023089208,0.0
Random Walk,2,2025-08-25,-0.008393464012582622,0.0
Random Walk,2,2025-08-26,-0.002459194534489997,0.0
Random Walk,2,2025-08-27,0.0027694351598420612,0.0
Random Walk,2,2025-08-28,0.01286627656061418,0.0
Random Walk,3,2025-08-29,0.02544543743390251,0.0
Random Walk,3,2025-09-02,0.021435240936227385,0.0
Random Walk,3,2025-09-03,0.011402703706401692,0.0
Random Walk,3,2025-09-04,-0.015306000859251006,0.0
Random Walk,3,2025-09-05,0.003976391479531736,0.0
Random Walk,3,2025-09-08,0.008533321489745038,0.0
Random Walk,3,2025-09-09,-0.01331669065047948,0.0
Random Walk,3,2025-09-10,0.006218724240319515,0.0
Random Walk,3,2025-09-11,0.013618445157770219,0.0
Random Walk,3,2025-09-12,0.016412585827095046,0.0
Random Walk,3,2025-09-15,0.003062219825449937,0.0
Random Walk,3,2025-09-16,-0.0010824498677873453,0.0
Random Walk,3,2025-09-17,-0.017792935340694444,0.0
Random Walk,3,2025-09-18,-0.00035957256245239787,0.0
Random Walk,3,2025-09-19,0.019681761715175473,0.0
Random Walk,3,2025-09-22,0.02926022149357021,0.0
Random Walk,3,2025-09-23,0.008932826417680423,0.0
Random Walk,3,2025-09-24,-0.009435232545841922,0.0
Random Walk,3,2025-09-25,0.02079777880006118,0.0
Random Walk,3,2025-09-26,0.033527900927235434,0.0
Random Walk,3,2025-09-29,0.008423753442250954,0.0
Random Walk,4,2025-09-30,-0.007731717144935333,0.0
Random Walk,4,2025-10-01,0.02217258492499441,0.0
Random Walk,4,2025-10-02,-0.027657479526539994,0.0
Random Walk,4,2025-10-03,0.0341283401166873,0.0
Random Walk,4,2025-10-06,0.010138165326561265,0.0
Random Walk,4,2025-10-07,-0.018959005487523575,0.0
Random Walk,4,2025-10-08,0.03082619811195045,0.0
Random Walk,4,2025-10-09,-0.037824118441793564,0.0
Random Walk,4,2025-10-10,0.0018765999645109822,0.0
Random Walk,4,2025-10-13,0.06579207650283045,0.0
Random Walk,4,2025-10-14,0.0036636994399945285,0.0
Random Walk,4,2025-10-15,0.014972666263086163,0.0
Random Walk,4,2025-10-16,0.037469740949892895,0.0
Random Walk,4,2025-10-17,-0.061426491553587786,0.0
Random Walk,4,2025-10-20,0.024856970232058594,0.0
Random Walk,4,2025-10-21,-0.07447969677901761,0.0
Random Walk,4,2025-10-22,0.00023174916179062298,0.0
Random Walk,4,2025-10-23,0.021284272636443984,0.0
Random Walk,4,2025-10-24,-0.0021680914782260287,0.0
Random Walk,4,2025-10-27,-0.03823970772890121,0.0
Random Walk,4,2025-10-28,0.01201888204232268,0.0
Random Walk,5,2025-10-29,0.012567920885157555,0.0
Random Walk,5,2025-10-30,0.014706621179701264,0.0
Random Walk,5,2025-10-31,-0.009002195547953992,0.0
Random Walk,5,2025-11-03,-0.002211030978419181,0.0
Random Walk,5,2025-11-04,-0.01595519770785064,0.0
Random Walk,5,2025-11-05,0.015432978063345005,0.0
Random Walk,5,2025-11-06,-0.0014426598739446322,0.0
Random Walk,5,2025-11-07,0.0046549974929010725,0.0
Random Walk,5,2025-11-10,0.04400163799506155,0.0
Random Walk,5,2025-11-11,0.008750527588091883,0.0
Random Walk,5,2025-11-12,0.05222929512220047,0.0
Random Walk,5,2025-11-13,-0.00484934911198655,0.0
Random Walk,5,2025-11-14,-0.047933259554467075,0.0
Random Walk,5,2025-11-17,0.0006915941066914226,0.0
Random Walk,5,2025-11-18,-0.003462763504400492,0.0
Random Walk,5,2025-11-19,0.0067167409165909105,0.0
Random Walk,5,2025-11-20,-0.010748626377484014,0.0
Random Walk,5,2025-11-21,-0.00747108027743647,0.0
Random Walk,5,2025-11-24,0.00842583599603129,0.0
Random Walk,5,2025-11-25,0.012625007656006288,0.0
Random Walk,5,2025-11-26,0.03817511768473202,0.0
Random Walk,6,2025-11-28,0.06457865625867037,0.0
Random Walk,6,2025-12-01,0.03433963520547157,0.0
Random Walk,6,2025-12-02,-0.007474155376065649,0.0
Random Walk,6,2025-12-03,-0.0010698557235385034,0.0
Random Walk,6,2025-12-04,-0.018716587382344694,0.0
Random Walk,6,2025-12-05,0.027329095870308698,0.0
Random Walk,6,2025-12-08,-0.011067170131485166,0.0
Random Walk,6,2025-12-09,0.04053187197222852,0.0
Random Walk,6,2025-12-10,0.003484140940118092,0.0
Random Walk,6,2025-12-11,0.057131716759903195,0.0
Random Walk,6,2025-12-12,-0.04098236281946611,0.0
Random Walk,6,2025-12-15,0.025391126722667915,0.0
Random Walk,6,2025-12-16,-0.0038204100102420964,0.0
Random Walk,6,2025-12-17,0.054877752017617534,0.0
Random Walk,6,2025-12-18,-0.025148603302118783,0.0
Random Walk,6,2025-12-19,0.034285916174315596,0.0
Random Walk,6,2025-12-22,0.01574784514116291,0.0
Random Walk,6,2025-12-23,0.03727556004425465,0.0
Random Walk,6,2025-12-24,0.007716446667799441,0.0
Random Walk,6,2025-12-26,0.07399134179679479,0.0
Random Walk,6,2025-12-29,-0.09067169778776503,0.0
Random Walk,7,2025-12-30,0.10221479339062806,0.0
Random Walk,7,2025-12-31,-0.09824307780431558,0.0
Random Walk,7,2026-01-02,0.005998981143650036,0.0
Random Walk,7,2026-01-05,0.07648221205609913,0.0
Random Walk,7,2026-01-06,0.05574084130399784,0.0
Random Walk,7,2026-01-07,-0.043072609490488835,0.0
Random Walk,7,2026-01-08,-0.03186285611540196,0.0
Random Walk,7,2026-01-09,0.05428414794887768,0.0
Random Walk,7,2026-01-12,0.07007401715803904,0.0
Random Walk,7,2026-01-13,0.014863556993312911,0.0
Random Walk,7,2026-01-14,0.05650291804211882,0.0
Random Walk,7,2026-01-15,0.011020890663073043,0.0
Random Walk,7,2026-01-16,-0.04206942596458179,0.0
Random Walk,7,2026-01-20,0.06711347754309907,0.0
Random Walk,7,2026-01-21,-0.021415312804807362,0.0
Random Walk,7,2026-01-22,0.04002956396827427,0.0
Random Walk,7,2026-01-23,0.050279558386278456,0.0
Random Walk,7,2026-01-26,0.13124985761761132,0.0
Random Walk,7,2026-01-27,-0.08669859108884624,0.0
Random Walk,7,2026-01-28,0.06944067448945235,0.0
Random Walk,7,2026-01-29,0.008153341623586855,0.0
Random Walk,8,2026-01-30,-0.37610308700481104,0.0
Random Walk,8,2026-02-02,-0.0195017534205199,0.0
Random Walk,8,2026-02-03,0.0784283625076356,0.0
Random Walk,8,2026-02-04,0.013432667047822297,0.0
Random Walk,8,2026-02-05,-0.09510942355652635,0.0
Random Walk,8,2026-02-06,0.0026881903887896004,0.0
Random Walk,8,2026-02-09,0.0671537103524874,0.0
Random Walk,8,2026-02-10,-0.022763688428083004,0.0
Random Walk,8,2026-02-11,0.04313594701844096,0.0
Random Walk,8,2026-02-12,-0.10314219378519979,0.0
Random Walk,8,2026-02-13,0.030055006017955858,0.0
Random Walk,8,2026-02-17,-0.058232678195794293,0.0
Random Walk,8,2026-02-18,0.053830054736415583,0.0
Random Walk,8,2026-02-19,0.000722232694612371,0.0
Random Walk,8,2026-02-20,0.05904816413025689,0.0
Random Walk,8,2026-02-23,0.05024581475846893,0.0
Random Walk,8,2026-02-24,0.01073694749555926,0.0
Random Walk,8,2026-02-25,0.03904173258606675,0.0
Random Walk,8,2026-02-26,-0.0443038424494124,0.0
Random Walk,8,2026-02-27,0.0632891278862492,0.0
Random Walk,8,2026-03-02,-0.0486154183765808,0.0
Random Walk,9,2026-03-03,-0.06264642761396048,0.0
Random Walk,9,2026-03-04,-0.003503268780937199,0.0
Random Walk,9,2026-03-05,-0.011514328486069848,0.0
Random Walk,9,2026-03-06,0.02572911548343984,0.0
Random Walk,9,2026-03-09,0.0025737084547117705,0.0
Random Walk,9,2026-03-10,0.05837087039100905,0.0
Random Walk,9,2026-03-11,-0.04615282263613243,0.0
Random Walk,9,2026-03-12,-0.004654372806172859,0.0
Random Walk,9,2026-03-13,-0.04537444568017897,0.0
Random Walk,9,2026-03-16,-0.008078131604690005,0.0
Random Walk,9,2026-03-17,-0.009174455123458344,0.0
Random Walk,9,2026-03-18,-0.029242743148298937,0.0
Random Walk,9,2026-03-19,-0.08559290256097903,0.0
Random Walk,9,2026-03-20,-0.02198830663875218,0.0
Random Walk,9,2026-03-23,-0.004493891628405335,0.0
Random Walk,9,2026-03-24,0.0032532357356046945,0.0
Random Walk,9,2026-03-25,0.043597795685774,0.0
Random Walk,9,2026-03-26,-0.06700978850855925,0.0
Random Walk,9,2026-03-27,0.027316306173566753,0.0
Random Walk,9,2026-03-30,0.011139100266054582,0.0
Random Walk,9,2026-03-31,0.06023314806008035,0.0
Random Walk,10,2026-04-01,0.015635517552750514,0.0
Random Walk,10,2026-04-02,-0.04215905699204803,0.0
Random Walk,10,2026-04-06,-0.0010178753480512444,0.0
Random Walk,10,2026-04-07,-0.011558354907611788,0.0
Random Walk,10,2026-04-08,0.046223838631510875,0.0
Random Walk,10,2026-04-09,0.013901140778676418,0.0
Random Walk,10,2026-04-10,0.0006159471096186054,0.0
Random Walk,10,2026-04-13,-0.010550123505336753,0.0
Random Walk,10,2026-04-14,0.04994771671981459,0.0
Random Walk,10,2026-04-15,0.0012587768248807636,0.0
Random Walk,10,2026-04-16,-0.011195705803187449,0.0
Random Walk,10,2026-04-17,0.03907092920060741,0.0
Random Walk,10,2026-04-20,-0.022105095339678606,0.0
Random Walk,10,2026-04-21,-0.045287196374536626,0.0
Random Walk,10,2026-04-22,0.019209355449914436,0.0
Random Walk,10,2026-04-23,-0.0316671369693541,0.0
Random Walk,10,2026-04-24,0.01209127659018988,0.0
Random Walk,10,2026-04-27,-0.01823210990977018,0.0
Random Walk,10,2026-04-28,-0.024264341106409223,0.0
Random Walk,10,2026-04-29,-0.022601726928767742,0.0
Random Walk,10,2026-04-30,0.02708581508247884,0.0
ARIMA,1,2025-07-02,0.00948862302167157,-0.00016563516436368905
ARIMA,1,2025-07-03,0.00978020945508253,0.0003470641974670621
ARIMA,1,2025-07-04,-0.0002446708263924116,0.00018437434281530499
ARIMA,1,2025-07-07,-0.004360269625795433,0.00018437434281530499
ARIMA,1,2025-07-08,-0.003913192095893367,0.00018437434281530499
ARIMA,1,2025-07-09,-0.0033230844876732876,0.00018437434281530499
ARIMA,1,2025-07-10,0.01872260225614796,0.00018437434281530499
ARIMA,1,2025-07-11,0.04327485466526427,0.00018437434281530499
ARIMA,1,2025-07-14,-0.005548430989781301,0.00018437434281530499
ARIMA,1,2025-07-15,-0.016462628137999764,0.00018437434281530499
ARIMA,1,2025-07-16,0.0005020943467253442,0.00018437434281530499
ARIMA,1,2025-07-17,0.0053484988038978365,0.00018437434281530499
ARIMA,1,2025-07-18,0.004378664774949515,0.00018437434281530499
ARIMA,1,2025-07-21,0.0227106691096158,0.00018437434281530499
ARIMA,1,2025-07-22,0.005585200918381937,0.00018437434281530499
ARIMA,1,2025-07-23,-0.001068724932451854,0.00018437434281530499
ARIMA,1,2025-07-24,-0.006564602181705882,0.00018437434281530499
ARIMA,1,2025-07-25,-0.02212869728845116,0.00018437434281530499
ARIMA,1,2025-07-28,-0.0037011011461839253,0.00018437434281530499
ARIMA,1,2025-07-29,0.0015240748387354282,0.00018437434281530499
ARIMA,1,2025-07-30,-0.013694800449260934,0.00018437434281530499
ARIMA,2,2025-07-31,-0.02736358302676405,0.0006402725953888724
ARIMA,2,2025-08-01,0.006408634549875711,-0.00014435740942799985
ARIMA,2,2025-08-04,0.01094923261068545,0.00019370365005212732
ARIMA,2,2025-08-05,0.013221494196824215,0.00019370365005212732
ARIMA,2,2025-08-06,0.0020939815637874963,0.00019370365005212732
ARIMA,2,2025-08-07,0.010326262845232513,0.00019370365005212732
ARIMA,2,2025-08-08,0.00676460609637975,0.00019370365005212732
ARIMA,2,2025-08-11,-0.019848469853247078,0.00019370365005212732
ARIMA,2,2025-08-12,0.006273085276564445,0.00019370365005212732
ARIMA,2,2025-08-13,0.01570760058111391,0.00019370365005212732
ARIMA,2,2025-08-14,-0.013519958883922833,0.00019370365005212732
ARIMA,2,2025-08-15,-0.0023195075284289193,0.00019370365005212732
ARIMA,2,2025-08-18,0.0015030447981110365,0.00019370365005212732
ARIMA,2,2025-08-19,-0.018348613749446335,0.00019370365005212732
ARIMA,2,2025-08-20,0.011845514382182482,0.00019370365005212732
ARIMA,2,2025-08-21,0.00850368475593492,0.00019370365005212732
ARIMA,2,2025-08-22,0.025342079023089208,0.00019370365005212732
ARIMA,2,2025-08-25,-0.008393464012582622,0.00019370365005212732
ARIMA,2,2025-08-26,-0.002459194534489997,0.00019370365005212732
ARIMA,2,2025-08-27,0.0027694351598420612,0.00019370365005212732
ARIMA,2,2025-08-28,0.01286627656061418,0.00019370365005212732
ARIMA,3,2025-08-29,0.02544543743390251,-0.0001082325519724474
ARIMA,3,2025-09-02,0.021435240936227385,0.0005112675777834628
ARIMA,3,2025-09-03,0.011402703706401692,0.00020339084252804968
ARIMA,3,2025-09-04,-0.015306000859251006,0.00020339084252804968
ARIMA,3,2025-09-05,0.003976391479531736,0.00020339084252804968
ARIMA,3,2025-09-08,0.008533321489745038,0.00020339084252804968
ARIMA,3,2025-09-09,-0.01331669065047948,0.00020339084252804968
ARIMA,3,2025-09-10,0.006218724240319515,0.00020339084252804968
ARIMA,3,2025-09-11,0.013618445157770219,0.00020339084252804968
ARIMA,3,2025-09-12,0.016412585827095046,0.00020339084252804968
ARIMA,3,2025-09-15,0.003062219825449937,0.00020339084252804968
ARIMA,3,2025-09-16,-0.0010824498677873453,0.00020339084252804968
ARIMA,3,2025-09-17,-0.017792935340694444,0.00020339084252804968
ARIMA,3,2025-09-18,-0.00035957256245239787,0.00020339084252804968
ARIMA,3,2025-09-19,0.019681761715175473,0.00020339084252804968
ARIMA,3,2025-09-22,0.02926022149357021,0.00020339084252804968
ARIMA,3,2025-09-23,0.008932826417680423,0.00020339084252804968
ARIMA,3,2025-09-24,-0.009435232545841922,0.00020339084252804968
ARIMA,3,2025-09-25,0.02079777880006118,0.00020339084252804968
ARIMA,3,2025-09-26,0.033527900927235434,0.00020339084252804968
ARIMA,3,2025-09-29,0.008423753442250954,0.00020339084252804968
ARIMA,4,2025-09-30,-0.007731717144935333,0.0008156089773001656
ARIMA,4,2025-10-01,0.02217258492499441,0.00045067410453331503
ARIMA,4,2025-10-02,-0.027657479526539994,0.0002462346265763219
ARIMA,4,2025-10-03,0.0341283401166873,0.0002462346265763219
ARIMA,4,2025-10-06,0.010138165326561265,0.0002462346265763219
ARIMA,4,2025-10-07,-0.018959005487523575,0.0002462346265763219
ARIMA,4,2025-10-08,0.03082619811195045,0.0002462346265763219
ARIMA,4,2025-10-09,-0.037824118441793564,0.0002462346265763219
ARIMA,4,2025-10-10,0.0018765999645109822,0.0002462346265763219
ARIMA,4,2025-10-13,0.06579207650283045,0.0002462346265763219
ARIMA,4,2025-10-14,0.0036636994399945285,0.0002462346265763219
ARIMA,4,2025-10-15,0.014972666263086163,0.0002462346265763219
ARIMA,4,2025-10-16,0.037469740949892895,0.0002462346265763219
ARIMA,4,2025-10-17,-0.061426491553587786,0.0002462346265763219
ARIMA,4,2025-10-20,0.024856970232058594,0.0002462346265763219
ARIMA,4,2025-10-21,-0.07447969677901761,0.0002462346265763219
ARIMA,4,2025-10-22,0.00023174916179062298,0.0002462346265763219
ARIMA,4,2025-10-23,0.021284272636443984,0.0002462346265763219
ARIMA,4,2025-10-24,-0.0021680914782260287,0.0002462346265763219
ARIMA,4,2025-10-27,-0.03823970772890121,0.0002462346265763219
ARIMA,4,2025-10-28,0.01201888204232268,0.0002462346265763219
ARIMA,5,2025-10-29,0.012567920885157555,-0.001067164089077199
ARIMA,5,2025-10-30,0.014706621179701264,0.0005092725531763232
ARIMA,5,2025-10-31,-0.009002195547953992,0.00024742383294205445
ARIMA,5,2025-11-03,-0.002211030978419181,0.00024742383294205445
ARIMA,5,2025-11-04,-0.01595519770785064,0.00024742383294205445
ARIMA,5,2025-11-05,0.015432978063345005,0.00024742383294205445
ARIMA,5,2025-11-06,-0.0014426598739446322,0.00024742383294205445
ARIMA,5,2025-11-07,0.0046549974929010725,0.00024742383294205445
ARIMA,5,2025-11-10,0.04400163799506155,0.00024742383294205445
ARIMA,5,2025-11-11,0.008750527588091883,0.00024742383294205445
ARIMA,5,2025-11-12,0.05222929512220047,0.00024742383294205445
ARIMA,5,2025-11-13,-0.00484934911198655,0.00024742383294205445
ARIMA,5,2025-11-14,-0.047933259554467075,0.00024742383294205445
ARIMA,5,2025-11-17,0.0006915941066914226,0.00024742383294205445
ARIMA,5,2025-11-18,-0.003462763504400492,0.00024742383294205445
ARIMA,5,2025-11-19,0.0067167409165909105,0.00024742383294205445
ARIMA,5,2025-11-20,-0.010748626377484014,0.00024742383294205445
ARIMA,5,2025-11-21,-0.00747108027743647,0.00024742383294205445
ARIMA,5,2025-11-24,0.00842583599603129,0.00024742383294205445
ARIMA,5,2025-11-25,0.012625007656006288,0.00024742383294205445
ARIMA,5,2025-11-26,0.03817511768473202,0.00024742383294205445
ARIMA,6,2025-11-28,0.06457865625867037,-0.000608212955471256
ARIMA,6,2025-12-01,0.03433963520547157,0.0012048103212304697
ARIMA,6,2025-12-02,-0.007474155376065649,0.0002752343831271392
ARIMA,6,2025-12-03,-0.0010698557235385034,0.0002752343831271392
ARIMA,6,2025-12-04,-0.018716587382344694,0.0002752343831271392
ARIMA,6,2025-12-05,0.027329095870308698,0.0002752343831271392
ARIMA,6,2025-12-08,-0.011067170131485166,0.0002752343831271392
ARIMA,6,2025-12-09,0.04053187197222852,0.0002752343831271392
ARIMA,6,2025-12-10,0.003484140940118092,0.0002752343831271392
ARIMA,6,2025-12-11,0.057131716759903195,0.0002752343831271392
ARIMA,6,2025-12-12,-0.04098236281946611,0.0002752343831271392
ARIMA,6,2025-12-15,0.025391126722667915,0.0002752343831271392
ARIMA,6,2025-12-16,-0.0038204100102420964,0.0002752343831271392
ARIMA,6,2025-12-17,0.054877752017617534,0.0002752343831271392
ARIMA,6,2025-12-18,-0.025148603302118783,0.0002752343831271392
ARIMA,6,2025-12-19,0.034285916174315596,0.0002752343831271392
ARIMA,6,2025-12-22,0.01574784514116291,0.0002752343831271392
ARIMA,6,2025-12-23,0.03727556004425465,0.0002752343831271392
ARIMA,6,2025-12-24,0.007716446667799441,0.0002752343831271392
ARIMA,6,2025-12-26,0.07399134179679479,0.0002752343831271392
ARIMA,6,2025-12-29,-0.09067169778776503,0.0002752343831271392
ARIMA,7,2025-12-30,0.10221479339062806,0.005895258256810563
ARIMA,7,2025-12-31,-0.09824307780431558,-0.0025770600997186755
ARIMA,7,2026-01-02,0.005998981143650036,0.00034323718900567334
ARIMA,7,2026-01-05,0.07648221205609913,0.00034323718900567334
ARIMA,7,2026-01-06,0.05574084130399784,0.00034323718900567334
ARIMA,7,2026-01-07,-0.043072609490488835,0.00034323718900567334
ARIMA,7,2026-01-08,-0.03186285611540196,0.00034323718900567334
ARIMA,7,2026-01-09,0.05428414794887768,0.00034323718900567334
ARIMA,7,2026-01-12,0.07007401715803904,0.00034323718900567334
ARIMA,7,2026-01-13,0.014863556993312911,0.00034323718900567334
ARIMA,7,2026-01-14,0.05650291804211882,0.00034323718900567334
ARIMA,7,2026-01-15,0.011020890663073043,0.00034323718900567334
ARIMA,7,2026-01-16,-0.04206942596458179,0.00034323718900567334
ARIMA,7,2026-01-20,0.06711347754309907,0.00034323718900567334
ARIMA,7,2026-01-21,-0.021415312804807362,0.00034323718900567334
ARIMA,7,2026-01-22,0.04002956396827427,0.00034323718900567334
ARIMA,7,2026-01-23,0.050279558386278456,0.00034323718900567334
ARIMA,7,2026-01-26,0.13124985761761132,0.00034323718900567334
ARIMA,7,2026-01-27,-0.08669859108884624,0.00034323718900567334
ARIMA,7,2026-01-28,0.06944067448945235,0.00034323718900567334
ARIMA,7,2026-01-29,0.008153341623586855,0.00034323718900567334
ARIMA,8,2026-01-30,-0.37610308700481104,0.002176348096074918
ARIMA,8,2026-02-02,-0.0195017534205199,0.0010190145504820492
ARIMA,8,2026-02-03,0.0784283625076356,0.00046266065123339506
ARIMA,8,2026-02-04,0.013432667047822297,0.00046266065123339506
ARIMA,8,2026-02-05,-0.09510942355652635,0.00046266065123339506
ARIMA,8,2026-02-06,0.0026881903887896004,0.00046266065123339506
ARIMA,8,2026-02-09,0.0671537103524874,0.00046266065123339506
ARIMA,8,2026-02-10,-0.022763688428083004,0.00046266065123339506
ARIMA,8,2026-02-11,0.04313594701844096,0.00046266065123339506
ARIMA,8,2026-02-12,-0.10314219378519979,0.00046266065123339506
ARIMA,8,2026-02-13,0.030055006017955858,0.00046266065123339506
ARIMA,8,2026-02-17,-0.058232678195794293,0.00046266065123339506
ARIMA,8,2026-02-18,0.053830054736415583,0.00046266065123339506
ARIMA,8,2026-02-19,0.000722232694612371,0.00046266065123339506
ARIMA,8,2026-02-20,0.05904816413025689,0.00046266065123339506
ARIMA,8,2026-02-23,0.05024581475846893,0.00046266065123339506
ARIMA,8,2026-02-24,0.01073694749555926,0.00046266065123339506
ARIMA,8,2026-02-25,0.03904173258606675,0.00046266065123339506
ARIMA,8,2026-02-26,-0.0443038424494124,0.00046266065123339506
ARIMA,8,2026-02-27,0.0632891278862492,0.00046266065123339506
ARIMA,8,2026-03-02,-0.0486154183765808,0.00046266065123339506
ARIMA,9,2026-03-03,-0.06264642761396048,0.0030092930683386274
ARIMA,9,2026-03-04,-0.003503268780937199,0.0002598919530773208
ARIMA,9,2026-03-05,-0.011514328486069848,0.0004063180788807619
ARIMA,9,2026-03-06,0.02572911548343984,0.0003985197950294922
ARIMA,9,2026-03-09,0.0025737084547117705,0.0003989351118364574
ARIMA,9,2026-03-10,0.05837087039100905,0.0003989129931173344
ARIMA,9,2026-03-11,-0.04615282263613243,0.0003989141711041807
ARIMA,9,2026-03-12,-0.004654372806172859,0.00039891410836759083
ARIMA,9,2026-03-13,-0.04537444568017897,0.00039891411170878236
ARIMA,9,2026-03-16,-0.008078131604690005,0.000398914111530839
ARIMA,9,2026-03-17,-0.009174455123458344,0.0003989141115403158
ARIMA,9,2026-03-18,-0.029242743148298937,0.0003989141115398111
ARIMA,9,2026-03-19,-0.08559290256097903,0.00039891411153983796
ARIMA,9,2026-03-20,-0.02198830663875218,0.00039891411153983655
ARIMA,9,2026-03-23,-0.004493891628405335,0.0003989141115398366
ARIMA,9,2026-03-24,0.0032532357356046945,0.0003989141115398366
ARIMA,9,2026-03-25,0.043597795685774,0.0003989141115398366
ARIMA,9,2026-03-26,-0.06700978850855925,0.0003989141115398366
ARIMA,9,2026-03-27,0.027316306173566753,0.0003989141115398366
ARIMA,9,2026-03-30,0.011139100266054582,0.0003989141115398366
ARIMA,9,2026-03-31,0.06023314806008035,0.0003989141115398366
ARIMA,10,2026-04-01,0.015635517552750514,-0.0026938953814157006
ARIMA,10,2026-04-02,-0.04215905699204803,0.0005108971652751017
ARIMA,10,2026-04-06,-0.0010178753480512444,0.000347681245606578
ARIMA,10,2026-04-07,-0.011558354907611788,0.0003559936202907832
ARIMA,10,2026-04-08,0.046223838631510875,0.0003555702818503238
ARIMA,10,2026-04-09,0.013901140778676418,0.00035559184192695403
ARIMA,10,2026-04-10,0.0006159471096186054,0.00035559074390026927
ARIMA,10,2026-04-13,-0.010550123505336753,0.0003555907998213414
ARIMA,10,2026-04-14,0.04994771671981459,0.0003555907969733539
ARIMA,10,2026-04-15,0.0012587768248807636,0.0003555907971183982
ARIMA,10,2026-04-16,-0.011195705803187449,0.0003555907971110113
ARIMA,10,2026-04-17,0.03907092920060741,0.00035559079711138745
ARIMA,10,2026-04-20,-0.022105095339678606,0.0003555907971113683
ARIMA,10,2026-04-21,-0.045287196374536626,0.0003555907971113693
ARIMA,10,2026-04-22,0.019209355449914436,0.00035559079711136924
ARIMA,10,2026-04-23,-0.0316671369693541,0.00035559079711136924
ARIMA,10,2026-04-24,0.01209127659018988,0.00035559079711136924
ARIMA,10,2026-04-27,-0.01823210990977018,0.00035559079711136924
ARIMA,10,2026-04-28,-0.024264341106409223,0.00035559079711136924
ARIMA,10,2026-04-29,-0.022601726928767742,0.00035559079711136924
ARIMA,10,2026-04-30,0.02708581508247884,0.00035559079711136924
Decision Tree,1,2025-07-02,0.00978020945508253,0.00010221808703737078
Decision Tree,1,2025-07-03,-0.0002446708263924116,0.00010221808703737078
Decision Tree,1,2025-07-04,-0.004360269625795433,0.00010221808703737078
Decision Tree,1,2025-07-07,-0.003913192095893367,0.00010221808703737078
Decision Tree,1,2025-07-08,-0.0033230844876732876,0.00010221808703737078
Decision Tree,1,2025-07-09,0.01872260225614796,0.00010221808703737078
Decision Tree,1,2025-07-10,0.04327485466526427,0.00010221808703737078
Decision Tree,1,2025-07-11,-0.005548430989781301,0.00010221808703737078
Decision Tree,1,2025-07-14,-0.016462628137999764,0.00010221808703737078
Decision Tree,1,2025-07-15,0.0005020943467253442,0.00010221808703737078
Decision Tree,1,2025-07-16,0.0053484988038978365,0.00010221808703737078
Decision Tree,1,2025-07-17,0.004378664774949515,0.00010221808703737078
Decision Tree,1,2025-07-18,0.0227106691096158,0.00010221808703737078
Decision Tree,1,2025-07-21,0.005585200918381937,0.00010221808703737078
Decision Tree,1,2025-07-22,-0.001068724932451854,0.00010221808703737078
Decision Tree,1,2025-07-23,-0.006564602181705882,0.00010221808703737078
Decision Tree,1,2025-07-24,-0.02212869728845116,0.00010221808703737078
Decision Tree,1,2025-07-25,-0.0037011011461839253,0.00010221808703737078
Decision Tree,1,2025-07-28,0.0015240748387354282,0.00010221808703737078
Decision Tree,1,2025-07-29,-0.013694800449260934,0.00010221808703737078
Decision Tree,1,2025-07-30,-0.02736358302676405,0.00010221808703737078
Decision Tree,2,2025-07-31,0.006408634549875711,0.00010255903279746032
Decision Tree,2,2025-08-01,0.01094923261068545,0.00010255903279746032
Decision Tree,2,2025-08-04,0.013221494196824215,0.00010255903279746032
Decision Tree,2,2025-08-05,0.0020939815637874963,0.00010255903279746032
Decision Tree,2,2025-08-06,0.010326262845232513,0.00010255903279746032
Decision Tree,2,2025-08-07,0.00676460609637975,0.00010255903279746032
Decision Tree,2,2025-08-08,-0.019848469853247078,0.00010255903279746032
Decision Tree,2,2025-08-11,0.006273085276564445,0.00010255903279746032
Decision Tree,2,2025-08-12,0.01570760058111391,0.00010255903279746032
Decision Tree,2,2025-08-13,-0.013519958883922833,0.00010255903279746032
Decision Tree,2,2025-08-14,-0.0023195075284289193,0.00010255903279746032
Decision Tree,2,2025-08-15,0.0015030447981110365,0.00010255903279746032
Decision Tree,2,2025-08-18,-0.018348613749446335,0.00010255903279746032
Decision Tree,2,2025-08-19,0.011845514382182482,0.00010255903279746032
Decision Tree,2,2025-08-20,0.00850368475593492,0.00010255903279746032
Decision Tree,2,2025-08-21,0.025342079023089208,0.00010255903279746032
Decision Tree,2,2025-08-22,-0.008393464012582622,0.00010255903279746032
Decision Tree,2,2025-08-25,-0.002459194534489997,0.00010255903279746032
Decision Tree,2,2025-08-26,0.0027694351598420612,0.00010255903279746032
Decision Tree,2,2025-08-27,0.01286627656061418,0.00010255903279746032
Decision Tree,2,2025-08-28,0.02544543743390251,0.00010255903279746032
Decision Tree,3,2025-08-29,0.021435240936227385,0.0001266902089156217
Decision Tree,3,2025-09-02,0.011402703706401692,0.0001266902089156217
Decision Tree,3,2025-09-03,-0.015306000859251006,0.0001266902089156217
Decision Tree,3,2025-09-04,0.003976391479531736,0.0001266902089156217
Decision Tree,3,2025-09-05,0.008533321489745038,0.0001266902089156217
Decision Tree,3,2025-09-08,-0.01331669065047948,0.0001266902089156217
Decision Tree,3,2025-09-09,0.006218724240319515,0.0001266902089156217
Decision Tree,3,2025-09-10,0.013618445157770219,0.0001266902089156217
Decision Tree,3,2025-09-11,0.016412585827095046,0.0001266902089156217
Decision Tree,3,2025-09-12,0.003062219825449937,0.0001266902089156217
Decision Tree,3,2025-09-15,-0.0010824498677873453,0.0001266902089156217
Decision Tree,3,2025-09-16,-0.017792935340694444,0.0001266902089156217
Decision Tree,3,2025-09-17,-0.00035957256245239787,0.0001266902089156217
Decision Tree,3,2025-09-18,0.019681761715175473,0.0001266902089156217
Decision Tree,3,2025-09-19,0.02926022149357021,0.0001266902089156217
Decision Tree,3,2025-09-22,0.008932826417680423,0.0001266902089156217
Decision Tree,3,2025-09-23,-0.009435232545841922,0.0001266902089156217
Decision Tree,3,2025-09-24,0.02079777880006118,0.0001266902089156217
Decision Tree,3,2025-09-25,0.033527900927235434,0.0001266902089156217
Decision Tree,3,2025-09-26,0.008423753442250954,0.0001266902089156217
Decision Tree,3,2025-09-29,-0.007731717144935333,0.0001266902089156217
Decision Tree,4,2025-09-30,0.02217258492499441,0.00016220873811021211
Decision Tree,4,2025-10-01,-0.027657479526539994,0.00016220873811021211
Decision Tree,4,2025-10-02,0.0341283401166873,0.00016220873811021211
Decision Tree,4,2025-10-03,0.010138165326561265,0.00016220873811021211
Decision Tree,4,2025-10-06,-0.018959005487523575,0.00016220873811021211
Decision Tree,4,2025-10-07,0.03082619811195045,0.00016220873811021211
Decision Tree,4,2025-10-08,-0.037824118441793564,0.00016220873811021211
Decision Tree,4,2025-10-09,0.0018765999645109822,0.00016220873811021211
Decision Tree,4,2025-10-10,0.06579207650283045,0.00016220873811021211
Decision Tree,4,2025-10-13,0.0036636994399945285,0.00016220873811021211
Decision Tree,4,2025-10-14,0.014972666263086163,0.00016220873811021211
Decision Tree,4,2025-10-15,0.037469740949892895,0.00016220873811021211
Decision Tree,4,2025-10-16,-0.061426491553587786,0.00016220873811021211
Decision Tree,4,2025-10-17,0.024856970232058594,0.00016220873811021211
Decision Tree,4,2025-10-20,-0.07447969677901761,0.00016220873811021211
Decision Tree,4,2025-10-21,0.00023174916179062298,0.00016220873811021211
Decision Tree,4,2025-10-22,0.021284272636443984,0.00016220873811021211
Decision Tree,4,2025-10-23,-0.0021680914782260287,0.00016220873811021211
Decision Tree,4,2025-10-24,-0.03823970772890121,0.00016220873811021211
Decision Tree,4,2025-10-27,0.01201888204232268,0.00016220873811021211
Decision Tree,4,2025-10-28,0.012567920885157555,0.00016220873811021211
Decision Tree,5,2025-10-29,0.014706621179701264,0.00016935607881942257
Decision Tree,5,2025-10-30,-0.009002195547953992,0.00016935607881942257
Decision Tree,5,2025-10-31,-0.002211030978419181,0.00016935607881942257
Decision Tree,5,2025-11-03,-0.01595519770785064,0.00016935607881942257
Decision Tree,5,2025-11-04,0.015432978063345005,0.00016935607881942257
Decision Tree,5,2025-11-05,-0.0014426598739446322,0.00016935607881942257
Decision Tree,5,2025-11-06,0.0046549974929010725,0.00016935607881942257
Decision Tree,5,2025-11-07,0.04400163799506155,0.00016935607881942257
Decision Tree,5,2025-11-10,0.008750527588091883,0.00016935607881942257
Decision Tree,5,2025-11-11,0.05222929512220047,0.00016935607881942257
Decision Tree,5,2025-11-12,-0.00484934911198655,0.00016935607881942257
Decision Tree,5,2025-11-13,-0.047933259554467075,0.00016935607881942257
Decision Tree,5,2025-11-14,0.0006915941066914226,0.00016935607881942257
Decision Tree,5,2025-11-17,-0.003462763504400492,0.00016935607881942257
Decision Tree,5,2025-11-18,0.0067167409165909105,0.00016935607881942257
Decision Tree,5,2025-11-19,-0.010748626377484014,0.00016935607881942257
Decision Tree,5,2025-11-20,-0.00747108027743647,0.00016935607881942257
Decision Tree,5,2025-11-21,0.00842583599603129,0.00016935607881942257
Decision Tree,5,2025-11-24,0.012625007656006288,0.00016935607881942257
Decision Tree,5,2025-11-25,0.03817511768473202,0.00016935607881942257
Decision Tree,5,2025-11-26,0.06457865625867037,0.00016935607881942257
Decision Tree,6,2025-11-28,0.03433963520547157,0.00021132655110514211
Decision Tree,6,2025-12-01,-0.007474155376065649,0.00021132655110514211
Decision Tree,6,2025-12-02,-0.0010698557235385034,0.00021132655110514211
Decision Tree,6,2025-12-03,-0.018716587382344694,0.00021132655110514211
Decision Tree,6,2025-12-04,0.027329095870308698,0.00021132655110514211
Decision Tree,6,2025-12-05,-0.011067170131485166,0.00021132655110514211
Decision Tree,6,2025-12-08,0.04053187197222852,0.00021132655110514211
Decision Tree,6,2025-12-09,0.003484140940118092,0.00021132655110514211
Decision Tree,6,2025-12-10,0.057131716759903195,0.00021132655110514211
Decision Tree,6,2025-12-11,-0.04098236281946611,0.00021132655110514211
Decision Tree,6,2025-12-12,0.025391126722667915,0.00021132655110514211
Decision Tree,6,2025-12-15,-0.0038204100102420964,0.00021132655110514211
Decision Tree,6,2025-12-16,0.054877752017617534,0.00021132655110514211
Decision Tree,6,2025-12-17,-0.025148603302118783,0.00021132655110514211
Decision Tree,6,2025-12-18,0.034285916174315596,0.00021132655110514211
Decision Tree,6,2025-12-19,0.01574784514116291,0.00021132655110514211
Decision Tree,6,2025-12-22,0.03727556004425465,0.00021132655110514211
Decision Tree,6,2025-12-23,0.007716446667799441,0.00021132655110514211
Decision Tree,6,2025-12-24,0.07399134179679479,0.00021132655110514211
Decision Tree,6,2025-12-26,-0.09067169778776503,0.00021132655110514211
Decision Tree,6,2025-12-29,0.10221479339062806,0.00021132655110514211
Decision Tree,7,2025-12-30,-0.09824307780431558,0.00029030255887680344
Decision Tree,7,2025-12-31,0.005998981143650036,0.0332806223196871
Decision Tree,7,2026-01-02,0.07648221205609913,0.00029030255887680344
Decision Tree,7,2026-01-05,0.05574084130399784,0.00029030255887680344
Decision Tree,7,2026-01-06,-0.043072609490488835,0.00029030255887680344
Decision Tree,7,2026-01-07,-0.03186285611540196,0.00029030255887680344
Decision Tree,7,2026-01-08,0.05428414794887768,0.00029030255887680344
Decision Tree,7,2026-01-09,0.07007401715803904,0.00029030255887680344
Decision Tree,7,2026-01-12,0.014863556993312911,0.00029030255887680344
Decision Tree,7,2026-01-13,0.05650291804211882,-0.05640612258958827
Decision Tree,7,2026-01-14,0.011020890663073043,0.0332806223196871
Decision Tree,7,2026-01-15,-0.04206942596458179,-0.05640612258958827
Decision Tree,7,2026-01-16,0.06711347754309907,0.0332806223196871
Decision Tree,7,2026-01-20,-0.021415312804807362,0.0332806223196871
Decision Tree,7,2026-01-21,0.04002956396827427,0.0332806223196871
Decision Tree,7,2026-01-22,0.050279558386278456,-0.05640612258958827
Decision Tree,7,2026-01-23,0.13124985761761132,0.0332806223196871
Decision Tree,7,2026-01-26,-0.08669859108884624,0.0332806223196871
Decision Tree,7,2026-01-27,0.06944067448945235,0.0332806223196871
Decision Tree,7,2026-01-28,0.008153341623586855,0.0332806223196871
Decision Tree,7,2026-01-29,-0.37610308700481104,0.0332806223196871
Decision Tree,8,2026-01-30,-0.0195017534205199,-0.06461373638738888
Decision Tree,8,2026-02-02,0.0784283625076356,0.0002590108383162082
Decision Tree,8,2026-02-03,0.013432667047822297,0.0002590108383162082
Decision Tree,8,2026-02-04,-0.09510942355652635,0.0002590108383162082
Decision Tree,8,2026-02-05,0.0026881903887896004,0.0002590108383162082
Decision Tree,8,2026-02-06,0.0671537103524874,0.0002590108383162082
Decision Tree,8,2026-02-09,-0.022763688428083004,0.0002590108383162082
Decision Tree,8,2026-02-10,0.04313594701844096,0.0002590108383162082
Decision Tree,8,2026-02-11,-0.10314219378519979,0.0002590108383162082
Decision Tree,8,2026-02-12,0.030055006017955858,0.0002590108383162082
Decision Tree,8,2026-02-13,-0.058232678195794293,0.0002590108383162082
Decision Tree,8,2026-02-17,0.053830054736415583,0.0002590108383162082
Decision Tree,8,2026-02-18,0.000722232694612371,0.0002590108383162082
Decision Tree,8,2026-02-19,0.05904816413025689,0.0002590108383162082
Decision Tree,8,2026-02-20,0.05024581475846893,0.0002590108383162082
Decision Tree,8,2026-02-23,0.01073694749555926,0.0002590108383162082
Decision Tree,8,2026-02-24,0.03904173258606675,0.0002590108383162082
Decision Tree,8,2026-02-25,-0.0443038424494124,0.0002590108383162082
Decision Tree,8,2026-02-26,0.0632891278862492,0.0002590108383162082
Decision Tree,8,2026-02-27,-0.0486154183765808,0.0002590108383162082
Decision Tree,8,2026-03-02,-0.06264642761396048,0.04123060118090765
Decision Tree,9,2026-03-03,-0.003503268780937199,0.0003370607372769056
Decision Tree,9,2026-03-04,-0.011514328486069848,0.0003370607372769056
Decision Tree,9,2026-03-05,0.02572911548343984,0.0003370607372769056
Decision Tree,9,2026-03-06,0.0025737084547117705,0.0003370607372769056
Decision Tree,9,2026-03-09,0.05837087039100905,0.0003370607372769056
Decision Tree,9,2026-03-10,-0.04615282263613243,0.0003370607372769056
Decision Tree,9,2026-03-11,-0.004654372806172859,0.0003370607372769056
Decision Tree,9,2026-03-12,-0.04537444568017897,0.0003370607372769056
Decision Tree,9,2026-03-13,-0.008078131604690005,0.0003370607372769056
Decision Tree,9,2026-03-16,-0.009174455123458344,0.0003370607372769056
Decision Tree,9,2026-03-17,-0.029242743148298937,0.0003370607372769056
Decision Tree,9,2026-03-18,-0.08559290256097903,0.0003370607372769056
Decision Tree,9,2026-03-19,-0.02198830663875218,0.0003370607372769056
Decision Tree,9,2026-03-20,-0.004493891628405335,0.0003370607372769056
Decision Tree,9,2026-03-23,0.0032532357356046945,0.0003370607372769056
Decision Tree,9,2026-03-24,0.043597795685774,0.0003370607372769056
Decision Tree,9,2026-03-25,-0.06700978850855925,0.0003370607372769056
Decision Tree,9,2026-03-26,0.027316306173566753,0.0003370607372769056
Decision Tree,9,2026-03-27,0.011139100266054582,0.0003370607372769056
Decision Tree,9,2026-03-30,0.06023314806008035,0.0003370607372769056
Decision Tree,9,2026-03-31,0.015635517552750514,0.0003370607372769056
Decision Tree,10,2026-04-02,-0.04215905699204803,0.00031308248171185656
Decision Tree,10,2026-04-06,-0.0010178753480512444,0.00031308248171185656
Decision Tree,10,2026-04-07,-0.011558354907611788,0.00031308248171185656
Decision Tree,10,2026-04-08,0.046223838631510875,0.00031308248171185656
Decision Tree,10,2026-04-09,0.013901140778676418,0.00031308248171185656
Decision Tree,10,2026-04-10,0.0006159471096186054,0.00031308248171185656
Decision Tree,10,2026-04-13,-0.010550123505336753,0.00031308248171185656
Decision Tree,10,2026-04-14,0.04994771671981459,0.00031308248171185656
Decision Tree,10,2026-04-15,0.0012587768248807636,0.00031308248171185656
Decision Tree,10,2026-04-16,-0.011195705803187449,0.00031308248171185656
Decision Tree,10,2026-04-17,0.03907092920060741,0.00031308248171185656
Decision Tree,10,2026-04-20,-0.022105095339678606,0.00031308248171185656
Decision Tree,10,2026-04-21,-0.045287196374536626,0.00031308248171185656
Decision Tree,10,2026-04-22,0.019209355449914436,0.00031308248171185656
Decision Tree,10,2026-04-23,-0.0316671369693541,0.00031308248171185656
Decision Tree,10,2026-04-24,0.01209127659018988,0.00031308248171185656
Decision Tree,10,2026-04-27,-0.01823210990977018,0.00031308248171185656
Decision Tree,10,2026-04-28,-0.024264341106409223,0.00031308248171185656
Decision Tree,10,2026-04-29,-0.022601726928767742,0.00031308248171185656
Decision Tree,10,2026-04-30,0.02708581508247884,0.00031308248171185656
Random Forest,1,2025-07-02,0.00978020945508253,0.00023520431679684002
Random Forest,1,2025-07-03,-0.0002446708263924116,0.00023520431679684002
Random Forest,1,2025-07-04,-0.004360269625795433,0.00023520431679684002
Random Forest,1,2025-07-07,-0.003913192095893367,0.00023520431679684002
Random Forest,1,2025-07-08,-0.0033230844876732876,0.00023520431679684002
Random Forest,1,2025-07-09,0.01872260225614796,0.0009631260832748122
Random Forest,1,2025-07-10,0.04327485466526427,-0.00019753841709019689
Random Forest,1,2025-07-11,-0.005548430989781301,0.00023520431679684002
Random Forest,1,2025-07-14,-0.016462628137999764,0.00023520431679684002
Random Forest,1,2025-07-15,0.0005020943467253442,0.00023520431679684002
Random Forest,1,2025-07-16,0.0053484988038978365,2.012987164558364e-06
Random Forest,1,2025-07-17,0.004378664774949515,0.00023520431679684002
Random Forest,1,2025-07-18,0.0227106691096158,0.00023520431679684002
Random Forest,1,2025-07-21,0.005585200918381937,0.0002075854761623468
Random Forest,1,2025-07-22,-0.001068724932451854,0.00023520431679684002
Random Forest,1,2025-07-23,-0.006564602181705882,0.00023520431679684002
Random Forest,1,2025-07-24,-0.02212869728845116,0.00023520431679684002
Random Forest,1,2025-07-25,-0.0037011011461839253,0.00023520431679684002
Random Forest,1,2025-07-28,0.0015240748387354282,0.0001654952571878131
Random Forest,1,2025-07-29,-0.013694800449260934,0.0002075854761623468
Random Forest,1,2025-07-30,-0.02736358302676405,0.0002075854761623468
Random Forest,2,2025-07-31,0.006408634549875711,0.0001707666398529903
Random Forest,2,2025-08-01,0.01094923261068545,0.000473389115963309
Random Forest,2,2025-08-04,0.013221494196824215,0.0002000943379497781
Random Forest,2,2025-08-05,0.0020939815637874963,0.0002000943379497781
Random Forest,2,2025-08-06,0.010326262845232513,0.00022808173324935797
Random Forest,2,2025-08-07,0.00676460609637975,0.00022808173324935797
Random Forest,2,2025-08-08,-0.019848469853247078,0.00022808173324935797
Random Forest,2,2025-08-11,0.006273085276564445,0.00022808173324935797
Random Forest,2,2025-08-12,0.01570760058111391,0.00019875403515257024
Random Forest,2,2025-08-13,-0.013519958883922833,0.00022808173324935797
Random Forest,2,2025-08-14,-0.0023195075284289193,0.00022808173324935797
Random Forest,2,2025-08-15,0.0015030447981110365,0.00019875403515257024
Random Forest,2,2025-08-18,-0.018348613749446335,0.0002000943379497781
Random Forest,2,2025-08-19,0.011845514382182482,0.00022808173324935797
Random Forest,2,2025-08-20,0.00850368475593492,0.0001707666398529903
Random Forest,2,2025-08-21,0.025342079023089208,0.0002000943379497781
Random Forest,2,2025-08-22,-0.008393464012582622,0.00022808173324935797
Random Forest,2,2025-08-25,-0.002459194534489997,0.00022808173324935797
Random Forest,2,2025-08-26,0.0027694351598420612,0.00022808173324935797
Random Forest,2,2025-08-27,0.01286627656061418,0.00022808173324935797
Random Forest,2,2025-08-28,0.02544543743390251,0.00022808173324935797
Random Forest,3,2025-08-29,0.021435240936227385,0.0002179488489638743
Random Forest,3,2025-09-02,0.011402703706401692,0.0002179488489638743
Random Forest,3,2025-09-03,-0.015306000859251006,0.00022580171428589365
Random Forest,3,2025-09-04,0.003976391479531736,0.0002589075813978603
Random Forest,3,2025-09-05,0.008533321489745038,0.0002113584409632627
Random Forest,3,2025-09-08,-0.01331669065047948,0.00024340281982880774
Random Forest,3,2025-09-09,0.006218724240319515,0.0002179488489638743
Random Forest,3,2025-09-10,0.013618445157770219,0.0002035055756412434
Random Forest,3,2025-09-11,0.016412585827095046,0.0002179488489638743
Random Forest,3,2025-09-12,0.003062219825449937,0.00024340281982880774
Random Forest,3,2025-09-15,-0.0010824498677873453,0.00024340281982880774
Random Forest,3,2025-09-16,-0.017792935340694444,0.0002003477434209602
Random Forest,3,2025-09-17,-0.00035957256245239787,0.00018636838696367057
Random Forest,3,2025-09-18,0.019681761715175473,0.0002035055756412434
Random Forest,3,2025-09-19,0.02926022149357021,0.0002179488489638743
Random Forest,3,2025-09-22,0.008932826417680423,0.0002179488489638743
Random Forest,3,2025-09-23,-0.009435232545841922,0.0002179488489638743
Random Forest,3,2025-09-24,0.02079777880006118,0.00022580171428589365
Random Forest,3,2025-09-25,0.033527900927235434,0.00018590447009832927
Random Forest,3,2025-09-26,0.008423753442250954,0.0002179488489638743
Random Forest,3,2025-09-29,-0.007731717144935333,0.00024340281982880774
Random Forest,4,2025-09-30,0.02217258492499441,0.00026897052537427153
Random Forest,4,2025-10-01,-0.027657479526539994,0.00022964329841404906
Random Forest,4,2025-10-02,0.0341283401166873,0.0003331827174490752
Random Forest,4,2025-10-03,0.010138165326561265,0.00027226593316280554
Random Forest,4,2025-10-06,-0.018959005487523575,0.0003157866960819688
Random Forest,4,2025-10-07,0.03082619811195045,0.0003194667571191565
Random Forest,4,2025-10-08,-0.037824118441793564,0.00019049390119279665
Random Forest,4,2025-10-09,0.0018765999645109822,0.0003331827174490752
Random Forest,4,2025-10-10,0.06579207650283045,0.0002472171495201257
Random Forest,4,2025-10-13,0.0036636994399945285,0.0004691743284639098
Random Forest,4,2025-10-14,0.014972666263086163,7.770249926292885e-05
Random Forest,4,2025-10-15,0.037469740949892895,0.00013376701437626002
Random Forest,4,2025-10-16,-0.061426491553587786,2.264867188267293e-06
Random Forest,4,2025-10-17,0.024856970232058594,-0.002992674292679907
Random Forest,4,2025-10-20,-0.07447969677901761,-0.0005427314458466675
Random Forest,4,2025-10-21,0.00023174916179062298,0.00013394877976875407
Random Forest,4,2025-10-22,0.021284272636443984,-0.0008019670397883205
Random Forest,4,2025-10-23,-0.0021680914782260287,0.00022495482646433935
Random Forest,4,2025-10-24,-0.03823970772890121,0.0006659603671016576
Random Forest,4,2025-10-27,0.01201888204232268,0.0004453885053240347
Random Forest,4,2025-10-28,0.012567920885157555,8.510740694798511e-05
Random Forest,5,2025-10-29,0.014706621179701264,0.00015477328654021254
Random Forest,5,2025-10-30,-0.009002195547953992,0.00017148161510247242
Random Forest,5,2025-10-31,-0.002211030978419181,0.00021926614461766783
Random Forest,5,2025-11-03,-0.01595519770785064,9.320609693389193e-05
Random Forest,5,2025-11-04,0.015432978063345005,-0.00013256406544271781
Random Forest,5,2025-11-05,-0.0014426598739446322,0.0001935636305903078
Random Forest,5,2025-11-06,0.0046549974929010725,0.0001935636305903078
Random Forest,5,2025-11-07,0.04400163799506155,0.00019623202895207954
Random Forest,5,2025-11-10,0.008750527588091883,0.0001422041724092513
Random Forest,5,2025-11-11,0.05222929512220047,0.00025210586752972235
Random Forest,5,2025-11-12,-0.00484934911198655,0.00022250709478321572
Random Forest,5,2025-11-13,-0.047933259554467075,-0.0016332428823577442
Random Forest,5,2025-11-14,0.0006915941066914226,-0.0021154955831243958
Random Forest,5,2025-11-17,-0.003462763504400492,-0.0006419198177251954
Random Forest,5,2025-11-18,0.0067167409165909105,3.4890010989939874e-05
Random Forest,5,2025-11-19,-0.010748626377484014,0.00012067587849857244
Random Forest,5,2025-11-20,-0.00747108027743647,4.491840889303042e-05
Random Forest,5,2025-11-21,0.00842583599603129,3.406865480933774e-05
Random Forest,5,2025-11-24,0.012625007656006288,-0.00015764154891399277
Random Forest,5,2025-11-25,0.03817511768473202,0.00025185578602684685
Random Forest,5,2025-11-26,0.06457865625867037,0.00026856411458910676
Random Forest,6,2025-11-28,0.03433963520547157,0.0003401840847334551
Random Forest,6,2025-12-01,-0.007474155376065649,-0.0028630410330866135
Random Forest,6,2025-12-02,-0.0010698557235385034,-0.0031232727749901847
Random Forest,6,2025-12-03,-0.018716587382344694,-0.0030380855181334192
Random Forest,6,2025-12-04,0.027329095870308698,-0.003537666775160904
Random Forest,6,2025-12-05,-0.011067170131485166,0.00010393534472862842
Random Forest,6,2025-12-08,0.04053187197222852,0.00042816598451822654
Random Forest,6,2025-12-09,0.003484140940118092,0.00019032898852062224
Random Forest,6,2025-12-10,0.057131716759903195,0.0018962228323824834
Random Forest,6,2025-12-11,-0.04098236281946611,0.001026365448117112
Random Forest,6,2025-12-12,0.025391126722667915,-7.678773426995228e-05
Random Forest,6,2025-12-15,-0.0038204100102420964,-0.0006562497234187858
Random Forest,6,2025-12-16,0.054877752017617534,-0.00024689794792964856
Random Forest,6,2025-12-17,-0.025148603302118783,5.8955310604453663e-05
Random Forest,6,2025-12-18,0.034285916174315596,-0.005287330502999776
Random Forest,6,2025-12-19,0.01574784514116291,0.0001260042806876838
Random Forest,6,2025-12-22,0.03727556004425465,0.000537542654386925
Random Forest,6,2025-12-23,0.007716446667799441,0.0017732802949041112
Random Forest,6,2025-12-24,0.07399134179679479,-0.0036999814028873183
Random Forest,6,2025-12-26,-0.09067169778776503,0.0001569430033146146
Random Forest,6,2025-12-29,0.10221479339062806,-0.0007566164243886467
Random Forest,7,2025-12-30,-0.09824307780431558,-0.00022770872299747233
Random Forest,7,2025-12-31,0.005998981143650036,0.028512634652998504
Random Forest,7,2026-01-02,0.07648221205609913,-0.01044647273723378
Random Forest,7,2026-01-05,0.05574084130399784,-0.000603571432932851
Random Forest,7,2026-01-06,-0.043072609490488835,0.0025889830137303697
Random Forest,7,2026-01-07,-0.03186285611540196,0.022092074104604387
Random Forest,7,2026-01-08,0.05428414794887768,0.001629743158796007
Random Forest,7,2026-01-09,0.07007401715803904,0.00024646928609532736
Random Forest,7,2026-01-12,0.014863556993312911,0.002811212452366191
Random Forest,7,2026-01-13,0.05650291804211882,-0.02333812888381584
Random Forest,7,2026-01-14,0.011020890663073043,0.01993857417140451
Random Forest,7,2026-01-15,-0.04206942596458179,-0.005550838440963712
Random Forest,7,2026-01-16,0.06711347754309907,0.003608925613624075
Random Forest,7,2026-01-20,-0.021415312804807362,0.013358732309693581
Random Forest,7,2026-01-21,0.04002956396827427,-0.0013472980271325085
Random Forest,7,2026-01-22,0.050279558386278456,-0.02576095989276472
Random Forest,7,2026-01-23,0.13124985761761132,0.0019014064587486162
Random Forest,7,2026-01-26,-0.08669859108884624,0.004959196562503199
Random Forest,7,2026-01-27,0.06944067448945235,0.0229887831797171
Random Forest,7,2026-01-28,0.008153341623586855,-0.008015999438134224
Random Forest,7,2026-01-29,-0.37610308700481104,0.011383075664426407
Random Forest,8,2026-01-30,-0.0195017534205199,-0.09014734962481112
Random Forest,8,2026-02-02,0.0784283625076356,-0.02325975750744518
Random Forest,8,2026-02-03,0.013432667047822297,-0.024226576021838843
Random Forest,8,2026-02-04,-0.09510942355652635,-0.02141280842386436
Random Forest,8,2026-02-05,0.0026881903887896004,-0.028397036112237636
Random Forest,8,2026-02-06,0.0671537103524874,-0.022595909778936597
Random Forest,8,2026-02-09,-0.022763688428083004,-0.024259776085558432
Random Forest,8,2026-02-10,0.04313594701844096,-0.018616319599210188
Random Forest,8,2026-02-11,-0.10314219378519979,-0.023586118794651598
Random Forest,8,2026-02-12,0.030055006017955858,-0.0230886030422885
Random Forest,8,2026-02-13,-0.058232678195794293,-0.023309385378220294
Random Forest,8,2026-02-17,0.053830054736415583,-0.02535455445089402
Random Forest,8,2026-02-18,0.000722232694612371,-0.026971768461225062
Random Forest,8,2026-02-19,0.05904816413025689,-0.02508006839361526
Random Forest,8,2026-02-20,0.05024581475846893,-0.025366862304692876
Random Forest,8,2026-02-23,0.01073694749555926,-0.02495485016926294
Random Forest,8,2026-02-24,0.03904173258606675,-0.026754383821473035
Random Forest,8,2026-02-25,-0.0443038424494124,-0.02844356441094901
Random Forest,8,2026-02-26,0.0632891278862492,-0.020606396551786185
Random Forest,8,2026-02-27,-0.0486154183765808,-0.023631568806564255
Random Forest,8,2026-03-02,-0.06264642761396048,-0.010221526405037424
Random Forest,9,2026-03-03,-0.003503268780937199,-0.0012762328426214956
Random Forest,9,2026-03-04,-0.011514328486069848,0.0023923176114657974
Random Forest,9,2026-03-05,0.02572911548343984,0.0018120600705517503
Random Forest,9,2026-03-06,0.0025737084547117705,0.002677306683742038
Random Forest,9,2026-03-09,0.05837087039100905,0.0018120600705517503
Random Forest,9,2026-03-10,-0.04615282263613243,0.0011698373090391328
Random Forest,9,2026-03-11,-0.004654372806172859,0.0016032077757738453
Random Forest,9,2026-03-12,-0.04537444568017897,0.0012459189716951384
Random Forest,9,2026-03-13,-0.008078131604690005,0.0020350839222294226
Random Forest,9,2026-03-16,-0.009174455123458344,0.000850646966900194
Random Forest,9,2026-03-17,-0.029242743148298937,0.00024808003090297996
Random Forest,9,2026-03-18,-0.08559290256097903,0.0003373379191039763
Random Forest,9,2026-03-19,-0.02198830663875218,0.0003373379191039763
Random Forest,9,2026-03-20,-0.004493891628405335,0.0016257197542947225
Random Forest,9,2026-03-23,0.0032532357356046945,0.0008640002711198458
Random Forest,9,2026-03-24,0.043597795685774,0.0006869756718189873
Random Forest,9,2026-03-25,-0.06700978850855925,-0.0002044250661815475
Random Forest,9,2026-03-26,0.027316306173566753,0.00024808003090297996
Random Forest,9,2026-03-27,0.011139100266054582,1.1447189122972046e-05
Random Forest,9,2026-03-30,0.06023314806008035,0.0005672703730419187
Random Forest,9,2026-03-31,0.015635517552750514,0.0004907185059202436
Random Forest,10,2026-04-02,-0.04215905699204803,0.0007238298157897813
Random Forest,10,2026-04-06,-0.0010178753480512444,0.0007543580183368398
Random Forest,10,2026-04-07,-0.011558354907611788,-0.00019910638468017446
Random Forest,10,2026-04-08,0.046223838631510875,0.00030577545248361014
Random Forest,10,2026-04-09,0.013901140778676418,0.00030577545248361014
Random Forest,10,2026-04-10,0.0006159471096186054,0.00044881416391745173
Random Forest,10,2026-04-13,-0.010550123505336753,0.00030577545248361014
Random Forest,10,2026-04-14,0.04994771671981459,0.00030577545248361014
Random Forest,10,2026-04-15,0.0012587768248807636,0.00030577545248361014
Random Forest,10,2026-04-16,-0.011195705803187449,-7.15127452606544e-05
Random Forest,10,2026-04-17,0.03907092920060741,0.00030577545248361014
Random Forest,10,2026-04-20,-0.022105095339678606,0.00030577545248361014
Random Forest,10,2026-04-21,-0.045287196374536626,0.00030577545248361014
Random Forest,10,2026-04-22,0.019209355449914436,0.00030577545248361014
Random Forest,10,2026-04-23,-0.0316671369693541,0.00030577545248361014
Random Forest,10,2026-04-24,0.01209127659018988,0.00030577545248361014
Random Forest,10,2026-04-27,-0.01823210990977018,0.00030577545248361014
Random Forest,10,2026-04-28,-0.024264341106409223,0.00030577545248361014
Random Forest,10,2026-04-29,-0.022601726928767742,0.00030577545248361014
Random Forest,10,2026-04-30,0.02708581508247884,0.00030577545248361014
Gradient Boosting,1,2025-07-02,0.00978020945508253,-0.00010966560575395606
Gradient Boosting,1,2025-07-03,-0.0002446708263924116,9.945162735836623e-05
Gradient Boosting,1,2025-07-04,-0.004360269625795433,-0.000519009513266284
Gradient Boosting,1,2025-07-07,-0.003913192095893367,0.0006382359452495184
Gradient Boosting,1,2025-07-08,-0.0033230844876732876,0.00032824306219672903
Gradient Boosting,1,2025-07-09,0.01872260225614796,0.000636714777820337
Gradient Boosting,1,2025-07-10,0.04327485466526427,-0.0008443997567213138
Gradient Boosting,1,2025-07-11,-0.005548430989781301,-0.0005401667873266561
Gradient Boosting,1,2025-07-14,-0.016462628137999764,0.0014456713211780739
Gradient Boosting,1,2025-07-15,0.0005020943467253442,0.0013106877375354084
Gradient Boosting,1,2025-07-16,0.0053484988038978365,-0.00037452358247742136
Gradient Boosting,1,2025-07-17,0.004378664774949515,-0.00036011720267821717
Gradient Boosting,1,2025-07-18,0.0227106691096158,0.0004073098469515691
Gradient Boosting,1,2025-07-21,0.005585200918381937,-9.866768824910564e-05
Gradient Boosting,1,2025-07-22,-0.001068724932451854,0.0004926564983637037
Gradient Boosting,1,2025-07-23,-0.006564602181705882,0.0011347586669893403
Gradient Boosting,1,2025-07-24,-0.02212869728845116,0.0013847703710394602
Gradient Boosting,1,2025-07-25,-0.0037011011461839253,-0.0005691618459430926
Gradient Boosting,1,2025-07-28,0.0015240748387354282,-0.0006533549206361966
Gradient Boosting,1,2025-07-29,-0.013694800449260934,-0.0005905899827860915
Gradient Boosting,1,2025-07-30,-0.02736358302676405,-0.0005601753995779854
Gradient Boosting,2,2025-07-31,0.006408634549875711,-0.0007876873448488823
Gradient Boosting,2,2025-08-01,0.01094923261068545,0.0045747288015444325
Gradient Boosting,2,2025-08-04,0.013221494196824215,-0.00014103593794561188
Gradient Boosting,2,2025-08-05,0.0020939815637874963,8.330839490209359e-05
Gradient Boosting,2,2025-08-06,0.010326262845232513,0.00045969198427342007
Gradient Boosting,2,2025-08-07,0.00676460609637975,0.0002360240211808072
Gradient Boosting,2,2025-08-08,-0.019848469853247078,0.00031480703392745905
Gradient Boosting,2,2025-08-11,0.006273085276564445,0.00034655856452248384
Gradient Boosting,2,2025-08-12,0.01570760058111391,0.00023635614784460061
Gradient Boosting,2,2025-08-13,-0.013519958883922833,-0.00024720465542647254
Gradient Boosting,2,2025-08-14,-0.0023195075284289193,2.3495918528970506e-05
Gradient Boosting,2,2025-08-15,0.0015030447981110365,0.00023635614784460061
Gradient Boosting,2,2025-08-18,-0.018348613749446335,-0.00094574485996052
Gradient Boosting,2,2025-08-19,0.011845514382182482,-0.0001804675339513892
Gradient Boosting,2,2025-08-20,0.00850368475593492,-0.000614409134584976
Gradient Boosting,2,2025-08-21,0.025342079023089208,-0.00046698952984406306
Gradient Boosting,2,2025-08-22,-0.008393464012582622,0.0003030932693196841
Gradient Boosting,2,2025-08-25,-0.002459194534489997,0.00054518233357022
Gradient Boosting,2,2025-08-26,0.0027694351598420612,0.00032151437047760737
Gradient Boosting,2,2025-08-27,0.01286627656061418,-0.00039208960577243377
Gradient Boosting,2,2025-08-28,0.02544543743390251,-0.00013700223874858958
Gradient Boosting,3,2025-08-29,0.021435240936227385,0.00040595540890299306
Gradient Boosting,3,2025-09-02,0.011402703706401692,0.0008496597704543174
Gradient Boosting,3,2025-09-03,-0.015306000859251006,0.0019256574679744265
Gradient Boosting,3,2025-09-04,0.003976391479531736,0.0015202109229198275
Gradient Boosting,3,2025-09-05,0.008533321489745038,0.0004926250676345995
Gradient Boosting,3,2025-09-08,-0.01331669065047948,0.0002134932841593791
Gradient Boosting,3,2025-09-09,0.006218724240319515,0.00013612250652236186
Gradient Boosting,3,2025-09-10,0.013618445157770219,0.00025744840309099805
Gradient Boosting,3,2025-09-11,0.016412585827095046,8.681394916523503e-06
Gradient Boosting,3,2025-09-12,0.003062219825449937,0.0012061623315665537
Gradient Boosting,3,2025-09-15,-0.0010824498677873453,0.0009894939138748273
Gradient Boosting,3,2025-09-16,-0.017792935340694444,0.0005867539138538892
Gradient Boosting,3,2025-09-17,-0.00035957256245239787,0.0005292280694038658
Gradient Boosting,3,2025-09-18,0.019681761715175473,3.6106125731615904e-05
Gradient Boosting,3,2025-09-19,0.02926022149357021,0.0002053525634753746
Gradient Boosting,3,2025-09-22,0.008932826417680423,0.00018249214073107504
Gradient Boosting,3,2025-09-23,-0.009435232545841922,0.0010027147553399948
Gradient Boosting,3,2025-09-24,0.02079777880006118,0.0011625461478933805
Gradient Boosting,3,2025-09-25,0.033527900927235434,-0.00010605788229283919
Gradient Boosting,3,2025-09-26,0.008423753442250954,0.0006392363450862879
Gradient Boosting,3,2025-09-29,-0.007731717144935333,0.0016741254898021201
Gradient Boosting,4,2025-09-30,0.02217258492499441,0.001605730457772105
Gradient Boosting,4,2025-10-01,-0.027657479526539994,0.0012774498492778483
Gradient Boosting,4,2025-10-02,0.0341283401166873,0.0012783201938637021
Gradient Boosting,4,2025-10-03,0.010138165326561265,0.0013726578249020713
Gradient Boosting,4,2025-10-06,-0.018959005487523575,0.0003651805073842252
Gradient Boosting,4,2025-10-07,0.03082619811195045,0.0014413269714747404
Gradient Boosting,4,2025-10-08,-0.037824118441793564,0.0010709069262068284
Gradient Boosting,4,2025-10-09,0.0018765999645109822,0.0011740819977700797
Gradient Boosting,4,2025-10-10,0.06579207650283045,0.001114966971743706
Gradient Boosting,4,2025-10-13,0.0036636994399945285,0.001771889691655285
Gradient Boosting,4,2025-10-14,0.014972666263086163,-0.0007465473374611951
Gradient Boosting,4,2025-10-15,0.037469740949892895,-0.0005986335323286668
Gradient Boosting,4,2025-10-16,-0.061426491553587786,-0.002072825847478597
Gradient Boosting,4,2025-10-17,0.024856970232058594,-0.007606754885216883
Gradient Boosting,4,2025-10-20,-0.07447969677901761,-0.0011387774605503052
Gradient Boosting,4,2025-10-21,0.00023174916179062298,-0.0001637156078126018
Gradient Boosting,4,2025-10-22,0.021284272636443984,-0.0018089947803383046
Gradient Boosting,4,2025-10-23,-0.0021680914782260287,0.0010023529172564223
Gradient Boosting,4,2025-10-24,-0.03823970772890121,-2.1130207467971496e-05
Gradient Boosting,4,2025-10-27,0.01201888204232268,-0.000492638579500579
Gradient Boosting,4,2025-10-28,0.012567920885157555,-0.0001057885845361823
Gradient Boosting,5,2025-10-29,0.014706621179701264,0.0003033374804454509
Gradient Boosting,5,2025-10-30,-0.009002195547953992,0.001040232818760967
Gradient Boosting,5,2025-10-31,-0.002211030978419181,0.0005304399851895056
Gradient Boosting,5,2025-11-03,-0.01595519770785064,-0.00049975056536889
Gradient Boosting,5,2025-11-04,0.015432978063345005,-0.0004809013482885231
Gradient Boosting,5,2025-11-05,-0.0014426598739446322,-0.00016335736703096266
Gradient Boosting,5,2025-11-06,0.0046549974929010725,0.00034820466497536765
Gradient Boosting,5,2025-11-07,0.04400163799506155,0.000344668250268637
Gradient Boosting,5,2025-11-10,0.008750527588091883,-0.0004951972897566555
Gradient Boosting,5,2025-11-11,0.05222929512220047,0.0010125176823590125
Gradient Boosting,5,2025-11-12,-0.00484934911198655,0.0013015083703826222
Gradient Boosting,5,2025-11-13,-0.047933259554467075,-0.007829638267640568
Gradient Boosting,5,2025-11-14,0.0006915941066914226,-0.007960560204139234
Gradient Boosting,5,2025-11-17,-0.003462763504400492,-0.00098598653811638
Gradient Boosting,5,2025-11-18,0.0067167409165909105,0.0004630895414227071
Gradient Boosting,5,2025-11-19,-0.010748626377484014,0.0007676481740290075
Gradient Boosting,5,2025-11-20,-0.00747108027743647,0.0005920221967835001
Gradient Boosting,5,2025-11-21,0.00842583599603129,-0.0004193213618828827
Gradient Boosting,5,2025-11-24,0.012625007656006288,0.00019671504886877673
Gradient Boosting,5,2025-11-25,0.03817511768473202,0.0008688845496648915
Gradient Boosting,5,2025-11-26,0.06457865625867037,0.0013680946353134458
Gradient Boosting,6,2025-11-28,0.03433963520547157,0.0017603871590095178
Gradient Boosting,6,2025-12-01,-0.007474155376065649,-0.006554248007669261
Gradient Boosting,6,2025-12-02,-0.0010698557235385034,-0.0039983260596913464
Gradient Boosting,6,2025-12-03,-0.018716587382344694,-0.0036796078264460627
Gradient Boosting,6,2025-12-04,0.027329095870308698,-0.0012960618892293653
Gradient Boosting,6,2025-12-05,-0.011067170131485166,0.0030125791426351416
Gradient Boosting,6,2025-12-08,0.04053187197222852,0.001756163499565361
Gradient Boosting,6,2025-12-09,0.003484140940118092,-0.005411256397461063
Gradient Boosting,6,2025-12-10,0.057131716759903195,0.01054012713708324
Gradient Boosting,6,2025-12-11,-0.04098236281946611,0.007391128134917504
Gradient Boosting,6,2025-12-12,0.025391126722667915,-0.0074162208300397065
Gradient Boosting,6,2025-12-15,-0.0038204100102420964,0.0005127863625285216
Gradient Boosting,6,2025-12-16,0.054877752017617534,0.000398502768635147
Gradient Boosting,6,2025-12-17,-0.025148603302118783,0.002246982605580227
Gradient Boosting,6,2025-12-18,0.034285916174315596,-0.0038922062212232086
Gradient Boosting,6,2025-12-19,0.01574784514116291,-0.0010827293555357475
Gradient Boosting,6,2025-12-22,0.03727556004425465,0.0002933048460494625
Gradient Boosting,6,2025-12-23,0.007716446667799441,0.0030358292890951782
Gradient Boosting,6,2025-12-24,0.07399134179679479,-0.009621908211876654
Gradient Boosting,6,2025-12-26,-0.09067169778776503,-0.0020559886870817118
Gradient Boosting,6,2025-12-29,0.10221479339062806,-0.013236226712775722
Gradient Boosting,7,2025-12-30,-0.09824307780431558,-0.015337310032804868
Gradient Boosting,7,2025-12-31,0.005998981143650036,0.02618152340698144
Gradient Boosting,7,2026-01-02,0.07648221205609913,-0.0014220950783601545
Gradient Boosting,7,2026-01-05,0.05574084130399784,0.0013083788384137033
Gradient Boosting,7,2026-01-06,-0.043072609490488835,-0.018882274346427537
Gradient Boosting,7,2026-01-07,-0.03186285611540196,0.035826276631041924
Gradient Boosting,7,2026-01-08,0.05428414794887768,-0.006559306751675368
Gradient Boosting,7,2026-01-09,0.07007401715803904,-0.001161668511080404
Gradient Boosting,7,2026-01-12,0.014863556993312911,-0.000732959250926046
Gradient Boosting,7,2026-01-13,0.05650291804211882,-0.0293234355341763
Gradient Boosting,7,2026-01-14,0.011020890663073043,0.03469086805670572
Gradient Boosting,7,2026-01-15,-0.04206942596458179,0.009966588107789035
Gradient Boosting,7,2026-01-16,0.06711347754309907,0.017466466612372476
Gradient Boosting,7,2026-01-20,-0.021415312804807362,-0.031226559864160786
Gradient Boosting,7,2026-01-21,0.04002956396827427,0.007704400029583885
Gradient Boosting,7,2026-01-22,0.050279558386278456,-0.06311239322640333
Gradient Boosting,7,2026-01-23,0.13124985761761132,0.018048604054105664
Gradient Boosting,7,2026-01-26,-0.08669859108884624,0.02595334142075703
Gradient Boosting,7,2026-01-27,0.06944067448945235,0.03854357401391718
Gradient Boosting,7,2026-01-28,0.008153341623586855,-0.01878989163474268
Gradient Boosting,7,2026-01-29,-0.37610308700481104,0.049060866674212535
Gradient Boosting,8,2026-01-30,-0.0195017534205199,-0.1535857570373671
Gradient Boosting,8,2026-02-02,0.0784283625076356,0.02930571833191062
Gradient Boosting,8,2026-02-03,0.013432667047822297,-0.002411986780789313
Gradient Boosting,8,2026-02-04,-0.09510942355652635,0.015613096318247668
Gradient Boosting,8,2026-02-05,0.0026881903887896004,0.004437647733844244
Gradient Boosting,8,2026-02-06,0.0671537103524874,-0.0003019892302366685
Gradient Boosting,8,2026-02-09,-0.022763688428083004,-0.022030537056685905
Gradient Boosting,8,2026-02-10,0.04313594701844096,-0.0040689409362940614
Gradient Boosting,8,2026-02-11,-0.10314219378519979,-0.009198900998599154
Gradient Boosting,8,2026-02-12,0.030055006017955858,-0.019562946825919258
Gradient Boosting,8,2026-02-13,-0.058232678195794293,0.011592665115075966
Gradient Boosting,8,2026-02-17,0.053830054736415583,0.003133935125662436
Gradient Boosting,8,2026-02-18,0.000722232694612371,0.006855350541811815
Gradient Boosting,8,2026-02-19,0.05904816413025689,0.001950715955803342
Gradient Boosting,8,2026-02-20,0.05024581475846893,-0.0034441966477943738
Gradient Boosting,8,2026-02-23,0.01073694749555926,-0.0023672325390718726
Gradient Boosting,8,2026-02-24,0.03904173258606675,-0.01906073383118422
Gradient Boosting,8,2026-02-25,-0.0443038424494124,-0.008200583075670221
Gradient Boosting,8,2026-02-26,0.0632891278862492,-0.004823518472944694
Gradient Boosting,8,2026-02-27,-0.0486154183765808,-0.0014923429342383703
Gradient Boosting,8,2026-03-02,-0.06264642761396048,0.010565726453268025
Gradient Boosting,9,2026-03-03,-0.003503268780937199,-0.008357484196324318
Gradient Boosting,9,2026-03-04,-0.011514328486069848,-0.0007824550033600052
Gradient Boosting,9,2026-03-05,0.02572911548343984,0.002156441388062525
Gradient Boosting,9,2026-03-06,0.0025737084547117705,0.0030722096585432315
Gradient Boosting,9,2026-03-09,0.05837087039100905,0.002267554154383747
Gradient Boosting,9,2026-03-10,-0.04615282263613243,0.001236144975081154
Gradient Boosting,9,2026-03-11,-0.004654372806172859,0.0022574736045411076
Gradient Boosting,9,2026-03-12,-0.04537444568017897,0.0016487931400232482
Gradient Boosting,9,2026-03-13,-0.008078131604690005,0.0008358721526794688
Gradient Boosting,9,2026-03-16,-0.009174455123458344,0.0017900230957649344
Gradient Boosting,9,2026-03-17,-0.029242743148298937,0.0011978282966031613
Gradient Boosting,9,2026-03-18,-0.08559290256097903,0.0002820600261224543
Gradient Boosting,9,2026-03-19,-0.02198830663875218,0.0007489984214217917
Gradient Boosting,9,2026-03-20,-0.004493891628405335,-0.0028525166491139248
Gradient Boosting,9,2026-03-23,0.0032532357356046945,0.0027544620666496247
Gradient Boosting,9,2026-03-24,0.043597795685774,0.02074944550904743
Gradient Boosting,9,2026-03-25,-0.06700978850855925,0.002682146273686297
Gradient Boosting,9,2026-03-26,0.027316306173566753,0.003617125981389321
Gradient Boosting,9,2026-03-27,0.011139100266054582,-0.003842083677551102
Gradient Boosting,9,2026-03-30,0.06023314806008035,0.0005500397100313571
Gradient Boosting,9,2026-03-31,0.015635517552750514,0.0005500397100313571
Gradient Boosting,10,2026-04-02,-0.04215905699204803,0.0007569191989682514
Gradient Boosting,10,2026-04-06,-0.0010178753480512444,0.0002877007634111471
Gradient Boosting,10,2026-04-07,-0.011558354907611788,-0.000378099709007475
Gradient Boosting,10,2026-04-08,0.046223838631510875,0.0006360603816492238
Gradient Boosting,10,2026-04-09,0.013901140778676418,0.0012550106723975846
Gradient Boosting,10,2026-04-10,0.0006159471096186054,0.0010804571456725063
Gradient Boosting,10,2026-04-13,-0.010550123505336753,0.0007704076323758214
Gradient Boosting,10,2026-04-14,0.04994771671981459,0.0007585456926594326
Gradient Boosting,10,2026-04-15,0.0012587768248807636,0.0013064075392907758
Gradient Boosting,10,2026-04-16,-0.011195705803187449,-0.004432813214810909
Gradient Boosting,10,2026-04-17,0.03907092920060741,-0.00037354901270492255
Gradient Boosting,10,2026-04-20,-0.022105095339678606,-0.0004991460915766857
Gradient Boosting,10,2026-04-21,-0.045287196374536626,0.0011909954485222047
Gradient Boosting,10,2026-04-22,0.019209355449914436,0.0012259319929597363
Gradient Boosting,10,2026-04-23,-0.0316671369693541,-8.589641794700099e-05
Gradient Boosting,10,2026-04-24,0.01209127659018988,0.000390400051038564
Gradient Boosting,10,2026-04-27,-0.01823210990977018,0.0004637919212219954
Gradient Boosting,10,2026-04-28,-0.024264341106409223,-0.0007861371410337909
Gradient Boosting,10,2026-04-29,-0.022601726928767742,-0.0003065895181396054
Gradient Boosting,10,2026-04-30,0.02708581508247884,4.260820651363226e-05
XGBoost,1,2025-07-02,0.00978020945508253,0.0005743170622736216
XGBoost,1,2025-07-03,-0.0002446708263924116,-0.00012399059778545052
XGBoost,1,2025-07-04,-0.004360269625795433,-0.0005931388586759567
XGBoost,1,2025-07-07,-0.003913192095893367,0.0013137542409822345
XGBoost,1,2025-07-08,-0.0033230844876732876,0.0008354555466212332
XGBoost,1,2025-07-09,0.01872260225614796,-0.0026178774423897266
XGBoost,1,2025-07-10,0.04327485466526427,-0.0028454656712710857
XGBoost,1,2025-07-11,-0.005548430989781301,-0.0007662336574867368
XGBoost,1,2025-07-14,-0.016462628137999764,0.001688790856860578
XGBoost,1,2025-07-15,0.0005020943467253442,0.0010311175137758255
XGBoost,1,2025-07-16,0.0053484988038978365,-0.00026790722040459514
XGBoost,1,2025-07-17,0.004378664774949515,-0.0007221106789074838
XGBoost,1,2025-07-18,0.0227106691096158,0.00047652158536948264
XGBoost,1,2025-07-21,0.005585200918381937,7.773141260258853e-05
XGBoost,1,2025-07-22,-0.001068724932451854,0.0005140267894603312
XGBoost,1,2025-07-23,-0.006564602181705882,0.0013131987070664763
XGBoost,1,2025-07-24,-0.02212869728845116,0.0013791971141472459
XGBoost,1,2025-07-25,-0.0037011011461839253,-0.0009363318094983697
XGBoost,1,2025-07-28,0.0015240748387354282,-0.0009334401111118495
XGBoost,1,2025-07-29,-0.013694800449260934,-0.0005622325697913766
XGBoost,1,2025-07-30,-0.02736358302676405,-0.0009462835732847452
XGBoost,2,2025-07-31,0.006408634549875711,-0.0011606343323364854
XGBoost,2,2025-08-01,0.01094923261068545,-0.003321686526760459
XGBoost,2,2025-08-04,0.013221494196824215,0.00035606735036708415
XGBoost,2,2025-08-05,0.0020939815637874963,-0.00024320637749042362
XGBoost,2,2025-08-06,0.010326262845232513,0.0004188297607470304
XGBoost,2,2025-08-07,0.00676460609637975,4.3954085413133726e-05
XGBoost,2,2025-08-08,-0.019848469853247078,0.001154025667347014
XGBoost,2,2025-08-11,0.006273085276564445,0.0006160502089187503
XGBoost,2,2025-08-12,0.01570760058111391,3.436164479353465e-05
XGBoost,2,2025-08-13,-0.013519958883922833,-0.0010820419993251562
XGBoost,2,2025-08-14,-0.0023195075284289193,0.0003264010010752827
XGBoost,2,2025-08-15,0.0015030447981110365,0.0004318800347391516
XGBoost,2,2025-08-18,-0.018348613749446335,-0.0014932048507034779
XGBoost,2,2025-08-19,0.011845514382182482,0.00014864031982142478
XGBoost,2,2025-08-20,0.00850368475593492,-0.0007631314219906926
XGBoost,2,2025-08-21,0.025342079023089208,-0.0011982560390606523
XGBoost,2,2025-08-22,-0.008393464012582622,0.0006701326346956193
XGBoost,2,2025-08-25,-0.002459194534489997,0.00048640419845469296
XGBoost,2,2025-08-26,0.0027694351598420612,0.0001479299971833825
XGBoost,2,2025-08-27,0.01286627656061418,-8.26182949822396e-05
XGBoost,2,2025-08-28,0.02544543743390251,-0.0007436461164616048
XGBoost,3,2025-08-29,0.021435240936227385,0.0006756475777365267
XGBoost,3,2025-09-02,0.011402703706401692,0.001956899417564273
XGBoost,3,2025-09-03,-0.015306000859251006,0.0011223671026527882
XGBoost,3,2025-09-04,0.003976391479531736,0.0014661960303783417
XGBoost,3,2025-09-05,0.008533321489745038,0.0010891540441662073
XGBoost,3,2025-09-08,-0.01331669065047948,-0.00013588968431577086
XGBoost,3,2025-09-09,0.006218724240319515,0.0006516960565932095
XGBoost,3,2025-09-10,0.013618445157770219,0.00023620134743396193
XGBoost,3,2025-09-11,0.016412585827095046,-0.0004258737899363041
XGBoost,3,2025-09-12,0.003062219825449937,0.0021466193720698357
XGBoost,3,2025-09-15,-0.0010824498677873453,0.0010191882029175758
XGBoost,3,2025-09-16,-0.017792935340694444,0.002236307831481099
XGBoost,3,2025-09-17,-0.00035957256245239787,0.0014872647589072585
XGBoost,3,2025-09-18,0.019681761715175473,0.0004948552814312279
XGBoost,3,2025-09-19,0.02926022149357021,0.00046677037607878447
XGBoost,3,2025-09-22,0.008932826417680423,0.0014577109832316637
XGBoost,3,2025-09-23,-0.009435232545841922,0.0013340077130123973
XGBoost,3,2025-09-24,0.02079777880006118,0.00237848749384284
XGBoost,3,2025-09-25,0.033527900927235434,0.0016927733086049557
XGBoost,3,2025-09-26,0.008423753442250954,-0.0005332003347575665
XGBoost,3,2025-09-29,-0.007731717144935333,0.0006408513290807605
XGBoost,4,2025-09-30,0.02217258492499441,0.0019190330058336258
XGBoost,4,2025-10-01,-0.027657479526539994,0.0027095936238765717
XGBoost,4,2025-10-02,0.0341283401166873,0.0010952597949653864
XGBoost,4,2025-10-03,0.010138165326561265,0.0023523522540926933
XGBoost,4,2025-10-06,-0.018959005487523575,0.002796351443976164
XGBoost,4,2025-10-07,0.03082619811195045,0.003545651212334633
XGBoost,4,2025-10-08,-0.037824118441793564,-0.002169364830479026
XGBoost,4,2025-10-09,0.0018765999645109822,0.0013076389441266656
XGBoost,4,2025-10-10,0.06579207650283045,0.0029207891784608364
XGBoost,4,2025-10-13,0.0036636994399945285,0.002805729629471898
XGBoost,4,2025-10-14,0.014972666263086163,-0.0031355260871350765
XGBoost,4,2025-10-15,0.037469740949892895,-0.0038182693533599377
XGBoost,4,2025-10-16,-0.061426491553587786,0.0011468605371192098
XGBoost,4,2025-10-17,0.024856970232058594,-0.006708882283419371
XGBoost,4,2025-10-20,-0.07447969677901761,-0.010177831165492535
XGBoost,4,2025-10-21,0.00023174916179062298,-0.0038060983642935753
XGBoost,4,2025-10-22,0.021284272636443984,-0.012495658360421658
XGBoost,4,2025-10-23,-0.0021680914782260287,-0.002573025180026889
XGBoost,4,2025-10-24,-0.03823970772890121,-0.0008693840354681015
XGBoost,4,2025-10-27,0.01201888204232268,-0.0029659285210072994
XGBoost,4,2025-10-28,0.012567920885157555,-0.003899096744135022
XGBoost,5,2025-10-29,0.014706621179701264,0.003529207082465291
XGBoost,5,2025-10-30,-0.009002195547953992,0.003941847011446953
XGBoost,5,2025-10-31,-0.002211030978419181,-0.0031059542670845985
XGBoost,5,2025-11-03,-0.01595519770785064,0.00034564282395876944
XGBoost,5,2025-11-04,0.015432978063345005,-0.0017122672870755196
XGBoost,5,2025-11-05,-0.0014426598739446322,0.0019895932637155056
XGBoost,5,2025-11-06,0.0046549974929010725,0.0019252148922532797
XGBoost,5,2025-11-07,0.04400163799506155,0.0003812930663116276
XGBoost,5,2025-11-10,0.008750527588091883,-0.0018981748726218939
XGBoost,5,2025-11-11,0.05222929512220047,0.0011532658245414495
XGBoost,5,2025-11-12,-0.00484934911198655,0.00265262508764863
XGBoost,5,2025-11-13,-0.047933259554467075,-0.004612843506038189
XGBoost,5,2025-11-14,0.0006915941066914226,-0.011341898702085018
XGBoost,5,2025-11-17,-0.003462763504400492,-0.0034268174786120653
XGBoost,5,2025-11-18,0.0067167409165909105,-0.0006627185503020883
XGBoost,5,2025-11-19,-0.010748626377484014,0.0020893129985779524
XGBoost,5,2025-11-20,-0.00747108027743647,0.0001822667254600674
XGBoost,5,2025-11-21,0.00842583599603129,-0.0009307071450166404
XGBoost,5,2025-11-24,0.012625007656006288,-0.0014040148817002773
XGBoost,5,2025-11-25,0.03817511768473202,0.0008551348000764847
XGBoost,5,2025-11-26,0.06457865625867037,0.0014534598449245095
XGBoost,6,2025-11-28,0.03433963520547157,0.0028408654034137726
XGBoost,6,2025-12-01,-0.007474155376065649,-0.02265194244682789
XGBoost,6,2025-12-02,-0.0010698557235385034,-0.008848203346133232
XGBoost,6,2025-12-03,-0.018716587382344694,-0.005189818795770407
XGBoost,6,2025-12-04,0.027329095870308698,-0.014984474517405033
XGBoost,6,2025-12-05,-0.011067170131485166,0.004482410382479429
XGBoost,6,2025-12-08,0.04053187197222852,0.00217833393253386
XGBoost,6,2025-12-09,0.003484140940118092,0.003183653810992837
XGBoost,6,2025-12-10,0.057131716759903195,0.018355390056967735
XGBoost,6,2025-12-11,-0.04098236281946611,0.005364458542317152
XGBoost,6,2025-12-12,0.025391126722667915,-0.005568588152527809
XGBoost,6,2025-12-15,-0.0038204100102420964,0.0010766334598883986
XGBoost,6,2025-12-16,0.054877752017617534,-0.0033892756327986717
XGBoost,6,2025-12-17,-0.025148603302118783,0.0042878203094005585
XGBoost,6,2025-12-18,0.034285916174315596,-0.012913092039525509
XGBoost,6,2025-12-19,0.01574784514116291,0.006789734587073326
XGBoost,6,2025-12-22,0.03727556004425465,-0.0032979599200189114
XGBoost,6,2025-12-23,0.007716446667799441,0.012661485001444817
XGBoost,6,2025-12-24,0.07399134179679479,-0.024658311158418655
XGBoost,6,2025-12-26,-0.09067169778776503,0.001214881893247366
XGBoost,6,2025-12-29,0.10221479339062806,-0.000621046288870275
XGBoost,7,2025-12-30,-0.09824307780431558,-0.016516022384166718
XGBoost,7,2025-12-31,0.005998981143650036,0.02234482392668724
XGBoost,7,2026-01-02,0.07648221205609913,-0.013443759642541409
XGBoost,7,2026-01-05,0.05574084130399784,-0.008876181207597256
XGBoost,7,2026-01-06,-0.043072609490488835,0.00028927999665029347
XGBoost,7,2026-01-07,-0.03186285611540196,0.026878569275140762
XGBoost,7,2026-01-08,0.05428414794887768,-0.0033506513573229313
XGBoost,7,2026-01-09,0.07007401715803904,-0.0044163865968585014
XGBoost,7,2026-01-12,0.014863556993312911,0.0023044541012495756
XGBoost,7,2026-01-13,0.05650291804211882,0.0167376808822155
XGBoost,7,2026-01-14,0.011020890663073043,0.0032448817510157824
XGBoost,7,2026-01-15,-0.04206942596458179,0.010366901755332947
XGBoost,7,2026-01-16,0.06711347754309907,0.020664667710661888
XGBoost,7,2026-01-20,-0.021415312804807362,-0.031765829771757126
XGBoost,7,2026-01-21,0.04002956396827427,0.01672065444290638
XGBoost,7,2026-01-22,0.050279558386278456,-0.006846624426543713
XGBoost,7,2026-01-23,0.13124985761761132,0.028031159192323685
XGBoost,7,2026-01-26,-0.08669859108884624,0.01253444328904152
XGBoost,7,2026-01-27,0.06944067448945235,0.015340641140937805
XGBoost,7,2026-01-28,0.008153341623586855,-0.033286817371845245
XGBoost,7,2026-01-29,-0.37610308700481104,0.022811103612184525
XGBoost,8,2026-01-30,-0.0195017534205199,-0.013824410736560822
XGBoost,8,2026-02-02,0.0784283625076356,0.004918967839330435
XGBoost,8,2026-02-03,0.013432667047822297,-0.05011145770549774
XGBoost,8,2026-02-04,-0.09510942355652635,-0.00738470908254385
XGBoost,8,2026-02-05,0.0026881903887896004,-0.009538481943309307
XGBoost,8,2026-02-06,0.0671537103524874,0.0037637739442288876
XGBoost,8,2026-02-09,-0.022763688428083004,-0.04915634170174599
XGBoost,8,2026-02-10,0.04313594701844096,0.0070477696135640144
XGBoost,8,2026-02-11,-0.10314219378519979,-0.0064133405685424805
XGBoost,8,2026-02-12,0.030055006017955858,0.007900098338723183
XGBoost,8,2026-02-13,-0.058232678195794293,7.922353688627481e-06
XGBoost,8,2026-02-17,0.053830054736415583,-0.011462530121207237
XGBoost,8,2026-02-18,0.000722232694612371,-0.008835353888571262
XGBoost,8,2026-02-19,0.05904816413025689,-0.001137827057391405
XGBoost,8,2026-02-20,0.05024581475846893,0.017575079575181007
XGBoost,8,2026-02-23,0.01073694749555926,0.006295390892773867
XGBoost,8,2026-02-24,0.03904173258606675,-0.018662352114915848
XGBoost,8,2026-02-25,-0.0443038424494124,-0.0027882184367626905
XGBoost,8,2026-02-26,0.0632891278862492,-0.03397926688194275
XGBoost,8,2026-02-27,-0.0486154183765808,-0.001958704087883234
XGBoost,8,2026-03-02,-0.06264642761396048,0.004464076366275549
XGBoost,9,2026-03-03,-0.003503268780937199,-0.007593727204948664
XGBoost,9,2026-03-04,-0.011514328486069848,0.0006629386334680021
XGBoost,9,2026-03-05,0.02572911548343984,0.0035620813723653555
XGBoost,9,2026-03-06,0.0025737084547117705,0.0031630322337150574
XGBoost,9,2026-03-09,0.05837087039100905,0.002611038275063038
XGBoost,9,2026-03-10,-0.04615282263613243,-0.0018729115836322308
XGBoost,9,2026-03-11,-0.004654372806172859,0.004131458234041929
XGBoost,9,2026-03-12,-0.04537444568017897,-0.000297817459795624
XGBoost,9,2026-03-13,-0.008078131604690005,0.004886984825134277
XGBoost,9,2026-03-16,-0.009174455123458344,0.0019392163958400488
XGBoost,9,2026-03-17,-0.029242743148298937,-0.0002781098592095077
XGBoost,9,2026-03-18,-0.08559290256097903,-0.001802616287022829
XGBoost,9,2026-03-19,-0.02198830663875218,0.0007099300273694098
XGBoost,9,2026-03-20,-0.004493891628405335,0.0016983284149318933
XGBoost,9,2026-03-23,0.0032532357356046945,0.0063086762093007565
XGBoost,9,2026-03-24,0.043597795685774,0.012997672893106937
XGBoost,9,2026-03-25,-0.06700978850855925,0.0022477188613265753
XGBoost,9,2026-03-26,0.027316306173566753,0.0031016746070235968
XGBoost,9,2026-03-27,0.011139100266054582,0.0035615400411188602
XGBoost,9,2026-03-30,0.06023314806008035,0.0022384822368621826
XGBoost,9,2026-03-31,0.015635517552750514,0.0018823171267285943
XGBoost,10,2026-04-02,-0.04215905699204803,0.0002763102820608765
XGBoost,10,2026-04-06,-0.0010178753480512444,-0.0020166232716292143
XGBoost,10,2026-04-07,-0.011558354907611788,-0.0011383340461179614
XGBoost,10,2026-04-08,0.046223838631510875,0.000647118198685348
XGBoost,10,2026-04-09,0.013901140778676418,0.00042617483995854855
XGBoost,10,2026-04-10,0.0006159471096186054,0.0020724041387438774
XGBoost,10,2026-04-13,-0.010550123505336753,-0.0006165471277199686
XGBoost,10,2026-04-14,0.04994771671981459,-0.0025074935983866453
XGBoost,10,2026-04-15,0.0012587768248807636,0.0016570426523685455
XGBoost,10,2026-04-16,-0.011195705803187449,-0.0016162637621164322
XGBoost,10,2026-04-17,0.03907092920060741,0.00039260077755898237
XGBoost,10,2026-04-20,-0.022105095339678606,-0.0031249362509697676
XGBoost,10,2026-04-21,-0.045287196374536626,0.001181411207653582
XGBoost,10,2026-04-22,0.019209355449914436,0.002514312509447336
XGBoost,10,2026-04-23,-0.0316671369693541,-0.0001414203579770401
XGBoost,10,2026-04-24,0.01209127659018988,0.00038421025965362787
XGBoost,10,2026-04-27,-0.01823210990977018,0.000659195997286588
XGBoost,10,2026-04-28,-0.024264341106409223,-0.0005218330770730972
XGBoost,10,2026-04-29,-0.022601726928767742,-0.0021338583901524544
XGBoost,10,2026-04-30,0.02708581508247884,-0.0016689939657226205
SVR,1,2025-07-02,0.00978020945508253,0.004118363417865855
SVR,1,2025-07-03,-0.0002446708263924116,-0.0022126327476198176
SVR,1,2025-07-04,-0.004360269625795433,-0.003505346200680796
SVR,1,2025-07-07,-0.003913192095893367,0.0010597354691949754
SVR,1,2025-07-08,-0.0033230844876732876,-0.001689021856549162
SVR,1,2025-07-09,0.01872260225614796,0.001912455031260471
SVR,1,2025-07-10,0.04327485466526427,-0.009903134113235472
SVR,1,2025-07-11,-0.005548430989781301,-0.004355871080002819
SVR,1,2025-07-14,-0.016462628137999764,0.011264348762995265
SVR,1,2025-07-15,0.0005020943467253442,0.00041001129542167676
SVR,1,2025-07-16,0.0053484988038978365,0.015959876693429374
SVR,1,2025-07-17,0.004378664774949515,-0.009888022781588455
SVR,1,2025-07-18,0.0227106691096158,-0.0067064815113060065
SVR,1,2025-07-21,0.005585200918381937,-0.008323441579128793
SVR,1,2025-07-22,-0.001068724932451854,-0.0013239269930699054
SVR,1,2025-07-23,-0.006564602181705882,-0.009200696310527464
SVR,1,2025-07-24,-0.02212869728845116,0.011156113459051238
SVR,1,2025-07-25,-0.0037011011461839253,-0.0010892267763197485
SVR,1,2025-07-28,0.0015240748387354282,-0.0004677555446728158
SVR,1,2025-07-29,-0.013694800449260934,0.000995777205133894
SVR,1,2025-07-30,-0.02736358302676405,-0.003965414224619752
SVR,2,2025-07-31,0.006408634549875711,-0.0031054670102757423
SVR,2,2025-08-01,0.01094923261068545,0.0027407516270872073
SVR,2,2025-08-04,0.013221494196824215,0.006748316092166081
SVR,2,2025-08-05,0.0020939815637874963,0.003193344782494983
SVR,2,2025-08-06,0.010326262845232513,0.0026337854447271544
SVR,2,2025-08-07,0.00676460609637975,0.002689970596757439
SVR,2,2025-08-08,-0.019848469853247078,0.01027271703880513
SVR,2,2025-08-11,0.006273085276564445,0.0007182043334313629
SVR,2,2025-08-12,0.01570760058111391,0.0037476866288980557
SVR,2,2025-08-13,-0.013519958883922833,0.0029693336477157645
SVR,2,2025-08-14,-0.0023195075284289193,0.0017620136974587542
SVR,2,2025-08-15,0.0015030447981110365,-0.0023261744115330957
SVR,2,2025-08-18,-0.018348613749446335,-0.004361869824941213
SVR,2,2025-08-19,0.011845514382182482,0.000318375807476384
SVR,2,2025-08-20,0.00850368475593492,-0.00030356983982627065
SVR,2,2025-08-21,0.025342079023089208,-0.006080763707548818
SVR,2,2025-08-22,-0.008393464012582622,-0.0006954708338439866
SVR,2,2025-08-25,-0.002459194534489997,-0.006446427359345381
SVR,2,2025-08-26,0.0027694351598420612,-0.0017425185101741267
SVR,2,2025-08-27,0.01286627656061418,0.003541872530579107
SVR,2,2025-08-28,0.02544543743390251,-0.002850737794463733
SVR,3,2025-08-29,0.021435240936227385,-0.0054613620940816105
SVR,3,2025-09-02,0.011402703706401692,0.00280953956342411
SVR,3,2025-09-03,-0.015306000859251006,-0.007021536223745409
SVR,3,2025-09-04,0.003976391479531736,0.0016115684848232907
SVR,3,2025-09-05,0.008533321489745038,0.010321328635565234
SVR,3,2025-09-08,-0.01331669065047948,0.005688021653030996
SVR,3,2025-09-09,0.006218724240319515,0.0005474545198619315
SVR,3,2025-09-10,0.013618445157770219,-0.0067401042587707264
SVR,3,2025-09-11,0.016412585827095046,-0.003450493904014337
SVR,3,2025-09-12,0.003062219825449937,-0.004727592489609122
SVR,3,2025-09-15,-0.0010824498677873453,-0.0002763648573186712
SVR,3,2025-09-16,-0.017792935340694444,0.0013771547380098297
SVR,3,2025-09-17,-0.00035957256245239787,0.004900845210531285
SVR,3,2025-09-18,0.019681761715175473,0.004054515182807143
SVR,3,2025-09-19,0.02926022149357021,-0.0036109123352736317
SVR,3,2025-09-22,0.008932826417680423,3.0438637517640928e-05
SVR,3,2025-09-23,-0.009435232545841922,-0.005806309449072382
SVR,3,2025-09-24,0.02079777880006118,0.008602099098690055
SVR,3,2025-09-25,0.033527900927235434,0.01210207609237051
SVR,3,2025-09-26,0.008423753442250954,0.007387607240236138
SVR,3,2025-09-29,-0.007731717144935333,0.002160133193141939
SVR,4,2025-09-30,0.02217258492499441,-0.009078108745389068
SVR,4,2025-10-01,-0.027657479526539994,0.01745343325919672
SVR,4,2025-10-02,0.0341283401166873,0.02304542165972517
SVR,4,2025-10-03,0.010138165326561265,3.501178736228013e-05
SVR,4,2025-10-06,-0.018959005487523575,-0.013756890038398584
SVR,4,2025-10-07,0.03082619811195045,-0.0013854495351369144
SVR,4,2025-10-08,-0.037824118441793564,0.0021347989304038263
SVR,4,2025-10-09,0.0018765999645109822,-0.0024069970538783915
SVR,4,2025-10-10,0.06579207650283045,0.005121966781911686
SVR,4,2025-10-13,0.0036636994399945285,-0.0010986442582507409
SVR,4,2025-10-14,0.014972666263086163,0.005484729116185516
SVR,4,2025-10-15,0.037469740949892895,-0.01609878893546719
SVR,4,2025-10-16,-0.061426491553587786,0.005766097008504923
SVR,4,2025-10-17,0.024856970232058594,-0.015818763586071066
SVR,4,2025-10-20,-0.07447969677901761,-0.006846638263816555
SVR,4,2025-10-21,0.00023174916179062298,0.001089647285497657
SVR,4,2025-10-22,0.021284272636443984,-0.011958444996531717
SVR,4,2025-10-23,-0.0021680914782260287,-0.007586455614587632
SVR,4,2025-10-24,-0.03823970772890121,-0.0075987553888559765
SVR,4,2025-10-27,0.01201888204232268,-0.006033337212264167
SVR,4,2025-10-28,0.012567920885157555,-0.014042910037352814
SVR,5,2025-10-29,0.014706621179701264,0.001432423375155137
SVR,5,2025-10-30,-0.009002195547953992,-0.009833048768292182
SVR,5,2025-10-31,-0.002211030978419181,0.016081098288887055
SVR,5,2025-11-03,-0.01595519770785064,-0.003959897926770108
SVR,5,2025-11-04,0.015432978063345005,0.009084348046133596
SVR,5,2025-11-05,-0.0014426598739446322,0.006643377678024255
SVR,5,2025-11-06,0.0046549974929010725,0.003085675275437969
SVR,5,2025-11-07,0.04400163799506155,0.007686902060934871
SVR,5,2025-11-10,0.008750527588091883,0.01447440018238577
SVR,5,2025-11-11,0.05222929512220047,-0.018031814612549858
SVR,5,2025-11-12,-0.00484934911198655,0.002303764432314737
SVR,5,2025-11-13,-0.047933259554467075,0.005366785650830867
SVR,5,2025-11-14,0.0006915941066914226,-0.00027633593548995455
SVR,5,2025-11-17,-0.003462763504400492,0.007456296679558655
SVR,5,2025-11-18,0.0067167409165909105,0.013440331523081247
SVR,5,2025-11-19,-0.010748626377484014,-0.0036979927246043797
SVR,5,2025-11-20,-0.00747108027743647,-0.012420690881365241
SVR,5,2025-11-21,0.00842583599603129,-0.008614156984416714
SVR,5,2025-11-24,0.012625007656006288,-0.0015266315897648798
SVR,5,2025-11-25,0.03817511768473202,0.0003815865483787111
SVR,5,2025-11-26,0.06457865625867037,0.006210916802277524
SVR,6,2025-11-28,0.03433963520547157,-0.005039467783197394
SVR,6,2025-12-01,-0.007474155376065649,-0.015617796609763007
SVR,6,2025-12-02,-0.0010698557235385034,-0.029157498287266798
SVR,6,2025-12-03,-0.018716587382344694,-0.026464809654418837
SVR,6,2025-12-04,0.027329095870308698,0.011097973764680368
SVR,6,2025-12-05,-0.011067170131485166,0.016996284712462464
SVR,6,2025-12-08,0.04053187197222852,0.008220349388053043
SVR,6,2025-12-09,0.003484140940118092,0.0012677415203101111
SVR,6,2025-12-10,0.057131716759903195,0.01017588135968775
SVR,6,2025-12-11,-0.04098236281946611,-0.005926995049154469
SVR,6,2025-12-12,0.025391126722667915,-0.0008597513446270116
SVR,6,2025-12-15,-0.0038204100102420964,-0.007241214230212372
SVR,6,2025-12-16,0.054877752017617534,-0.0023737319690832325
SVR,6,2025-12-17,-0.025148603302118783,-0.000230935216258942
SVR,6,2025-12-18,0.034285916174315596,0.014782350926261695
SVR,6,2025-12-19,0.01574784514116291,-0.007923949182939847
SVR,6,2025-12-22,0.03727556004425465,0.001499529896700466
SVR,6,2025-12-23,0.007716446667799441,0.001037253267569315
SVR,6,2025-12-24,0.07399134179679479,0.004501992609427608
SVR,6,2025-12-26,-0.09067169778776503,-0.015392233161648963
SVR,6,2025-12-29,0.10221479339062806,0.012963595244626848
SVR,7,2025-12-30,-0.09824307780431558,-0.017822488285521215
SVR,7,2025-12-31,0.005998981143650036,0.0015993459301537056
SVR,7,2026-01-02,0.07648221205609913,0.005761362354528144
SVR,7,2026-01-05,0.05574084130399784,-0.011209223549161804
SVR,7,2026-01-06,-0.043072609490488835,0.0084869705455953
SVR,7,2026-01-07,-0.03186285611540196,0.004251159712090504
SVR,7,2026-01-08,0.05428414794887768,0.001962718881817198
SVR,7,2026-01-09,0.07007401715803904,-0.0018301874691991397
SVR,7,2026-01-12,0.014863556993312911,0.006971048375741333
SVR,7,2026-01-13,0.05650291804211882,0.004650235867682583
SVR,7,2026-01-14,0.011020890663073043,-0.004163424805221
SVR,7,2026-01-15,-0.04206942596458179,0.007573781018873259
SVR,7,2026-01-16,0.06711347754309907,0.008486817550444897
SVR,7,2026-01-20,-0.021415312804807362,-0.01549342184269407
SVR,7,2026-01-21,0.04002956396827427,0.026902346912414825
SVR,7,2026-01-22,0.050279558386278456,-0.002169028528717049
SVR,7,2026-01-23,0.13124985761761132,0.020572894261494376
SVR,7,2026-01-26,-0.08669859108884624,0.00011710498165846657
SVR,7,2026-01-27,0.06944067448945235,0.002951830318551978
SVR,7,2026-01-28,0.008153341623586855,0.002877440980971993
SVR,7,2026-01-29,-0.37610308700481104,0.0028578087175840966
SVR,8,2026-01-30,-0.0195017534205199,0.002992630352784879
SVR,8,2026-02-02,0.0784283625076356,0.004062287903823539
SVR,8,2026-02-03,0.013432667047822297,0.004062287729642041
SVR,8,2026-02-04,-0.09510942355652635,0.004062288547045145
SVR,8,2026-02-05,0.0026881903887896004,0.004062278227607557
SVR,8,2026-02-06,0.0671537103524874,0.004062287925862605
SVR,8,2026-02-09,-0.022763688428083004,0.004063463872951972
SVR,8,2026-02-10,0.04313594701844096,0.004071224984622605
SVR,8,2026-02-11,-0.10314219378519979,0.004067768134269125
SVR,8,2026-02-12,0.030055006017955858,0.004056816638980514
SVR,8,2026-02-13,-0.058232678195794293,0.0040622882454516285
SVR,8,2026-02-17,0.053830054736415583,0.004392254452733903
SVR,8,2026-02-18,0.000722232694612371,0.004143881440292281
SVR,8,2026-02-19,0.05904816413025689,0.004283906933363
SVR,8,2026-02-20,0.05024581475846893,0.0038819253127778566
SVR,8,2026-02-23,0.01073694749555926,0.005042178278920836
SVR,8,2026-02-24,0.03904173258606675,0.00448852266628669
SVR,8,2026-02-25,-0.0443038424494124,0.004024352811662073
SVR,8,2026-02-26,0.0632891278862492,0.004918463084081519
SVR,8,2026-02-27,-0.0486154183765808,0.002990198421134238
SVR,8,2026-03-02,-0.06264642761396048,0.004371502905741101
SVR,9,2026-03-03,-0.003503268780937199,-0.0037217455191886338
SVR,9,2026-03-04,-0.011514328486069848,-0.006904897690482461
SVR,9,2026-03-05,0.02572911548343984,-0.012996515508995051
SVR,9,2026-03-06,0.0025737084547117705,0.007729772011254988
SVR,9,2026-03-09,0.05837087039100905,0.019511706073911977
SVR,9,2026-03-10,-0.04615282263613243,-0.012437323429398628
SVR,9,2026-03-11,-0.004654372806172859,0.012431354206861468
SVR,9,2026-03-12,-0.04537444568017897,-0.006728471844972092
SVR,9,2026-03-13,-0.008078131604690005,0.008485624259162348
SVR,9,2026-03-16,-0.009174455123458344,0.00640802963013045
SVR,9,2026-03-17,-0.029242743148298937,0.027496132614862136
SVR,9,2026-03-18,-0.08559290256097903,0.0035767992277643884
SVR,9,2026-03-19,-0.02198830663875218,-0.016787311037294965
SVR,9,2026-03-20,-0.004493891628405335,0.0035826908426987284
SVR,9,2026-03-23,0.0032532357356046945,0.022089093187175845
SVR,9,2026-03-24,0.043597795685774,0.010668118110164389
SVR,9,2026-03-25,-0.06700978850855925,0.015171687852220696
SVR,9,2026-03-26,0.027316306173566753,0.014439550489660382
SVR,9,2026-03-27,0.011139100266054582,0.009624004857147596
SVR,9,2026-03-30,0.06023314806008035,-0.005765075908571398
SVR,9,2026-03-31,0.015635517552750514,0.010776001011957378
SVR,10,2026-04-02,-0.04215905699204803,0.007857019902108542
SVR,10,2026-04-06,-0.0010178753480512444,0.0045458757506767235
SVR,10,2026-04-07,-0.011558354907611788,-0.003653875304387334
SVR,10,2026-04-08,0.046223838631510875,0.017447996351774193
SVR,10,2026-04-09,0.013901140778676418,-0.012233843471897344
SVR,10,2026-04-10,0.0006159471096186054,0.01929154385579853
SVR,10,2026-04-13,-0.010550123505336753,0.008306507828713304
SVR,10,2026-04-14,0.04994771671981459,0.016877182573305775
SVR,10,2026-04-15,0.0012587768248807636,0.014732062008997788
SVR,10,2026-04-16,-0.011195705803187449,-0.022081179573779183
SVR,10,2026-04-17,0.03907092920060741,0.0029925775632791488
SVR,10,2026-04-20,-0.022105095339678606,-4.644130983822315e-05
SVR,10,2026-04-21,-0.045287196374536626,0.006591292464680512
SVR,10,2026-04-22,0.019209355449914436,-0.012627982160590604
SVR,10,2026-04-23,-0.0316671369693541,-0.01856934131539019
SVR,10,2026-04-24,0.01209127659018988,-0.008433833216648312
SVR,10,2026-04-27,-0.01823210990977018,0.0006467632052500776
SVR,10,2026-04-28,-0.024264341106409223,0.017589793804483916
SVR,10,2026-04-29,-0.022601726928767742,-0.0066891286513657
SVR,10,2026-04-30,0.02708581508247884,-0.0033543576284431192
LSTM,1,2025-07-02,0.00948862302167157,0.005338105373084545
LSTM,1,2025-07-03,0.00978020945508253,0.0047714910469949245
LSTM,1,2025-07-04,-0.0002446708263924116,0.005024137906730175
LSTM,1,2025-07-07,-0.004360269625795433,0.0056842933408916
LSTM,1,2025-07-08,-0.003913192095893367,0.005312010180205107
LSTM,1,2025-07-09,-0.0033230844876732876,0.0044624535366892815
LSTM,1,2025-07-10,0.01872260225614796,0.006682482548058033
LSTM,1,2025-07-11,0.04327485466526427,0.007619381882250309
LSTM,1,2025-07-14,-0.005548430989781301,0.007876100018620491
LSTM,1,2025-07-15,-0.016462628137999764,0.009502777829766273
LSTM,1,2025-07-16,0.0005020943467253442,0.007380608469247818
LSTM,1,2025-07-17,0.0053484988038978365,0.003849742002785206
LSTM,1,2025-07-18,0.004378664774949515,0.0017261388711631298
LSTM,1,2025-07-21,0.0227106691096158,0.0015277569182217121
LSTM,1,2025-07-22,0.005585200918381937,0.0013912641443312168
LSTM,1,2025-07-23,-0.001068724932451854,0.0017036404460668564
LSTM,1,2025-07-24,-0.006564602181705882,0.0013765948824584484
LSTM,1,2025-07-25,-0.02212869728845116,0.0022754156962037086
LSTM,1,2025-07-28,-0.0037011011461839253,0.003242331091314554
LSTM,1,2025-07-29,0.0015240748387354282,0.002889248775318265
LSTM,1,2025-07-30,-0.013694800449260934,0.002866411115974188
LSTM,2,2025-07-31,-0.02736358302676405,0.003334254492074251
LSTM,2,2025-08-01,0.006408634549875711,0.0048182993195950985
LSTM,2,2025-08-04,0.01094923261068545,0.014511309564113617
LSTM,2,2025-08-05,0.013221494196824215,0.015479188412427902
LSTM,2,2025-08-06,0.0020939815637874963,0.011784499511122704
LSTM,2,2025-08-07,0.010326262845232513,0.008429126814007759
LSTM,2,2025-08-08,0.00676460609637975,0.005925941746681929
LSTM,2,2025-08-11,-0.019848469853247078,0.0034977553877979517
LSTM,2,2025-08-12,0.006273085276564445,0.003096841275691986
LSTM,2,2025-08-13,0.01570760058111391,0.000218823435716331
LSTM,2,2025-08-14,-0.013519958883922833,-0.0011238218285143375
LSTM,2,2025-08-15,-0.0023195075284289193,0.0010538437636569142
LSTM,2,2025-08-18,0.0015030447981110365,0.001157024409621954
LSTM,2,2025-08-19,-0.018348613749446335,0.0005902138072997332
LSTM,2,2025-08-20,0.011845514382182482,0.0009257634519599378
LSTM,2,2025-08-21,0.00850368475593492,-0.0011058535892516375
LSTM,2,2025-08-22,0.025342079023089208,0.00010404799832031131
LSTM,2,2025-08-25,-0.008393464012582622,-0.00011568516492843628
LSTM,2,2025-08-26,-0.002459194534489997,0.0014215429546311498
LSTM,2,2025-08-27,0.0027694351598420612,-0.0001738531282171607
LSTM,2,2025-08-28,0.01286627656061418,-0.0016367750940844417
LSTM,3,2025-08-29,0.02544543743390251,2.067645255010575e-05
LSTM,3,2025-09-02,0.021435240936227385,0.0002082520368276164
LSTM,3,2025-09-03,0.011402703706401692,-0.0006356748635880649
LSTM,3,2025-09-04,-0.015306000859251006,-0.0008122542058117688
LSTM,3,2025-09-05,0.003976391479531736,0.0010681751882657409
LSTM,3,2025-09-08,0.008533321489745038,0.0007341964519582689
LSTM,3,2025-09-09,-0.01331669065047948,-6.11517607467249e-05
LSTM,3,2025-09-10,0.006218724240319515,-0.00036083703162148595
LSTM,3,2025-09-11,0.013618445157770219,-0.0021592688281089067
LSTM,3,2025-09-12,0.016412585827095046,-0.002560017630457878
LSTM,3,2025-09-15,0.003062219825449937,-0.002181531162932515
LSTM,3,2025-09-16,-0.0010824498677873453,-0.001492005423642695
LSTM,3,2025-09-17,-0.017792935340694444,-0.002124981489032507
LSTM,3,2025-09-18,-0.00035957256245239787,-0.0020313309505581856
LSTM,3,2025-09-19,0.019681761715175473,-0.001847802079282701
LSTM,3,2025-09-22,0.02926022149357021,-0.0018431042553856969
LSTM,3,2025-09-23,0.008932826417680423,-0.002744650701060891
LSTM,3,2025-09-24,-0.009435232545841922,-0.0030488320626318455
LSTM,3,2025-09-25,0.02079777880006118,-0.0025769711937755346
LSTM,3,2025-09-26,0.033527900927235434,-0.0032268865033984184
LSTM,3,2025-09-29,0.008423753442250954,-0.0026260926388204098
LSTM,4,2025-09-30,-0.007731717144935333,-0.00041919940849766135
LSTM,4,2025-10-01,0.02217258492499441,0.0011891296599060297
LSTM,4,2025-10-02,-0.027657479526539994,-0.0011703807394951582
LSTM,4,2025-10-03,0.0341283401166873,0.0018240211065858603
LSTM,4,2025-10-06,0.010138165326561265,0.00011222792090848088
LSTM,4,2025-10-07,-0.018959005487523575,0.001951579237356782
LSTM,4,2025-10-08,0.03082619811195045,0.0018693257588893175
LSTM,4,2025-10-09,-0.037824118441793564,-0.001698942855000496
LSTM,4,2025-10-10,0.0018765999645109822,-0.0005196970305405557
LSTM,4,2025-10-13,0.06579207650283045,-0.0014945392031222582
LSTM,4,2025-10-14,0.0036636994399945285,-0.006282593123614788
LSTM,4,2025-10-15,0.014972666263086163,-0.0035006587859243155
LSTM,4,2025-10-16,0.037469740949892895,-0.005160683766007423
LSTM,4,2025-10-17,-0.061426491553587786,-0.006638314109295607
LSTM,4,2025-10-20,0.024856970232058594,-0.004197513218969107
LSTM,4,2025-10-21,-0.07447969677901761,-0.0054596783593297005
LSTM,4,2025-10-22,0.00023174916179062298,-0.0037517037708312273
LSTM,4,2025-10-23,0.021284272636443984,-0.004585324786603451
LSTM,4,2025-10-24,-0.0021680914782260287,-0.004517160356044769
LSTM,4,2025-10-27,-0.03823970772890121,-0.0038508714642375708
LSTM,4,2025-10-28,0.01201888204232268,-0.003154513891786337
LSTM,5,2025-10-29,0.012567920885157555,-0.004981658887118101
LSTM,5,2025-10-30,0.014706621179701264,-0.003920320887118578
LSTM,5,2025-10-31,-0.009002195547953992,-0.0023236614651978016
LSTM,5,2025-11-03,-0.002211030978419181,0.00033570360392332077
LSTM,5,2025-11-04,-0.01595519770785064,0.0006437464617192745
LSTM,5,2025-11-05,0.015432978063345005,0.002076593693345785
LSTM,5,2025-11-06,-0.0014426598739446322,0.0026661865413188934
LSTM,5,2025-11-07,0.0046549974929010725,0.0038146490696817636
LSTM,5,2025-11-10,0.04400163799506155,0.004052820615470409
LSTM,5,2025-11-11,0.008750527588091883,0.0015076128765940666
LSTM,5,2025-11-12,0.05222929512220047,0.001318593742325902
LSTM,5,2025-11-13,-0.00484934911198655,0.0009950583335012197
LSTM,5,2025-11-14,-0.047933259554467075,0.002884859452024102
LSTM,5,2025-11-17,0.0006915941066914226,0.004577668383717537
LSTM,5,2025-11-18,-0.003462763504400492,0.004460504278540611
LSTM,5,2025-11-19,0.0067167409165909105,0.004709763452410698
LSTM,5,2025-11-20,-0.010748626377484014,0.004045930225402117
LSTM,5,2025-11-21,-0.00747108027743647,0.003583633340895176
LSTM,5,2025-11-24,0.00842583599603129,0.002459405455738306
LSTM,5,2025-11-25,0.012625007656006288,0.0002976604737341404
LSTM,5,2025-11-26,0.03817511768473202,-0.0011209791991859674
LSTM,6,2025-11-28,0.06457865625867037,-0.0036961145233362913
LSTM,6,2025-12-01,0.03433963520547157,-0.002951376372948289
LSTM,6,2025-12-02,-0.007474155376065649,-0.0023340836632996798
LSTM,6,2025-12-03,-0.0010698557235385034,0.0003455111291259527
LSTM,6,2025-12-04,-0.018716587382344694,0.001203272957354784
LSTM,6,2025-12-05,0.027329095870308698,0.002550820354372263
LSTM,6,2025-12-08,-0.011067170131485166,0.0011431609746068716
LSTM,6,2025-12-09,0.04053187197222852,0.0032305161003023386
LSTM,6,2025-12-10,0.003484140940118092,0.0027883730363100767
LSTM,6,2025-12-11,0.057131716759903195,0.004132677800953388
LSTM,6,2025-12-12,-0.04098236281946611,0.004306452814489603
LSTM,6,2025-12-15,0.025391126722667915,0.005665954668074846
LSTM,6,2025-12-16,-0.0038204100102420964,0.0016393547412008047
LSTM,6,2025-12-17,0.054877752017617534,0.002345090499147773
LSTM,6,2025-12-18,-0.025148603302118783,0.00031596538610756397
LSTM,6,2025-12-19,0.034285916174315596,0.0023904989939182997
LSTM,6,2025-12-22,0.01574784514116291,0.0006538876332342625
LSTM,6,2025-12-23,0.03727556004425465,0.0010476806201040745
LSTM,6,2025-12-24,0.007716446667799441,-0.0010288006160408258
LSTM,6,2025-12-26,0.07399134179679479,0.00026655744295567274
LSTM,6,2025-12-29,-0.09067169778776503,0.000212367856875062
LSTM,7,2025-12-30,0.10221479339062806,0.002125321887433529
LSTM,7,2025-12-31,-0.09824307780431558,-0.0008161035366356373
LSTM,7,2026-01-02,0.005998981143650036,0.007870803587138653
LSTM,7,2026-01-05,0.07648221205609913,0.0059897154569625854
LSTM,7,2026-01-06,0.05574084130399784,0.005104269832372665
LSTM,7,2026-01-07,-0.043072609490488835,0.006640947423875332
LSTM,7,2026-01-08,-0.03186285611540196,0.009971405379474163
LSTM,7,2026-01-09,0.05428414794887768,0.0071892160922288895
LSTM,7,2026-01-12,0.07007401715803904,0.002383449114859104
LSTM,7,2026-01-13,0.014863556993312911,-0.0007572416216135025
LSTM,7,2026-01-14,0.05650291804211882,0.000950181856751442
LSTM,7,2026-01-15,0.011020890663073043,-0.00017579644918441772
LSTM,7,2026-01-16,-0.04206942596458179,0.0008065942674875259
LSTM,7,2026-01-20,0.06711347754309907,-0.00021669501438736916
LSTM,7,2026-01-21,-0.021415312804807362,-0.002233383245766163
LSTM,7,2026-01-22,0.04002956396827427,0.00043254904448986053
LSTM,7,2026-01-23,0.050279558386278456,-0.0007509542629122734
LSTM,7,2026-01-26,0.13124985761761132,-0.0034824786707758904
LSTM,7,2026-01-27,-0.08669859108884624,-0.010828869417309761
LSTM,7,2026-01-28,0.06944067448945235,-0.0021426184102892876
LSTM,7,2026-01-29,0.008153341623586855,-0.007481559179723263
LSTM,8,2026-01-30,-0.37610308700481104,0.015287663787603378
LSTM,8,2026-02-02,-0.0195017534205199,0.050803977996110916
LSTM,8,2026-02-03,0.0784283625076356,0.05900595709681511
LSTM,8,2026-02-04,0.013432667047822297,0.03170618787407875
LSTM,8,2026-02-05,-0.09510942355652635,0.018064402043819427
LSTM,8,2026-02-06,0.0026881903887896004,0.004360387101769447
LSTM,8,2026-02-09,0.0671537103524874,0.0043250564485788345
LSTM,8,2026-02-10,-0.022763688428083004,0.023461025208234787
LSTM,8,2026-02-11,0.04313594701844096,0.023697644472122192
LSTM,8,2026-02-12,-0.10314219378519979,0.017407139763236046
LSTM,8,2026-02-13,0.030055006017955858,0.009447834454476833
LSTM,8,2026-02-17,-0.058232678195794293,0.003968896344304085
LSTM,8,2026-02-18,0.053830054736415583,-0.00035108986776322126
LSTM,8,2026-02-19,0.000722232694612371,-0.009891404770314693
LSTM,8,2026-02-20,0.05904816413025689,-0.013022255152463913
LSTM,8,2026-02-23,0.05024581475846893,-0.017674408853054047
LSTM,8,2026-02-24,0.01073694749555926,-0.015905030071735382
LSTM,8,2026-02-25,0.03904173258606675,-0.021587282419204712
LSTM,8,2026-02-26,-0.0443038424494124,-0.02237231284379959
LSTM,8,2026-02-27,0.0632891278862492,-0.013990819454193115
LSTM,8,2026-03-02,-0.0486154183765808,-0.019231438636779785
LSTM,9,2026-03-03,-0.06264642761396048,0.002485322766005993
LSTM,9,2026-03-04,-0.003503268780937199,0.006591934245079756
LSTM,9,2026-03-05,-0.011514328486069848,0.00876658409833908
LSTM,9,2026-03-06,0.02572911548343984,0.00966818816959858
LSTM,9,2026-03-09,0.0025737084547117705,0.00818419735878706
LSTM,9,2026-03-10,0.05837087039100905,0.005196480546146631
LSTM,9,2026-03-11,-0.04615282263613243,-0.0012077203718945384
LSTM,9,2026-03-12,-0.004654372806172859,-0.002833276055753231
LSTM,9,2026-03-13,-0.04537444568017897,-0.002886456437408924
LSTM,9,2026-03-16,-0.008078131604690005,-0.0001675504317972809
LSTM,9,2026-03-17,-0.009174455123458344,0.0012361867120489478
LSTM,9,2026-03-18,-0.029242743148298937,0.0021492948289960623
LSTM,9,2026-03-19,-0.08559290256097903,0.0028426065109670162
LSTM,9,2026-03-20,-0.02198830663875218,0.0033407590817660093
LSTM,9,2026-03-23,-0.004493891628405335,0.0021965340711176395
LSTM,9,2026-03-24,0.0032532357356046945,0.0034053197596222162
LSTM,9,2026-03-25,0.043597795685774,0.0017756278393790126
LSTM,9,2026-03-26,-0.06700978850855925,0.0005842895479872823
LSTM,9,2026-03-27,0.027316306173566753,0.0020630573853850365
LSTM,9,2026-03-30,0.011139100266054582,0.0031249085441231728
LSTM,9,2026-03-31,0.06023314806008035,0.004630823154002428
LSTM,10,2026-04-01,0.015635517552750514,0.006738035008311272
LSTM,10,2026-04-02,-0.04215905699204803,0.005561260040849447
LSTM,10,2026-04-06,-0.0010178753480512444,0.006019760388880968
LSTM,10,2026-04-07,-0.011558354907611788,0.004564271308481693
LSTM,10,2026-04-08,0.046223838631510875,0.0038650515489280224
LSTM,10,2026-04-09,0.013901140778676418,0.0021609310060739517
LSTM,10,2026-04-10,0.0006159471096186054,0.0020485566928982735
LSTM,10,2026-04-13,-0.010550123505336753,0.002723031211644411
LSTM,10,2026-04-14,0.04994771671981459,0.0023276968859136105
LSTM,10,2026-04-15,0.0012587768248807636,-0.0004034663434140384
LSTM,10,2026-04-16,-0.011195705803187449,-0.00018861930584535003
LSTM,10,2026-04-17,0.03907092920060741,0.0006334125646390021
LSTM,10,2026-04-20,-0.022105095339678606,-0.0009827790781855583
LSTM,10,2026-04-21,-0.045287196374536626,0.00043415563413873315
LSTM,10,2026-04-22,0.019209355449914436,0.00220473762601614
LSTM,10,2026-04-23,-0.0316671369693541,-0.0012886123731732368
LSTM,10,2026-04-24,0.01209127659018988,-0.000786296499427408
LSTM,10,2026-04-27,-0.01823210990977018,-0.002560918452218175
LSTM,10,2026-04-28,-0.024264341106409223,-0.0023152066860347986
LSTM,10,2026-04-29,-0.022601726928767742,-0.0029821936041116714
LSTM,10,2026-04-30,0.02708581508247884,-0.0036953426897525787
GRU,1,2025-07-02,0.00948862302167157,-0.0004037682665511966
GRU,1,2025-07-03,0.00978020945508253,0.001993943937122822
GRU,1,2025-07-04,-0.0002446708263924116,0.0009951043175533414
GRU,1,2025-07-07,-0.004360269625795433,-0.0011002308456227183
GRU,1,2025-07-08,-0.003913192095893367,6.794871296733618e-05
GRU,1,2025-07-09,-0.0033230844876732876,0.0009902353631332517
GRU,1,2025-07-10,0.01872260225614796,0.00752263143658638
GRU,1,2025-07-11,0.04327485466526427,0.010461518540978432
GRU,1,2025-07-14,-0.005548430989781301,0.0029242434538900852
GRU,1,2025-07-15,-0.016462628137999764,0.0013940682401880622
GRU,1,2025-07-16,0.0005020943467253442,0.0011289865942671895
GRU,1,2025-07-17,0.0053484988038978365,-0.0025225458666682243
GRU,1,2025-07-18,0.004378664774949515,-0.0017140962881967425
GRU,1,2025-07-21,0.0227106691096158,-0.0023485063575208187
GRU,1,2025-07-22,0.005585200918381937,-0.005425032693892717
GRU,1,2025-07-23,-0.001068724932451854,-0.0031622792594134808
GRU,1,2025-07-24,-0.006564602181705882,-0.0017182262381538749
GRU,1,2025-07-25,-0.02212869728845116,-0.00335494801402092
GRU,1,2025-07-28,-0.0037011011461839253,-0.0006894051330164075
GRU,1,2025-07-29,0.0015240748387354282,-0.0008327661780640483
GRU,1,2025-07-30,-0.013694800449260934,0.000247606192715466
GRU,2,2025-07-31,-0.02736358302676405,0.002466782694682479
GRU,2,2025-08-01,0.006408634549875711,0.003849415574222803
GRU,2,2025-08-04,0.01094923261068545,0.017891693860292435
GRU,2,2025-08-05,0.013221494196824215,0.015475353226065636
GRU,2,2025-08-06,0.0020939815637874963,0.009993478655815125
GRU,2,2025-08-07,0.010326262845232513,0.005871111992746592
GRU,2,2025-08-08,0.00676460609637975,0.0022106184624135494
GRU,2,2025-08-11,-0.019848469853247078,0.0013469771947711706
GRU,2,2025-08-12,0.006273085276564445,0.0026620905846357346
GRU,2,2025-08-13,0.01570760058111391,-0.0005531292408704758
GRU,2,2025-08-14,-0.013519958883922833,-0.0025397674180567265
GRU,2,2025-08-15,-0.0023195075284289193,0.0007234544027596712
GRU,2,2025-08-18,0.0015030447981110365,0.0016217653173953295
GRU,2,2025-08-19,-0.018348613749446335,0.0013467238750308752
GRU,2,2025-08-20,0.011845514382182482,0.0018880533752962947
GRU,2,2025-08-21,0.00850368475593492,-0.00026057101786136627
GRU,2,2025-08-22,0.025342079023089208,0.000924563268199563
GRU,2,2025-08-25,-0.008393464012582622,0.0011787975672632456
GRU,2,2025-08-26,-0.002459194534489997,0.0031183853279799223
GRU,2,2025-08-27,0.0027694351598420612,0.001257035881280899
GRU,2,2025-08-28,0.01286627656061418,6.343645509332418e-05
GRU,3,2025-08-29,0.02544543743390251,0.00027110183145850897
GRU,3,2025-09-02,0.021435240936227385,0.0011429571313783526
GRU,3,2025-09-03,0.011402703706401692,-0.0008500629337504506
GRU,3,2025-09-04,-0.015306000859251006,-0.003054472152143717
GRU,3,2025-09-05,0.003976391479531736,-0.0025102272629737854
GRU,3,2025-09-08,0.008533321489745038,-0.0017304561333730817
GRU,3,2025-09-09,-0.01331669065047948,-0.0005918230162933469
GRU,3,2025-09-10,0.006218724240319515,0.00011039234232157469
GRU,3,2025-09-11,0.013618445157770219,-0.001502932165749371
GRU,3,2025-09-12,0.016412585827095046,-0.0015984376659616828
GRU,3,2025-09-15,0.003062219825449937,-0.0010558349313214421
GRU,3,2025-09-16,-0.0010824498677873453,-0.000995052163489163
GRU,3,2025-09-17,-0.017792935340694444,-0.0026093004271388054
GRU,3,2025-09-18,-0.00035957256245239787,-0.002704179845750332
GRU,3,2025-09-19,0.019681761715175473,-0.0014579776907339692
GRU,3,2025-09-22,0.02926022149357021,0.00032649701461195946
GRU,3,2025-09-23,0.008932826417680423,-0.000334235024638474
GRU,3,2025-09-24,-0.009435232545841922,-0.0021667154505848885
GRU,3,2025-09-25,0.02079777880006118,-0.003643049392849207
GRU,3,2025-09-26,0.033527900927235434,-0.005131332669407129
GRU,3,2025-09-29,0.008423753442250954,-0.002336867619305849
GRU,4,2025-09-30,-0.007731717144935333,-0.002022343687713146
GRU,4,2025-10-01,0.02217258492499441,-0.0011106878519058228
GRU,4,2025-10-02,-0.027657479526539994,-0.002896287478506565
GRU,4,2025-10-03,0.0341283401166873,0.0003608267870731652
GRU,4,2025-10-06,0.010138165326561265,-0.0028793872334063053
GRU,4,2025-10-07,-0.018959005487523575,-0.001695950049906969
GRU,4,2025-10-08,0.03082619811195045,-4.139903467148542e-06
GRU,4,2025-10-09,-0.037824118441793564,-0.003994723781943321
GRU,4,2025-10-10,0.0018765999645109822,-0.0010807937942445278
GRU,4,2025-10-13,0.06579207650283045,-0.0031155655160546303
GRU,4,2025-10-14,0.0036636994399945285,-0.007517129182815552
GRU,4,2025-10-15,0.014972666263086163,-0.004276465158909559
GRU,4,2025-10-16,0.037469740949892895,-0.004805706441402435
GRU,4,2025-10-17,-0.061426491553587786,-0.006470006890594959
GRU,4,2025-10-20,0.024856970232058594,-0.0011940579861402512
GRU,4,2025-10-21,-0.07447969677901761,-0.006024153903126717
GRU,4,2025-10-22,0.00023174916179062298,-0.0015971229877322912
GRU,4,2025-10-23,0.021284272636443984,-0.00390741229057312
GRU,4,2025-10-24,-0.0021680914782260287,-0.004171279724687338
GRU,4,2025-10-27,-0.03823970772890121,-0.0027466993778944016
GRU,4,2025-10-28,0.01201888204232268,-0.001537468284368515
GRU,5,2025-10-29,0.012567920885157555,-0.0039023591671139
GRU,5,2025-10-30,0.014706621179701264,-0.003117162501439452
GRU,5,2025-10-31,-0.009002195547953992,-0.0019549543503671885
GRU,5,2025-11-03,-0.002211030978419181,0.0017243025358766317
GRU,5,2025-11-04,-0.01595519770785064,0.0020729105453938246
GRU,5,2025-11-05,0.015432978063345005,0.0019973251037299633
GRU,5,2025-11-06,-0.0014426598739446322,0.0012596168089658022
GRU,5,2025-11-07,0.0046549974929010725,0.0018484097672626376
GRU,5,2025-11-10,0.04400163799506155,0.0028372379019856453
GRU,5,2025-11-11,0.008750527588091883,0.002153809880837798
GRU,5,2025-11-12,0.05222929512220047,0.002139580436050892
GRU,5,2025-11-13,-0.00484934911198655,0.0010017405729740858
GRU,5,2025-11-14,-0.047933259554467075,0.0030533059034496546
GRU,5,2025-11-17,0.0006915941066914226,0.004557623527944088
GRU,5,2025-11-18,-0.003462763504400492,0.0036131483502686024
GRU,5,2025-11-19,0.0067167409165909105,0.0032912653405219316
GRU,5,2025-11-20,-0.010748626377484014,0.002711327513679862
GRU,5,2025-11-21,-0.00747108027743647,0.0021874760277569294
GRU,5,2025-11-24,0.00842583599603129,0.0025605640839785337
GRU,5,2025-11-25,0.012625007656006288,0.0019491292769089341
GRU,5,2025-11-26,0.03817511768473202,0.0014273867709562182
GRU,6,2025-11-28,0.06457865625867037,-0.004655315075069666
GRU,6,2025-12-01,0.03433963520547157,-0.006704382132738829
GRU,6,2025-12-02,-0.007474155376065649,-0.006198689807206392
GRU,6,2025-12-03,-0.0010698557235385034,-0.0028249467723071575
GRU,6,2025-12-04,-0.018716587382344694,-0.0009659876814112067
GRU,6,2025-12-05,0.027329095870308698,0.0015944147016853094
GRU,6,2025-12-08,-0.011067170131485166,0.0005969732301309705
GRU,6,2025-12-09,0.04053187197222852,0.0016603241674602032
GRU,6,2025-12-10,0.003484140940118092,-0.0009030945366248488
GRU,6,2025-12-11,0.057131716759903195,-0.0011587514309212565
GRU,6,2025-12-12,-0.04098236281946611,-0.004195826593786478
GRU,6,2025-12-15,0.025391126722667915,-0.0013498858315870166
GRU,6,2025-12-16,-0.0038204100102420964,-0.003958340268582106
GRU,6,2025-12-17,0.054877752017617534,-0.0022104880772531033
GRU,6,2025-12-18,-0.025148603302118783,-0.004291188903152943
GRU,6,2025-12-19,0.034285916174315596,-0.0016861091135069728
GRU,6,2025-12-22,0.01574784514116291,-0.003063076175749302
GRU,6,2025-12-23,0.03727556004425465,-0.003018544986844063
GRU,6,2025-12-24,0.007716446667799441,-0.004864838439971209
GRU,6,2025-12-26,0.07399134179679479,-0.002826180774718523
GRU,6,2025-12-29,-0.09067169778776503,-0.005362524185329676
GRU,7,2025-12-30,0.10221479339062806,-0.00254294415935874
GRU,7,2025-12-31,-0.09824307780431558,-0.009126460179686546
GRU,7,2026-01-02,0.005998981143650036,-0.002820165827870369
GRU,7,2026-01-05,0.07648221205609913,-0.003777559846639633
GRU,7,2026-01-06,0.05574084130399784,-0.004265216179192066
GRU,7,2026-01-07,-0.043072609490488835,-0.004428747110068798
GRU,7,2026-01-08,-0.03186285611540196,-0.003415142185986042
GRU,7,2026-01-09,0.05428414794887768,-0.003991280682384968
GRU,7,2026-01-12,0.07007401715803904,-0.0056912535801529884
GRU,7,2026-01-13,0.014863556993312911,-0.006557227112352848
GRU,7,2026-01-14,0.05650291804211882,-0.004495522938668728
GRU,7,2026-01-15,0.011020890663073043,-0.00645340234041214
GRU,7,2026-01-16,-0.04206942596458179,-0.0055648162961006165
GRU,7,2026-01-20,0.06711347754309907,-0.00605075154453516
GRU,7,2026-01-21,-0.021415312804807362,-0.011287359520792961
GRU,7,2026-01-22,0.04002956396827427,-0.004201102070510387
GRU,7,2026-01-23,0.050279558386278456,-0.00475609116256237
GRU,7,2026-01-26,0.13124985761761132,-0.0038236314430832863
GRU,7,2026-01-27,-0.08669859108884624,-0.00982997938990593
GRU,7,2026-01-28,0.06944067448945235,-0.0011033482151106
GRU,7,2026-01-29,0.008153341623586855,-0.012967171147465706
GRU,8,2026-01-30,-0.37610308700481104,0.016374120488762856
GRU,8,2026-02-02,-0.0195017534205199,0.014187196269631386
GRU,8,2026-02-03,0.0784283625076356,0.019768226891756058
GRU,8,2026-02-04,0.013432667047822297,0.0074458979070186615
GRU,8,2026-02-05,-0.09510942355652635,0.012830957770347595
GRU,8,2026-02-06,0.0026881903887896004,0.021542944014072418
GRU,8,2026-02-09,0.0671537103524874,0.02501596324145794
GRU,8,2026-02-10,-0.022763688428083004,0.01762481778860092
GRU,8,2026-02-11,0.04313594701844096,0.010865467600524426
GRU,8,2026-02-12,-0.10314219378519979,0.0011569997295737267
GRU,8,2026-02-13,0.030055006017955858,0.002517725806683302
GRU,8,2026-02-17,-0.058232678195794293,0.00816582515835762
GRU,8,2026-02-18,0.053830054736415583,0.007489258423447609
GRU,8,2026-02-19,0.000722232694612371,0.006691242568194866
GRU,8,2026-02-20,0.05904816413025689,0.006625868380069733
GRU,8,2026-02-23,0.05024581475846893,0.0053910864517092705
GRU,8,2026-02-24,0.01073694749555926,-0.0010149506852030754
GRU,8,2026-02-25,0.03904173258606675,-0.004568297415971756
GRU,8,2026-02-26,-0.0443038424494124,-0.005697478540241718
GRU,8,2026-02-27,0.0632891278862492,-0.002356363460421562
GRU,8,2026-03-02,-0.0486154183765808,0.0016576447524130344
GRU,9,2026-03-03,-0.06264642761396048,0.010559750720858574
GRU,9,2026-03-04,-0.003503268780937199,0.009950937703251839
GRU,9,2026-03-05,-0.011514328486069848,0.009270467795431614
GRU,9,2026-03-06,0.02572911548343984,0.007862803526222706
GRU,9,2026-03-09,0.0025737084547117705,0.005861274898052216
GRU,9,2026-03-10,0.05837087039100905,0.003970437217503786
GRU,9,2026-03-11,-0.04615282263613243,0.0005473758792504668
GRU,9,2026-03-12,-0.004654372806172859,0.001958685927093029
GRU,9,2026-03-13,-0.04537444568017897,0.0033579529263079166
GRU,9,2026-03-16,-0.008078131604690005,0.005734472069889307
GRU,9,2026-03-17,-0.009174455123458344,0.007550713140517473
GRU,9,2026-03-18,-0.029242743148298937,0.006602222565561533
GRU,9,2026-03-19,-0.08559290256097903,0.007195756305009127
GRU,9,2026-03-20,-0.02198830663875218,0.008885976858437061
GRU,9,2026-03-23,-0.004493891628405335,0.00814809836447239
GRU,9,2026-03-24,0.0032532357356046945,0.008007379248738289
GRU,9,2026-03-25,0.043597795685774,0.005259868688881397
GRU,9,2026-03-26,-0.06700978850855925,0.003769617062062025
GRU,9,2026-03-27,0.027316306173566753,0.0052725886926054955
GRU,9,2026-03-30,0.011139100266054582,0.0051404875703155994
GRU,9,2026-03-31,0.06023314806008035,0.005729377269744873
GRU,10,2026-04-01,0.015635517552750514,-0.0014459126396104693
GRU,10,2026-04-02,-0.04215905699204803,-0.0008761814096942544
GRU,10,2026-04-06,-0.0010178753480512444,-0.00040557573083788157
GRU,10,2026-04-07,-0.011558354907611788,-0.0014624978648498654
GRU,10,2026-04-08,0.046223838631510875,-0.0015282327076420188
GRU,10,2026-04-09,0.013901140778676418,-0.004129442386329174
GRU,10,2026-04-10,0.0006159471096186054,-0.002619102830067277
GRU,10,2026-04-13,-0.010550123505336753,-0.0013202052796259522
GRU,10,2026-04-14,0.04994771671981459,-0.0007671803468838334
GRU,10,2026-04-15,0.0012587768248807636,-0.004073664080351591
GRU,10,2026-04-16,-0.011195705803187449,-0.0023866845294833183
GRU,10,2026-04-17,0.03907092920060741,-0.0011959566036239266
GRU,10,2026-04-20,-0.022105095339678606,-0.0025734063237905502
GRU,10,2026-04-21,-0.045287196374536626,-0.0007709126221016049
GRU,10,2026-04-22,0.019209355449914436,-0.0009563571074977517
GRU,10,2026-04-23,-0.0316671369693541,-0.0023964866995811462
GRU,10,2026-04-24,0.01209127659018988,0.0004087702836841345
GRU,10,2026-04-27,-0.01823210990977018,0.00019224139396101236
GRU,10,2026-04-28,-0.024264341106409223,0.0007132882019504905
GRU,10,2026-04-29,-0.022601726928767742,-0.001803419436328113
GRU,10,2026-04-30,0.02708581508247884,-0.00261007621884346
BiLSTM,1,2025-07-02,0.00948862302167157,-0.0029376824386417866
BiLSTM,1,2025-07-03,0.00978020945508253,-0.004554677754640579
BiLSTM,1,2025-07-04,-0.0002446708263924116,-0.0010844997595995665
BiLSTM,1,2025-07-07,-0.004360269625795433,-0.0009677510824985802
BiLSTM,1,2025-07-08,-0.003913192095893367,-0.00024309178115800023
BiLSTM,1,2025-07-09,-0.0033230844876732876,0.0042543960735201836
BiLSTM,1,2025-07-10,0.01872260225614796,0.005708156153559685
BiLSTM,1,2025-07-11,0.04327485466526427,0.010732919909060001
BiLSTM,1,2025-07-14,-0.005548430989781301,0.010634581558406353
BiLSTM,1,2025-07-15,-0.016462628137999764,0.0123297655954957
BiLSTM,1,2025-07-16,0.0005020943467253442,0.00442858412861824
BiLSTM,1,2025-07-17,0.0053484988038978365,0.0034798032138496637
BiLSTM,1,2025-07-18,0.004378664774949515,0.00787146482616663
BiLSTM,1,2025-07-21,0.0227106691096158,0.005414653569459915
BiLSTM,1,2025-07-22,0.005585200918381937,-0.0008332238649018109
BiLSTM,1,2025-07-23,-0.001068724932451854,-0.00019697175594046712
BiLSTM,1,2025-07-24,-0.006564602181705882,0.0021666933316737413
BiLSTM,1,2025-07-25,-0.02212869728845116,0.003394137369468808
BiLSTM,1,2025-07-28,-0.0037011011461839253,0.004971100948750973
BiLSTM,1,2025-07-29,0.0015240748387354282,0.002902492182329297
BiLSTM,1,2025-07-30,-0.013694800449260934,0.00638976227492094
BiLSTM,2,2025-07-31,-0.02736358302676405,0.007771583274006844
BiLSTM,2,2025-08-01,0.006408634549875711,0.009621231816709042
BiLSTM,2,2025-08-04,0.01094923261068545,0.02145959809422493
BiLSTM,2,2025-08-05,0.013221494196824215,0.01407611183822155
BiLSTM,2,2025-08-06,0.0020939815637874963,0.005909019149839878
BiLSTM,2,2025-08-07,0.010326262845232513,0.005371336825191975
BiLSTM,2,2025-08-08,0.00676460609637975,0.0029084181878715754
BiLSTM,2,2025-08-11,-0.019848469853247078,-0.0003227491397410631
BiLSTM,2,2025-08-12,0.006273085276564445,2.2491207346320152e-05
BiLSTM,2,2025-08-13,0.01570760058111391,-0.00416143424808979
BiLSTM,2,2025-08-14,-0.013519958883922833,-0.0025419166777282953
BiLSTM,2,2025-08-15,-0.0023195075284289193,0.0045794229954481125
BiLSTM,2,2025-08-18,0.0015030447981110365,0.005524703301489353
BiLSTM,2,2025-08-19,-0.018348613749446335,0.0025076710153371096
BiLSTM,2,2025-08-20,0.011845514382182482,0.0020551036577671766
BiLSTM,2,2025-08-21,0.00850368475593492,-0.0014027210418134928
BiLSTM,2,2025-08-22,0.025342079023089208,-0.0004004992078989744
BiLSTM,2,2025-08-25,-0.008393464012582622,-0.0011521654669195414
BiLSTM,2,2025-08-26,-0.002459194534489997,0.0022257573436945677
BiLSTM,2,2025-08-27,0.0027694351598420612,0.0015227047260850668
BiLSTM,2,2025-08-28,0.01286627656061418,0.0007108838763087988
BiLSTM,3,2025-08-29,0.02544543743390251,-0.0044330088421702385
BiLSTM,3,2025-09-02,0.021435240936227385,-0.010198010131716728
BiLSTM,3,2025-09-03,0.011402703706401692,-0.00884544849395752
BiLSTM,3,2025-09-04,-0.015306000859251006,-0.007537424564361572
BiLSTM,3,2025-09-05,0.003976391479531736,-0.005484212189912796
BiLSTM,3,2025-09-08,0.008533321489745038,-0.008741083554923534
BiLSTM,3,2025-09-09,-0.01331669065047948,-0.00879182480275631
BiLSTM,3,2025-09-10,0.006218724240319515,-0.007096762768924236
BiLSTM,3,2025-09-11,0.013618445157770219,-0.007673756219446659
BiLSTM,3,2025-09-12,0.016412585827095046,-0.00573224201798439
BiLSTM,3,2025-09-15,0.003062219825449937,-0.0045355381444096565
BiLSTM,3,2025-09-16,-0.0010824498677873453,-0.003384665120393038
BiLSTM,3,2025-09-17,-0.017792935340694444,-0.007527866400778294
BiLSTM,3,2025-09-18,-0.00035957256245239787,-0.006277824752032757
BiLSTM,3,2025-09-19,0.019681761715175473,-0.0058051105588674545
BiLSTM,3,2025-09-22,0.02926022149357021,-0.006292788311839104
BiLSTM,3,2025-09-23,0.008932826417680423,-0.006316198967397213
BiLSTM,3,2025-09-24,-0.009435232545841922,-0.004942445084452629
BiLSTM,3,2025-09-25,0.02079777880006118,-0.005536294542253017
BiLSTM,3,2025-09-26,0.033527900927235434,-0.005567549727857113
BiLSTM,3,2025-09-29,0.008423753442250954,-0.004384416155517101
BiLSTM,4,2025-09-30,-0.007731717144935333,-0.006593246478587389
BiLSTM,4,2025-10-01,0.02217258492499441,-0.004055500496178865
BiLSTM,4,2025-10-02,-0.027657479526539994,-0.005126232746988535
BiLSTM,4,2025-10-03,0.0341283401166873,-0.0017672490794211626
BiLSTM,4,2025-10-06,0.010138165326561265,-0.00642413180321455
BiLSTM,4,2025-10-07,-0.018959005487523575,-0.006077980622649193
BiLSTM,4,2025-10-08,0.03082619811195045,-0.003144520102068782
BiLSTM,4,2025-10-09,-0.037824118441793564,-0.005534951109439135
BiLSTM,4,2025-10-10,0.0018765999645109822,-0.005590745713561773
BiLSTM,4,2025-10-13,0.06579207650283045,-0.00997859425842762
BiLSTM,4,2025-10-14,0.0036636994399945285,-0.013725565746426582
BiLSTM,4,2025-10-15,0.014972666263086163,-0.008639364503324032
BiLSTM,4,2025-10-16,0.037469740949892895,-0.008274485357105732
BiLSTM,4,2025-10-17,-0.061426491553587786,-0.009270181879401207
BiLSTM,4,2025-10-20,0.024856970232058594,-0.00941462442278862
BiLSTM,4,2025-10-21,-0.07447969677901761,-0.013887490145862103
BiLSTM,4,2025-10-22,0.00023174916179062298,-0.01127901766449213
BiLSTM,4,2025-10-23,0.021284272636443984,-0.008354110643267632
BiLSTM,4,2025-10-24,-0.0021680914782260287,-0.0054306271485984325
BiLSTM,4,2025-10-27,-0.03823970772890121,-0.0068176970817148685
BiLSTM,4,2025-10-28,0.01201888204232268,-0.006934305187314749
BiLSTM,5,2025-10-29,0.012567920885157555,-0.003809320041909814
BiLSTM,5,2025-10-30,0.014706621179701264,-0.0024045633617788553
BiLSTM,5,2025-10-31,-0.009002195547953992,-0.002160490956157446
BiLSTM,5,2025-11-03,-0.002211030978419181,0.004174282308667898
BiLSTM,5,2025-11-04,-0.01595519770785064,0.00335513218306005
BiLSTM,5,2025-11-05,0.015432978063345005,0.00261755776591599
BiLSTM,5,2025-11-06,-0.0014426598739446322,0.0024841201957315207
BiLSTM,5,2025-11-07,0.0046549974929010725,0.0014640341978520155
BiLSTM,5,2025-11-10,0.04400163799506155,0.006263439543545246
BiLSTM,5,2025-11-11,0.008750527588091883,0.00240004132501781
BiLSTM,5,2025-11-12,0.05222929512220047,0.00344607001170516
BiLSTM,5,2025-11-13,-0.00484934911198655,0.0015360633842647076
BiLSTM,5,2025-11-14,-0.047933259554467075,0.005106605589389801
BiLSTM,5,2025-11-17,0.0006915941066914226,0.004977118223905563
BiLSTM,5,2025-11-18,-0.003462763504400492,0.001752879237756133
BiLSTM,5,2025-11-19,0.0067167409165909105,0.0013246058952063322
BiLSTM,5,2025-11-20,-0.010748626377484014,0.0028676718939095736
BiLSTM,5,2025-11-21,-0.00747108027743647,0.0035557395312935114
BiLSTM,5,2025-11-24,0.00842583599603129,0.0015598551835864782
BiLSTM,5,2025-11-25,0.012625007656006288,-0.0012911984231323004
BiLSTM,5,2025-11-26,0.03817511768473202,-0.0018747972790151834
BiLSTM,6,2025-11-28,0.06457865625867037,-0.008291552774608135
BiLSTM,6,2025-12-01,0.03433963520547157,-0.006341557949781418
BiLSTM,6,2025-12-02,-0.007474155376065649,-0.005114899016916752
BiLSTM,6,2025-12-03,-0.0010698557235385034,-0.002108799759298563
BiLSTM,6,2025-12-04,-0.018716587382344694,-0.001142498105764389
BiLSTM,6,2025-12-05,0.027329095870308698,0.0013865693472325802
BiLSTM,6,2025-12-08,-0.011067170131485166,-0.0009998236782848835
BiLSTM,6,2025-12-09,0.04053187197222852,0.0049255830235779285
BiLSTM,6,2025-12-10,0.003484140940118092,0.0009933770634233952
BiLSTM,6,2025-12-11,0.057131716759903195,0.0012199231423437595
BiLSTM,6,2025-12-12,-0.04098236281946611,-0.0011828311253339052
BiLSTM,6,2025-12-15,0.025391126722667915,0.0052407532930374146
BiLSTM,6,2025-12-16,-0.0038204100102420964,-0.0011534704826772213
BiLSTM,6,2025-12-17,0.054877752017617534,0.003961273469030857
BiLSTM,6,2025-12-18,-0.025148603302118783,-0.001974884420633316
BiLSTM,6,2025-12-19,0.034285916174315596,0.0058579412288963795
BiLSTM,6,2025-12-22,0.01574784514116291,0.002626558765769005
BiLSTM,6,2025-12-23,0.03727556004425465,0.0029735970310866833
BiLSTM,6,2025-12-24,0.007716446667799441,-0.003004143014550209
BiLSTM,6,2025-12-26,0.07399134179679479,-0.0004226011224091053
BiLSTM,6,2025-12-29,-0.09067169778776503,-0.005576957017183304
BiLSTM,7,2025-12-30,0.10221479339062806,0.005148838274180889
BiLSTM,7,2025-12-31,-0.09824307780431558,-0.008189860731363297
BiLSTM,7,2026-01-02,0.005998981143650036,0.009510844945907593
BiLSTM,7,2026-01-05,0.07648221205609913,0.004498226102441549
BiLSTM,7,2026-01-06,0.05574084130399784,0.003186312969774008
BiLSTM,7,2026-01-07,-0.043072609490488835,0.002635210519656539
BiLSTM,7,2026-01-08,-0.03186285611540196,0.006571829319000244
BiLSTM,7,2026-01-09,0.05428414794887768,0.006457666400820017
BiLSTM,7,2026-01-12,0.07007401715803904,-0.0015194101724773645
BiLSTM,7,2026-01-13,0.014863556993312911,0.0006762305274605751
BiLSTM,7,2026-01-14,0.05650291804211882,0.0034232200123369694
BiLSTM,7,2026-01-15,0.011020890663073043,-0.0004482083022594452
BiLSTM,7,2026-01-16,-0.04206942596458179,0.001579440664499998
BiLSTM,7,2026-01-20,0.06711347754309907,0.006592840421944857
BiLSTM,7,2026-01-21,-0.021415312804807362,-0.004731863271445036
BiLSTM,7,2026-01-22,0.04002956396827427,0.005018297117203474
BiLSTM,7,2026-01-23,0.050279558386278456,-0.004009618889540434
BiLSTM,7,2026-01-26,0.13124985761761132,-0.002755589783191681
BiLSTM,7,2026-01-27,-0.08669859108884624,-0.013488905504345894
BiLSTM,7,2026-01-28,0.06944067448945235,0.0011520753614604473
BiLSTM,7,2026-01-29,0.008153341623586855,-0.016608547419309616
BiLSTM,8,2026-01-30,-0.37610308700481104,0.008195063099265099
BiLSTM,8,2026-02-02,-0.0195017534205199,0.0067678033374249935
BiLSTM,8,2026-02-03,0.0784283625076356,-0.00797516293823719
BiLSTM,8,2026-02-04,0.013432667047822297,0.00413487059995532
BiLSTM,8,2026-02-05,-0.09510942355652635,-0.0018495921976864338
BiLSTM,8,2026-02-06,0.0026881903887896004,0.00446146447211504
BiLSTM,8,2026-02-09,0.0671537103524874,0.011395284906029701
BiLSTM,8,2026-02-10,-0.022763688428083004,-0.0009125922806560993
BiLSTM,8,2026-02-11,0.04313594701844096,-0.0014438438229262829
BiLSTM,8,2026-02-12,-0.10314219378519979,-0.006772827822715044
BiLSTM,8,2026-02-13,0.030055006017955858,-0.0011615692637860775
BiLSTM,8,2026-02-17,-0.058232678195794293,-0.00018316460773348808
BiLSTM,8,2026-02-18,0.053830054736415583,0.010440774261951447
BiLSTM,8,2026-02-19,0.000722232694612371,0.004541290458291769
BiLSTM,8,2026-02-20,0.05904816413025689,0.011093266308307648
BiLSTM,8,2026-02-23,0.05024581475846893,0.0030278260819613934
BiLSTM,8,2026-02-24,0.01073694749555926,-0.007707186508923769
BiLSTM,8,2026-02-25,0.03904173258606675,-0.017747296020388603
BiLSTM,8,2026-02-26,-0.0443038424494124,-0.017345478758215904
BiLSTM,8,2026-02-27,0.0632891278862492,-0.02270699478685856
BiLSTM,8,2026-03-02,-0.0486154183765808,-0.03919444605708122
BiLSTM,9,2026-03-03,-0.06264642761396048,-0.0030945362523198128
BiLSTM,9,2026-03-04,-0.003503268780937199,0.01789253205060959
BiLSTM,9,2026-03-05,-0.011514328486069848,0.017015134915709496
BiLSTM,9,2026-03-06,0.02572911548343984,0.019069144502282143
BiLSTM,9,2026-03-09,0.0025737084547117705,0.02044425718486309
BiLSTM,9,2026-03-10,0.05837087039100905,0.013494906947016716
BiLSTM,9,2026-03-11,-0.04615282263613243,0.005942183546721935
BiLSTM,9,2026-03-12,-0.004654372806172859,0.0101792486384511
BiLSTM,9,2026-03-13,-0.04537444568017897,0.006261694245040417
BiLSTM,9,2026-03-16,-0.008078131604690005,0.008949941024184227
BiLSTM,9,2026-03-17,-0.009174455123458344,0.011004318483173847
BiLSTM,9,2026-03-18,-0.029242743148298937,0.013275542296469212
BiLSTM,9,2026-03-19,-0.08559290256097903,0.011048673652112484
BiLSTM,9,2026-03-20,-0.02198830663875218,0.005069156177341938
BiLSTM,9,2026-03-23,-0.004493891628405335,-0.0015714905457571149
BiLSTM,9,2026-03-24,0.0032532357356046945,0.005020606331527233
BiLSTM,9,2026-03-25,0.043597795685774,0.0052426764741539955
BiLSTM,9,2026-03-26,-0.06700978850855925,0.0027151303365826607
BiLSTM,9,2026-03-27,0.027316306173566753,0.008154690265655518
BiLSTM,9,2026-03-30,0.011139100266054582,0.006618182640522718
BiLSTM,9,2026-03-31,0.06023314806008035,0.006873826030641794
BiLSTM,10,2026-04-01,0.015635517552750514,-0.0040994430892169476
BiLSTM,10,2026-04-02,-0.04215905699204803,-0.0014037752989679575
BiLSTM,10,2026-04-06,-0.0010178753480512444,0.0008911995100788772
BiLSTM,10,2026-04-07,-0.011558354907611788,0.0008643410983495414
BiLSTM,10,2026-04-08,0.046223838631510875,-0.0006211312138475478
BiLSTM,10,2026-04-09,0.013901140778676418,-0.004130301997065544
BiLSTM,10,2026-04-10,0.0006159471096186054,-0.002792628249153495
BiLSTM,10,2026-04-13,-0.010550123505336753,0.00018498738063499331
BiLSTM,10,2026-04-14,0.04994771671981459,0.0015456958208233118
BiLSTM,10,2026-04-15,0.0012587768248807636,-0.0024089855141937733
BiLSTM,10,2026-04-16,-0.011195705803187449,-0.00034736754605546594
BiLSTM,10,2026-04-17,0.03907092920060741,-0.00108399149030447
BiLSTM,10,2026-04-20,-0.022105095339678606,-0.001741752028465271
BiLSTM,10,2026-04-21,-0.045287196374536626,0.0065165855921804905
BiLSTM,10,2026-04-22,0.019209355449914436,0.005527871660888195
BiLSTM,10,2026-04-23,-0.0316671369693541,0.003872902598232031
BiLSTM,10,2026-04-24,0.01209127659018988,0.0034611893352121115
BiLSTM,10,2026-04-27,-0.01823210990977018,0.00061608332907781
BiLSTM,10,2026-04-28,-0.024264341106409223,0.004881876055151224
BiLSTM,10,2026-04-29,-0.022601726928767742,0.003470649942755699
BiLSTM,10,2026-04-30,0.02708581508247884,0.0006810421473346651
Transformer,1,2025-07-02,0.00948862302167157,0.0057884762063622475
Transformer,1,2025-07-03,0.00978020945508253,0.0034321467392146587
Transformer,1,2025-07-04,-0.0002446708263924116,0.0028797690756618977
Transformer,1,2025-07-07,-0.004360269625795433,0.0038132835179567337
Transformer,1,2025-07-08,-0.003913192095893367,0.004004307556897402
Transformer,1,2025-07-09,-0.0033230844876732876,0.004007937852293253
Transformer,1,2025-07-10,0.01872260225614796,0.0029027247801423073
Transformer,1,2025-07-11,0.04327485466526427,0.0026341904886066914
Transformer,1,2025-07-14,-0.005548430989781301,0.0028765834867954254
Transformer,1,2025-07-15,-0.016462628137999764,0.0035356879234313965
Transformer,1,2025-07-16,0.0005020943467253442,0.003751978278160095
Transformer,1,2025-07-17,0.0053484988038978365,0.003464275039732456
Transformer,1,2025-07-18,0.004378664774949515,0.00288831302896142
Transformer,1,2025-07-21,0.0227106691096158,0.0030690012499690056
Transformer,1,2025-07-22,0.005585200918381937,0.003109112847596407
Transformer,1,2025-07-23,-0.001068724932451854,0.0033577452413737774
Transformer,1,2025-07-24,-0.006564602181705882,0.0032317456789314747
Transformer,1,2025-07-25,-0.02212869728845116,0.0030204900540411472
Transformer,1,2025-07-28,-0.0037011011461839253,0.0030541429296135902
Transformer,1,2025-07-29,0.0015240748387354282,0.0030083577148616314
Transformer,1,2025-07-30,-0.013694800449260934,0.0034512225538492203
Transformer,2,2025-07-31,-0.02736358302676405,0.0016095270402729511
Transformer,2,2025-08-01,0.006408634549875711,0.0016095270402729511
Transformer,2,2025-08-04,0.01094923261068545,0.00611425144597888
Transformer,2,2025-08-05,0.013221494196824215,0.00636255694553256
Transformer,2,2025-08-06,0.0020939815637874963,0.005434440448880196
Transformer,2,2025-08-07,0.010326262845232513,0.002530184108763933
Transformer,2,2025-08-08,0.00676460609637975,0.0018151979893445969
Transformer,2,2025-08-11,-0.019848469853247078,0.0041074445471167564
Transformer,2,2025-08-12,0.006273085276564445,0.009069345891475677
Transformer,2,2025-08-13,0.01570760058111391,0.007580465171486139
Transformer,2,2025-08-14,-0.013519958883922833,0.002988687250763178
Transformer,2,2025-08-15,-0.0023195075284289193,0.003183524589985609
Transformer,2,2025-08-18,0.0015030447981110365,0.004709892440587282
Transformer,2,2025-08-19,-0.018348613749446335,0.006467917468398809
Transformer,2,2025-08-20,0.011845514382182482,0.008761698380112648
Transformer,2,2025-08-21,0.00850368475593492,0.006934120785444975
Transformer,2,2025-08-22,0.025342079023089208,0.006683228071779013
Transformer,2,2025-08-25,-0.008393464012582622,0.0010484745725989342
Transformer,2,2025-08-26,-0.002459194534489997,-0.00015261303633451462
Transformer,2,2025-08-27,0.0027694351598420612,0.002622532192617655
Transformer,2,2025-08-28,0.01286627656061418,0.0012749056331813335
Transformer,3,2025-08-29,0.02544543743390251,0.0014626041520386934
Transformer,3,2025-09-02,0.021435240936227385,0.0007366396021097898
Transformer,3,2025-09-03,0.011402703706401692,0.0006653231102973223
Transformer,3,2025-09-04,-0.015306000859251006,0.0003466949565336108
Transformer,3,2025-09-05,0.003976391479531736,0.0005204797489568591
Transformer,3,2025-09-08,0.008533321489745038,0.0006281764945015311
Transformer,3,2025-09-09,-0.01331669065047948,0.0004861097550019622
Transformer,3,2025-09-10,0.006218724240319515,-4.8007117584347725e-05
Transformer,3,2025-09-11,0.013618445157770219,-0.0005960171110928059
Transformer,3,2025-09-12,0.016412585827095046,-0.0002825036644935608
Transformer,3,2025-09-15,0.003062219825449937,8.47959890961647e-05
Transformer,3,2025-09-16,-0.0010824498677873453,0.0003256975905969739
Transformer,3,2025-09-17,-0.017792935340694444,-0.0002280290937051177
Transformer,3,2025-09-18,-0.00035957256245239787,-0.0009037628769874573
Transformer,3,2025-09-19,0.019681761715175473,-0.000490767415612936
Transformer,3,2025-09-22,0.02926022149357021,1.4478457160294056e-05
Transformer,3,2025-09-23,0.008932826417680423,7.410370744764805e-05
Transformer,3,2025-09-24,-0.009435232545841922,-0.0005643584299832582
Transformer,3,2025-09-25,0.02079777880006118,-0.0005465426947921515
Transformer,3,2025-09-26,0.033527900927235434,-0.0005140905268490314
Transformer,3,2025-09-29,0.008423753442250954,7.501081563532352e-05
Transformer,4,2025-09-30,-0.007731717144935333,0.0003410952922422439
Transformer,4,2025-10-01,0.02217258492499441,0.0008118693367578089
Transformer,4,2025-10-02,-0.027657479526539994,-0.0010282874573022127
Transformer,4,2025-10-03,0.0341283401166873,0.00021440057025756687
Transformer,4,2025-10-06,0.010138165326561265,-0.0019763722084462643
Transformer,4,2025-10-07,-0.018959005487523575,-0.0020995326340198517
Transformer,4,2025-10-08,0.03082619811195045,-0.0034331539645791054
Transformer,4,2025-10-09,-0.037824118441793564,-0.005988176912069321
Transformer,4,2025-10-10,0.0018765999645109822,0.0006602398352697492
Transformer,4,2025-10-13,0.06579207650283045,0.0011882155667990446
Transformer,4,2025-10-14,0.0036636994399945285,-0.001565724378451705
Transformer,4,2025-10-15,0.014972666263086163,0.0003349744947627187
Transformer,4,2025-10-16,0.037469740949892895,-0.0014313600258901715
Transformer,4,2025-10-17,-0.061426491553587786,-0.006317497231066227
Transformer,4,2025-10-20,0.024856970232058594,0.0005296799354255199
Transformer,4,2025-10-21,-0.07447969677901761,0.001126562594436109
Transformer,4,2025-10-22,0.00023174916179062298,0.0021280115470290184
Transformer,4,2025-10-23,0.021284272636443984,0.0006450556684285402
Transformer,4,2025-10-24,-0.0021680914782260287,-0.0005216519348323345
Transformer,4,2025-10-27,-0.03823970772890121,0.0003372358623892069
Transformer,4,2025-10-28,0.01201888204232268,0.002009684918448329
Transformer,5,2025-10-29,0.012567920885157555,-0.0014405774418264627
Transformer,5,2025-10-30,0.014706621179701264,-0.0007583253318443894
Transformer,5,2025-10-31,-0.009002195547953992,-0.0011803460074588656
Transformer,5,2025-11-03,-0.002211030978419181,-0.0008124475134536624
Transformer,5,2025-11-04,-0.01595519770785064,-0.0010803519980981946
Transformer,5,2025-11-05,0.015432978063345005,-0.0007424540817737579
Transformer,5,2025-11-06,-0.0014426598739446322,-0.0008531130151823163
Transformer,5,2025-11-07,0.0046549974929010725,-0.001390930381603539
Transformer,5,2025-11-10,0.04400163799506155,-0.0012428807094693184
Transformer,5,2025-11-11,0.008750527588091883,-0.0005824638064950705
Transformer,5,2025-11-12,0.05222929512220047,-0.0012120697647333145
Transformer,5,2025-11-13,-0.00484934911198655,-0.0009845489403232932
Transformer,5,2025-11-14,-0.047933259554467075,-0.0007411085534840822
Transformer,5,2025-11-17,0.0006915941066914226,-0.00048783517559058964
Transformer,5,2025-11-18,-0.003462763504400492,-0.0002081981801893562
Transformer,5,2025-11-19,0.0067167409165909105,-0.0003418840642552823
Transformer,5,2025-11-20,-0.010748626377484014,-0.0008879166562110186
Transformer,5,2025-11-21,-0.00747108027743647,-0.0007527525303885341
Transformer,5,2025-11-24,0.00842583599603129,-0.000833287718705833
Transformer,5,2025-11-25,0.012625007656006288,-0.0011234622215852141
Transformer,5,2025-11-26,0.03817511768473202,-0.0015770498430356383
Transformer,6,2025-11-28,0.06457865625867037,-0.0007635694928467274
Transformer,6,2025-12-01,0.03433963520547157,-0.0007476693135686219
Transformer,6,2025-12-02,-0.007474155376065649,-0.0016885714139789343
Transformer,6,2025-12-03,-0.0010698557235385034,-0.0005751971621066332
Transformer,6,2025-12-04,-0.018716587382344694,-0.00043210678268224
Transformer,6,2025-12-05,0.027329095870308698,-0.0006432848749682307
Transformer,6,2025-12-08,-0.011067170131485166,-0.0008703679777681828
Transformer,6,2025-12-09,0.04053187197222852,-0.0007807864458300173
Transformer,6,2025-12-10,0.003484140940118092,-0.0007739942520856857
Transformer,6,2025-12-11,0.057131716759903195,-0.0007314339163713157
Transformer,6,2025-12-12,-0.04098236281946611,-0.0008299752371385694
Transformer,6,2025-12-15,0.025391126722667915,-0.0008978547994047403
Transformer,6,2025-12-16,-0.0038204100102420964,-0.0009816421661525965
Transformer,6,2025-12-17,0.054877752017617534,-0.0005988423363305628
Transformer,6,2025-12-18,-0.025148603302118783,-0.00048212427645921707
Transformer,6,2025-12-19,0.034285916174315596,-0.00038459233473986387
Transformer,6,2025-12-22,0.01574784514116291,-0.0005474346689879894
Transformer,6,2025-12-23,0.03727556004425465,-0.0004920045612379909
Transformer,6,2025-12-24,0.007716446667799441,-0.0002171407686546445
Transformer,6,2025-12-26,0.07399134179679479,-0.0001670380588620901
Transformer,6,2025-12-29,-0.09067169778776503,-0.00026833429001271725
Transformer,7,2025-12-30,0.10221479339062806,-0.000245728122536093
Transformer,7,2025-12-31,-0.09824307780431558,-0.0001981771201826632
Transformer,7,2026-01-02,0.005998981143650036,-0.00045024376595392823
Transformer,7,2026-01-05,0.07648221205609913,-0.0007103204843588173
Transformer,7,2026-01-06,0.05574084130399784,-0.011402442120015621
Transformer,7,2026-01-07,-0.043072609490488835,0.00926437508314848
Transformer,7,2026-01-08,-0.03186285611540196,0.010737522505223751
Transformer,7,2026-01-09,0.05428414794887768,-0.002748521277680993
Transformer,7,2026-01-12,0.07007401715803904,-0.008302844129502773
Transformer,7,2026-01-13,0.014863556993312911,-0.0014799016062170267
Transformer,7,2026-01-14,0.05650291804211882,-0.0015017683617770672
Transformer,7,2026-01-15,0.011020890663073043,0.01983421854674816
Transformer,7,2026-01-16,-0.04206942596458179,-0.0030154245905578136
Transformer,7,2026-01-20,0.06711347754309907,-0.0066506569273769855
Transformer,7,2026-01-21,-0.021415312804807362,-0.014219126664102077
Transformer,7,2026-01-22,0.04002956396827427,0.0038742320612072945
Transformer,7,2026-01-23,0.050279558386278456,-0.005371767561882734
Transformer,7,2026-01-26,0.13124985761761132,-0.01438017375767231
Transformer,7,2026-01-27,-0.08669859108884624,-0.02653801441192627
Transformer,7,2026-01-28,0.06944067448945235,-0.00805911049246788
Transformer,7,2026-01-29,0.008153341623586855,-0.025214223191142082
Transformer,8,2026-01-30,-0.37610308700481104,0.011751689948141575
Transformer,8,2026-02-02,-0.0195017534205199,0.005772762931883335
Transformer,8,2026-02-03,0.0784283625076356,0.013395586051046848
Transformer,8,2026-02-04,0.013432667047822297,0.010746696032583714
Transformer,8,2026-02-05,-0.09510942355652635,0.0044618695974349976
Transformer,8,2026-02-06,0.0026881903887896004,-0.0034164665266871452
Transformer,8,2026-02-09,0.0671537103524874,-0.004519361071288586
Transformer,8,2026-02-10,-0.022763688428083004,-0.00945709366351366
Transformer,8,2026-02-11,0.04313594701844096,-0.007781612686812878
Transformer,8,2026-02-12,-0.10314219378519979,-0.016825303435325623
Transformer,8,2026-02-13,0.030055006017955858,-0.00959692057222128
Transformer,8,2026-02-17,-0.058232678195794293,-0.00905386172235012
Transformer,8,2026-02-18,0.053830054736415583,-0.017738182097673416
Transformer,8,2026-02-19,0.000722232694612371,-0.01959359087049961
Transformer,8,2026-02-20,0.05904816413025689,-0.02374418079853058
Transformer,8,2026-02-23,0.05024581475846893,-0.02547430619597435
Transformer,8,2026-02-24,0.01073694749555926,-0.026241544634103775
Transformer,8,2026-02-25,0.03904173258606675,-0.018795229494571686
Transformer,8,2026-02-26,-0.0443038424494124,-0.019511207938194275
Transformer,8,2026-02-27,0.0632891278862492,-0.008748001419007778
Transformer,8,2026-03-02,-0.0486154183765808,-0.018928078934550285
Transformer,9,2026-03-03,-0.06264642761396048,0.0006880847504362464
Transformer,9,2026-03-04,-0.003503268780937199,0.0042784251272678375
Transformer,9,2026-03-05,-0.011514328486069848,0.005946069490164518
Transformer,9,2026-03-06,0.02572911548343984,0.002814271952956915
Transformer,9,2026-03-09,0.0025737084547117705,0.0005109446356073022
Transformer,9,2026-03-10,0.05837087039100905,0.004427135456353426
Transformer,9,2026-03-11,-0.04615282263613243,0.007537649478763342
Transformer,9,2026-03-12,-0.004654372806172859,0.006691334769129753
Transformer,9,2026-03-13,-0.04537444568017897,0.0050230612978339195
Transformer,9,2026-03-16,-0.008078131604690005,0.005028621759265661
Transformer,9,2026-03-17,-0.009174455123458344,0.004646694287657738
Transformer,9,2026-03-18,-0.029242743148298937,0.0040946705266833305
Transformer,9,2026-03-19,-0.08559290256097903,0.0038073500618338585
Transformer,9,2026-03-20,-0.02198830663875218,0.0005076932720839977
Transformer,9,2026-03-23,-0.004493891628405335,-0.002425198443233967
Transformer,9,2026-03-24,0.0032532357356046945,-0.001604400691576302
Transformer,9,2026-03-25,0.043597795685774,-0.0025555756874382496
Transformer,9,2026-03-26,-0.06700978850855925,-0.00020146591123193502
Transformer,9,2026-03-27,0.027316306173566753,-0.0011641198070719838
Transformer,9,2026-03-30,0.011139100266054582,0.003269053529947996
Transformer,9,2026-03-31,0.06023314806008035,0.004879952874034643
Transformer,10,2026-04-01,0.015635517552750514,0.008910898119211197
Transformer,10,2026-04-02,-0.04215905699204803,0.010044227354228497
Transformer,10,2026-04-06,-0.0010178753480512444,0.009309369139373302
Transformer,10,2026-04-07,-0.011558354907611788,0.012049035169184208
Transformer,10,2026-04-08,0.046223838631510875,0.010306120850145817
Transformer,10,2026-04-09,0.013901140778676418,0.007356368936598301
Transformer,10,2026-04-10,0.0006159471096186054,0.005534786731004715
Transformer,10,2026-04-13,-0.010550123505336753,0.008940869010984898
Transformer,10,2026-04-14,0.04994771671981459,0.007340087555348873
Transformer,10,2026-04-15,0.0012587768248807636,0.0028500191401690245
Transformer,10,2026-04-16,-0.011195705803187449,0.00536711048334837
Transformer,10,2026-04-17,0.03907092920060741,0.007140778470784426
Transformer,10,2026-04-20,-0.022105095339678606,0.009854498319327831
Transformer,10,2026-04-21,-0.045287196374536626,0.008371043018996716
Transformer,10,2026-04-22,0.019209355449914436,0.0033419982064515352
Transformer,10,2026-04-23,-0.0316671369693541,-0.0007799293962307274
Transformer,10,2026-04-24,0.01209127659018988,0.0030397363007068634
Transformer,10,2026-04-27,-0.01823210990977018,0.0009679817012511194
Transformer,10,2026-04-28,-0.024264341106409223,-0.0012048839125782251
Transformer,10,2026-04-29,-0.022601726928767742,-0.0011884192936122417
Transformer,10,2026-04-30,0.02708581508247884,0.0008080197731032968
TCN,1,2025-07-02,0.00948862302167157,0.0012685267720371485
TCN,1,2025-07-03,0.00978020945508253,0.0011762348003685474
TCN,1,2025-07-04,-0.0002446708263924116,0.0011604249011725187
TCN,1,2025-07-07,-0.004360269625795433,-4.477647598832846e-05
TCN,1,2025-07-08,-0.003913192095893367,0.00038343784399330616
TCN,1,2025-07-09,-0.0033230844876732876,2.2044754587113857e-05
TCN,1,2025-07-10,0.01872260225614796,0.0007099318318068981
TCN,1,2025-07-11,0.04327485466526427,0.0009591921698302031
TCN,1,2025-07-14,-0.005548430989781301,0.0012379013933241367
TCN,1,2025-07-15,-0.016462628137999764,0.001168187242001295
TCN,1,2025-07-16,0.0005020943467253442,0.0030800015665590763
TCN,1,2025-07-17,0.0053484988038978365,0.002201014431193471
TCN,1,2025-07-18,0.004378664774949515,0.000735502049792558
TCN,1,2025-07-21,0.0227106691096158,-0.000647741137072444
TCN,1,2025-07-22,0.005585200918381937,0.00030607322696596384
TCN,1,2025-07-23,-0.001068724932451854,0.0014060786925256252
TCN,1,2025-07-24,-0.006564602181705882,0.0005144728347659111
TCN,1,2025-07-25,-0.02212869728845116,0.0018786689033731818
TCN,1,2025-07-28,-0.0037011011461839253,0.0021056891418993473
TCN,1,2025-07-29,0.0015240748387354282,0.001967561198398471
TCN,1,2025-07-30,-0.013694800449260934,0.002064341213554144
TCN,2,2025-07-31,-0.02736358302676405,0.0009330164757557213
TCN,2,2025-08-01,0.006408634549875711,0.0012650160351768136
TCN,2,2025-08-04,0.01094923261068545,0.001598607050254941
TCN,2,2025-08-05,0.013221494196824215,0.0018235843162983656
TCN,2,2025-08-06,0.0020939815637874963,0.002122801262885332
TCN,2,2025-08-07,0.010326262845232513,0.0020680283196270466
TCN,2,2025-08-08,0.00676460609637975,0.0031693170312792063
TCN,2,2025-08-11,-0.019848469853247078,0.003890678519383073
TCN,2,2025-08-12,0.006273085276564445,0.002863233210518956
TCN,2,2025-08-13,0.01570760058111391,0.0011000095400959253
TCN,2,2025-08-14,-0.013519958883922833,0.0012918715365231037
TCN,2,2025-08-15,-0.0023195075284289193,0.0018591510597616434
TCN,2,2025-08-18,0.0015030447981110365,0.0016418705927208066
TCN,2,2025-08-19,-0.018348613749446335,0.0018490171059966087
TCN,2,2025-08-20,0.011845514382182482,0.00222477363422513
TCN,2,2025-08-21,0.00850368475593492,0.0030833694618195295
TCN,2,2025-08-22,0.025342079023089208,0.003276896197348833
TCN,2,2025-08-25,-0.008393464012582622,0.0035265618935227394
TCN,2,2025-08-26,-0.002459194534489997,0.002854138845577836
TCN,2,2025-08-27,0.0027694351598420612,0.002952443901449442
TCN,2,2025-08-28,0.01286627656061418,0.0034878922160714865
TCN,3,2025-08-29,0.02544543743390251,0.0008471736800856888
TCN,3,2025-09-02,0.021435240936227385,-0.0006830116617493331
TCN,3,2025-09-03,0.011402703706401692,-0.00037695467472076416
TCN,3,2025-09-04,-0.015306000859251006,-0.0011311066336929798
TCN,3,2025-09-05,0.003976391479531736,0.00031505138031207025
TCN,3,2025-09-08,0.008533321489745038,-0.0001784141786629334
TCN,3,2025-09-09,-0.01331669065047948,-0.00037940690526738763
TCN,3,2025-09-10,0.006218724240319515,-0.0002759867929853499
TCN,3,2025-09-11,0.013618445157770219,0.0004919938510283828
TCN,3,2025-09-12,0.016412585827095046,5.3684205340687186e-05
TCN,3,2025-09-15,0.003062219825449937,-0.0003017470589838922
TCN,3,2025-09-16,-0.0010824498677873453,1.2538206647150218e-05
TCN,3,2025-09-17,-0.017792935340694444,0.00041005160892382264
TCN,3,2025-09-18,-0.00035957256245239787,0.00032099528471007943
TCN,3,2025-09-19,0.019681761715175473,0.00044130580499768257
TCN,3,2025-09-22,0.02926022149357021,0.000516977917868644
TCN,3,2025-09-23,0.008932826417680423,0.0002874243655242026
TCN,3,2025-09-24,-0.009435232545841922,9.30939131649211e-05
TCN,3,2025-09-25,0.02079777880006118,0.00015354070637840778
TCN,3,2025-09-26,0.033527900927235434,-9.212449367623776e-05
TCN,3,2025-09-29,0.008423753442250954,-0.0002518405672162771
TCN,4,2025-09-30,-0.007731717144935333,0.0012163163628429174
TCN,4,2025-10-01,0.02217258492499441,0.001210386399179697
TCN,4,2025-10-02,-0.027657479526539994,0.0012401854619383812
TCN,4,2025-10-03,0.0341283401166873,0.001251573907211423
TCN,4,2025-10-06,0.010138165326561265,0.0012418412370607257
TCN,4,2025-10-07,-0.018959005487523575,0.001239896402694285
TCN,4,2025-10-08,0.03082619811195045,0.0012341494439169765
TCN,4,2025-10-09,-0.037824118441793564,0.0012441088911145926
TCN,4,2025-10-10,0.0018765999645109822,0.001380257774144411
TCN,4,2025-10-13,0.06579207650283045,0.0012219282798469067
TCN,4,2025-10-14,0.0036636994399945285,0.001210386399179697
TCN,4,2025-10-15,0.014972666263086163,0.001218615216203034
TCN,4,2025-10-16,0.037469740949892895,0.0012063070898875594
TCN,4,2025-10-17,-0.061426491553587786,0.001210386399179697
TCN,4,2025-10-20,0.024856970232058594,0.001210386399179697
TCN,4,2025-10-21,-0.07447969677901761,0.001210386399179697
TCN,4,2025-10-22,0.00023174916179062298,0.001210386399179697
TCN,4,2025-10-23,0.021284272636443984,0.001210386399179697
TCN,4,2025-10-24,-0.0021680914782260287,0.001210386399179697
TCN,4,2025-10-27,-0.03823970772890121,0.001210386399179697
TCN,4,2025-10-28,0.01201888204232268,0.001210386399179697
TCN,5,2025-10-29,0.012567920885157555,0.0005589770153164864
TCN,5,2025-10-30,0.014706621179701264,0.0006546693039126694
TCN,5,2025-10-31,-0.009002195547953992,0.0007491757860407233
TCN,5,2025-11-03,-0.002211030978419181,0.0007397748995572329
TCN,5,2025-11-04,-0.01595519770785064,0.0011470643803477287
TCN,5,2025-11-05,0.015432978063345005,0.0006419889396056533
TCN,5,2025-11-06,-0.0014426598739446322,0.00031937906169332564
TCN,5,2025-11-07,0.0046549974929010725,0.0004054614109918475
TCN,5,2025-11-10,0.04400163799506155,0.0029175563249737024
TCN,5,2025-11-11,0.008750527588091883,0.002989088883623481
TCN,5,2025-11-12,0.05222929512220047,0.0005975291132926941
TCN,5,2025-11-13,-0.00484934911198655,0.0006627208786085248
TCN,5,2025-11-14,-0.047933259554467075,0.0032871938310563564
TCN,5,2025-11-17,0.0006915941066914226,0.0022878467570990324
TCN,5,2025-11-18,-0.003462763504400492,0.004270780831575394
TCN,5,2025-11-19,0.0067167409165909105,0.0025231908075511456
TCN,5,2025-11-20,-0.010748626377484014,0.0007276205578818917
TCN,5,2025-11-21,-0.00747108027743647,0.0008313195430673659
TCN,5,2025-11-24,0.00842583599603129,0.000803066766820848
TCN,5,2025-11-25,0.012625007656006288,0.0006491038948297501
TCN,5,2025-11-26,0.03817511768473202,0.0006700477679260075
TCN,6,2025-11-28,0.06457865625867037,0.00031017945730127394
TCN,6,2025-12-01,0.03433963520547157,0.0003853477246593684
TCN,6,2025-12-02,-0.007474155376065649,0.00033326653647236526
TCN,6,2025-12-03,-0.0010698557235385034,0.0004393724666442722
TCN,6,2025-12-04,-0.018716587382344694,0.0006155464798212051
TCN,6,2025-12-05,0.027329095870308698,-1.714154495857656e-05
TCN,6,2025-12-08,-0.011067170131485166,-0.0006621372886002064
TCN,6,2025-12-09,0.04053187197222852,-0.000967525178566575
TCN,6,2025-12-10,0.003484140940118092,-0.0008906563743948936
TCN,6,2025-12-11,0.057131716759903195,-0.0001581388060003519
TCN,6,2025-12-12,-0.04098236281946611,7.772204116918147e-05
TCN,6,2025-12-15,0.025391126722667915,0.00011304297368042171
TCN,6,2025-12-16,-0.0038204100102420964,-0.0018299211515113711
TCN,6,2025-12-17,0.054877752017617534,-0.00037528524990193546
TCN,6,2025-12-18,-0.025148603302118783,-0.0008677256992086768
TCN,6,2025-12-19,0.034285916174315596,0.0008318405598402023
TCN,6,2025-12-22,0.01574784514116291,0.0009577135788276792
TCN,6,2025-12-23,0.03727556004425465,0.0007951838197186589
TCN,6,2025-12-24,0.007716446667799441,0.0007996705826371908
TCN,6,2025-12-26,0.07399134179679479,0.0006360554834827781
TCN,6,2025-12-29,-0.09067169778776503,0.00031740739359520376
TCN,7,2025-12-30,0.10221479339062806,0.00491721648722887
TCN,7,2025-12-31,-0.09824307780431558,0.004263128153979778
TCN,7,2026-01-02,0.005998981143650036,0.0031095773447304964
TCN,7,2026-01-05,0.07648221205609913,0.003738317172974348
TCN,7,2026-01-06,0.05574084130399784,0.0005618887371383607
TCN,7,2026-01-07,-0.043072609490488835,-0.00169636239297688
TCN,7,2026-01-08,-0.03186285611540196,-7.43170385248959e-05
TCN,7,2026-01-09,0.05428414794887768,0.006578796077519655
TCN,7,2026-01-12,0.07007401715803904,0.004512323997914791
TCN,7,2026-01-13,0.014863556993312911,0.005795428529381752
TCN,7,2026-01-14,0.05650291804211882,0.004794888198375702
TCN,7,2026-01-15,0.011020890663073043,0.006865203380584717
TCN,7,2026-01-16,-0.04206942596458179,0.006450221873819828
TCN,7,2026-01-20,0.06711347754309907,0.007534806150943041
TCN,7,2026-01-21,-0.021415312804807362,0.00872985552996397
TCN,7,2026-01-22,0.04002956396827427,0.008141526952385902
TCN,7,2026-01-23,0.050279558386278456,0.009353484027087688
TCN,7,2026-01-26,0.13124985761761132,0.008526008576154709
TCN,7,2026-01-27,-0.08669859108884624,0.008146753534674644
TCN,7,2026-01-28,0.06944067448945235,0.009395311586558819
TCN,7,2026-01-29,0.008153341623586855,0.00220802566036582
TCN,8,2026-01-30,-0.37610308700481104,-0.0007723504677414894
TCN,8,2026-02-02,-0.0195017534205199,0.003002570243552327
TCN,8,2026-02-03,0.0784283625076356,0.005426838994026184
TCN,8,2026-02-04,0.013432667047822297,0.008355705998837948
TCN,8,2026-02-05,-0.09510942355652635,0.005826372653245926
TCN,8,2026-02-06,0.0026881903887896004,0.003568260697647929
TCN,8,2026-02-09,0.0671537103524874,0.005288547836244106
TCN,8,2026-02-10,-0.022763688428083004,0.0005075634690001607
TCN,8,2026-02-11,0.04313594701844096,-0.0004292398225516081
TCN,8,2026-02-12,-0.10314219378519979,0.00030464906012639403
TCN,8,2026-02-13,0.030055006017955858,-0.0021187341772019863
TCN,8,2026-02-17,-0.058232678195794293,-0.0020444304682314396
TCN,8,2026-02-18,0.053830054736415583,-0.00189938023686409
TCN,8,2026-02-19,0.000722232694612371,-0.002065366832539439
TCN,8,2026-02-20,0.05904816413025689,0.002255841391161084
TCN,8,2026-02-23,0.05024581475846893,0.0006431193323805928
TCN,8,2026-02-24,0.01073694749555926,0.000811962760053575
TCN,8,2026-02-25,0.03904173258606675,-0.00105281884316355
TCN,8,2026-02-26,-0.0443038424494124,0.002590145915746689
TCN,8,2026-02-27,0.0632891278862492,0.0005283600185066462
TCN,8,2026-03-02,-0.0486154183765808,-0.0014895129716023803
TCN,9,2026-03-03,-0.06264642761396048,-0.018079204484820366
TCN,9,2026-03-04,-0.003503268780937199,-0.01384686678647995
TCN,9,2026-03-05,-0.011514328486069848,-0.00815608724951744
TCN,9,2026-03-06,0.02572911548343984,-0.0037362179718911648
TCN,9,2026-03-09,0.0025737084547117705,-0.003659066278487444
TCN,9,2026-03-10,0.05837087039100905,0.0025907200761139393
TCN,9,2026-03-11,-0.04615282263613243,0.0029471502639353275
TCN,9,2026-03-12,-0.004654372806172859,0.005896009970456362
TCN,9,2026-03-13,-0.04537444568017897,0.006482739932835102
TCN,9,2026-03-16,-0.008078131604690005,0.005965725518763065
TCN,9,2026-03-17,-0.009174455123458344,0.009260977618396282
TCN,9,2026-03-18,-0.029242743148298937,0.00914090871810913
TCN,9,2026-03-19,-0.08559290256097903,0.008926055394113064
TCN,9,2026-03-20,-0.02198830663875218,0.009965655393898487
TCN,9,2026-03-23,-0.004493891628405335,0.0032569561153650284
TCN,9,2026-03-24,0.0032532357356046945,0.0033480809070169926
TCN,9,2026-03-25,0.043597795685774,0.005957950372248888
TCN,9,2026-03-26,-0.06700978850855925,0.0009533439297229052
TCN,9,2026-03-27,0.027316306173566753,0.003692931029945612
TCN,9,2026-03-30,0.011139100266054582,0.0023883916437625885
TCN,9,2026-03-31,0.06023314806008035,0.003382363822311163
TCN,10,2026-04-01,0.015635517552750514,0.0018486035987734795
TCN,10,2026-04-02,-0.04215905699204803,0.0021502096205949783
TCN,10,2026-04-06,-0.0010178753480512444,0.0014191791415214539
TCN,10,2026-04-07,-0.011558354907611788,0.0014843842945992947
TCN,10,2026-04-08,0.046223838631510875,0.0018151027616113424
TCN,10,2026-04-09,0.013901140778676418,0.0014780487399548292
TCN,10,2026-04-10,0.0006159471096186054,0.0018965445924550295
TCN,10,2026-04-13,-0.010550123505336753,0.0013723478186875582
TCN,10,2026-04-14,0.04994771671981459,0.0014099855907261372
TCN,10,2026-04-15,0.0012587768248807636,0.0019767004996538162
TCN,10,2026-04-16,-0.011195705803187449,0.0017111620400100946
TCN,10,2026-04-17,0.03907092920060741,0.0016381056047976017
TCN,10,2026-04-20,-0.022105095339678606,0.0009257112978957593
TCN,10,2026-04-21,-0.045287196374536626,0.000513638777192682
TCN,10,2026-04-22,0.019209355449914436,0.00018624454969540238
TCN,10,2026-04-23,-0.0316671369693541,-0.0008240698371082544
TCN,10,2026-04-24,0.01209127659018988,-0.0009478770080022514
TCN,10,2026-04-27,-0.01823210990977018,-0.0006664033280685544
TCN,10,2026-04-28,-0.024264341106409223,-0.0004498913767747581
TCN,10,2026-04-29,-0.022601726928767742,-0.00016978319035843015
TCN,10,2026-04-30,0.02708581508247884,-0.0003161760396324098
CNN LSTM,1,2025-07-02,0.00948862302167157,0.0016171052120625973
CNN LSTM,1,2025-07-03,0.00978020945508253,0.0016171052120625973
CNN LSTM,1,2025-07-04,-0.0002446708263924116,0.0016171052120625973
CNN LSTM,1,2025-07-07,-0.004360269625795433,0.0016171052120625973
CNN LSTM,1,2025-07-08,-0.003913192095893367,0.0016171052120625973
CNN LSTM,1,2025-07-09,-0.0033230844876732876,0.0016171052120625973
CNN LSTM,1,2025-07-10,0.01872260225614796,0.0016171052120625973
CNN LSTM,1,2025-07-11,0.04327485466526427,0.0034686324652284384
CNN LSTM,1,2025-07-14,-0.005548430989781301,0.004362603649497032
CNN LSTM,1,2025-07-15,-0.016462628137999764,0.004114185459911823
CNN LSTM,1,2025-07-16,0.0005020943467253442,0.0016171052120625973
CNN LSTM,1,2025-07-17,0.0053484988038978365,0.0016171052120625973
CNN LSTM,1,2025-07-18,0.004378664774949515,0.0016171052120625973
CNN LSTM,1,2025-07-21,0.0227106691096158,0.0018153213895857334
CNN LSTM,1,2025-07-22,0.005585200918381937,0.0016171052120625973
CNN LSTM,1,2025-07-23,-0.001068724932451854,0.0016171052120625973
CNN LSTM,1,2025-07-24,-0.006564602181705882,0.0016171052120625973
CNN LSTM,1,2025-07-25,-0.02212869728845116,0.0016171052120625973
CNN LSTM,1,2025-07-28,-0.0037011011461839253,0.0016171052120625973
CNN LSTM,1,2025-07-29,0.0015240748387354282,0.0016171052120625973
CNN LSTM,1,2025-07-30,-0.013694800449260934,0.0016171052120625973
CNN LSTM,2,2025-07-31,-0.02736358302676405,0.0016708342591300607
CNN LSTM,2,2025-08-01,0.006408634549875711,0.001672519720159471
CNN LSTM,2,2025-08-04,0.01094923261068545,0.0029062628746032715
CNN LSTM,2,2025-08-05,0.013221494196824215,0.002965896390378475
CNN LSTM,2,2025-08-06,0.0020939815637874963,0.0020305209327489138
CNN LSTM,2,2025-08-07,0.010326262845232513,0.0023176909890025854
CNN LSTM,2,2025-08-08,0.00676460609637975,0.0013039910700172186
CNN LSTM,2,2025-08-11,-0.019848469853247078,0.0012544362107291818
CNN LSTM,2,2025-08-12,0.006273085276564445,0.0015947982901707292
CNN LSTM,2,2025-08-13,0.01570760058111391,0.0016386039787903428
CNN LSTM,2,2025-08-14,-0.013519958883922833,0.0016851313412189484
CNN LSTM,2,2025-08-15,-0.0023195075284289193,0.0016512091970071197
CNN LSTM,2,2025-08-18,0.0015030447981110365,0.0016258851392194629
CNN LSTM,2,2025-08-19,-0.018348613749446335,0.0016337677370756865
CNN LSTM,2,2025-08-20,0.011845514382182482,0.001661017071455717
CNN LSTM,2,2025-08-21,0.00850368475593492,0.0016708342591300607
CNN LSTM,2,2025-08-22,0.025342079023089208,0.0016809232765808702
CNN LSTM,2,2025-08-25,-0.008393464012582622,0.0016659885877743363
CNN LSTM,2,2025-08-26,-0.002459194534489997,0.0016708342591300607
CNN LSTM,2,2025-08-27,0.0027694351598420612,0.0016708342591300607
CNN LSTM,2,2025-08-28,0.01286627656061418,0.0016480123158544302
CNN LSTM,3,2025-08-29,0.02544543743390251,0.00011373881716281176
CNN LSTM,3,2025-09-02,0.021435240936227385,-1.5633064322173595e-05
CNN LSTM,3,2025-09-03,0.011402703706401692,0.0002843682887032628
CNN LSTM,3,2025-09-04,-0.015306000859251006,-0.0006682070670649409
CNN LSTM,3,2025-09-05,0.003976391479531736,-0.00043297361116856337
CNN LSTM,3,2025-09-08,0.008533321489745038,-0.0019404086051508784
CNN LSTM,3,2025-09-09,-0.01331669065047948,0.000316185993142426
CNN LSTM,3,2025-09-10,0.006218724240319515,0.0006700140656903386
CNN LSTM,3,2025-09-11,0.013618445157770219,0.00039332930464297533
CNN LSTM,3,2025-09-12,0.016412585827095046,-0.0005852821050211787
CNN LSTM,3,2025-09-15,0.003062219825449937,0.0005511027993634343
CNN LSTM,3,2025-09-16,-0.0010824498677873453,0.0005490203620865941
CNN LSTM,3,2025-09-17,-0.017792935340694444,3.175262827426195e-05
CNN LSTM,3,2025-09-18,-0.00035957256245239787,-0.0015105026541277766
CNN LSTM,3,2025-09-19,0.019681761715175473,-0.0004933419404551387
CNN LSTM,3,2025-09-22,0.02926022149357021,0.00010491732973605394
CNN LSTM,3,2025-09-23,0.008932826417680423,0.0005305317463353276
CNN LSTM,3,2025-09-24,-0.009435232545841922,0.0009353664936497808
CNN LSTM,3,2025-09-25,0.02079777880006118,0.00089719716925174
CNN LSTM,3,2025-09-26,0.033527900927235434,-0.0025689322501420975
CNN LSTM,3,2025-09-29,0.008423753442250954,-0.0013843717752024531
CNN LSTM,4,2025-09-30,-0.007731717144935333,-0.0008655159035697579
CNN LSTM,4,2025-10-01,0.02217258492499441,-0.00020864198449999094
CNN LSTM,4,2025-10-02,-0.027657479526539994,-0.0008402416715398431
CNN LSTM,4,2025-10-03,0.0341283401166873,0.00032684148754924536
CNN LSTM,4,2025-10-06,0.010138165326561265,0.000473498716019094
CNN LSTM,4,2025-10-07,-0.018959005487523575,-0.000932027236558497
CNN LSTM,4,2025-10-08,0.03082619811195045,-0.0014858586946502328
CNN LSTM,4,2025-10-09,-0.037824118441793564,-0.0026712999679148197
CNN LSTM,4,2025-10-10,0.0018765999645109822,-0.0023197163827717304
CNN LSTM,4,2025-10-13,0.06579207650283045,-0.0004531597951427102
CNN LSTM,4,2025-10-14,0.0036636994399945285,-0.0018625246593728662
CNN LSTM,4,2025-10-15,0.014972666263086163,-0.0021369592286646366
CNN LSTM,4,2025-10-16,0.037469740949892895,-0.0026274514384567738
CNN LSTM,4,2025-10-17,-0.061426491553587786,-0.004356937948614359
CNN LSTM,4,2025-10-20,0.024856970232058594,-0.001955623272806406
CNN LSTM,4,2025-10-21,-0.07447969677901761,-0.003642961848527193
CNN LSTM,4,2025-10-22,0.00023174916179062298,-0.0020965603180229664
CNN LSTM,4,2025-10-23,0.021284272636443984,-0.0021687676198780537
CNN LSTM,4,2025-10-24,-0.0021680914782260287,-0.0016391637036576867
CNN LSTM,4,2025-10-27,-0.03823970772890121,-0.00079418218228966
CNN LSTM,4,2025-10-28,0.01201888204232268,-0.0006311560282483697
CNN LSTM,5,2025-10-29,0.012567920885157555,0.0002486864977981895
CNN LSTM,5,2025-10-30,0.014706621179701264,0.00014503372949548066
CNN LSTM,5,2025-10-31,-0.009002195547953992,0.00010367642971687019
CNN LSTM,5,2025-11-03,-0.002211030978419181,0.00010367642971687019
CNN LSTM,5,2025-11-04,-0.01595519770785064,0.00010367642971687019
CNN LSTM,5,2025-11-05,0.015432978063345005,0.00010367642971687019
CNN LSTM,5,2025-11-06,-0.0014426598739446322,0.00010367642971687019
CNN LSTM,5,2025-11-07,0.0046549974929010725,0.00010367642971687019
CNN LSTM,5,2025-11-10,0.04400163799506155,0.00010367642971687019
CNN LSTM,5,2025-11-11,0.008750527588091883,0.00010367642971687019
CNN LSTM,5,2025-11-12,0.05222929512220047,0.00010367642971687019
CNN LSTM,5,2025-11-13,-0.00484934911198655,0.00010367642971687019
CNN LSTM,5,2025-11-14,-0.047933259554467075,0.00010367642971687019
CNN LSTM,5,2025-11-17,0.0006915941066914226,0.00010367642971687019
CNN LSTM,5,2025-11-18,-0.003462763504400492,0.00010367642971687019
CNN LSTM,5,2025-11-19,0.0067167409165909105,0.00010367642971687019
CNN LSTM,5,2025-11-20,-0.010748626377484014,0.00010367642971687019
CNN LSTM,5,2025-11-21,-0.00747108027743647,0.00010367642971687019
CNN LSTM,5,2025-11-24,0.00842583599603129,0.00010367642971687019
CNN LSTM,5,2025-11-25,0.012625007656006288,0.00010367642971687019
CNN LSTM,5,2025-11-26,0.03817511768473202,0.00010367642971687019
CNN LSTM,6,2025-11-28,0.06457865625867037,-0.0003853013622574508
CNN LSTM,6,2025-12-01,0.03433963520547157,-0.00047467416152358055
CNN LSTM,6,2025-12-02,-0.007474155376065649,-0.0004035382007714361
CNN LSTM,6,2025-12-03,-0.0010698557235385034,-0.0004368819936644286
CNN LSTM,6,2025-12-04,-0.018716587382344694,-0.000889212591573596
CNN LSTM,6,2025-12-05,0.027329095870308698,-0.0006748642772436142
CNN LSTM,6,2025-12-08,-0.011067170131485166,-0.000760268943849951
CNN LSTM,6,2025-12-09,0.04053187197222852,-0.0008298652828671038
CNN LSTM,6,2025-12-10,0.003484140940118092,-0.0006661067600362003
CNN LSTM,6,2025-12-11,0.057131716759903195,-0.00026200542924925685
CNN LSTM,6,2025-12-12,-0.04098236281946611,-0.00026407703990116715
CNN LSTM,6,2025-12-15,0.025391126722667915,0.0005243703490123153
CNN LSTM,6,2025-12-16,-0.0038204100102420964,-0.0007278019329532981
CNN LSTM,6,2025-12-17,0.054877752017617534,-0.0007528215646743774
CNN LSTM,6,2025-12-18,-0.025148603302118783,-0.0006683861138299108
CNN LSTM,6,2025-12-19,0.034285916174315596,-0.0006123560015112162
CNN LSTM,6,2025-12-22,0.01574784514116291,-0.0006861878791823983
CNN LSTM,6,2025-12-23,0.03727556004425465,-0.0008185047190636396
CNN LSTM,6,2025-12-24,0.007716446667799441,-0.0007698601111769676
CNN LSTM,6,2025-12-26,0.07399134179679479,-0.0007345223566517234
CNN LSTM,6,2025-12-29,-0.09067169778776503,0.0005189756629988551
CNN LSTM,7,2025-12-30,0.10221479339062806,-0.0006001603323966265
CNN LSTM,7,2025-12-31,-0.09824307780431558,0.000895898905582726
CNN LSTM,7,2026-01-02,0.005998981143650036,0.0019152197055518627
CNN LSTM,7,2026-01-05,0.07648221205609913,0.0014730957336723804
CNN LSTM,7,2026-01-06,0.05574084130399784,0.0015107200015336275
CNN LSTM,7,2026-01-07,-0.043072609490488835,-0.0008504644501954317
CNN LSTM,7,2026-01-08,-0.03186285611540196,0.0011461894027888775
CNN LSTM,7,2026-01-09,0.05428414794887768,0.0005984720773994923
CNN LSTM,7,2026-01-12,0.07007401715803904,0.002314571291208267
CNN LSTM,7,2026-01-13,0.014863556993312911,0.0008261871989816427
CNN LSTM,7,2026-01-14,0.05650291804211882,-0.00033401441760361195
CNN LSTM,7,2026-01-15,0.011020890663073043,-0.0002975459210574627
CNN LSTM,7,2026-01-16,-0.04206942596458179,0.0007595692295581102
CNN LSTM,7,2026-01-20,0.06711347754309907,0.0008042985573410988
CNN LSTM,7,2026-01-21,-0.021415312804807362,0.00029387115500867367
CNN LSTM,7,2026-01-22,0.04002956396827427,0.0015669959830120206
CNN LSTM,7,2026-01-23,0.050279558386278456,0.0009094621054828167
CNN LSTM,7,2026-01-26,0.13124985761761132,-0.0005936033558100462
CNN LSTM,7,2026-01-27,-0.08669859108884624,-0.002066063927486539
CNN LSTM,7,2026-01-28,0.06944067448945235,-0.0007089585997164249
CNN LSTM,7,2026-01-29,0.008153341623586855,0.0004012364661321044
CNN LSTM,8,2026-01-30,-0.37610308700481104,5.215615965425968e-05
CNN LSTM,8,2026-02-02,-0.0195017534205199,0.0011603664606809616
CNN LSTM,8,2026-02-03,0.0784283625076356,0.00024381797993555665
CNN LSTM,8,2026-02-04,0.013432667047822297,9.884970495477319e-05
CNN LSTM,8,2026-02-05,-0.09510942355652635,0.0017318924656137824
CNN LSTM,8,2026-02-06,0.0026881903887896004,0.0015331900212913752
CNN LSTM,8,2026-02-09,0.0671537103524874,0.0007095139008015394
CNN LSTM,8,2026-02-10,-0.022763688428083004,0.0007571463938802481
CNN LSTM,8,2026-02-11,0.04313594701844096,0.000780723406933248
CNN LSTM,8,2026-02-12,-0.10314219378519979,0.0008419209625571966
CNN LSTM,8,2026-02-13,0.030055006017955858,0.0008056572987698019
CNN LSTM,8,2026-02-17,-0.058232678195794293,0.0006749872700311244
CNN LSTM,8,2026-02-18,0.053830054736415583,0.0005121862632222474
CNN LSTM,8,2026-02-19,0.000722232694612371,0.0004759774310514331
CNN LSTM,8,2026-02-20,0.05904816413025689,0.00261269835755229
CNN LSTM,8,2026-02-23,0.05024581475846893,0.0015386610757559538
CNN LSTM,8,2026-02-24,0.01073694749555926,0.0016026953235268593
CNN LSTM,8,2026-02-25,0.03904173258606675,0.0019215453648939729
CNN LSTM,8,2026-02-26,-0.0443038424494124,0.0014557064278051257
CNN LSTM,8,2026-02-27,0.0632891278862492,0.0013763054739683867
CNN LSTM,8,2026-03-02,-0.0486154183765808,0.0016235889634117484
CNN LSTM,9,2026-03-03,-0.06264642761396048,-0.015189295634627342
CNN LSTM,9,2026-03-04,-0.003503268780937199,-0.03041970171034336
CNN LSTM,9,2026-03-05,-0.011514328486069848,0.017883693799376488
CNN LSTM,9,2026-03-06,0.02572911548343984,0.0027273709420114756
CNN LSTM,9,2026-03-09,0.0025737084547117705,0.0013703006552532315
CNN LSTM,9,2026-03-10,0.05837087039100905,0.006877711974084377
CNN LSTM,9,2026-03-11,-0.04615282263613243,0.003855580696836114
CNN LSTM,9,2026-03-12,-0.004654372806172859,0.0005531116621568799
CNN LSTM,9,2026-03-13,-0.04537444568017897,0.007313912268728018
CNN LSTM,9,2026-03-16,-0.008078131604690005,0.013245731592178345
CNN LSTM,9,2026-03-17,-0.009174455123458344,0.008326184935867786
CNN LSTM,9,2026-03-18,-0.029242743148298937,0.010739541612565517
CNN LSTM,9,2026-03-19,-0.08559290256097903,0.00025379486032761633
CNN LSTM,9,2026-03-20,-0.02198830663875218,0.004671869799494743
CNN LSTM,9,2026-03-23,-0.004493891628405335,0.012552985921502113
CNN LSTM,9,2026-03-24,0.0032532357356046945,0.01641322299838066
CNN LSTM,9,2026-03-25,0.043597795685774,0.002426522085443139
CNN LSTM,9,2026-03-26,-0.06700978850855925,-0.000409368280088529
CNN LSTM,9,2026-03-27,0.027316306173566753,0.006157110445201397
CNN LSTM,9,2026-03-30,0.011139100266054582,0.014021841809153557
CNN LSTM,9,2026-03-31,0.06023314806008035,0.005224498454481363
CNN LSTM,10,2026-04-01,0.015635517552750514,0.00023963581770658493
CNN LSTM,10,2026-04-02,-0.04215905699204803,-0.0024794908240437508
CNN LSTM,10,2026-04-06,-0.0010178753480512444,0.002283128909766674
CNN LSTM,10,2026-04-07,-0.011558354907611788,0.001658300869166851
CNN LSTM,10,2026-04-08,0.046223838631510875,0.006707373075187206
CNN LSTM,10,2026-04-09,0.013901140778676418,0.005337859503924847
CNN LSTM,10,2026-04-10,0.0006159471096186054,0.008026721887290478
CNN LSTM,10,2026-04-13,-0.010550123505336753,0.004436868242919445
CNN LSTM,10,2026-04-14,0.04994771671981459,0.004145334474742413
CNN LSTM,10,2026-04-15,0.0012587768248807636,0.003684873692691326
CNN LSTM,10,2026-04-16,-0.011195705803187449,0.005510102026164532
CNN LSTM,10,2026-04-17,0.03907092920060741,0.004473644308745861
CNN LSTM,10,2026-04-20,-0.022105095339678606,0.005364689044654369
CNN LSTM,10,2026-04-21,-0.045287196374536626,0.0010930700227618217
CNN LSTM,10,2026-04-22,0.019209355449914436,0.007769363932311535
CNN LSTM,10,2026-04-23,-0.0316671369693541,0.008081491105258465
CNN LSTM,10,2026-04-24,0.01209127659018988,0.007062087766826153
CNN LSTM,10,2026-04-27,-0.01823210990977018,0.006536166183650494
CNN LSTM,10,2026-04-28,-0.024264341106409223,0.005276436917483807
CNN LSTM,10,2026-04-29,-0.022601726928767742,0.003468717448413372
CNN LSTM,10,2026-04-30,0.02708581508247884,0.003846670500934124
