Model,Fold,Date,y_true,y_pred
Random Walk,1,2025-07-02,0.05429789671784961,0.0
Random Walk,1,2025-07-03,-0.03509131981127006,0.0
Random Walk,1,2025-07-04,0.007623925110659366,0.0
Random Walk,1,2025-07-07,-0.015086064492047045,0.0
Random Walk,1,2025-07-08,0.010809283324776242,0.0
Random Walk,1,2025-07-09,-0.004368090890178193,0.0
Random Walk,1,2025-07-10,0.017574163261523414,0.0
Random Walk,1,2025-07-11,0.04011917078417733,0.0
Random Walk,1,2025-07-14,-0.03668402334284926,0.0
Random Walk,1,2025-07-15,-0.003363477786426151,0.0
Random Walk,1,2025-07-16,0.015718097347172576,0.0
Random Walk,1,2025-07-17,0.025980948606922395,0.0
Random Walk,1,2025-07-18,-0.010992557217958275,0.0
Random Walk,1,2025-07-21,0.026885887874657677,0.0
Random Walk,1,2025-07-22,-0.008290310715313134,0.0
Random Walk,1,2025-07-23,-0.019151900685067,0.0
Random Walk,1,2025-07-24,-0.009153525059112835,0.0
Random Walk,1,2025-07-25,-0.012147007527393778,0.0
Random Walk,1,2025-07-28,-0.0023475371464720895,0.0
Random Walk,1,2025-07-29,-7.120514714500215e-05,0.0
Random Walk,1,2025-07-30,-0.03132606827350737,0.0
Random Walk,2,2025-07-31,-0.05615159890895396,0.0
Random Walk,2,2025-08-01,0.013588825083303219,0.0
Random Walk,2,2025-08-04,0.017032060300691564,0.0
Random Walk,2,2025-08-05,-0.006960289354717568,0.0
Random Walk,2,2025-08-06,0.0066586573132357205,0.0
Random Walk,2,2025-08-07,0.010428110769563709,0.0
Random Walk,2,2025-08-08,-0.010729833820386165,0.0
Random Walk,2,2025-08-11,0.003238601081950239,0.0
Random Walk,2,2025-08-12,0.008982768523628983,0.0
Random Walk,2,2025-08-13,-0.007780412046577663,0.0
Random Walk,2,2025-08-14,0.014020699873954793,0.0
Random Walk,2,2025-08-15,-0.011919979785004786,0.0
Random Walk,2,2025-08-18,-0.005938322555647232,0.0
Random Walk,2,2025-08-19,-0.018336554319871908,0.0
Random Walk,2,2025-08-20,0.024049978008151045,0.0
Random Walk,2,2025-08-21,0.012811102881160759,0.0
Random Walk,2,2025-08-22,0.003103581357723482,0.0
Random Walk,2,2025-08-25,-0.017715423347965248,0.0
Random Walk,2,2025-08-26,0.008077866533329543,0.0
Random Walk,2,2025-08-27,-0.0007452120337467954,0.0
Random Walk,2,2025-08-28,0.011120286384573762,0.0
Random Walk,3,2025-08-29,0.00683293268054827,0.0
Random Walk,3,2025-09-02,0.0289394885439482,0.0
Random Walk,3,2025-09-03,0.029990985432527387,0.0
Random Walk,3,2025-09-04,-0.05491132267393003,0.0
Random Walk,3,2025-09-05,0.007628356489719208,0.0
Random Walk,3,2025-09-08,-0.0006515130320953691,0.0
Random Walk,3,2025-09-09,-0.009825048664979812,0.0
Random Walk,3,2025-09-10,0.01854989419510853,0.0
Random Walk,3,2025-09-11,0.0017932077797482102,0.0
Random Walk,3,2025-09-12,0.008491879697597701,0.0
Random Walk,3,2025-09-15,0.003900575712101561,0.0
Random Walk,3,2025-09-16,-0.010173351768924196,0.0
Random Walk,3,2025-09-17,-0.018620665955265174,0.0
Random Walk,3,2025-09-18,0.017833816902663176,0.0
Random Walk,3,2025-09-19,0.01202135896162909,0.0
Random Walk,3,2025-09-22,0.006624338772018788,0.0
Random Walk,3,2025-09-23,0.05500208060804961,0.0
Random Walk,3,2025-09-24,-0.013183147727295738,0.0
Random Walk,3,2025-09-25,0.030647099994633623,0.0
Random Walk,3,2025-09-26,0.03340710328963251,0.0
Random Walk,3,2025-09-29,0.016667113677587827,0.0
Random Walk,4,2025-09-30,-0.015467338041609338,0.0
Random Walk,4,2025-10-01,-0.009320055526438638,0.0
Random Walk,4,2025-10-02,-0.00389315068318572,0.0
Random Walk,4,2025-10-03,0.034875199318837216,0.0
Random Walk,4,2025-10-06,0.00958766808115634,0.0
Random Walk,4,2025-10-07,-0.00508972359101377,0.0
Random Walk,4,2025-10-08,0.03111067630373697,0.0
Random Walk,4,2025-10-09,-0.026510428909785496,0.0
Random Walk,4,2025-10-10,-0.020651176068947143,0.0
Random Walk,4,2025-10-13,0.04214305909187053,0.0
Random Walk,4,2025-10-14,-0.00872264694460278,0.0
Random Walk,4,2025-10-15,0.008183435695993694,0.0
Random Walk,4,2025-10-16,0.0389049380129188,0.0
Random Walk,4,2025-10-17,-0.07950966141699312,0.0
Random Walk,4,2025-10-20,0.02014152782682235,0.0
Random Walk,4,2025-10-21,-0.0834534298046432,0.0
Random Walk,4,2025-10-22,0.021053409197832263,0.0
Random Walk,4,2025-10-23,0.033041791823324326,0.0
Random Walk,4,2025-10-24,0.003960431911251035,0.0
Random Walk,4,2025-10-27,-0.009772167266185813,0.0
Random Walk,4,2025-10-28,-0.0008873832129687246,0.0
Random Walk,5,2025-10-29,0.009027014937524084,0.0
Random Walk,5,2025-10-30,0.01062642796112413,0.0
Random Walk,5,2025-10-31,-0.024229497064294635,0.0
Random Walk,5,2025-11-03,0.002671896179956862,0.0
Random Walk,5,2025-11-04,-0.020345309588489065,0.0
Random Walk,5,2025-11-05,0.0072356094442426605,0.0
Random Walk,5,2025-11-06,-0.016354411350005513,0.0
Random Walk,5,2025-11-07,0.007171760853925076,0.0
Random Walk,5,2025-11-10,0.033097786232648266,0.0
Random Walk,5,2025-11-11,-0.0010689837030382371,0.0
Random Walk,5,2025-11-12,0.020488323647807144,0.0
Random Walk,5,2025-11-13,-0.011406746949420432,0.0
Random Walk,5,2025-11-14,-0.030834055255529565,0.0
Random Walk,5,2025-11-17,-0.006127272740868349,0.0
Random Walk,5,2025-11-18,-0.00032353037636850476,0.0
Random Walk,5,2025-11-19,0.001099623832940347,0.0
Random Walk,5,2025-11-20,-0.026663053776030093,0.0
Random Walk,5,2025-11-21,0.005033187881238608,0.0
Random Walk,5,2025-11-24,0.01878139864914207,0.0
Random Walk,5,2025-11-25,0.009292203597287156,0.0
Random Walk,5,2025-11-26,0.014031737113716202,0.0
Random Walk,6,2025-11-28,0.06069536118160296,0.0
Random Walk,6,2025-12-01,-0.0045402884329013415,0.0
Random Walk,6,2025-12-02,-0.015751193623122647,0.0
Random Walk,6,2025-12-03,0.007574646123825222,0.0
Random Walk,6,2025-12-04,-0.001268522668791291,0.0
Random Walk,6,2025-12-05,0.00036258874000403614,0.0
Random Walk,6,2025-12-08,0.0,0.0
Random Walk,6,2025-12-09,0.02394071291055024,0.0
Random Walk,6,2025-12-10,-0.031948491066943405,0.0
Random Walk,6,2025-12-11,0.03941279040997831,0.0
Random Walk,6,2025-12-12,0.028458687804576898,0.0
Random Walk,6,2025-12-15,0.029938341336370397,0.0
Random Walk,6,2025-12-16,0.03238884209402803,0.0
Random Walk,6,2025-12-17,0.03292607142749483,0.0
Random Walk,6,2025-12-18,0.01172795146834991,0.0
Random Walk,6,2025-12-19,0.02907955645264974,0.0
Random Walk,6,2025-12-22,0.03456365222503906,0.0
Random Walk,6,2025-12-23,0.09076312754876349,0.0
Random Walk,6,2025-12-24,-0.01750557412132292,0.0
Random Walk,6,2025-12-26,0.09573984563344325,0.0
Random Walk,6,2025-12-29,-0.15906604900959542,0.0
Random Walk,7,2025-12-30,0.05881199202023939,0.0
Random Walk,7,2025-12-31,-0.09278237750304041,0.0
Random Walk,7,2026-01-02,0.043851048466960564,0.0
Random Walk,7,2026-01-05,0.06545840598781522,0.0
Random Walk,7,2026-01-06,0.06997645165095208,0.0
Random Walk,7,2026-01-07,-0.07709585115469823,0.0
Random Walk,7,2026-01-08,-0.0007546786121647461,0.0
Random Walk,7,2026-01-09,0.011744107456218981,0.0
Random Walk,7,2026-01-12,0.035062582278872684,0.0
Random Walk,7,2026-01-13,-0.010994293221539438,0.0
Random Walk,7,2026-01-14,0.014167757153833019,0.0
Random Walk,7,2026-01-15,0.009627747477561784,0.0
Random Walk,7,2026-01-16,-0.0367334112385482,0.0
Random Walk,7,2026-01-20,0.053948396156832334,0.0
Random Walk,7,2026-01-21,0.01991144726071155,0.0
Random Walk,7,2026-01-22,0.03229035735256819,0.0
Random Walk,7,2026-01-23,0.06069352164768608,0.0
Random Walk,7,2026-01-26,0.0467570338128215,0.0
Random Walk,7,2026-01-27,-0.12660388881750273,0.0
Random Walk,7,2026-01-28,0.036144512262748285,0.0
Random Walk,7,2026-01-29,-0.0031904272845780365,0.0
Random Walk,8,2026-01-30,-0.2112410939124752,0.0
Random Walk,8,2026-02-02,-0.004432506706622088,0.0
Random Walk,8,2026-02-03,0.047618095694695946,0.0
Random Walk,8,2026-02-04,-0.015097983652643367,0.0
Random Walk,8,2026-02-05,-0.04787499079394151,0.0
Random Walk,8,2026-02-06,0.015259363719073696,0.0
Random Walk,8,2026-02-09,0.0074246467846108746,0.0
Random Walk,8,2026-02-10,-0.00823706820728417,0.0
Random Walk,8,2026-02-11,0.021894623124065156,0.0
Random Walk,8,2026-02-12,-0.05970119884926718,0.0
Random Walk,8,2026-02-13,0.02800533158402034,0.0
Random Walk,8,2026-02-17,-0.02875039556980956,0.0
Random Walk,8,2026-02-18,0.04560255252769679,0.0
Random Walk,8,2026-02-19,-0.021158394333875803,0.0
Random Walk,8,2026-02-20,0.050766998138235125,0.0
Random Walk,8,2026-02-23,-0.010796912011054982,0.0
Random Walk,8,2026-02-24,0.01603740683793895,0.0
Random Walk,8,2026-02-25,0.06414873078485848,0.0
Random Walk,8,2026-02-26,-0.041662696582930044,0.0
Random Walk,8,2026-02-27,0.05871631516648984,0.0
Random Walk,8,2026-03-02,-0.02296207579907521,0.0
Random Walk,9,2026-03-03,-0.10820486800986187,0.0
Random Walk,9,2026-03-04,0.03778669303783018,0.0
Random Walk,9,2026-03-05,-0.011529500345499094,0.0
Random Walk,9,2026-03-06,0.005804670650795252,0.0
Random Walk,9,2026-03-09,0.012616213402986435,0.0
Random Walk,9,2026-03-10,0.029698364290416602,0.0
Random Walk,9,2026-03-11,-0.01351371916672282,0.0
Random Walk,9,2026-03-12,-0.020619287202735703,0.0
Random Walk,9,2026-03-13,-0.058826482928302816,0.0
Random Walk,9,2026-03-16,0.025643064138062284,0.0
Random Walk,9,2026-03-17,0.020041913271712362,0.0
Random Walk,9,2026-03-18,-0.038151788869022284,0.0
Random Walk,9,2026-03-19,-0.056539435595185046,0.0
Random Walk,9,2026-03-20,0.01606256080374734,0.0
Random Walk,9,2026-03-23,-0.05760026122783402,0.0
Random Walk,9,2026-03-24,0.016896679340435386,0.0
Random Walk,9,2026-03-25,0.01739536245450573,0.0
Random Walk,9,2026-03-26,-0.0461885750159386,0.0
Random Walk,9,2026-03-27,0.017417963898598975,0.0
Random Walk,9,2026-03-30,0.007986837725295442,0.0
Random Walk,9,2026-03-31,0.03358331288350735,0.0
Random Walk,10,2026-04-01,0.009848801875018371,0.0
Random Walk,10,2026-04-02,-0.002796777833518582,0.0
Random Walk,10,2026-04-06,-0.002855737614529973,0.0
Random Walk,10,2026-04-07,-0.014972098746593665,0.0
Random Walk,10,2026-04-08,0.06107892062107771,0.0
Random Walk,10,2026-04-09,0.022184550737613697,0.0
Random Walk,10,2026-04-10,-0.022916311595956054,0.0
Random Walk,10,2026-04-13,0.00617869134366017,0.0
Random Walk,10,2026-04-14,0.010997625807174088,0.0
Random Walk,10,2026-04-15,0.013484328048676006,0.0
Random Walk,10,2026-04-16,-0.00893745178431326,0.0
Random Walk,10,2026-04-17,0.014412567138765195,0.0
Random Walk,10,2026-04-20,-0.025649789789379537,0.0
Random Walk,10,2026-04-21,-0.02266270487696291,0.0
Random Walk,10,2026-04-22,0.02357991897934288,0.0
Random Walk,10,2026-04-23,-0.024420104470429766,0.0
Random Walk,10,2026-04-24,-0.003764605016653509,0.0
Random Walk,10,2026-04-27,-0.01696696172399067,0.0
Random Walk,10,2026-04-28,-0.01977937067937363,0.0
Random Walk,10,2026-04-29,-0.029785877665489336,0.0
Random Walk,10,2026-04-30,0.048504681290635995,0.0
ARIMA,1,2025-07-02,0.05429789671784961,1.5095646116904015e-05
ARIMA,1,2025-07-03,-0.03509131981127006,-0.0013474946518763668
ARIMA,1,2025-07-04,0.007623925110659366,-0.0012193800494744778
ARIMA,1,2025-07-07,-0.015086064492047045,-0.0010269382728924808
ARIMA,1,2025-07-08,0.010809283324776242,-0.0009006198548649813
ARIMA,1,2025-07-09,-0.004368090890178193,-0.0007735006167710191
ARIMA,1,2025-07-10,0.017574163261523414,-0.0006730504926536447
ARIMA,1,2025-07-11,0.04011917078417733,-0.0005825356634737045
ARIMA,1,2025-07-14,-0.03668402334284926,-0.0005067244070394673
ARIMA,1,2025-07-15,-0.003363477786426151,-0.00044062438267831447
ARIMA,1,2025-07-16,0.015718097347172576,-0.0003842599663779771
ARIMA,1,2025-07-17,0.025980948606922395,-0.0003356037434610663
ARIMA,1,2025-07-18,-0.010992557217958275,-0.00029388552941831786
ARIMA,1,2025-07-21,0.026885887874657677,-0.00025798181228854107
ARIMA,1,2025-07-22,-0.008290310715313134,-0.000227146052723973
ARIMA,1,2025-07-23,-0.019151900685067,-0.00020063261489408876
ARIMA,1,2025-07-24,-0.009153525059112835,-0.00017785000936766863
ARIMA,1,2025-07-25,-0.012147007527393778,-0.0001582664293744068
ARIMA,1,2025-07-28,-0.0023475371464720895,-0.00014143592269348244
ARIMA,1,2025-07-29,-7.120514714500215e-05,-0.00012696992266383989
ARIMA,1,2025-07-30,-0.03132606827350737,-0.00011453697130047808
ARIMA,2,2025-07-31,-0.05615159890895396,-0.00023975568810342761
ARIMA,2,2025-08-01,0.013588825083303219,-0.000752306694087277
ARIMA,2,2025-08-04,0.017032060300691564,0.001391459911152767
ARIMA,2,2025-08-05,-0.006960289354717568,5.3914208417945865e-05
ARIMA,2,2025-08-06,0.0066586573132357205,0.0006672353507358806
ARIMA,2,2025-08-07,0.010428110769563709,0.00021832701158859693
ARIMA,2,2025-08-08,-0.010729833820386165,0.0003739577129123266
ARIMA,2,2025-08-11,0.003238601081950239,0.0002082577246623566
ARIMA,2,2025-08-12,0.008982768523628983,0.00023224009008094068
ARIMA,2,2025-08-13,-0.007780412046577663,0.000161056101307778
ARIMA,2,2025-08-14,0.014020699873954793,0.00015108116484627618
ARIMA,2,2025-08-15,-0.011919979785004786,0.00011442838652498596
ARIMA,2,2025-08-18,-0.005938322555647232,9.8734631838567e-05
ARIMA,2,2025-08-19,-0.018336554319871908,7.670039895614708e-05
ARIMA,2,2025-08-20,0.024049978008151045,6.267973931267837e-05
ARIMA,2,2025-08-21,0.012811102881160759,4.806020971838519e-05
ARIMA,2,2025-08-22,0.003103581357723482,3.705126511395703e-05
ARIMA,2,2025-08-25,-0.017715423347965248,2.6840335920234216e-05
ARIMA,2,2025-08-26,0.008077866533329543,1.8575968313429735e-05
ARIMA,2,2025-08-27,-0.0007452120337467954,1.1271939869956643e-05
ARIMA,2,2025-08-28,0.011120286384573762,5.176102923666557e-06
ARIMA,3,2025-08-29,0.00683293268054827,-0.0004982553015695737
ARIMA,3,2025-09-02,0.0289394885439482,0.00047962282687820205
ARIMA,3,2025-09-03,0.029990985432527387,-0.0006659340351073272
ARIMA,3,2025-09-04,-0.05491132267393003,5.23515420740297e-05
ARIMA,3,2025-09-05,0.007628356489719208,-0.0003323549759285003
ARIMA,3,2025-09-08,-0.0006515130320953691,-7.279529238223408e-05
ARIMA,3,2025-09-09,-0.009825048664979812,-0.00019686672861357247
ARIMA,3,2025-09-10,0.01854989419510853,-9.889794355531184e-05
ARIMA,3,2025-09-11,0.0017932077797482102,-0.00013492992290768633
ARIMA,3,2025-09-12,0.008491879697597701,-9.493664721333089e-05
ARIMA,3,2025-09-15,0.003900575712101561,-0.00010217728944160546
ARIMA,3,2025-09-16,-0.010173351768924196,-8.37651724051907e-05
ARIMA,3,2025-09-17,-0.018620665955265174,-8.232242678694513e-05
ARIMA,3,2025-09-18,0.017833816902663176,-7.251190872322498e-05
ARIMA,3,2025-09-19,0.01202135896162909,-6.903476936232622e-05
ARIMA,3,2025-09-22,0.006624338772018788,-6.305100785409195e-05
ARIMA,3,2025-09-23,0.05500208060804961,-5.960317920687855e-05
ARIMA,3,2025-09-24,-0.013183147727295738,-5.5582864969647615e-05
ARIMA,3,2025-09-25,0.030647099994633623,-5.269838296525439e-05
ARIMA,3,2025-09-26,0.03340710328963251,-4.983861864532829e-05
ARIMA,3,2025-09-29,0.016667113677587827,-4.7566105211387696e-05
ARIMA,4,2025-09-30,-0.015467338041609338,0.0012595279539669333
ARIMA,4,2025-10-01,-0.009320055526438638,0.0005859728611617925
ARIMA,4,2025-10-02,-0.00389315068318572,6.044295266056687e-05
ARIMA,4,2025-10-03,0.034875199318837216,3.4001517887750366e-05
ARIMA,4,2025-10-06,0.00958766808115634,1.6052235305991924e-05
ARIMA,4,2025-10-07,-0.00508972359101377,1.503297704584467e-05
ARIMA,4,2025-10-08,0.03111067630373697,1.441911391322544e-05
ARIMA,4,2025-10-09,-0.026510428909785496,1.4380369268654149e-05
ARIMA,4,2025-10-10,-0.020651176068947143,1.4359348066399671e-05
ARIMA,4,2025-10-13,0.04214305909187053,1.4357891451548222e-05
ARIMA,4,2025-10-14,-0.00872264694460278,1.4357170691464601e-05
ARIMA,4,2025-10-15,0.008183435695993694,1.4357116415699041e-05
ARIMA,4,2025-10-16,0.0389049380129188,1.4357091672506195e-05
ARIMA,4,2025-10-17,-0.07950966141699312,1.4357089664878022e-05
ARIMA,4,2025-10-20,0.02014152782682235,1.4357088814452246e-05
ARIMA,4,2025-10-21,-0.0834534298046432,1.4357088740644278e-05
ARIMA,4,2025-10-22,0.021053409197832263,1.4357088711381479e-05
ARIMA,4,2025-10-23,0.033041791823324326,1.4357088708682013e-05
ARIMA,4,2025-10-24,0.003960431911251035,1.4357088707673976e-05
ARIMA,4,2025-10-27,-0.009772167266185813,1.435708870757568e-05
ARIMA,4,2025-10-28,-0.0008873832129687246,1.4357088707540918e-05
ARIMA,5,2025-10-29,0.009027014937524084,-0.00024614400289399375
ARIMA,5,2025-10-30,0.01062642796112413,0.0003013599962903383
ARIMA,5,2025-10-31,-0.024229497064294635,5.625833790481417e-05
ARIMA,5,2025-11-03,0.002671896179956862,0.00014695124685672547
ARIMA,5,2025-11-04,-0.020345309588489065,8.230347195186229e-05
ARIMA,5,2025-11-05,0.0072356094442426605,9.38738737157469e-05
ARIMA,5,2025-11-06,-0.016354411350005513,7.191597950718403e-05
ARIMA,5,2025-11-07,0.007171760853925076,6.794552698480519e-05
ARIMA,5,2025-11-10,0.033097786232648266,5.7348904794276415e-05
ARIMA,5,2025-11-11,-0.0010689837030382371,5.1508380715570474e-05
ARIMA,5,2025-11-12,0.020488323647807144,4.4835545744489856e-05
ARIMA,5,2025-11-13,-0.011406746949420432,3.9785654783992644e-05
ARIMA,5,2025-11-14,-0.030834055255529565,3.503862311865942e-05
ARIMA,5,2025-11-17,-0.006127272740868349,3.107853812655845e-05
ARIMA,5,2025-11-18,-0.00032353037636850476,2.755547852228402e-05
ARIMA,5,2025-11-19,0.001099623832940347,2.4529274865539016e-05
ARIMA,5,2025-11-20,-0.026663053776030093,2.1879963761910293e-05
ARIMA,5,2025-11-21,0.005033187881238608,1.9584463928691725e-05
ARIMA,5,2025-11-24,0.01878139864914207,1.758433049839739e-05
ARIMA,5,2025-11-25,0.009292203597287156,1.584686476357891e-05
ARIMA,5,2025-11-26,0.014031737113716202,1.4335070242154924e-05
ARIMA,6,2025-11-28,0.06069536118160296,6.628886475057068e-05
ARIMA,6,2025-12-01,-0.0045402884329013415,0.00023586801799224962
ARIMA,6,2025-12-02,-0.015751193623122647,-0.0004979854661483278
ARIMA,6,2025-12-03,0.007574646123825222,-0.00010794077394036596
ARIMA,6,2025-12-04,-0.001268522668791291,-0.00024839914291204147
ARIMA,6,2025-12-05,0.00036258874000403614,-0.00014616502782961363
ARIMA,6,2025-12-08,0.0,-0.0001616700257276951
ARIMA,6,2025-12-09,0.02394071291055024,-0.00012608175099524375
ARIMA,6,2025-12-10,-0.031948491066943405,-0.00011776694364093815
ARIMA,6,2025-12-11,0.03941279040997831,-9.972135338732982e-05
ARIMA,6,2025-12-12,0.028458687804576898,-8.886176373561063e-05
ARIMA,6,2025-12-15,0.029938341336370397,-7.697064382109246e-05
ARIMA,6,2025-12-16,0.03238884209402803,-6.76050681338777e-05
ARIMA,6,2025-12-17,0.03292607142749483,-5.885780899021432e-05
ARIMA,6,2025-12-18,0.01172795146834991,-5.140282173862279e-05
ARIMA,6,2025-12-19,0.02907955645264974,-4.473490258090258e-05
ARIMA,6,2025-12-22,0.03456365222503906,-3.892240106492633e-05
ARIMA,6,2025-12-23,0.09076312754876349,-3.3786040797603846e-05
ARIMA,6,2025-12-24,-0.01750557412132292,-2.927992883792193e-05
ARIMA,6,2025-12-26,0.09573984563344325,-2.531150716442243e-05
ARIMA,6,2025-12-29,-0.15906604900959542,-2.182374286575875e-05
ARIMA,7,2025-12-30,0.05881199202023939,0.006848076803784839
ARIMA,7,2025-12-31,-0.09278237750304041,-0.008112147015806854
ARIMA,7,2026-01-02,0.043851048466960564,0.0005229002635068402
ARIMA,7,2026-01-05,0.06545840598781522,-0.0003423017904548559
ARIMA,7,2026-01-06,0.06997645165095208,0.00010814080019757704
ARIMA,7,2026-01-07,-0.07709585115469823,5.868492328478628e-05
ARIMA,7,2026-01-08,-0.0007546786121647461,8.223339679629681e-05
ARIMA,7,2026-01-09,0.011744107456218981,7.943258391154942e-05
ARIMA,7,2026-01-12,0.035062582278872684,8.066622249339047e-05
ARIMA,7,2026-01-13,-0.010994293221539438,8.050879342302011e-05
ARIMA,7,2026-01-14,0.014167757153833019,8.057354748729182e-05
ARIMA,7,2026-01-15,0.009627747477561784,8.056475317076234e-05
ARIMA,7,2026-01-16,-0.0367334112385482,8.056815843986978e-05
ARIMA,7,2026-01-20,0.053948396156832334,8.056766969087383e-05
ARIMA,7,2026-01-21,0.01991144726071155,8.0567849078519e-05
ARIMA,7,2026-01-22,0.03229035735256819,8.056782203323117e-05
ARIMA,7,2026-01-23,0.06069352164768608,8.056783149870007e-05
ARIMA,7,2026-01-26,0.0467570338128215,8.05678300076088e-05
ARIMA,7,2026-01-27,-0.12660388881750273,8.05678305078195e-05
ARIMA,7,2026-01-28,0.036144512262748285,8.056783042586829e-05
ARIMA,7,2026-01-29,-0.0031904272845780365,8.056783045233982e-05
ARIMA,8,2026-01-30,-0.2112410939124752,0.006666541304483362
ARIMA,8,2026-02-02,-0.004432506706622088,-0.003892907479528953
ARIMA,8,2026-02-03,0.047618095694695946,0.002728747880893733
ARIMA,8,2026-02-04,-0.015097983652643367,-0.0015443602269308862
ARIMA,8,2026-02-05,-0.04787499079394151,0.0012131757527113595
ARIMA,8,2026-02-06,0.015259363719073696,-0.0005663263069481173
ARIMA,8,2026-02-09,0.0074246467846108746,0.0005820277322050359
ARIMA,8,2026-02-10,-0.00823706820728417,-0.00015903181986522672
ARIMA,8,2026-02-11,0.021894623124065156,0.0003191911331533039
ARIMA,8,2026-02-12,-0.05970119884926718,1.0582746479299951e-05
ARIMA,8,2026-02-13,0.02800533158402034,0.00020973491122669365
ARIMA,8,2026-02-17,-0.02875039556980956,8.121739052344314e-05
ARIMA,8,2026-02-18,0.04560255252769679,0.00016415273370015636
ARIMA,8,2026-02-19,-0.021158394333875803,0.00011063262912452222
ARIMA,8,2026-02-20,0.050766998138235125,0.00014517039654755602
ARIMA,8,2026-02-23,-0.010796912011054982,0.0001228823724858347
ARIMA,8,2026-02-24,0.01603740683793895,0.00013726535244199057
ARIMA,8,2026-02-25,0.06414873078485848,0.00012798368118004718
ARIMA,8,2026-02-26,-0.041662696582930044,0.00013397335937451023
ARIMA,8,2026-02-27,0.05871631516648984,0.00013010808082060093
ARIMA,8,2026-03-02,-0.02296207579907521,0.0001326024349101282
ARIMA,9,2026-03-03,-0.10820486800986187,0.003088730706202625
ARIMA,9,2026-03-04,0.03778669303783018,-0.00179538917588064
ARIMA,9,2026-03-05,-0.011529500345499094,0.0013065158636927491
ARIMA,9,2026-03-06,0.005804670650795252,-0.0006635043460541735
ARIMA,9,2026-03-09,0.012616213402986435,0.0005876556918253443
ARIMA,9,2026-03-10,0.029698364290416602,-0.00020695617694719724
ARIMA,9,2026-03-11,-0.01351371916672282,0.0002977019026573186
ARIMA,9,2026-03-12,-0.020619287202735703,-2.2806495617084968e-05
ARIMA,9,2026-03-13,-0.058826482928302816,0.00018074842109984634
ARIMA,9,2026-03-16,0.025643064138062284,5.147067255185802e-05
ARIMA,9,2026-03-17,0.020041913271712362,0.00013357498395435811
ARIMA,9,2026-03-18,-0.038151788869022284,8.143052733600681e-05
ARIMA,9,2026-03-19,-0.056539435595185046,0.00011454747709877317
ARIMA,9,2026-03-20,0.01606256080374734,9.351489889747658e-05
ARIMA,9,2026-03-23,-0.05760026122783402,0.00010687269147688303
ARIMA,9,2026-03-24,0.016896679340435386,9.838915603549591e-05
ARIMA,9,2026-03-25,0.01739536245450573,0.0001037770502670793
ARIMA,9,2026-03-26,-0.0461885750159386,0.00010035519808631171
ARIMA,9,2026-03-27,0.017417963898598975,0.00010252841675834618
ARIMA,9,2026-03-30,0.007986837725295442,0.00010114820535616344
ARIMA,9,2026-03-31,0.03358331288350735,0.00010202477775968135
ARIMA,10,2026-04-01,0.009848801875018371,-0.001775199899990001
ARIMA,10,2026-04-02,-0.002796777833518582,0.0010853590608443798
ARIMA,10,2026-04-06,-0.002855737614529973,-0.0005214384807236575
ARIMA,10,2026-04-07,-0.014972098746593665,0.00038111181624208586
ARIMA,10,2026-04-08,0.06107892062107771,-0.0001258574922608415
ARIMA,10,2026-04-09,0.022184550737613697,0.00015891099169844253
ARIMA,10,2026-04-10,-0.022916311595956054,-1.0456133590424174e-06
ARIMA,10,2026-04-13,0.00617869134366017,8.880321803472413e-05
ARIMA,10,2026-04-14,0.010997625807174088,3.833445183451443e-05
ARIMA,10,2026-04-15,0.013484328048676006,6.66831384257586e-05
ARIMA,10,2026-04-16,-0.00893745178431326,5.075946737224971e-05
ARIMA,10,2026-04-17,0.014412567138765195,5.9703913493385814e-05
ARIMA,10,2026-04-20,-0.025649789789379537,5.467975065147145e-05
ARIMA,10,2026-04-21,-0.02266270487696291,5.7501860810134555e-05
ARIMA,10,2026-04-22,0.02357991897934288,5.591666025071263e-05
ARIMA,10,2026-04-23,-0.024420104470429766,5.6807079359930526e-05
ARIMA,10,2026-04-24,-0.003764605016653509,5.630692423107445e-05
ARIMA,10,2026-04-27,-0.01696696172399067,5.65878651389361e-05
ARIMA,10,2026-04-28,-0.01977937067937363,5.643005851223881e-05
ARIMA,10,2026-04-29,-0.029785877665489336,5.6518699684573324e-05
ARIMA,10,2026-04-30,0.048504681290635995,5.646890926957441e-05
Decision Tree,1,2025-07-02,-0.03509131981127006,0.00020191026087354452
Decision Tree,1,2025-07-03,0.007623925110659366,-0.0037024073231808393
Decision Tree,1,2025-07-04,-0.015086064492047045,0.00020191026087354452
Decision Tree,1,2025-07-07,0.010809283324776242,0.00020191026087354452
Decision Tree,1,2025-07-08,-0.004368090890178193,0.00020191026087354452
Decision Tree,1,2025-07-09,0.017574163261523414,-0.0037024073231808393
Decision Tree,1,2025-07-10,0.04011917078417733,0.00020191026087354452
Decision Tree,1,2025-07-11,-0.03668402334284926,0.00020191026087354452
Decision Tree,1,2025-07-14,-0.003363477786426151,0.00020191026087354452
Decision Tree,1,2025-07-15,0.015718097347172576,0.00020191026087354452
Decision Tree,1,2025-07-16,0.025980948606922395,0.00020191026087354452
Decision Tree,1,2025-07-17,-0.010992557217958275,0.00020191026087354452
Decision Tree,1,2025-07-18,0.026885887874657677,-0.0037024073231808393
Decision Tree,1,2025-07-21,-0.008290310715313134,0.00020191026087354452
Decision Tree,1,2025-07-22,-0.019151900685067,0.00020191026087354452
Decision Tree,1,2025-07-23,-0.009153525059112835,0.00020191026087354452
Decision Tree,1,2025-07-24,-0.012147007527393778,-0.0037024073231808393
Decision Tree,1,2025-07-25,-0.0023475371464720895,0.00020191026087354452
Decision Tree,1,2025-07-28,-7.120514714500215e-05,-0.0037024073231808393
Decision Tree,1,2025-07-29,-0.03132606827350737,0.00020191026087354452
Decision Tree,1,2025-07-30,-0.05615159890895396,0.00020191026087354452
Decision Tree,2,2025-07-31,0.013588825083303219,-0.00018625969352361457
Decision Tree,2,2025-08-01,0.017032060300691564,-0.00018625969352361457
Decision Tree,2,2025-08-04,-0.006960289354717568,-0.00018625969352361457
Decision Tree,2,2025-08-05,0.0066586573132357205,-0.00018625969352361457
Decision Tree,2,2025-08-06,0.010428110769563709,-0.00018625969352361457
Decision Tree,2,2025-08-07,-0.010729833820386165,-0.00018625969352361457
Decision Tree,2,2025-08-08,0.003238601081950239,-0.00018625969352361457
Decision Tree,2,2025-08-11,0.008982768523628983,-0.00018625969352361457
Decision Tree,2,2025-08-12,-0.007780412046577663,-0.00018625969352361457
Decision Tree,2,2025-08-13,0.014020699873954793,-0.00018625969352361457
Decision Tree,2,2025-08-14,-0.011919979785004786,-0.00018625969352361457
Decision Tree,2,2025-08-15,-0.005938322555647232,-0.00018625969352361457
Decision Tree,2,2025-08-18,-0.018336554319871908,-0.00018625969352361457
Decision Tree,2,2025-08-19,0.024049978008151045,-0.00018625969352361457
Decision Tree,2,2025-08-20,0.012811102881160759,-0.00018625969352361457
Decision Tree,2,2025-08-21,0.003103581357723482,-0.00018625969352361457
Decision Tree,2,2025-08-22,-0.017715423347965248,-0.00018625969352361457
Decision Tree,2,2025-08-25,0.008077866533329543,-0.00018625969352361457
Decision Tree,2,2025-08-26,-0.0007452120337467954,-0.00018625969352361457
Decision Tree,2,2025-08-27,0.011120286384573762,-0.00018625969352361457
Decision Tree,2,2025-08-28,0.00683293268054827,-0.00018625969352361457
Decision Tree,3,2025-08-29,0.0289394885439482,-0.00016024421766319105
Decision Tree,3,2025-09-02,0.029990985432527387,-0.00016024421766319105
Decision Tree,3,2025-09-03,-0.05491132267393003,-0.00016024421766319105
Decision Tree,3,2025-09-04,0.007628356489719208,-0.00016024421766319105
Decision Tree,3,2025-09-05,-0.0006515130320953691,-0.00016024421766319105
Decision Tree,3,2025-09-08,-0.009825048664979812,-0.00016024421766319105
Decision Tree,3,2025-09-09,0.01854989419510853,-0.00016024421766319105
Decision Tree,3,2025-09-10,0.0017932077797482102,-0.00016024421766319105
Decision Tree,3,2025-09-11,0.008491879697597701,-0.00016024421766319105
Decision Tree,3,2025-09-12,0.003900575712101561,-0.00016024421766319105
Decision Tree,3,2025-09-15,-0.010173351768924196,-0.00016024421766319105
Decision Tree,3,2025-09-16,-0.018620665955265174,-0.00016024421766319105
Decision Tree,3,2025-09-17,0.017833816902663176,-0.00016024421766319105
Decision Tree,3,2025-09-18,0.01202135896162909,-0.00016024421766319105
Decision Tree,3,2025-09-19,0.006624338772018788,-0.00016024421766319105
Decision Tree,3,2025-09-22,0.05500208060804961,-0.00016024421766319105
Decision Tree,3,2025-09-23,-0.013183147727295738,-0.00016024421766319105
Decision Tree,3,2025-09-24,0.030647099994633623,-0.00016024421766319105
Decision Tree,3,2025-09-25,0.03340710328963251,-0.00016024421766319105
Decision Tree,3,2025-09-26,0.016667113677587827,-0.00016024421766319105
Decision Tree,3,2025-09-29,-0.015467338041609338,-0.00016024421766319105
Decision Tree,4,2025-09-30,-0.009320055526438638,0.0012502265645565839
Decision Tree,4,2025-10-01,-0.00389315068318572,0.0012502265645565839
Decision Tree,4,2025-10-02,0.034875199318837216,0.0012502265645565839
Decision Tree,4,2025-10-03,0.00958766808115634,0.0012502265645565839
Decision Tree,4,2025-10-06,-0.00508972359101377,0.0012502265645565839
Decision Tree,4,2025-10-07,0.03111067630373697,0.0012502265645565839
Decision Tree,4,2025-10-08,-0.026510428909785496,0.0012502265645565839
Decision Tree,4,2025-10-09,-0.020651176068947143,0.0012502265645565839
Decision Tree,4,2025-10-10,0.04214305909187053,0.0012502265645565839
Decision Tree,4,2025-10-13,-0.00872264694460278,0.0012502265645565839
Decision Tree,4,2025-10-14,0.008183435695993694,0.0012502265645565839
Decision Tree,4,2025-10-15,0.0389049380129188,0.0012502265645565839
Decision Tree,4,2025-10-16,-0.07950966141699312,0.0012502265645565839
Decision Tree,4,2025-10-17,0.02014152782682235,0.0012502265645565839
Decision Tree,4,2025-10-20,-0.0834534298046432,-0.03641121732264964
Decision Tree,4,2025-10-21,0.021053409197832263,0.0012502265645565839
Decision Tree,4,2025-10-22,0.033041791823324326,-0.03641121732264964
Decision Tree,4,2025-10-23,0.003960431911251035,0.0012502265645565839
Decision Tree,4,2025-10-24,-0.009772167266185813,0.0012502265645565839
Decision Tree,4,2025-10-27,-0.0008873832129687246,0.0012502265645565839
Decision Tree,4,2025-10-28,0.009027014937524084,0.0012502265645565839
Decision Tree,5,2025-10-29,0.01062642796112413,0.003417201070682868
Decision Tree,5,2025-10-30,-0.024229497064294635,0.003417201070682868
Decision Tree,5,2025-10-31,0.002671896179956862,0.003417201070682868
Decision Tree,5,2025-11-03,-0.020345309588489065,0.003417201070682868
Decision Tree,5,2025-11-04,0.0072356094442426605,0.003417201070682868
Decision Tree,5,2025-11-05,-0.016354411350005513,-0.00033512498429222223
Decision Tree,5,2025-11-06,0.007171760853925076,-0.00033512498429222223
Decision Tree,5,2025-11-07,0.033097786232648266,-0.00033512498429222223
Decision Tree,5,2025-11-10,-0.0010689837030382371,-0.00033512498429222223
Decision Tree,5,2025-11-11,0.020488323647807144,-0.00033512498429222223
Decision Tree,5,2025-11-12,-0.011406746949420432,-0.00033512498429222223
Decision Tree,5,2025-11-13,-0.030834055255529565,-0.00033512498429222223
Decision Tree,5,2025-11-14,-0.006127272740868349,-0.00033512498429222223
Decision Tree,5,2025-11-17,-0.00032353037636850476,-0.00033512498429222223
Decision Tree,5,2025-11-18,0.001099623832940347,-0.00033512498429222223
Decision Tree,5,2025-11-19,-0.026663053776030093,-0.00033512498429222223
Decision Tree,5,2025-11-20,0.005033187881238608,-0.00033512498429222223
Decision Tree,5,2025-11-21,0.01878139864914207,-0.00033512498429222223
Decision Tree,5,2025-11-24,0.009292203597287156,-0.00033512498429222223
Decision Tree,5,2025-11-25,0.014031737113716202,-0.00033512498429222223
Decision Tree,5,2025-11-26,0.06069536118160296,-0.00033512498429222223
Decision Tree,6,2025-11-28,-0.0045402884329013415,-0.0003124720854519901
Decision Tree,6,2025-12-01,-0.015751193623122647,0.0032465501228784092
Decision Tree,6,2025-12-02,0.007574646123825222,-0.0003124720854519901
Decision Tree,6,2025-12-03,-0.001268522668791291,-0.0003124720854519901
Decision Tree,6,2025-12-04,0.00036258874000403614,-0.0003124720854519901
Decision Tree,6,2025-12-05,0.0,-0.0003124720854519901
Decision Tree,6,2025-12-08,0.02394071291055024,-0.0003124720854519901
Decision Tree,6,2025-12-09,-0.031948491066943405,-0.0003124720854519901
Decision Tree,6,2025-12-10,0.03941279040997831,-0.0003124720854519901
Decision Tree,6,2025-12-11,0.028458687804576898,0.0032465501228784092
Decision Tree,6,2025-12-12,0.029938341336370397,0.0032465501228784092
Decision Tree,6,2025-12-15,0.03238884209402803,-0.0003124720854519901
Decision Tree,6,2025-12-16,0.03292607142749483,-0.0003124720854519901
Decision Tree,6,2025-12-17,0.01172795146834991,-0.0003124720854519901
Decision Tree,6,2025-12-18,0.02907955645264974,-0.0003124720854519901
Decision Tree,6,2025-12-19,0.03456365222503906,-0.0003124720854519901
Decision Tree,6,2025-12-22,0.09076312754876349,-0.0003124720854519901
Decision Tree,6,2025-12-23,-0.01750557412132292,-0.0003124720854519901
Decision Tree,6,2025-12-24,0.09573984563344325,0.0032465501228784092
Decision Tree,6,2025-12-26,-0.15906604900959542,0.0032465501228784092
Decision Tree,6,2025-12-29,0.05881199202023939,0.0032465501228784092
Decision Tree,7,2025-12-30,-0.09278237750304041,-0.06725626966703098
Decision Tree,7,2025-12-31,0.043851048466960564,0.00014102868478558736
Decision Tree,7,2026-01-02,0.06545840598781522,-0.06725626966703098
Decision Tree,7,2026-01-05,0.06997645165095208,0.00014102868478558736
Decision Tree,7,2026-01-06,-0.07709585115469823,0.00014102868478558736
Decision Tree,7,2026-01-07,-0.0007546786121647461,-0.04973916277882627
Decision Tree,7,2026-01-08,0.011744107456218981,-0.04973916277882627
Decision Tree,7,2026-01-09,0.035062582278872684,0.00014102868478558736
Decision Tree,7,2026-01-12,-0.010994293221539438,0.00014102868478558736
Decision Tree,7,2026-01-13,0.014167757153833019,0.00014102868478558736
Decision Tree,7,2026-01-14,0.009627747477561784,0.00014102868478558736
Decision Tree,7,2026-01-15,-0.0367334112385482,0.00014102868478558736
Decision Tree,7,2026-01-16,0.053948396156832334,0.00014102868478558736
Decision Tree,7,2026-01-20,0.01991144726071155,0.00014102868478558736
Decision Tree,7,2026-01-21,0.03229035735256819,0.00014102868478558736
Decision Tree,7,2026-01-22,0.06069352164768608,0.00014102868478558736
Decision Tree,7,2026-01-23,0.0467570338128215,0.00014102868478558736
Decision Tree,7,2026-01-26,-0.12660388881750273,0.00014102868478558736
Decision Tree,7,2026-01-27,0.036144512262748285,0.00014102868478558736
Decision Tree,7,2026-01-28,-0.0031904272845780365,-0.06725626966703098
Decision Tree,7,2026-01-29,-0.2112410939124752,0.00014102868478558736
Decision Tree,8,2026-01-30,-0.004432506706622088,9.336991266174768e-05
Decision Tree,8,2026-02-02,0.047618095694695946,-0.024729937390506437
Decision Tree,8,2026-02-03,-0.015097983652643367,-0.024729937390506437
Decision Tree,8,2026-02-04,-0.04787499079394151,-0.024729937390506437
Decision Tree,8,2026-02-05,0.015259363719073696,-0.024729937390506437
Decision Tree,8,2026-02-06,0.0074246467846108746,-0.024729937390506437
Decision Tree,8,2026-02-09,-0.00823706820728417,-0.024729937390506437
Decision Tree,8,2026-02-10,0.021894623124065156,-0.024729937390506437
Decision Tree,8,2026-02-11,-0.05970119884926718,-0.024729937390506437
Decision Tree,8,2026-02-12,0.02800533158402034,-0.024729937390506437
Decision Tree,8,2026-02-13,-0.02875039556980956,-0.024729937390506437
Decision Tree,8,2026-02-17,0.04560255252769679,-0.024729937390506437
Decision Tree,8,2026-02-18,-0.021158394333875803,-0.024729937390506437
Decision Tree,8,2026-02-19,0.050766998138235125,-0.024729937390506437
Decision Tree,8,2026-02-20,-0.010796912011054982,-0.024729937390506437
Decision Tree,8,2026-02-23,0.01603740683793895,-0.024729937390506437
Decision Tree,8,2026-02-24,0.06414873078485848,-0.024729937390506437
Decision Tree,8,2026-02-25,-0.041662696582930044,-0.024729937390506437
Decision Tree,8,2026-02-26,0.05871631516648984,-0.024729937390506437
Decision Tree,8,2026-02-27,-0.02296207579907521,-0.02806968139453866
Decision Tree,8,2026-03-02,-0.10820486800986187,0.023098513596463352
Decision Tree,9,2026-03-03,0.03778669303783018,0.00012439023809820003
Decision Tree,9,2026-03-04,-0.011529500345499094,0.00012439023809820003
Decision Tree,9,2026-03-05,0.005804670650795252,0.00012439023809820003
Decision Tree,9,2026-03-06,0.012616213402986435,0.00012439023809820003
Decision Tree,9,2026-03-09,0.029698364290416602,0.00012439023809820003
Decision Tree,9,2026-03-10,-0.01351371916672282,0.00012439023809820003
Decision Tree,9,2026-03-11,-0.020619287202735703,0.00012439023809820003
Decision Tree,9,2026-03-12,-0.058826482928302816,0.00012439023809820003
Decision Tree,9,2026-03-13,0.025643064138062284,0.00012439023809820003
Decision Tree,9,2026-03-16,0.020041913271712362,0.00012439023809820003
Decision Tree,9,2026-03-17,-0.038151788869022284,0.00012439023809820003
Decision Tree,9,2026-03-18,-0.056539435595185046,0.00012439023809820003
Decision Tree,9,2026-03-19,0.01606256080374734,0.00012439023809820003
Decision Tree,9,2026-03-20,-0.05760026122783402,0.00012439023809820003
Decision Tree,9,2026-03-23,0.016896679340435386,0.00012439023809820003
Decision Tree,9,2026-03-24,0.01739536245450573,0.00012439023809820003
Decision Tree,9,2026-03-25,-0.0461885750159386,0.00012439023809820003
Decision Tree,9,2026-03-26,0.017417963898598975,0.00012439023809820003
Decision Tree,9,2026-03-27,0.007986837725295442,0.00012439023809820003
Decision Tree,9,2026-03-30,0.03358331288350735,0.00012439023809820003
Decision Tree,9,2026-03-31,0.009848801875018371,0.00012439023809820003
Decision Tree,10,2026-04-02,-0.002796777833518582,0.00011063551732049154
Decision Tree,10,2026-04-06,-0.002855737614529973,0.00011063551732049154
Decision Tree,10,2026-04-07,-0.014972098746593665,0.00011063551732049154
Decision Tree,10,2026-04-08,0.06107892062107771,0.00011063551732049154
Decision Tree,10,2026-04-09,0.022184550737613697,0.00011063551732049154
Decision Tree,10,2026-04-10,-0.022916311595956054,0.00011063551732049154
Decision Tree,10,2026-04-13,0.00617869134366017,-0.034587619222836756
Decision Tree,10,2026-04-14,0.010997625807174088,0.00011063551732049154
Decision Tree,10,2026-04-15,0.013484328048676006,0.00011063551732049154
Decision Tree,10,2026-04-16,-0.00893745178431326,0.00011063551732049154
Decision Tree,10,2026-04-17,0.014412567138765195,0.00011063551732049154
Decision Tree,10,2026-04-20,-0.025649789789379537,0.00011063551732049154
Decision Tree,10,2026-04-21,-0.02266270487696291,0.00011063551732049154
Decision Tree,10,2026-04-22,0.02357991897934288,0.00011063551732049154
Decision Tree,10,2026-04-23,-0.024420104470429766,0.00011063551732049154
Decision Tree,10,2026-04-24,-0.003764605016653509,0.00011063551732049154
Decision Tree,10,2026-04-27,-0.01696696172399067,0.00011063551732049154
Decision Tree,10,2026-04-28,-0.01977937067937363,0.00011063551732049154
Decision Tree,10,2026-04-29,-0.029785877665489336,0.00011063551732049154
Decision Tree,10,2026-04-30,0.048504681290635995,0.00011063551732049154
Random Forest,1,2025-07-02,-0.03509131981127006,0.00020720379128153678
Random Forest,1,2025-07-03,0.007623925110659366,-0.002604776135510564
Random Forest,1,2025-07-04,-0.015086064492047045,0.0006239910007847844
Random Forest,1,2025-07-07,0.010809283324776242,0.0010375995827137268
Random Forest,1,2025-07-08,-0.004368090890178193,0.0009412049423081894
Random Forest,1,2025-07-09,0.017574163261523414,-0.0010459554964907497
Random Forest,1,2025-07-10,0.04011917078417733,0.0009961810321407062
Random Forest,1,2025-07-11,-0.03668402334284926,0.0009252152105241185
Random Forest,1,2025-07-14,-0.003363477786426151,0.0009252152105241185
Random Forest,1,2025-07-15,0.015718097347172576,0.0010870976279640616
Random Forest,1,2025-07-16,0.025980948606922395,0.001426459841658821
Random Forest,1,2025-07-17,-0.010992557217958275,0.0009230760911953501
Random Forest,1,2025-07-18,0.026885887874657677,-0.0010638623723326086
Random Forest,1,2025-07-21,-0.008290310715313134,0.00040930167032775797
Random Forest,1,2025-07-22,-0.019151900685067,0.00021398521092271352
Random Forest,1,2025-07-23,-0.009153525059112835,0.0004235022017059181
Random Forest,1,2025-07-24,-0.012147007527393778,-0.0002846933537023008
Random Forest,1,2025-07-25,-0.0023475371464720895,0.0010122965808242834
Random Forest,1,2025-07-28,-7.120514714500215e-05,-0.0006774887311683037
Random Forest,1,2025-07-29,-0.03132606827350737,0.00029002773500947656
Random Forest,1,2025-07-30,-0.05615159890895396,0.0003468173500983425
Random Forest,2,2025-07-31,0.013588825083303219,-0.0002594463902213557
Random Forest,2,2025-08-01,0.017032060300691564,0.0015245835123526134
Random Forest,2,2025-08-04,-0.006960289354717568,0.0010573146811106307
Random Forest,2,2025-08-05,0.0066586573132357205,-0.00019081292719858923
Random Forest,2,2025-08-06,0.010428110769563709,0.00020486795739750038
Random Forest,2,2025-08-07,-0.010729833820386165,0.0005597031788839464
Random Forest,2,2025-08-08,0.003238601081950239,-0.00020068325089708634
Random Forest,2,2025-08-11,0.008982768523628983,-8.9285065757218e-05
Random Forest,2,2025-08-12,-0.007780412046577663,-0.00013673723014906474
Random Forest,2,2025-08-13,0.014020699873954793,-3.908642137520593e-05
Random Forest,2,2025-08-14,-0.011919979785004786,-0.00013089603845615777
Random Forest,2,2025-08-15,-0.005938322555647232,-0.00020735420364856246
Random Forest,2,2025-08-18,-0.018336554319871908,-0.00016322177288591712
Random Forest,2,2025-08-19,0.024049978008151045,-0.00019665850526606388
Random Forest,2,2025-08-20,0.012811102881160759,0.0002540815356766375
Random Forest,2,2025-08-21,0.003103581357723482,-4.6350580799659894e-05
Random Forest,2,2025-08-22,-0.017715423347965248,-0.00020735420364856246
Random Forest,2,2025-08-25,0.008077866533329543,-0.00021364944466006577
Random Forest,2,2025-08-26,-0.0007452120337467954,-0.00014225598688336944
Random Forest,2,2025-08-27,0.011120286384573762,-0.0006344759065276965
Random Forest,2,2025-08-28,0.00683293268054827,-0.0001263547064879879
Random Forest,3,2025-08-29,0.0289394885439482,-0.00043351355152908153
Random Forest,3,2025-09-02,0.029990985432527387,-0.0005820202148195639
Random Forest,3,2025-09-03,-0.05491132267393003,-0.0005987110283153053
Random Forest,3,2025-09-04,0.007628356489719208,-0.0008176069145223154
Random Forest,3,2025-09-05,-0.0006515130320953691,0.0007530239699138927
Random Forest,3,2025-09-08,-0.009825048664979812,0.0011317499939282306
Random Forest,3,2025-09-09,0.01854989419510853,-3.240541133281161e-05
Random Forest,3,2025-09-10,0.0017932077797482102,-3.7926727804027876e-05
Random Forest,3,2025-09-11,0.008491879697597701,0.001060493582219746
Random Forest,3,2025-09-12,0.003900575712101561,0.0006083840544848596
Random Forest,3,2025-09-15,-0.010173351768924196,0.0005637075609006523
Random Forest,3,2025-09-16,-0.018620665955265174,0.0005976531093986845
Random Forest,3,2025-09-17,0.017833816902663176,8.566911854009676e-05
Random Forest,3,2025-09-18,0.01202135896162909,9.794669841957586e-05
Random Forest,3,2025-09-19,0.006624338772018788,4.947891123134491e-05
Random Forest,3,2025-09-22,0.05500208060804961,3.7444389646694375e-05
Random Forest,3,2025-09-23,-0.013183147727295738,1.3007067953567599e-05
Random Forest,3,2025-09-24,0.030647099994633623,-5.904041003671446e-05
Random Forest,3,2025-09-25,0.03340710328963251,-0.00042381959599057837
Random Forest,3,2025-09-26,0.016667113677587827,0.0006645910459850368
Random Forest,3,2025-09-29,-0.015467338041609338,0.00010459917790830534
Random Forest,4,2025-09-30,-0.009320055526438638,-0.0010652503507509058
Random Forest,4,2025-10-01,-0.00389315068318572,0.00029459791061622995
Random Forest,4,2025-10-02,0.034875199318837216,-0.0005968150018530503
Random Forest,4,2025-10-03,0.00958766808115634,-0.0002733385408616611
Random Forest,4,2025-10-06,-0.00508972359101377,-1.7315882045484503e-05
Random Forest,4,2025-10-07,0.03111067630373697,0.0007487987137835391
Random Forest,4,2025-10-08,-0.026510428909785496,0.0001909700203609358
Random Forest,4,2025-10-09,-0.020651176068947143,4.128896257278192e-05
Random Forest,4,2025-10-10,0.04214305909187053,-0.00022817761657835888
Random Forest,4,2025-10-13,-0.00872264694460278,-0.00041472117240710883
Random Forest,4,2025-10-14,0.008183435695993694,0.0006850591818765326
Random Forest,4,2025-10-15,0.0389049380129188,8.241466824948727e-05
Random Forest,4,2025-10-16,-0.07950966141699312,0.0011415509679495596
Random Forest,4,2025-10-17,0.02014152782682235,0.0006688017771681015
Random Forest,4,2025-10-20,-0.0834534298046432,-0.0002609128999793288
Random Forest,4,2025-10-21,0.021053409197832263,0.0011371899938037997
Random Forest,4,2025-10-22,0.033041791823324326,-0.0012797787934577974
Random Forest,4,2025-10-23,0.003960431911251035,-0.0007110276528581823
Random Forest,4,2025-10-24,-0.009772167266185813,5.803364739314067e-05
Random Forest,4,2025-10-27,-0.0008873832129687246,0.0007204880293897811
Random Forest,4,2025-10-28,0.009027014937524084,0.0008918921617607865
Random Forest,5,2025-10-29,0.01062642796112413,0.0006831415527169002
Random Forest,5,2025-10-30,-0.024229497064294635,0.00041003898573950255
Random Forest,5,2025-10-31,0.002671896179956862,0.0011181480607342798
Random Forest,5,2025-11-03,-0.020345309588489065,0.0006048095778163214
Random Forest,5,2025-11-04,0.0072356094442426605,0.0007731880505954058
Random Forest,5,2025-11-05,-0.016354411350005513,0.0001678310835025323
Random Forest,5,2025-11-06,0.007171760853925076,0.00023653334457045171
Random Forest,5,2025-11-07,0.033097786232648266,0.0002132013798124804
Random Forest,5,2025-11-10,-0.0010689837030382371,0.00019652370371944978
Random Forest,5,2025-11-11,0.020488323647807144,0.00016307418023741755
Random Forest,5,2025-11-12,-0.011406746949420432,0.00020212390411892964
Random Forest,5,2025-11-13,-0.030834055255529565,1.251993614413245e-05
Random Forest,5,2025-11-14,-0.006127272740868349,0.00020212390411892964
Random Forest,5,2025-11-17,-0.00032353037636850476,0.0003799984400009319
Random Forest,5,2025-11-18,0.001099623832940347,0.00043983406840835743
Random Forest,5,2025-11-19,-0.026663053776030093,0.00021469347978768765
Random Forest,5,2025-11-20,0.005033187881238608,-3.6753642516948e-05
Random Forest,5,2025-11-21,0.01878139864914207,9.207120421324704e-05
Random Forest,5,2025-11-24,0.009292203597287156,-8.222186722772112e-06
Random Forest,5,2025-11-25,0.014031737113716202,-0.00016549925452774442
Random Forest,5,2025-11-26,0.06069536118160296,-0.00016549925452774442
Random Forest,6,2025-11-28,-0.0045402884329013415,1.1709716511140603e-05
Random Forest,6,2025-12-01,-0.015751193623122647,0.0005039751378422871
Random Forest,6,2025-12-02,0.007574646123825222,-0.0028136533769735615
Random Forest,6,2025-12-03,-0.001268522668791291,0.0010561365665090697
Random Forest,6,2025-12-04,0.00036258874000403614,0.0005289564939484098
Random Forest,6,2025-12-05,0.0,-0.00020680154849030816
Random Forest,6,2025-12-08,0.02394071291055024,0.00019884212994753525
Random Forest,6,2025-12-09,-0.031948491066943405,0.00024830669428395504
Random Forest,6,2025-12-10,0.03941279040997831,0.00023797686408137642
Random Forest,6,2025-12-11,0.028458687804576898,0.000434992110740628
Random Forest,6,2025-12-12,0.029938341336370397,0.0013408243884784862
Random Forest,6,2025-12-15,0.03238884209402803,3.735372946950318e-05
Random Forest,6,2025-12-16,0.03292607142749483,0.0003467272432164862
Random Forest,6,2025-12-17,0.01172795146834991,2.4975770628507212e-05
Random Forest,6,2025-12-18,0.02907955645264974,-0.0027452687794396434
Random Forest,6,2025-12-19,0.03456365222503906,-0.002182660223097972
Random Forest,6,2025-12-22,0.09076312754876349,-0.003909614027679619
Random Forest,6,2025-12-23,-0.01750557412132292,-0.0036056144747871775
Random Forest,6,2025-12-24,0.09573984563344325,-0.0034199073665130636
Random Forest,6,2025-12-26,-0.15906604900959542,-0.009003708660545869
Random Forest,6,2025-12-29,0.05881199202023939,-0.0027667166421173695
Random Forest,7,2025-12-30,-0.09278237750304041,-0.09843435584219008
Random Forest,7,2025-12-31,0.043851048466960564,0.023153743840610534
Random Forest,7,2026-01-02,0.06545840598781522,-0.01160920564129689
Random Forest,7,2026-01-05,0.06997645165095208,0.001701454849369222
Random Forest,7,2026-01-06,-0.07709585115469823,0.03576786066352419
Random Forest,7,2026-01-07,-0.0007546786121647461,0.0008631835608705419
Random Forest,7,2026-01-08,0.011744107456218981,-0.011118466053912186
Random Forest,7,2026-01-09,0.035062582278872684,0.0010001550107830363
Random Forest,7,2026-01-12,-0.010994293221539438,0.0011942958311180554
Random Forest,7,2026-01-13,0.014167757153833019,-0.004489369407856655
Random Forest,7,2026-01-14,0.009627747477561784,0.0014782547505859376
Random Forest,7,2026-01-15,-0.0367334112385482,0.0006591971347992732
Random Forest,7,2026-01-16,0.053948396156832334,0.0002409501742242256
Random Forest,7,2026-01-20,0.01991144726071155,0.00043491236484039013
Random Forest,7,2026-01-21,0.03229035735256819,0.0012786002715890943
Random Forest,7,2026-01-22,0.06069352164768608,9.654310001331473e-05
Random Forest,7,2026-01-23,0.0467570338128215,-0.00013632004173131648
Random Forest,7,2026-01-26,-0.12660388881750273,0.017571448420477843
Random Forest,7,2026-01-27,0.036144512262748285,0.01887200194736172
Random Forest,7,2026-01-28,-0.0031904272845780365,-0.08299340645346527
Random Forest,7,2026-01-29,-0.2112410939124752,0.0028418563863656394
Random Forest,8,2026-01-30,-0.004432506706622088,-0.005908447583855936
Random Forest,8,2026-02-02,0.047618095694695946,-0.08197542395094824
Random Forest,8,2026-02-03,-0.015097983652643367,-0.08411384949003727
Random Forest,8,2026-02-04,-0.04787499079394151,-0.047601895027806894
Random Forest,8,2026-02-05,0.015259363719073696,-0.06047869157178569
Random Forest,8,2026-02-06,0.0074246467846108746,-0.058049771991670676
Random Forest,8,2026-02-09,-0.00823706820728417,-0.04168761639439513
Random Forest,8,2026-02-10,0.021894623124065156,-0.040723226411066155
Random Forest,8,2026-02-11,-0.05970119884926718,-0.041971950361514236
Random Forest,8,2026-02-12,0.02800533158402034,-0.04204600062682557
Random Forest,8,2026-02-13,-0.02875039556980956,-0.06329487514931689
Random Forest,8,2026-02-17,0.04560255252769679,-0.06315626101558433
Random Forest,8,2026-02-18,-0.021158394333875803,-0.06333070993335449
Random Forest,8,2026-02-19,0.050766998138235125,-0.06340476019866582
Random Forest,8,2026-02-20,-0.010796912011054982,-0.04329316179692299
Random Forest,8,2026-02-23,0.01603740683793895,-0.06380504415090554
Random Forest,8,2026-02-24,0.06414873078485848,-0.06332339750976393
Random Forest,8,2026-02-25,-0.041662696582930044,0.0025874464214335844
Random Forest,8,2026-02-26,0.05871631516648984,-0.04173369476925565
Random Forest,8,2026-02-27,-0.02296207579907521,0.0007391930942888376
Random Forest,8,2026-03-02,-0.10820486800986187,0.0034711450822912295
Random Forest,9,2026-03-03,0.03778669303783018,-0.0005637726376884864
Random Forest,9,2026-03-04,-0.011529500345499094,-0.030523300567037715
Random Forest,9,2026-03-05,0.005804670650795252,-0.00012701792121496048
Random Forest,9,2026-03-06,0.012616213402986435,6.0204390220654815e-05
Random Forest,9,2026-03-09,0.029698364290416602,-0.00023795822037548712
Random Forest,9,2026-03-10,-0.01351371916672282,-0.00023795822037548712
Random Forest,9,2026-03-11,-0.020619287202735703,0.0003183885019809372
Random Forest,9,2026-03-12,-0.058826482928302816,0.0004630012438699524
Random Forest,9,2026-03-13,0.025643064138062284,0.0004630012438699524
Random Forest,9,2026-03-16,0.020041913271712362,0.00028593895384024107
Random Forest,9,2026-03-17,-0.038151788869022284,0.0003910730767833071
Random Forest,9,2026-03-18,-0.056539435595185046,0.0004989981350530062
Random Forest,9,2026-03-19,0.01606256080374734,0.0004989981350530062
Random Forest,9,2026-03-20,-0.05760026122783402,-7.675109004057325e-05
Random Forest,9,2026-03-23,0.016896679340435386,0.0003910730767833071
Random Forest,9,2026-03-24,0.01739536245450573,0.00030349290210325374
Random Forest,9,2026-03-25,-0.0461885750159386,0.000609938434213533
Random Forest,9,2026-03-26,0.017417963898598975,0.0005223582595334796
Random Forest,9,2026-03-27,0.007986837725295442,0.0004995634067987303
Random Forest,9,2026-03-30,0.03358331288350735,0.000471632576469897
Random Forest,9,2026-03-31,0.009848801875018371,0.0005471866118755954
Random Forest,10,2026-04-02,-0.002796777833518582,3.8725501212502504e-05
Random Forest,10,2026-04-06,-0.002855737614529973,0.00021372216163302238
Random Forest,10,2026-04-07,-0.014972098746593665,0.00017757487704758064
Random Forest,10,2026-04-08,0.06107892062107771,0.00017757487704758064
Random Forest,10,2026-04-09,0.022184550737613697,0.00017242171963403153
Random Forest,10,2026-04-10,-0.022916311595956054,8.810448426641733e-05
Random Forest,10,2026-04-13,0.00617869134366017,-6.34948858161988e-05
Random Forest,10,2026-04-14,0.010997625807174088,0.0005474252356945747
Random Forest,10,2026-04-15,0.013484328048676006,0.00021372216163302238
Random Forest,10,2026-04-16,-0.00893745178431326,0.00021372216163302238
Random Forest,10,2026-04-17,0.014412567138765195,0.00013310360833712978
Random Forest,10,2026-04-20,-0.025649789789379537,0.00013310360833712978
Random Forest,10,2026-04-21,-0.02266270487696291,0.00013310360833712978
Random Forest,10,2026-04-22,0.02357991897934288,0.00017757487704758064
Random Forest,10,2026-04-23,-0.024420104470429766,0.00021252877682137686
Random Forest,10,2026-04-24,-0.003764605016653509,0.00013310360833712978
Random Forest,10,2026-04-27,-0.01696696172399067,0.0003205482354698936
Random Forest,10,2026-04-28,-0.01977937067937363,0.0007177772570116028
Random Forest,10,2026-04-29,-0.029785877665489336,0.0019368855713050592
Random Forest,10,2026-04-30,0.048504681290635995,0.0003205482354698936
Gradient Boosting,1,2025-07-02,-0.03509131981127006,-0.0006551029715477935
Gradient Boosting,1,2025-07-03,0.007623925110659366,-0.0032154224153409633
Gradient Boosting,1,2025-07-04,-0.015086064492047045,-0.0005638085598108441
Gradient Boosting,1,2025-07-07,0.010809283324776242,0.00557759638843099
Gradient Boosting,1,2025-07-08,-0.004368090890178193,0.012189583573737329
Gradient Boosting,1,2025-07-09,0.017574163261523414,-0.0015251463429895207
Gradient Boosting,1,2025-07-10,0.04011917078417733,0.010347018410846887
Gradient Boosting,1,2025-07-11,-0.03668402334284926,0.0076673963847242385
Gradient Boosting,1,2025-07-14,-0.003363477786426151,0.00454294110978267
Gradient Boosting,1,2025-07-15,0.015718097347172576,0.005785832244577611
Gradient Boosting,1,2025-07-16,0.025980948606922395,0.006587604316597091
Gradient Boosting,1,2025-07-17,-0.010992557217958275,0.014329664642682802
Gradient Boosting,1,2025-07-18,0.026885887874657677,-0.0021695488113281794
Gradient Boosting,1,2025-07-21,-0.008290310715313134,0.0027894205175250683
Gradient Boosting,1,2025-07-22,-0.019151900685067,0.004623293465034597
Gradient Boosting,1,2025-07-23,-0.009153525059112835,0.009667347642540293
Gradient Boosting,1,2025-07-24,-0.012147007527393778,-0.0013395810097454068
Gradient Boosting,1,2025-07-25,-0.0023475371464720895,0.005405962526913415
Gradient Boosting,1,2025-07-28,-7.120514714500215e-05,0.004839508434825661
Gradient Boosting,1,2025-07-29,-0.03132606827350737,0.0051761298461978225
Gradient Boosting,1,2025-07-30,-0.05615159890895396,0.011636519762770517
Gradient Boosting,2,2025-07-31,0.013588825083303219,-0.00020404216696196312
Gradient Boosting,2,2025-08-01,0.017032060300691564,-0.0035136949888278754
Gradient Boosting,2,2025-08-04,-0.006960289354717568,0.0008217477166944415
Gradient Boosting,2,2025-08-05,0.0066586573132357205,-0.002957881213931038
Gradient Boosting,2,2025-08-06,0.010428110769563709,-0.0026663942009891605
Gradient Boosting,2,2025-08-07,-0.010729833820386165,-0.002475415417497655
Gradient Boosting,2,2025-08-08,0.003238601081950239,-0.011303149008375502
Gradient Boosting,2,2025-08-11,0.008982768523628983,-0.0025810509303597806
Gradient Boosting,2,2025-08-12,-0.007780412046577663,-0.011303149008375502
Gradient Boosting,2,2025-08-13,0.014020699873954793,-0.002656430820617081
Gradient Boosting,2,2025-08-14,-0.011919979785004786,-0.002659981667320155
Gradient Boosting,2,2025-08-15,-0.005938322555647232,-0.004469994527739306
Gradient Boosting,2,2025-08-18,-0.018336554319871908,-0.002772934235092513
Gradient Boosting,2,2025-08-19,0.024049978008151045,-0.0028512492979215075
Gradient Boosting,2,2025-08-20,0.012811102881160759,-0.0006732279028362023
Gradient Boosting,2,2025-08-21,0.003103581357723482,0.00014502013440783126
Gradient Boosting,2,2025-08-22,-0.017715423347965248,-0.0027670686521345258
Gradient Boosting,2,2025-08-25,0.008077866533329543,-0.0014092245756887579
Gradient Boosting,2,2025-08-26,-0.0007452120337467954,-0.0022100745597816774
Gradient Boosting,2,2025-08-27,0.011120286384573762,-0.003178296751557667
Gradient Boosting,2,2025-08-28,0.00683293268054827,-0.0027670686521345258
Gradient Boosting,3,2025-08-29,0.0289394885439482,-0.002137841828580664
Gradient Boosting,3,2025-09-02,0.029990985432527387,-0.006773124815583862
Gradient Boosting,3,2025-09-03,-0.05491132267393003,-0.00572026305912174
Gradient Boosting,3,2025-09-04,0.007628356489719208,-0.004570438977277335
Gradient Boosting,3,2025-09-05,-0.0006515130320953691,0.001587446078510954
Gradient Boosting,3,2025-09-08,-0.009825048664979812,0.0006353842529999139
Gradient Boosting,3,2025-09-09,0.01854989419510853,-0.001717219686635521
Gradient Boosting,3,2025-09-10,0.0017932077797482102,0.0004014854668468461
Gradient Boosting,3,2025-09-11,0.008491879697597701,0.0014129781090629044
Gradient Boosting,3,2025-09-12,0.003900575712101561,0.0012347403170305995
Gradient Boosting,3,2025-09-15,-0.010173351768924196,0.0010611897703596358
Gradient Boosting,3,2025-09-16,-0.018620665955265174,0.0010611897703596358
Gradient Boosting,3,2025-09-17,0.017833816902663176,7.183504904835586e-05
Gradient Boosting,3,2025-09-18,0.01202135896162909,0.001047215831483548
Gradient Boosting,3,2025-09-19,0.006624338772018788,0.0021286883622403875
Gradient Boosting,3,2025-09-22,0.05500208060804961,-0.0013123766956996985
Gradient Boosting,3,2025-09-23,-0.013183147727295738,-0.0007421139314515931
Gradient Boosting,3,2025-09-24,0.030647099994633623,-0.00022909645091324926
Gradient Boosting,3,2025-09-25,0.03340710328963251,-0.006381188164085974
Gradient Boosting,3,2025-09-26,0.016667113677587827,0.003670172213882049
Gradient Boosting,3,2025-09-29,-0.015467338041609338,0.0007126368972323914
Gradient Boosting,4,2025-09-30,-0.009320055526438638,-0.0030566163981859042
Gradient Boosting,4,2025-10-01,-0.00389315068318572,0.0007357955385475111
Gradient Boosting,4,2025-10-02,0.034875199318837216,-0.0028585185399628015
Gradient Boosting,4,2025-10-03,0.00958766808115634,-0.003774136161998392
Gradient Boosting,4,2025-10-06,-0.00508972359101377,0.0007070341713910596
Gradient Boosting,4,2025-10-07,0.03111067630373697,0.0026118509301983296
Gradient Boosting,4,2025-10-08,-0.026510428909785496,-0.005340614994759753
Gradient Boosting,4,2025-10-09,-0.020651176068947143,0.0005967463239158781
Gradient Boosting,4,2025-10-10,0.04214305909187053,-0.0008511549591447051
Gradient Boosting,4,2025-10-13,-0.00872264694460278,-0.004578965728185345
Gradient Boosting,4,2025-10-14,0.008183435695993694,0.0010747373590423352
Gradient Boosting,4,2025-10-15,0.0389049380129188,-0.0027571842937381065
Gradient Boosting,4,2025-10-16,-0.07950966141699312,0.0038611323011059984
Gradient Boosting,4,2025-10-17,0.02014152782682235,0.008456570633089584
Gradient Boosting,4,2025-10-20,-0.0834534298046432,-0.0015000605480649822
Gradient Boosting,4,2025-10-21,0.021053409197832263,0.003461011547735421
Gradient Boosting,4,2025-10-22,0.033041791823324326,-0.001451802843222768
Gradient Boosting,4,2025-10-23,0.003960431911251035,0.00035286767834300203
Gradient Boosting,4,2025-10-24,-0.009772167266185813,0.0017798693956097634
Gradient Boosting,4,2025-10-27,-0.0008873832129687246,0.0014121184479799992
Gradient Boosting,4,2025-10-28,0.009027014937524084,-0.0016494247221738834
Gradient Boosting,5,2025-10-29,0.01062642796112413,0.0020934232948377225
Gradient Boosting,5,2025-10-30,-0.024229497064294635,0.0006366039559984642
Gradient Boosting,5,2025-10-31,0.002671896179956862,0.0041756708075482195
Gradient Boosting,5,2025-11-03,-0.020345309588489065,0.003205515737982274
Gradient Boosting,5,2025-11-04,0.0072356094442426605,0.0021768326465371425
Gradient Boosting,5,2025-11-05,-0.016354411350005513,0.0004829182336937108
Gradient Boosting,5,2025-11-06,0.007171760853925076,0.0010434857014790695
Gradient Boosting,5,2025-11-07,0.033097786232648266,-0.0008727361279703679
Gradient Boosting,5,2025-11-10,-0.0010689837030382371,0.0014722531228215927
Gradient Boosting,5,2025-11-11,0.020488323647807144,0.0004509284123707436
Gradient Boosting,5,2025-11-12,-0.011406746949420432,0.0003285199009498584
Gradient Boosting,5,2025-11-13,-0.030834055255529565,0.0008932164176677558
Gradient Boosting,5,2025-11-14,-0.006127272740868349,0.0004744572674083379
Gradient Boosting,5,2025-11-17,-0.00032353037636850476,0.000462088712433979
Gradient Boosting,5,2025-11-18,0.001099623832940347,5.0380061913577945e-05
Gradient Boosting,5,2025-11-19,-0.026663053776030093,0.0003354734608457777
Gradient Boosting,5,2025-11-20,0.005033187881238608,0.0016072546365687858
Gradient Boosting,5,2025-11-21,0.01878139864914207,3.915775191658473e-05
Gradient Boosting,5,2025-11-24,0.009292203597287156,0.00035377792749767637
Gradient Boosting,5,2025-11-25,0.014031737113716202,-0.0012909091676297987
Gradient Boosting,5,2025-11-26,0.06069536118160296,-0.0005828969269965077
Gradient Boosting,6,2025-11-28,-0.0045402884329013415,0.00013781683248427433
Gradient Boosting,6,2025-12-01,-0.015751193623122647,0.001166630652710426
Gradient Boosting,6,2025-12-02,0.007574646123825222,-0.01132842824989514
Gradient Boosting,6,2025-12-03,-0.001268522668791291,0.002848882363202579
Gradient Boosting,6,2025-12-04,0.00036258874000403614,-3.5940731014262403e-06
Gradient Boosting,6,2025-12-05,0.0,-0.001886405153190968
Gradient Boosting,6,2025-12-08,0.02394071291055024,0.0009475712787351856
Gradient Boosting,6,2025-12-09,-0.031948491066943405,0.0008101797120139828
Gradient Boosting,6,2025-12-10,0.03941279040997831,-3.97187624789858e-05
Gradient Boosting,6,2025-12-11,0.028458687804576898,0.0023829347594267326
Gradient Boosting,6,2025-12-12,0.029938341336370397,0.0027948334777900333
Gradient Boosting,6,2025-12-15,0.03238884209402803,-0.0005959208350599308
Gradient Boosting,6,2025-12-16,0.03292607142749483,0.002695687694348396
Gradient Boosting,6,2025-12-17,0.01172795146834991,0.0004153993718086748
Gradient Boosting,6,2025-12-18,0.02907955645264974,-0.00868229612408548
Gradient Boosting,6,2025-12-19,0.03456365222503906,-0.013883750365053533
Gradient Boosting,6,2025-12-22,0.09076312754876349,-0.016240808829058588
Gradient Boosting,6,2025-12-23,-0.01750557412132292,-0.004712520158559004
Gradient Boosting,6,2025-12-24,0.09573984563344325,-0.004975731429670842
Gradient Boosting,6,2025-12-26,-0.15906604900959542,-0.018107164097578166
Gradient Boosting,6,2025-12-29,0.05881199202023939,-0.002230128291731873
Gradient Boosting,7,2025-12-30,-0.09278237750304041,-0.14788933237907817
Gradient Boosting,7,2025-12-31,0.043851048466960564,0.018277096015479038
Gradient Boosting,7,2026-01-02,0.06545840598781522,-0.015044511823638635
Gradient Boosting,7,2026-01-05,0.06997645165095208,0.002944531859158067
Gradient Boosting,7,2026-01-06,-0.07709585115469823,0.03574702947698486
Gradient Boosting,7,2026-01-07,-0.0007546786121647461,-0.031039574144081143
Gradient Boosting,7,2026-01-08,0.011744107456218981,-0.038186000734223964
Gradient Boosting,7,2026-01-09,0.035062582278872684,0.0011154806753195447
Gradient Boosting,7,2026-01-12,-0.010994293221539438,0.005859196950587769
Gradient Boosting,7,2026-01-13,0.014167757153833019,-0.007454548796114802
Gradient Boosting,7,2026-01-14,0.009627747477561784,-0.002936311726078631
Gradient Boosting,7,2026-01-15,-0.0367334112385482,-0.019827797046825395
Gradient Boosting,7,2026-01-16,0.053948396156832334,-0.016696076123668756
Gradient Boosting,7,2026-01-20,0.01991144726071155,0.002810830575547692
Gradient Boosting,7,2026-01-21,0.03229035735256819,0.008778452748828856
Gradient Boosting,7,2026-01-22,0.06069352164768608,0.007155259711250974
Gradient Boosting,7,2026-01-23,0.0467570338128215,0.007396679779233
Gradient Boosting,7,2026-01-26,-0.12660388881750273,0.02086474395518403
Gradient Boosting,7,2026-01-27,0.036144512262748285,-0.008319370203696554
Gradient Boosting,7,2026-01-28,-0.0031904272845780365,-0.08179764261392367
Gradient Boosting,7,2026-01-29,-0.2112410939124752,0.005031448366958279
Gradient Boosting,8,2026-01-30,-0.004432506706622088,0.017585114047801727
Gradient Boosting,8,2026-02-02,0.047618095694695946,-0.043405726315654
Gradient Boosting,8,2026-02-03,-0.015097983652643367,-0.09969464180426914
Gradient Boosting,8,2026-02-04,-0.04787499079394151,-0.05406345852328564
Gradient Boosting,8,2026-02-05,0.015259363719073696,-0.12384012021746074
Gradient Boosting,8,2026-02-06,0.0074246467846108746,-0.11967160603674512
Gradient Boosting,8,2026-02-09,-0.00823706820728417,-0.09393410161236956
Gradient Boosting,8,2026-02-10,0.021894623124065156,-0.06535581277737118
Gradient Boosting,8,2026-02-11,-0.05970119884926718,-0.08436809482982721
Gradient Boosting,8,2026-02-12,0.02800533158402034,-0.0964289257177596
Gradient Boosting,8,2026-02-13,-0.02875039556980956,-0.04390235948999124
Gradient Boosting,8,2026-02-17,0.04560255252769679,-0.08346669521620514
Gradient Boosting,8,2026-02-18,-0.021158394333875803,-0.0581853162237623
Gradient Boosting,8,2026-02-19,0.050766998138235125,-0.09185711296718424
Gradient Boosting,8,2026-02-20,-0.010796912011054982,-0.08762737280815244
Gradient Boosting,8,2026-02-23,0.01603740683793895,-0.10052588011041114
Gradient Boosting,8,2026-02-24,0.06414873078485848,-0.07633706052825327
Gradient Boosting,8,2026-02-25,-0.041662696582930044,0.0223282867098955
Gradient Boosting,8,2026-02-26,0.05871631516648984,-0.10120781773007567
Gradient Boosting,8,2026-02-27,-0.02296207579907521,-0.008581639001037686
Gradient Boosting,8,2026-03-02,-0.10820486800986187,0.006450832012045111
Gradient Boosting,9,2026-03-03,0.03778669303783018,-0.0005890644878120665
Gradient Boosting,9,2026-03-04,-0.011529500345499094,-0.04684319491548544
Gradient Boosting,9,2026-03-05,0.005804670650795252,0.002555782686638705
Gradient Boosting,9,2026-03-06,0.012616213402986435,0.0003648228007330452
Gradient Boosting,9,2026-03-09,0.029698364290416602,0.0025556552523872144
Gradient Boosting,9,2026-03-10,-0.01351371916672282,0.0007328605660820026
Gradient Boosting,9,2026-03-11,-0.020619287202735703,-0.0009927386056766423
Gradient Boosting,9,2026-03-12,-0.058826482928302816,0.001000776073554375
Gradient Boosting,9,2026-03-13,0.025643064138062284,0.004399520619256203
Gradient Boosting,9,2026-03-16,0.020041913271712362,-0.005190656701316398
Gradient Boosting,9,2026-03-17,-0.038151788869022284,0.0005629108372865884
Gradient Boosting,9,2026-03-18,-0.056539435595185046,-3.8725322042930774e-05
Gradient Boosting,9,2026-03-19,0.01606256080374734,0.0011061465951799493
Gradient Boosting,9,2026-03-20,-0.05760026122783402,0.003543342391240794
Gradient Boosting,9,2026-03-23,0.016896679340435386,-0.0010122775523193571
Gradient Boosting,9,2026-03-24,0.01739536245450573,-0.002685557319457489
Gradient Boosting,9,2026-03-25,-0.0461885750159386,0.0020279818872798914
Gradient Boosting,9,2026-03-26,0.017417963898598975,0.0010656317622220169
Gradient Boosting,9,2026-03-27,0.007986837725295442,-0.002446447844070086
Gradient Boosting,9,2026-03-30,0.03358331288350735,0.0018058883902827905
Gradient Boosting,9,2026-03-31,0.009848801875018371,-0.0009347351755442721
Gradient Boosting,10,2026-04-02,-0.002796777833518582,0.004558863908975254
Gradient Boosting,10,2026-04-06,-0.002855737614529973,0.0007636007160729261
Gradient Boosting,10,2026-04-07,-0.014972098746593665,0.0007921832375191631
Gradient Boosting,10,2026-04-08,0.06107892062107771,0.0007921832375191631
Gradient Boosting,10,2026-04-09,0.022184550737613697,0.00029387891103050453
Gradient Boosting,10,2026-04-10,-0.022916311595956054,0.0006744637611809534
Gradient Boosting,10,2026-04-13,0.00617869134366017,0.002718123633653002
Gradient Boosting,10,2026-04-14,0.010997625807174088,7.909762478538917e-05
Gradient Boosting,10,2026-04-15,0.013484328048676006,0.0006744637611809534
Gradient Boosting,10,2026-04-16,-0.00893745178431326,-0.0009158775522251096
Gradient Boosting,10,2026-04-17,0.014412567138765195,0.0005520504943741248
Gradient Boosting,10,2026-04-20,-0.025649789789379537,0.0007921832375191631
Gradient Boosting,10,2026-04-21,-0.02266270487696291,0.0011583562313769219
Gradient Boosting,10,2026-04-22,0.02357991897934288,0.0007921832375191631
Gradient Boosting,10,2026-04-23,-0.024420104470429766,0.005915510028598822
Gradient Boosting,10,2026-04-24,-0.003764605016653509,0.00066380303408355
Gradient Boosting,10,2026-04-27,-0.01696696172399067,0.003983108107087099
Gradient Boosting,10,2026-04-28,-0.01977937067937363,0.004283472911297956
Gradient Boosting,10,2026-04-29,-0.029785877665489336,0.003534315216559617
Gradient Boosting,10,2026-04-30,0.048504681290635995,0.0024872899977494154
XGBoost,1,2025-07-02,-0.03509131981127006,0.003990869969129562
XGBoost,1,2025-07-03,0.007623925110659366,-0.0065362523309886456
XGBoost,1,2025-07-04,-0.015086064492047045,0.010813520289957523
XGBoost,1,2025-07-07,0.010809283324776242,0.013170958496630192
XGBoost,1,2025-07-08,-0.004368090890178193,0.01327997725456953
XGBoost,1,2025-07-09,0.017574163261523414,-0.004911099094897509
XGBoost,1,2025-07-10,0.04011917078417733,0.0040826075710356236
XGBoost,1,2025-07-11,-0.03668402334284926,0.003354109125211835
XGBoost,1,2025-07-14,-0.003363477786426151,0.0027863539289683104
XGBoost,1,2025-07-15,0.015718097347172576,0.00783449038863182
XGBoost,1,2025-07-16,0.025980948606922395,0.007805316708981991
XGBoost,1,2025-07-17,-0.010992557217958275,0.004654863383620977
XGBoost,1,2025-07-18,0.026885887874657677,-0.0076627228409051895
XGBoost,1,2025-07-21,-0.008290310715313134,0.004272115882486105
XGBoost,1,2025-07-22,-0.019151900685067,0.006447304971516132
XGBoost,1,2025-07-23,-0.009153525059112835,0.0036243777722120285
XGBoost,1,2025-07-24,-0.012147007527393778,-0.0045495061203837395
XGBoost,1,2025-07-25,-0.0023475371464720895,0.007259751204401255
XGBoost,1,2025-07-28,-7.120514714500215e-05,-0.006647480186074972
XGBoost,1,2025-07-29,-0.03132606827350737,0.0029099357780069113
XGBoost,1,2025-07-30,-0.05615159890895396,0.0026870891451835632
XGBoost,2,2025-07-31,0.013588825083303219,-0.0026827340479940176
XGBoost,2,2025-08-01,0.017032060300691564,-0.00030885942396707833
XGBoost,2,2025-08-04,-0.006960289354717568,0.0015053128590807319
XGBoost,2,2025-08-05,0.0066586573132357205,-0.004249097313731909
XGBoost,2,2025-08-06,0.010428110769563709,-0.002109598834067583
XGBoost,2,2025-08-07,-0.010729833820386165,-0.0025336197577416897
XGBoost,2,2025-08-08,0.003238601081950239,-0.0066054994240403175
XGBoost,2,2025-08-11,0.008982768523628983,-0.0009982171468436718
XGBoost,2,2025-08-12,-0.007780412046577663,-0.005771871190518141
XGBoost,2,2025-08-13,0.014020699873954793,-0.005739651154726744
XGBoost,2,2025-08-14,-0.011919979785004786,-0.004232429433614016
XGBoost,2,2025-08-15,-0.005938322555647232,-0.004046906251460314
XGBoost,2,2025-08-18,-0.018336554319871908,-0.0028391953092068434
XGBoost,2,2025-08-19,0.024049978008151045,-0.004030888434499502
XGBoost,2,2025-08-20,0.012811102881160759,-0.00268942560069263
XGBoost,2,2025-08-21,0.003103581357723482,0.001916233915835619
XGBoost,2,2025-08-22,-0.017715423347965248,-0.0061735971830785275
XGBoost,2,2025-08-25,0.008077866533329543,-0.00035143617424182594
XGBoost,2,2025-08-26,-0.0007452120337467954,0.0011367754777893424
XGBoost,2,2025-08-27,0.011120286384573762,-0.0035813816357403994
XGBoost,2,2025-08-28,0.00683293268054827,-0.005341390613466501
XGBoost,3,2025-08-29,0.0289394885439482,-0.005039338953793049
XGBoost,3,2025-09-02,0.029990985432527387,-0.006624707020819187
XGBoost,3,2025-09-03,-0.05491132267393003,-0.007624178193509579
XGBoost,3,2025-09-04,0.007628356489719208,-0.0053759412840008736
XGBoost,3,2025-09-05,-0.0006515130320953691,0.0011417231289669871
XGBoost,3,2025-09-08,-0.009825048664979812,0.0005801114602945745
XGBoost,3,2025-09-09,0.01854989419510853,-0.0036708745174109936
XGBoost,3,2025-09-10,0.0017932077797482102,0.0014875872293487191
XGBoost,3,2025-09-11,0.008491879697597701,0.0016387096839025617
XGBoost,3,2025-09-12,0.003900575712101561,0.0030336331110447645
XGBoost,3,2025-09-15,-0.010173351768924196,0.0022901829797774553
XGBoost,3,2025-09-16,-0.018620665955265174,0.0026146138552576303
XGBoost,3,2025-09-17,0.017833816902663176,0.0006879896391183138
XGBoost,3,2025-09-18,0.01202135896162909,0.0019073878647759557
XGBoost,3,2025-09-19,0.006624338772018788,0.0010907836258411407
XGBoost,3,2025-09-22,0.05500208060804961,-0.0013904448132961988
XGBoost,3,2025-09-23,-0.013183147727295738,0.00031302357092499733
XGBoost,3,2025-09-24,0.030647099994633623,-0.0010857697343453765
XGBoost,3,2025-09-25,0.03340710328963251,1.365813659504056e-05
XGBoost,3,2025-09-26,0.016667113677587827,0.0022835282143205404
XGBoost,3,2025-09-29,-0.015467338041609338,1.7489015590399504e-05
XGBoost,4,2025-09-30,-0.009320055526438638,-0.004672177601605654
XGBoost,4,2025-10-01,-0.00389315068318572,-0.0006305896677076817
XGBoost,4,2025-10-02,0.034875199318837216,-0.005016831681132317
XGBoost,4,2025-10-03,0.00958766808115634,-0.006607614457607269
XGBoost,4,2025-10-06,-0.00508972359101377,0.0024162980262190104
XGBoost,4,2025-10-07,0.03111067630373697,0.006430152803659439
XGBoost,4,2025-10-08,-0.026510428909785496,-0.005685536190867424
XGBoost,4,2025-10-09,-0.020651176068947143,0.001187749090604484
XGBoost,4,2025-10-10,0.04214305909187053,-0.001493106596171856
XGBoost,4,2025-10-13,-0.00872264694460278,-0.0019061792409047484
XGBoost,4,2025-10-14,0.008183435695993694,0.0017131053609773517
XGBoost,4,2025-10-15,0.0389049380129188,-0.006005831062793732
XGBoost,4,2025-10-16,-0.07950966141699312,0.003496468998491764
XGBoost,4,2025-10-17,0.02014152782682235,0.004936651326715946
XGBoost,4,2025-10-20,-0.0834534298046432,-0.011541287414729595
XGBoost,4,2025-10-21,0.021053409197832263,0.00403521116822958
XGBoost,4,2025-10-22,0.033041791823324326,-0.012525781989097595
XGBoost,4,2025-10-23,0.003960431911251035,-0.0066564055159688
XGBoost,4,2025-10-24,-0.009772167266185813,0.020859748125076294
XGBoost,4,2025-10-27,-0.0008873832129687246,0.0009916118578985333
XGBoost,4,2025-10-28,0.009027014937524084,-0.0023021928500384092
XGBoost,5,2025-10-29,0.01062642796112413,0.0009340955875813961
XGBoost,5,2025-10-30,-0.024229497064294635,0.0008567221811972558
XGBoost,5,2025-10-31,0.002671896179956862,0.007335054688155651
XGBoost,5,2025-11-03,-0.020345309588489065,0.0037988636177033186
XGBoost,5,2025-11-04,0.0072356094442426605,0.002845472190529108
XGBoost,5,2025-11-05,-0.016354411350005513,-0.0007394330459646881
XGBoost,5,2025-11-06,0.007171760853925076,-0.0003884994948748499
XGBoost,5,2025-11-07,0.033097786232648266,0.003578559495508671
XGBoost,5,2025-11-10,-0.0010689837030382371,4.286657349439338e-05
XGBoost,5,2025-11-11,0.020488323647807144,-0.0019503877265378833
XGBoost,5,2025-11-12,-0.011406746949420432,-0.0008334194426424801
XGBoost,5,2025-11-13,-0.030834055255529565,-0.0007478647748939693
XGBoost,5,2025-11-14,-0.006127272740868349,-0.0010652848286554217
XGBoost,5,2025-11-17,-0.00032353037636850476,-0.0011231437092646956
XGBoost,5,2025-11-18,0.001099623832940347,0.00036191081744618714
XGBoost,5,2025-11-19,-0.026663053776030093,0.0003294238995295018
XGBoost,5,2025-11-20,0.005033187881238608,-0.000284568261122331
XGBoost,5,2025-11-21,0.01878139864914207,0.00048812548629939556
XGBoost,5,2025-11-24,0.009292203597287156,0.0009465203620493412
XGBoost,5,2025-11-25,0.014031737113716202,-0.0015516236890107393
XGBoost,5,2025-11-26,0.06069536118160296,-0.0016115184407681227
XGBoost,6,2025-11-28,-0.0045402884329013415,-0.00060127122560516
XGBoost,6,2025-12-01,-0.015751193623122647,-0.0002850767341442406
XGBoost,6,2025-12-02,0.007574646123825222,0.0009189146803691983
XGBoost,6,2025-12-03,-0.001268522668791291,0.0011035994393751025
XGBoost,6,2025-12-04,0.00036258874000403614,-0.0013288625050336123
XGBoost,6,2025-12-05,0.0,-0.00146404467523098
XGBoost,6,2025-12-08,0.02394071291055024,0.0018470454961061478
XGBoost,6,2025-12-09,-0.031948491066943405,0.0036332232411950827
XGBoost,6,2025-12-10,0.03941279040997831,0.0003636180772446096
XGBoost,6,2025-12-11,0.028458687804576898,0.002873841905966401
XGBoost,6,2025-12-12,0.029938341336370397,0.001005565864033997
XGBoost,6,2025-12-15,0.03238884209402803,-0.0009870874928310513
XGBoost,6,2025-12-16,0.03292607142749483,0.002704466227442026
XGBoost,6,2025-12-17,0.01172795146834991,-0.00035883966484107077
XGBoost,6,2025-12-18,0.02907955645264974,-0.008190074004232883
XGBoost,6,2025-12-19,0.03456365222503906,-0.006571718957275152
XGBoost,6,2025-12-22,0.09076312754876349,-0.007894864305853844
XGBoost,6,2025-12-23,-0.01750557412132292,-0.001984247239306569
XGBoost,6,2025-12-24,0.09573984563344325,-0.0015209182165563107
XGBoost,6,2025-12-26,-0.15906604900959542,0.000399607524741441
XGBoost,6,2025-12-29,0.05881199202023939,-0.002898183651268482
XGBoost,7,2025-12-30,-0.09278237750304041,-0.09785089641809464
XGBoost,7,2025-12-31,0.043851048466960564,0.013148261234164238
XGBoost,7,2026-01-02,0.06545840598781522,0.00010914772428805009
XGBoost,7,2026-01-05,0.06997645165095208,0.001333795953541994
XGBoost,7,2026-01-06,-0.07709585115469823,0.014993268065154552
XGBoost,7,2026-01-07,-0.0007546786121647461,-0.030300160869956017
XGBoost,7,2026-01-08,0.011744107456218981,-0.007031951565295458
XGBoost,7,2026-01-09,0.035062582278872684,-0.0013633323833346367
XGBoost,7,2026-01-12,-0.010994293221539438,-0.0005926535814069211
XGBoost,7,2026-01-13,0.014167757153833019,0.003854369278997183
XGBoost,7,2026-01-14,0.009627747477561784,0.002848089672625065
XGBoost,7,2026-01-15,-0.0367334112385482,-0.00031316676177084446
XGBoost,7,2026-01-16,0.053948396156832334,-0.010202272795140743
XGBoost,7,2026-01-20,0.01991144726071155,0.005582290701568127
XGBoost,7,2026-01-21,0.03229035735256819,0.010633942671120167
XGBoost,7,2026-01-22,0.06069352164768608,0.008449678309261799
XGBoost,7,2026-01-23,0.0467570338128215,0.0040718005038797855
XGBoost,7,2026-01-26,-0.12660388881750273,0.01409664936363697
XGBoost,7,2026-01-27,0.036144512262748285,-0.03337102010846138
XGBoost,7,2026-01-28,-0.0031904272845780365,0.006008007097989321
XGBoost,7,2026-01-29,-0.2112410939124752,0.014878366142511368
XGBoost,8,2026-01-30,-0.004432506706622088,-0.009621385484933853
XGBoost,8,2026-02-02,0.047618095694695946,-0.04189014807343483
XGBoost,8,2026-02-03,-0.015097983652643367,0.009228884242475033
XGBoost,8,2026-02-04,-0.04787499079394151,-0.000807728327345103
XGBoost,8,2026-02-05,0.015259363719073696,0.011228449642658234
XGBoost,8,2026-02-06,0.0074246467846108746,0.006302111316472292
XGBoost,8,2026-02-09,-0.00823706820728417,0.012140929698944092
XGBoost,8,2026-02-10,0.021894623124065156,0.004216006025671959
XGBoost,8,2026-02-11,-0.05970119884926718,0.013834302313625813
XGBoost,8,2026-02-12,0.02800533158402034,-0.0006323839188553393
XGBoost,8,2026-02-13,-0.02875039556980956,0.006257684901356697
XGBoost,8,2026-02-17,0.04560255252769679,-0.00960913673043251
XGBoost,8,2026-02-18,-0.021158394333875803,-0.0011894716881215572
XGBoost,8,2026-02-19,0.050766998138235125,-0.01966053619980812
XGBoost,8,2026-02-20,-0.010796912011054982,-0.003625714685767889
XGBoost,8,2026-02-23,0.01603740683793895,-0.02260354347527027
XGBoost,8,2026-02-24,0.06414873078485848,-0.011081299744546413
XGBoost,8,2026-02-25,-0.041662696582930044,-0.014996873214840889
XGBoost,8,2026-02-26,0.05871631516648984,-0.010000688023865223
XGBoost,8,2026-02-27,-0.02296207579907521,-0.01254772674292326
XGBoost,8,2026-03-02,-0.10820486800986187,-0.020446494221687317
XGBoost,9,2026-03-03,0.03778669303783018,-0.022088078781962395
XGBoost,9,2026-03-04,-0.011529500345499094,0.010122043080627918
XGBoost,9,2026-03-05,0.005804670650795252,-0.000620267353951931
XGBoost,9,2026-03-06,0.012616213402986435,0.00452712457627058
XGBoost,9,2026-03-09,0.029698364290416602,0.005219942890107632
XGBoost,9,2026-03-10,-0.01351371916672282,-0.00045569625217467546
XGBoost,9,2026-03-11,-0.020619287202735703,0.006868323776870966
XGBoost,9,2026-03-12,-0.058826482928302816,0.0017461632378399372
XGBoost,9,2026-03-13,0.025643064138062284,0.0019347048364579678
XGBoost,9,2026-03-16,0.020041913271712362,-0.0028041175100952387
XGBoost,9,2026-03-17,-0.038151788869022284,0.0026587366592139006
XGBoost,9,2026-03-18,-0.056539435595185046,0.0038569204043596983
XGBoost,9,2026-03-19,0.01606256080374734,0.00422339141368866
XGBoost,9,2026-03-20,-0.05760026122783402,0.004571057856082916
XGBoost,9,2026-03-23,0.016896679340435386,0.0021449043415486813
XGBoost,9,2026-03-24,0.01739536245450573,0.005198589991778135
XGBoost,9,2026-03-25,-0.0461885750159386,0.0035012485459446907
XGBoost,9,2026-03-26,0.017417963898598975,0.005955661181360483
XGBoost,9,2026-03-27,0.007986837725295442,-0.0025242206174880266
XGBoost,9,2026-03-30,0.03358331288350735,0.0029872464947402477
XGBoost,9,2026-03-31,0.009848801875018371,0.00423257052898407
XGBoost,10,2026-04-02,-0.002796777833518582,0.006464552134275436
XGBoost,10,2026-04-06,-0.002855737614529973,-0.0016422215849161148
XGBoost,10,2026-04-07,-0.014972098746593665,0.0008512164931744337
XGBoost,10,2026-04-08,0.06107892062107771,-0.0005635165143758059
XGBoost,10,2026-04-09,0.022184550737613697,-0.002635796321555972
XGBoost,10,2026-04-10,-0.022916311595956054,0.0007136631174944341
XGBoost,10,2026-04-13,0.00617869134366017,-0.002572379307821393
XGBoost,10,2026-04-14,0.010997625807174088,-0.001723906840197742
XGBoost,10,2026-04-15,0.013484328048676006,-0.002927657449617982
XGBoost,10,2026-04-16,-0.00893745178431326,-0.003292500041425228
XGBoost,10,2026-04-17,0.014412567138765195,-0.0018598735332489014
XGBoost,10,2026-04-20,-0.025649789789379537,-0.0012722761603072286
XGBoost,10,2026-04-21,-0.02266270487696291,-0.0007288613705895841
XGBoost,10,2026-04-22,0.02357991897934288,0.0012095777783542871
XGBoost,10,2026-04-23,-0.024420104470429766,0.0031452025286853313
XGBoost,10,2026-04-24,-0.003764605016653509,0.0005662579205818474
XGBoost,10,2026-04-27,-0.01696696172399067,0.0029657066334038973
XGBoost,10,2026-04-28,-0.01977937067937363,0.005928277038037777
XGBoost,10,2026-04-29,-0.029785877665489336,0.004683753941208124
XGBoost,10,2026-04-30,0.048504681290635995,0.005767072085291147
SVR,1,2025-07-02,-0.03509131981127006,-0.0071878382583421075
SVR,1,2025-07-03,0.007623925110659366,-0.02184810929880335
SVR,1,2025-07-04,-0.015086064492047045,-0.002520830708132539
SVR,1,2025-07-07,0.010809283324776242,0.023769232999376836
SVR,1,2025-07-08,-0.004368090890178193,0.001019111799768014
SVR,1,2025-07-09,0.017574163261523414,-0.00304547663696278
SVR,1,2025-07-10,0.04011917078417733,-0.002300108476606516
SVR,1,2025-07-11,-0.03668402334284926,-0.017288262116545095
SVR,1,2025-07-14,-0.003363477786426151,0.007823380067224961
SVR,1,2025-07-15,0.015718097347172576,0.002746025914696213
SVR,1,2025-07-16,0.025980948606922395,0.002571063169758927
SVR,1,2025-07-17,-0.010992557217958275,-0.009711090309194089
SVR,1,2025-07-18,0.026885887874657677,-0.029517120452505433
SVR,1,2025-07-21,-0.008290310715313134,0.009496597213942904
SVR,1,2025-07-22,-0.019151900685067,-0.011264392914905039
SVR,1,2025-07-23,-0.009153525059112835,-0.011248607635879784
SVR,1,2025-07-24,-0.012147007527393778,-0.009538264275652157
SVR,1,2025-07-25,-0.0023475371464720895,-0.0008818833099628696
SVR,1,2025-07-28,-7.120514714500215e-05,-0.0018367542867000438
SVR,1,2025-07-29,-0.03132606827350737,-0.012741377479728939
SVR,1,2025-07-30,-0.05615159890895396,-0.00336409509397975
SVR,2,2025-07-31,0.013588825083303219,-0.0011685558646128825
SVR,2,2025-08-01,0.017032060300691564,-0.0001060792244026827
SVR,2,2025-08-04,-0.006960289354717568,0.004271674881195641
SVR,2,2025-08-05,0.0066586573132357205,0.0026685866299045583
SVR,2,2025-08-06,0.010428110769563709,0.006409363512167497
SVR,2,2025-08-07,-0.010729833820386165,0.003229322914375619
SVR,2,2025-08-08,0.003238601081950239,0.0018498355120239803
SVR,2,2025-08-11,0.008982768523628983,0.007667235208860503
SVR,2,2025-08-12,-0.007780412046577663,-0.003148452923075216
SVR,2,2025-08-13,0.014020699873954793,-0.010998910005918613
SVR,2,2025-08-14,-0.011919979785004786,-0.003720778328776314
SVR,2,2025-08-15,-0.005938322555647232,-0.007388003160118617
SVR,2,2025-08-18,-0.018336554319871908,-0.0014610486524850442
SVR,2,2025-08-19,0.024049978008151045,0.003266836686920374
SVR,2,2025-08-20,0.012811102881160759,0.0017217435794516238
SVR,2,2025-08-21,0.003103581357723482,-0.00905722236547657
SVR,2,2025-08-22,-0.017715423347965248,-0.014203662206242645
SVR,2,2025-08-25,0.008077866533329543,0.004917881247324726
SVR,2,2025-08-26,-0.0007452120337467954,0.0004437991869300464
SVR,2,2025-08-27,0.011120286384573762,-0.01527410024667807
SVR,2,2025-08-28,0.00683293268054827,0.0038750729012721062
SVR,3,2025-08-29,0.0289394885439482,-0.000769280638241489
SVR,3,2025-09-02,0.029990985432527387,-0.010840798688379744
SVR,3,2025-09-03,-0.05491132267393003,-0.020917581280422187
SVR,3,2025-09-04,0.007628356489719208,-0.0008490286126587978
SVR,3,2025-09-05,-0.0006515130320953691,-0.008119747696487496
SVR,3,2025-09-08,-0.009825048664979812,0.0068431590942453595
SVR,3,2025-09-09,0.01854989419510853,0.0025554772265092692
SVR,3,2025-09-10,0.0017932077797482102,0.014493197536682175
SVR,3,2025-09-11,0.008491879697597701,0.0038660815635749475
SVR,3,2025-09-12,0.003900575712101561,-0.007374815594674883
SVR,3,2025-09-15,-0.010173351768924196,0.0054077978732326925
SVR,3,2025-09-16,-0.018620665955265174,0.016800758880903727
SVR,3,2025-09-17,0.017833816902663176,-0.0035633633760209756
SVR,3,2025-09-18,0.01202135896162909,0.005798890499845249
SVR,3,2025-09-19,0.006624338772018788,-0.0014880062022622738
SVR,3,2025-09-22,0.05500208060804961,-0.0012761329284783464
SVR,3,2025-09-23,-0.013183147727295738,-0.005638368512326385
SVR,3,2025-09-24,0.030647099994633623,-0.006336585400406225
SVR,3,2025-09-25,0.03340710328963251,-0.0034821609599528496
SVR,3,2025-09-26,0.016667113677587827,-0.015151839441572043
SVR,3,2025-09-29,-0.015467338041609338,-0.001061725616670187
SVR,4,2025-09-30,-0.009320055526438638,0.006890382376321095
SVR,4,2025-10-01,-0.00389315068318572,-0.004938228764079643
SVR,4,2025-10-02,0.034875199318837216,-0.00987166138056852
SVR,4,2025-10-03,0.00958766808115634,-0.021434844965523656
SVR,4,2025-10-06,-0.00508972359101377,-0.011040142626434796
SVR,4,2025-10-07,0.03111067630373697,0.02238554074776973
SVR,4,2025-10-08,-0.026510428909785496,0.0036919115700103124
SVR,4,2025-10-09,-0.020651176068947143,-0.006137658524248766
SVR,4,2025-10-10,0.04214305909187053,-0.006948644471311072
SVR,4,2025-10-13,-0.00872264694460278,0.008378109232014076
SVR,4,2025-10-14,0.008183435695993694,0.0060738350238034545
SVR,4,2025-10-15,0.0389049380129188,-0.008838136165950534
SVR,4,2025-10-16,-0.07950966141699312,-0.010131847866080658
SVR,4,2025-10-17,0.02014152782682235,-0.014164475339840124
SVR,4,2025-10-20,-0.0834534298046432,-0.005778902250173619
SVR,4,2025-10-21,0.021053409197832263,0.008628205020416026
SVR,4,2025-10-22,0.033041791823324326,-0.0002862985477386796
SVR,4,2025-10-23,0.003960431911251035,0.00023617484979820432
SVR,4,2025-10-24,-0.009772167266185813,0.0012535737686439983
SVR,4,2025-10-27,-0.0008873832129687246,0.004539489573194807
SVR,4,2025-10-28,0.009027014937524084,-0.003611161685676525
SVR,5,2025-10-29,0.01062642796112413,-0.005984399319494325
SVR,5,2025-10-30,-0.024229497064294635,-0.012787217563949734
SVR,5,2025-10-31,0.002671896179956862,-0.0011923264330210377
SVR,5,2025-11-03,-0.020345309588489065,0.010017893399462595
SVR,5,2025-11-04,0.0072356094442426605,0.0006090014431070112
SVR,5,2025-11-05,-0.016354411350005513,0.0010953939874919257
SVR,5,2025-11-06,0.007171760853925076,0.006943809913344548
SVR,5,2025-11-07,0.033097786232648266,-0.0029171400458585474
SVR,5,2025-11-10,-0.0010689837030382371,0.01225213126799993
SVR,5,2025-11-11,0.020488323647807144,0.003764668127214334
SVR,5,2025-11-12,-0.011406746949420432,0.006554371896237312
SVR,5,2025-11-13,-0.030834055255529565,2.7091681126209567e-05
SVR,5,2025-11-14,-0.006127272740868349,0.0022313972926480768
SVR,5,2025-11-17,-0.00032353037636850476,0.009273321414767315
SVR,5,2025-11-18,0.001099623832940347,0.007316134173655588
SVR,5,2025-11-19,-0.026663053776030093,0.003842162461961691
SVR,5,2025-11-20,0.005033187881238608,-0.0034834034682485106
SVR,5,2025-11-21,0.01878139864914207,0.003409574365737221
SVR,5,2025-11-24,0.009292203597287156,-0.009982227286935796
SVR,5,2025-11-25,0.014031737113716202,-0.0007220952492567621
SVR,5,2025-11-26,0.06069536118160296,0.0018552639392302173
SVR,6,2025-11-28,-0.0045402884329013415,0.007158781377480066
SVR,6,2025-12-01,-0.015751193623122647,0.003773807191349392
SVR,6,2025-12-02,0.007574646123825222,0.009801318773756668
SVR,6,2025-12-03,-0.001268522668791291,0.006510400195892007
SVR,6,2025-12-04,0.00036258874000403614,-0.0037955701516616275
SVR,6,2025-12-05,0.0,0.005537945301167149
SVR,6,2025-12-08,0.02394071291055024,0.0010969458224227378
SVR,6,2025-12-09,-0.031948491066943405,0.0016792718907593738
SVR,6,2025-12-10,0.03941279040997831,-0.01649061593899547
SVR,6,2025-12-11,0.028458687804576898,0.007474502696556336
SVR,6,2025-12-12,0.029938341336370397,-0.01928720731970755
SVR,6,2025-12-15,0.03238884209402803,-0.006332334410224074
SVR,6,2025-12-16,0.03292607142749483,0.013419808629486158
SVR,6,2025-12-17,0.01172795146834991,0.008610733408926154
SVR,6,2025-12-18,0.02907955645264974,0.014220720831193523
SVR,6,2025-12-19,0.03456365222503906,0.0016564133719388508
SVR,6,2025-12-22,0.09076312754876349,0.004543831867329366
SVR,6,2025-12-23,-0.01750557412132292,-0.013238981687849267
SVR,6,2025-12-24,0.09573984563344325,7.036046601518128e-05
SVR,6,2025-12-26,-0.15906604900959542,0.0012031470208607204
SVR,6,2025-12-29,0.05881199202023939,0.0002748580769723889
SVR,7,2025-12-30,-0.09278237750304041,0.0014267259435052308
SVR,7,2025-12-31,0.043851048466960564,0.001443562146096221
SVR,7,2026-01-02,0.06545840598781522,0.0014460754482351012
SVR,7,2026-01-05,0.06997645165095208,0.0014440277009064525
SVR,7,2026-01-06,-0.07709585115469823,0.0014432966469450908
SVR,7,2026-01-07,-0.0007546786121647461,0.00147628336037314
SVR,7,2026-01-08,0.011744107456218981,0.001443333059668349
SVR,7,2026-01-09,0.035062582278872684,0.0014672965575622163
SVR,7,2026-01-12,-0.010994293221539438,0.0014474012612558497
SVR,7,2026-01-13,0.014167757153833019,0.0014433089467582015
SVR,7,2026-01-14,0.009627747477561784,0.0015397156353400075
SVR,7,2026-01-15,-0.0367334112385482,0.0009772882473561772
SVR,7,2026-01-16,0.053948396156832334,-0.0014818187920703728
SVR,7,2026-01-20,0.01991144726071155,0.0002943024588011713
SVR,7,2026-01-21,0.03229035735256819,0.001937332125520028
SVR,7,2026-01-22,0.06069352164768608,0.001609279826075673
SVR,7,2026-01-23,0.0467570338128215,0.0031419298766574566
SVR,7,2026-01-26,-0.12660388881750273,0.0021711923711922173
SVR,7,2026-01-27,0.036144512262748285,0.001741455511807995
SVR,7,2026-01-28,-0.0031904272845780365,0.0013311539129977803
SVR,7,2026-01-29,-0.2112410939124752,0.0015039223576670492
SVR,8,2026-01-30,-0.004432506706622088,0.0011910788851656655
SVR,8,2026-02-02,0.047618095694695946,0.0011436664279875384
SVR,8,2026-02-03,-0.015097983652643367,0.0011436643083685724
SVR,8,2026-02-04,-0.04787499079394151,0.00114517760205831
SVR,8,2026-02-05,0.015259363719073696,0.001149080084324882
SVR,8,2026-02-06,0.0074246467846108746,0.0011436736229089284
SVR,8,2026-02-09,-0.00823706820728417,0.0011348482405552855
SVR,8,2026-02-10,0.021894623124065156,0.0011719624041753448
SVR,8,2026-02-11,-0.05970119884926718,0.0001480395655574689
SVR,8,2026-02-12,0.02800533158402034,0.0011232994480144041
SVR,8,2026-02-13,-0.02875039556980956,0.0011428521832255077
SVR,8,2026-02-17,0.04560255252769679,0.006655048672405093
SVR,8,2026-02-18,-0.021158394333875803,-0.00026076436346206917
SVR,8,2026-02-19,0.050766998138235125,0.0031280997660784243
SVR,8,2026-02-20,-0.010796912011054982,0.0024011872525088055
SVR,8,2026-02-23,0.01603740683793895,0.0035153166333959677
SVR,8,2026-02-24,0.06414873078485848,0.004470533242406539
SVR,8,2026-02-25,-0.041662696582930044,0.0019884136584747032
SVR,8,2026-02-26,0.05871631516648984,0.0016483613821330024
SVR,8,2026-02-27,-0.02296207579907521,0.0008461413830876392
SVR,8,2026-03-02,-0.10820486800986187,0.0013919973227996168
SVR,9,2026-03-03,0.03778669303783018,0.0021599001124273367
SVR,9,2026-03-04,-0.011529500345499094,-0.0024929082276591978
SVR,9,2026-03-05,0.005804670650795252,0.0005291425983650939
SVR,9,2026-03-06,0.012616213402986435,0.0017380945468364606
SVR,9,2026-03-09,0.029698364290416602,0.00776707261859189
SVR,9,2026-03-10,-0.01351371916672282,0.0036500059571084563
SVR,9,2026-03-11,-0.020619287202735703,-0.0056540558249902366
SVR,9,2026-03-12,-0.058826482928302816,-0.004119079083628569
SVR,9,2026-03-13,0.025643064138062284,-0.008999807501032558
SVR,9,2026-03-16,0.020041913271712362,-0.0031760633456905645
SVR,9,2026-03-17,-0.038151788869022284,0.0007712269236595393
SVR,9,2026-03-18,-0.056539435595185046,-0.0026328629367964136
SVR,9,2026-03-19,0.01606256080374734,0.004407245693961955
SVR,9,2026-03-20,-0.05760026122783402,0.001998795866884342
SVR,9,2026-03-23,0.016896679340435386,0.023099969063947658
SVR,9,2026-03-24,0.01739536245450573,0.0001814327418029944
SVR,9,2026-03-25,-0.0461885750159386,8.075723698326405e-05
SVR,9,2026-03-26,0.017417963898598975,-0.006767021463516297
SVR,9,2026-03-27,0.007986837725295442,-0.009277992194374647
SVR,9,2026-03-30,0.03358331288350735,0.010780929020787762
SVR,9,2026-03-31,0.009848801875018371,0.0050986727748983445
SVR,10,2026-04-02,-0.002796777833518582,0.0045934121815685
SVR,10,2026-04-06,-0.002855737614529973,-0.011773201698897139
SVR,10,2026-04-07,-0.014972098746593665,-0.006191434493390573
SVR,10,2026-04-08,0.06107892062107771,-0.002672073877771762
SVR,10,2026-04-09,0.022184550737613697,0.002507373042582012
SVR,10,2026-04-10,-0.022916311595956054,0.012657624384741111
SVR,10,2026-04-13,0.00617869134366017,-0.010917005810672892
SVR,10,2026-04-14,0.010997625807174088,0.012163679786607321
SVR,10,2026-04-15,0.013484328048676006,0.008098371576804656
SVR,10,2026-04-16,-0.00893745178431326,-0.004316399768140928
SVR,10,2026-04-17,0.014412567138765195,0.0018780686971226757
SVR,10,2026-04-20,-0.025649789789379537,0.013474122958305253
SVR,10,2026-04-21,-0.02266270487696291,0.007950322055819544
SVR,10,2026-04-22,0.02357991897934288,-0.0038009244931742165
SVR,10,2026-04-23,-0.024420104470429766,-0.008224585778230238
SVR,10,2026-04-24,-0.003764605016653509,0.001256538339622617
SVR,10,2026-04-27,-0.01696696172399067,-0.010447320197857792
SVR,10,2026-04-28,-0.01977937067937363,0.0017002147591624862
SVR,10,2026-04-29,-0.029785877665489336,-0.006768090376105277
SVR,10,2026-04-30,0.048504681290635995,-0.0003881119600730897
LSTM,1,2025-07-02,0.05429789671784961,0.00855837669223547
LSTM,1,2025-07-03,-0.03509131981127006,0.005417257081717253
LSTM,1,2025-07-04,0.007623925110659366,0.004704530816525221
LSTM,1,2025-07-07,-0.015086064492047045,0.006780176889151335
LSTM,1,2025-07-08,0.010809283324776242,0.00992045272141695
LSTM,1,2025-07-09,-0.004368090890178193,0.009711511433124542
LSTM,1,2025-07-10,0.017574163261523414,0.0033294102177023888
LSTM,1,2025-07-11,0.04011917078417733,0.004494820721447468
LSTM,1,2025-07-14,-0.03668402334284926,0.0032780910842120647
LSTM,1,2025-07-15,-0.003363477786426151,0.0024287505075335503
LSTM,1,2025-07-16,0.015718097347172576,0.0006442902376875281
LSTM,1,2025-07-17,0.025980948606922395,-0.0019217111403122544
LSTM,1,2025-07-18,-0.010992557217958275,-0.0029572821222245693
LSTM,1,2025-07-21,0.026885887874657677,-0.002472085412591696
LSTM,1,2025-07-22,-0.008290310715313134,-0.0013446357334032655
LSTM,1,2025-07-23,-0.019151900685067,-0.0027949786745011806
LSTM,1,2025-07-24,-0.009153525059112835,-0.002872931305319071
LSTM,1,2025-07-25,-0.012147007527393778,-0.0028006662614643574
LSTM,1,2025-07-28,-0.0023475371464720895,-0.0014464982086792588
LSTM,1,2025-07-29,-7.120514714500215e-05,-0.0004486391553655267
LSTM,1,2025-07-30,-0.03132606827350737,-0.0007332094246521592
LSTM,2,2025-07-31,-0.05615159890895396,0.0017280206084251404
LSTM,2,2025-08-01,0.013588825083303219,0.00342743331566453
LSTM,2,2025-08-04,0.017032060300691564,0.010652999393641949
LSTM,2,2025-08-05,-0.006960289354717568,0.005864488892257214
LSTM,2,2025-08-06,0.0066586573132357205,0.005803221836686134
LSTM,2,2025-08-07,0.010428110769563709,0.003925559110939503
LSTM,2,2025-08-08,-0.010729833820386165,0.001000705175101757
LSTM,2,2025-08-11,0.003238601081950239,-0.0026903562247753143
LSTM,2,2025-08-12,0.008982768523628983,-0.005650114268064499
LSTM,2,2025-08-13,-0.007780412046577663,-0.0068632131442427635
LSTM,2,2025-08-14,0.014020699873954793,-0.007101681083440781
LSTM,2,2025-08-15,-0.011919979785004786,-0.006299943663179874
LSTM,2,2025-08-18,-0.005938322555647232,-0.0039485059678554535
LSTM,2,2025-08-19,-0.018336554319871908,-0.002487693913280964
LSTM,2,2025-08-20,0.024049978008151045,-0.0012445608153939247
LSTM,2,2025-08-21,0.012811102881160759,-0.0008707102970220149
LSTM,2,2025-08-22,0.003103581357723482,-0.0003363723517395556
LSTM,2,2025-08-25,-0.017715423347965248,0.0006115920259617269
LSTM,2,2025-08-26,0.008077866533329543,0.0002918904065154493
LSTM,2,2025-08-27,-0.0007452120337467954,5.405949195846915e-05
LSTM,2,2025-08-28,0.011120286384573762,-0.0003814809606410563
LSTM,3,2025-08-29,0.00683293268054827,-0.0003954688145313412
LSTM,3,2025-09-02,0.0289394885439482,-7.1513059083372355e-06
LSTM,3,2025-09-03,0.029990985432527387,-0.00026839846395887434
LSTM,3,2025-09-04,-0.05491132267393003,-0.0006204502424225211
LSTM,3,2025-09-05,0.007628356489719208,-0.0010079516796395183
LSTM,3,2025-09-08,-0.0006515130320953691,-0.0026738285087049007
LSTM,3,2025-09-09,-0.009825048664979812,-0.002788362791761756
LSTM,3,2025-09-10,0.01854989419510853,-0.0022791391238570213
LSTM,3,2025-09-11,0.0017932077797482102,-0.0020298503804951906
LSTM,3,2025-09-12,0.008491879697597701,-5.328413681127131e-05
LSTM,3,2025-09-15,0.003900575712101561,0.0007561050588265061
LSTM,3,2025-09-16,-0.010173351768924196,0.0010239697294309735
LSTM,3,2025-09-17,-0.018620665955265174,0.0013145626289770007
LSTM,3,2025-09-18,0.017833816902663176,0.00035156685044057667
LSTM,3,2025-09-19,0.01202135896162909,-0.0009755525970831513
LSTM,3,2025-09-22,0.006624338772018788,-0.0009416940156370401
LSTM,3,2025-09-23,0.05500208060804961,-0.00041352634434588253
LSTM,3,2025-09-24,-0.013183147727295738,-0.0007141743553802371
LSTM,3,2025-09-25,0.030647099994633623,-0.0005022812401875854
LSTM,3,2025-09-26,0.03340710328963251,-0.0013217235682532191
LSTM,3,2025-09-29,0.016667113677587827,-0.002181827090680599
LSTM,4,2025-09-30,-0.015467338041609338,-0.003395366482436657
LSTM,4,2025-10-01,-0.009320055526438638,-0.00117174640763551
LSTM,4,2025-10-02,-0.00389315068318572,-0.0011071685003116727
LSTM,4,2025-10-03,0.034875199318837216,-0.0013714296510443091
LSTM,4,2025-10-06,0.00958766808115634,-0.0006531990366056561
LSTM,4,2025-10-07,-0.00508972359101377,0.0008273542625829577
LSTM,4,2025-10-08,0.03111067630373697,0.0019603664986789227
LSTM,4,2025-10-09,-0.026510428909785496,0.0007979337824508548
LSTM,4,2025-10-10,-0.020651176068947143,0.0006863157032057643
LSTM,4,2025-10-13,0.04214305909187053,0.0012672428274527192
LSTM,4,2025-10-14,-0.00872264694460278,0.00013918790500611067
LSTM,4,2025-10-15,0.008183435695993694,0.0005173186073079705
LSTM,4,2025-10-16,0.0389049380129188,0.00021209206897765398
LSTM,4,2025-10-17,-0.07950966141699312,-0.0006298330845311284
LSTM,4,2025-10-20,0.02014152782682235,0.001327742706052959
LSTM,4,2025-10-21,-0.0834534298046432,0.001431006588973105
LSTM,4,2025-10-22,0.021053409197832263,0.0015606734668835998
LSTM,4,2025-10-23,0.033041791823324326,0.00030486134346574545
LSTM,4,2025-10-24,0.003960431911251035,0.0010157990036532283
LSTM,4,2025-10-27,-0.009772167266185813,0.0028205285780131817
LSTM,4,2025-10-28,-0.0008873832129687246,0.0028367196209728718
LSTM,5,2025-10-29,0.009027014937524084,0.002949558896943927
LSTM,5,2025-10-30,0.01062642796112413,0.0005222735344432294
LSTM,5,2025-10-31,-0.024229497064294635,-0.0008382353116758168
LSTM,5,2025-11-03,0.002671896179956862,-0.0012421831488609314
LSTM,5,2025-11-04,-0.020345309588489065,-0.0024707107804715633
LSTM,5,2025-11-05,0.0072356094442426605,-0.002147313440218568
LSTM,5,2025-11-06,-0.016354411350005513,-0.0007118515786714852
LSTM,5,2025-11-07,0.007171760853925076,0.0004130080924369395
LSTM,5,2025-11-10,0.033097786232648266,0.0011683455668389797
LSTM,5,2025-11-11,-0.0010689837030382371,0.0007212717900983989
LSTM,5,2025-11-12,0.020488323647807144,-0.0003297237562946975
LSTM,5,2025-11-13,-0.011406746949420432,-0.0010579554364085197
LSTM,5,2025-11-14,-0.030834055255529565,-0.0014224897604435682
LSTM,5,2025-11-17,-0.006127272740868349,-0.0024570347741246223
LSTM,5,2025-11-18,-0.00032353037636850476,-0.003698715241625905
LSTM,5,2025-11-19,0.001099623832940347,-0.0015110012609511614
LSTM,5,2025-11-20,-0.026663053776030093,0.0009101267787627876
LSTM,5,2025-11-21,0.005033187881238608,0.0015569606330245733
LSTM,5,2025-11-24,0.01878139864914207,0.0022377611603587866
LSTM,5,2025-11-25,0.009292203597287156,0.0026712461840361357
LSTM,5,2025-11-26,0.014031737113716202,0.00222942722029984
LSTM,6,2025-11-28,0.06069536118160296,-0.0007046570535749197
LSTM,6,2025-12-01,-0.0045402884329013415,-0.0015883862506598234
LSTM,6,2025-12-02,-0.015751193623122647,-0.002643072744831443
LSTM,6,2025-12-03,0.007574646123825222,-0.0032748791854828596
LSTM,6,2025-12-04,-0.001268522668791291,-0.005102353170514107
LSTM,6,2025-12-05,0.00036258874000403614,-0.004703042563050985
LSTM,6,2025-12-08,0.0,-0.004251854028552771
LSTM,6,2025-12-09,0.02394071291055024,-0.0003103327180724591
LSTM,6,2025-12-10,-0.031948491066943405,0.001636056462302804
LSTM,6,2025-12-11,0.03941279040997831,0.003913222346454859
LSTM,6,2025-12-12,0.028458687804576898,0.0038132763002067804
LSTM,6,2025-12-15,0.029938341336370397,0.004521205089986324
LSTM,6,2025-12-16,0.03238884209402803,0.002437259303405881
LSTM,6,2025-12-17,0.03292607142749483,0.0009820994455367327
LSTM,6,2025-12-18,0.01172795146834991,-0.0023996687959879637
LSTM,6,2025-12-19,0.02907955645264974,-0.003723670495674014
LSTM,6,2025-12-22,0.03456365222503906,-0.006897590588778257
LSTM,6,2025-12-23,0.09076312754876349,-0.007397438865154982
LSTM,6,2025-12-24,-0.01750557412132292,-0.012128730304539204
LSTM,6,2025-12-26,0.09573984563344325,-0.010646771639585495
LSTM,6,2025-12-29,-0.15906604900959542,-0.014548484236001968
LSTM,7,2025-12-30,0.05881199202023939,-0.006971267051994801
LSTM,7,2025-12-31,-0.09278237750304041,-0.005042667500674725
LSTM,7,2026-01-02,0.043851048466960564,-0.003308194689452648
LSTM,7,2026-01-05,0.06545840598781522,0.00013935106107965112
LSTM,7,2026-01-06,0.06997645165095208,-0.001438734121620655
LSTM,7,2026-01-07,-0.07709585115469823,-0.004157696850597858
LSTM,7,2026-01-08,-0.0007546786121647461,-0.0013271840289235115
LSTM,7,2026-01-09,0.011744107456218981,-0.0014411387965083122
LSTM,7,2026-01-12,0.035062582278872684,-0.00014535890659317374
LSTM,7,2026-01-13,-0.010994293221539438,-0.0038501638919115067
LSTM,7,2026-01-14,0.014167757153833019,-0.0029342789202928543
LSTM,7,2026-01-15,0.009627747477561784,-0.003008902072906494
LSTM,7,2026-01-16,-0.0367334112385482,-0.004877076484262943
LSTM,7,2026-01-20,0.053948396156832334,-0.0019093295559287071
LSTM,7,2026-01-21,0.01991144726071155,9.9981261882931e-05
LSTM,7,2026-01-22,0.03229035735256819,-0.0055091120302677155
LSTM,7,2026-01-23,0.06069352164768608,-0.0054453294724226
LSTM,7,2026-01-26,0.0467570338128215,-0.012037163600325584
LSTM,7,2026-01-27,-0.12660388881750273,-0.014322648756206036
LSTM,7,2026-01-28,0.036144512262748285,-0.011174333281815052
LSTM,7,2026-01-29,-0.0031904272845780365,-0.006807462312281132
LSTM,8,2026-01-30,-0.2112410939124752,-0.0007646619924344122
LSTM,8,2026-02-02,-0.004432506706622088,0.0037327255122363567
LSTM,8,2026-02-03,0.047618095694695946,0.007400325033813715
LSTM,8,2026-02-04,-0.015097983652643367,0.012702140025794506
LSTM,8,2026-02-05,-0.04787499079394151,0.014868219383060932
LSTM,8,2026-02-06,0.015259363719073696,0.016030753031373024
LSTM,8,2026-02-09,0.0074246467846108746,0.016410643234848976
LSTM,8,2026-02-10,-0.00823706820728417,0.011072923429310322
LSTM,8,2026-02-11,0.021894623124065156,0.006878055166453123
LSTM,8,2026-02-12,-0.05970119884926718,0.0030814791098237038
LSTM,8,2026-02-13,0.02800533158402034,0.0016120965592563152
LSTM,8,2026-02-17,-0.02875039556980956,-0.0013362672179937363
LSTM,8,2026-02-18,0.04560255252769679,-0.0033552139066159725
LSTM,8,2026-02-19,-0.021158394333875803,-0.0022006803192198277
LSTM,8,2026-02-20,0.050766998138235125,-0.0024252538569271564
LSTM,8,2026-02-23,-0.010796912011054982,-0.0013971193693578243
LSTM,8,2026-02-24,0.01603740683793895,-0.0023361309431493282
LSTM,8,2026-02-25,0.06414873078485848,-0.0029311752878129482
LSTM,8,2026-02-26,-0.041662696582930044,-0.0010820119641721249
LSTM,8,2026-02-27,0.05871631516648984,-0.0016789590008556843
LSTM,8,2026-03-02,-0.02296207579907521,-0.0007417253800667822
LSTM,9,2026-03-03,-0.10820486800986187,-0.02239471673965454
LSTM,9,2026-03-04,0.03778669303783018,-0.018835175782442093
LSTM,9,2026-03-05,-0.011529500345499094,-0.00803980603814125
LSTM,9,2026-03-06,0.005804670650795252,-0.001115898136049509
LSTM,9,2026-03-09,0.012616213402986435,0.004580944310873747
LSTM,9,2026-03-10,0.029698364290416602,0.009993281215429306
LSTM,9,2026-03-11,-0.01351371916672282,0.010821512900292873
LSTM,9,2026-03-12,-0.020619287202735703,0.008817420341074467
LSTM,9,2026-03-13,-0.058826482928302816,0.005594479851424694
LSTM,9,2026-03-16,0.025643064138062284,0.002891066949814558
LSTM,9,2026-03-17,0.020041913271712362,0.0018199230544269085
LSTM,9,2026-03-18,-0.038151788869022284,0.0008541918359696865
LSTM,9,2026-03-19,-0.056539435595185046,-0.00011911150068044662
LSTM,9,2026-03-20,0.01606256080374734,0.0008862670511007309
LSTM,9,2026-03-23,-0.05760026122783402,0.0013464447110891342
LSTM,9,2026-03-24,0.016896679340435386,0.0005091298371553421
LSTM,9,2026-03-25,0.01739536245450573,-0.0009468588978052139
LSTM,9,2026-03-26,-0.0461885750159386,0.0007651969790458679
LSTM,9,2026-03-27,0.017417963898598975,0.0010422361083328724
LSTM,9,2026-03-30,0.007986837725295442,0.0006906921043992043
LSTM,9,2026-03-31,0.03358331288350735,0.0002390621230006218
LSTM,10,2026-04-01,0.009848801875018371,-0.000504838302731514
LSTM,10,2026-04-02,-0.002796777833518582,-9.56773292273283e-05
LSTM,10,2026-04-06,-0.002855737614529973,-0.0011102260323241353
LSTM,10,2026-04-07,-0.014972098746593665,-0.002159697003662586
LSTM,10,2026-04-08,0.06107892062107771,-0.002337262500077486
LSTM,10,2026-04-09,0.022184550737613697,-0.006182564422488213
LSTM,10,2026-04-10,-0.022916311595956054,-0.005355259403586388
LSTM,10,2026-04-13,0.00617869134366017,-0.0028059696778655052
LSTM,10,2026-04-14,0.010997625807174088,-0.001516920980066061
LSTM,10,2026-04-15,0.013484328048676006,-0.0006554906722158194
LSTM,10,2026-04-16,-0.00893745178431326,0.00019413616973906755
LSTM,10,2026-04-17,0.014412567138765195,0.0015830626944079995
LSTM,10,2026-04-20,-0.025649789789379537,0.0015432654181495309
LSTM,10,2026-04-21,-0.02266270487696291,0.002875030506402254
LSTM,10,2026-04-22,0.02357991897934288,0.0032016984187066555
LSTM,10,2026-04-23,-0.024420104470429766,0.00047386379446834326
LSTM,10,2026-04-24,-0.003764605016653509,0.00040975376032292843
LSTM,10,2026-04-27,-0.01696696172399067,-0.0001585519639775157
LSTM,10,2026-04-28,-0.01977937067937363,-0.0003277790965512395
LSTM,10,2026-04-29,-0.029785877665489336,-0.0021606385707855225
LSTM,10,2026-04-30,0.048504681290635995,-0.0023114827927201986
GRU,1,2025-07-02,0.05429789671784961,-0.008868956938385963
GRU,1,2025-07-03,-0.03509131981127006,-0.010396557860076427
GRU,1,2025-07-04,0.007623925110659366,-0.003516203025355935
GRU,1,2025-07-07,-0.015086064492047045,0.0019227468874305487
GRU,1,2025-07-08,0.010809283324776242,-0.0012940841261297464
GRU,1,2025-07-09,-0.004368090890178193,-0.00669056735932827
GRU,1,2025-07-10,0.017574163261523414,-0.004341995809227228
GRU,1,2025-07-11,0.04011917078417733,-0.008660308085381985
GRU,1,2025-07-14,-0.03668402334284926,-0.008069450035691261
GRU,1,2025-07-15,-0.003363477786426151,0.0011943199206143618
GRU,1,2025-07-16,0.015718097347172576,-0.0004382107872515917
GRU,1,2025-07-17,0.025980948606922395,-0.0010433432180434465
GRU,1,2025-07-18,-0.010992557217958275,-0.004740568809211254
GRU,1,2025-07-21,0.026885887874657677,-0.0026493503246456385
GRU,1,2025-07-22,-0.008290310715313134,-0.0022511195857077837
GRU,1,2025-07-23,-0.019151900685067,-0.004498718306422234
GRU,1,2025-07-24,-0.009153525059112835,-0.00585084967315197
GRU,1,2025-07-25,-0.012147007527393778,-0.0041497210040688515
GRU,1,2025-07-28,-0.0023475371464720895,-0.0014926281291991472
GRU,1,2025-07-29,-7.120514714500215e-05,-0.0037606931291520596
GRU,1,2025-07-30,-0.03132606827350737,-0.0004677057731896639
GRU,2,2025-07-31,-0.05615159890895396,0.0006997294258326292
GRU,2,2025-08-01,0.013588825083303219,0.007198146544396877
GRU,2,2025-08-04,0.017032060300691564,-0.02698604017496109
GRU,2,2025-08-05,-0.006960289354717568,-0.00965667050331831
GRU,2,2025-08-06,0.0066586573132357205,-0.003485768334940076
GRU,2,2025-08-07,0.010428110769563709,-0.007285726256668568
GRU,2,2025-08-08,-0.010729833820386165,-0.005503716878592968
GRU,2,2025-08-11,0.003238601081950239,-0.0006135425064712763
GRU,2,2025-08-12,0.008982768523628983,-0.0006420540157705545
GRU,2,2025-08-13,-0.007780412046577663,-0.0008529429323971272
GRU,2,2025-08-14,0.014020699873954793,0.003192112548276782
GRU,2,2025-08-15,-0.011919979785004786,-0.003751595737412572
GRU,2,2025-08-18,-0.005938322555647232,0.0028829246293753386
GRU,2,2025-08-19,-0.018336554319871908,0.0028070665430277586
GRU,2,2025-08-20,0.024049978008151045,0.0011483670677989721
GRU,2,2025-08-21,0.012811102881160759,-0.0045983558520674706
GRU,2,2025-08-22,0.003103581357723482,-0.006194191984832287
GRU,2,2025-08-25,-0.017715423347965248,-0.005131463520228863
GRU,2,2025-08-26,0.008077866533329543,-0.004939092323184013
GRU,2,2025-08-27,-0.0007452120337467954,-0.005137225612998009
GRU,2,2025-08-28,0.011120286384573762,-0.004405367188155651
GRU,3,2025-08-29,0.00683293268054827,0.0018977720756083727
GRU,3,2025-09-02,0.0289394885439482,0.001560212578624487
GRU,3,2025-09-03,0.029990985432527387,0.002011361066251993
GRU,3,2025-09-04,-0.05491132267393003,-0.00018556095892563462
GRU,3,2025-09-05,0.007628356489719208,0.0018039611168205738
GRU,3,2025-09-08,-0.0006515130320953691,0.0027019293047487736
GRU,3,2025-09-09,-0.009825048664979812,0.005649545695632696
GRU,3,2025-09-10,0.01854989419510853,0.005367625504732132
GRU,3,2025-09-11,0.0017932077797482102,0.002445102669298649
GRU,3,2025-09-12,0.008491879697597701,0.0032482645474374294
GRU,3,2025-09-15,0.003900575712101561,0.0026859412901103497
GRU,3,2025-09-16,-0.010173351768924196,0.003421369008719921
GRU,3,2025-09-17,-0.018620665955265174,0.0015689767897129059
GRU,3,2025-09-18,0.017833816902663176,0.0004352825926616788
GRU,3,2025-09-19,0.01202135896162909,-0.0023536456283181906
GRU,3,2025-09-22,0.006624338772018788,-0.001294687855988741
GRU,3,2025-09-23,0.05500208060804961,0.0009631933062337339
GRU,3,2025-09-24,-0.013183147727295738,0.0003872480592690408
GRU,3,2025-09-25,0.030647099994633623,-0.00040406506741419435
GRU,3,2025-09-26,0.03340710328963251,-0.005040767602622509
GRU,3,2025-09-29,0.016667113677587827,-0.0031496365554630756
GRU,4,2025-09-30,-0.015467338041609338,0.0002471533662173897
GRU,4,2025-10-01,-0.009320055526438638,0.0006311078323051333
GRU,4,2025-10-02,-0.00389315068318572,0.0010897911852225661
GRU,4,2025-10-03,0.034875199318837216,0.0013787978095933795
GRU,4,2025-10-06,0.00958766808115634,0.0015061491867527366
GRU,4,2025-10-07,-0.00508972359101377,0.0037857559509575367
GRU,4,2025-10-08,0.03111067630373697,0.005673711653798819
GRU,4,2025-10-09,-0.026510428909785496,0.004258628468960524
GRU,4,2025-10-10,-0.020651176068947143,0.0038027993869036436
GRU,4,2025-10-13,0.04214305909187053,0.005372554995119572
GRU,4,2025-10-14,-0.00872264694460278,0.0023773079738020897
GRU,4,2025-10-15,0.008183435695993694,0.00419408455491066
GRU,4,2025-10-16,0.0389049380129188,0.005049439147114754
GRU,4,2025-10-17,-0.07950966141699312,0.003915277309715748
GRU,4,2025-10-20,0.02014152782682235,0.006035408936440945
GRU,4,2025-10-21,-0.0834534298046432,0.00394813809543848
GRU,4,2025-10-22,0.021053409197832263,0.006460086442530155
GRU,4,2025-10-23,0.033041791823324326,0.005202558822929859
GRU,4,2025-10-24,0.003960431911251035,0.005808756686747074
GRU,4,2025-10-27,-0.009772167266185813,0.008346288464963436
GRU,4,2025-10-28,-0.0008873832129687246,0.009887699037790298
GRU,5,2025-10-29,0.009027014937524084,0.0008127435576170683
GRU,5,2025-10-30,0.01062642796112413,-0.0004831256519537419
GRU,5,2025-10-31,-0.024229497064294635,3.914118860848248e-05
GRU,5,2025-11-03,0.002671896179956862,0.0027820083778351545
GRU,5,2025-11-04,-0.020345309588489065,0.0030572463292628527
GRU,5,2025-11-05,0.0072356094442426605,0.0009578184690326452
GRU,5,2025-11-06,-0.016354411350005513,0.001852875342592597
GRU,5,2025-11-07,0.007171760853925076,0.002261495916172862
GRU,5,2025-11-10,0.033097786232648266,0.006594662554562092
GRU,5,2025-11-11,-0.0010689837030382371,0.010063555091619492
GRU,5,2025-11-12,0.020488323647807144,0.003853169037029147
GRU,5,2025-11-13,-0.011406746949420432,0.00214259116910398
GRU,5,2025-11-14,-0.030834055255529565,0.0009450362995266914
GRU,5,2025-11-17,-0.006127272740868349,-2.293914440087974e-05
GRU,5,2025-11-18,-0.00032353037636850476,-0.00030470427009277046
GRU,5,2025-11-19,0.001099623832940347,0.0006764632416889071
GRU,5,2025-11-20,-0.026663053776030093,0.0007519526407122612
GRU,5,2025-11-21,0.005033187881238608,0.0011142475996166468
GRU,5,2025-11-24,0.01878139864914207,0.005711343139410019
GRU,5,2025-11-25,0.009292203597287156,0.007303036283701658
GRU,5,2025-11-26,0.014031737113716202,0.003787408350035548
GRU,6,2025-11-28,0.06069536118160296,-0.0012146783992648125
GRU,6,2025-12-01,-0.0045402884329013415,-0.0016548437997698784
GRU,6,2025-12-02,-0.015751193623122647,0.00368816452100873
GRU,6,2025-12-03,0.007574646123825222,0.0024744411930441856
GRU,6,2025-12-04,-0.001268522668791291,-0.0017254999838769436
GRU,6,2025-12-05,0.00036258874000403614,-0.004102503415197134
GRU,6,2025-12-08,0.0,-0.002066111657768488
GRU,6,2025-12-09,0.02394071291055024,0.0009430940262973309
GRU,6,2025-12-10,-0.031948491066943405,0.0014310656115412712
GRU,6,2025-12-11,0.03941279040997831,0.005901179742068052
GRU,6,2025-12-12,0.028458687804576898,-0.0006201746873557568
GRU,6,2025-12-15,0.029938341336370397,-0.0007766284979879856
GRU,6,2025-12-16,0.03238884209402803,0.004230744671076536
GRU,6,2025-12-17,0.03292607142749483,-0.0007243831641972065
GRU,6,2025-12-18,0.01172795146834991,-0.0039141797460615635
GRU,6,2025-12-19,0.02907955645264974,-0.0021180459298193455
GRU,6,2025-12-22,0.03456365222503906,-0.0018775020726025105
GRU,6,2025-12-23,0.09076312754876349,-0.0011587319895625114
GRU,6,2025-12-24,-0.01750557412132292,-0.003811864648014307
GRU,6,2025-12-26,0.09573984563344325,0.007039278279989958
GRU,6,2025-12-29,-0.15906604900959542,-0.0019133579917252064
GRU,7,2025-12-30,0.05881199202023939,-0.01216480229049921
GRU,7,2025-12-31,-0.09278237750304041,-0.011019623838365078
GRU,7,2026-01-02,0.043851048466960564,-0.012485421262681484
GRU,7,2026-01-05,0.06545840598781522,-0.007973971776664257
GRU,7,2026-01-06,0.06997645165095208,0.0014240485616028309
GRU,7,2026-01-07,-0.07709585115469823,0.002951089758425951
GRU,7,2026-01-08,-0.0007546786121647461,-0.004725219216197729
GRU,7,2026-01-09,0.011744107456218981,-0.0004813516861759126
GRU,7,2026-01-12,0.035062582278872684,0.0014116414822638035
GRU,7,2026-01-13,-0.010994293221539438,-0.0002878656960092485
GRU,7,2026-01-14,0.014167757153833019,0.00024142727488651872
GRU,7,2026-01-15,0.009627747477561784,0.0011572693474590778
GRU,7,2026-01-16,-0.0367334112385482,0.0007248842739500105
GRU,7,2026-01-20,0.053948396156832334,0.002042787615209818
GRU,7,2026-01-21,0.01991144726071155,-0.0006972881383262575
GRU,7,2026-01-22,0.03229035735256819,-0.0016032527200877666
GRU,7,2026-01-23,0.06069352164768608,-0.0017085480503737926
GRU,7,2026-01-26,0.0467570338128215,-0.005230521317571402
GRU,7,2026-01-27,-0.12660388881750273,-0.007643939461559057
GRU,7,2026-01-28,0.036144512262748285,-0.01051995437592268
GRU,7,2026-01-29,-0.0031904272845780365,-0.01290216576308012
GRU,8,2026-01-30,-0.2112410939124752,0.005229644477367401
GRU,8,2026-02-02,-0.004432506706622088,0.007457537576556206
GRU,8,2026-02-03,0.047618095694695946,-0.0052068522199988365
GRU,8,2026-02-04,-0.015097983652643367,-0.01117736380547285
GRU,8,2026-02-05,-0.04787499079394151,0.0029705290216952562
GRU,8,2026-02-06,0.015259363719073696,0.014398057945072651
GRU,8,2026-02-09,0.0074246467846108746,0.010288924910128117
GRU,8,2026-02-10,-0.00823706820728417,0.00922608096152544
GRU,8,2026-02-11,0.021894623124065156,0.005705441348254681
GRU,8,2026-02-12,-0.05970119884926718,0.004354043863713741
GRU,8,2026-02-13,0.02800533158402034,0.0013348824577406049
GRU,8,2026-02-17,-0.02875039556980956,-0.0012331482721492648
GRU,8,2026-02-18,0.04560255252769679,-0.00013184439740143716
GRU,8,2026-02-19,-0.021158394333875803,-0.00048338514170609415
GRU,8,2026-02-20,0.050766998138235125,-0.0015280981315299869
GRU,8,2026-02-23,-0.010796912011054982,-0.00094111158978194
GRU,8,2026-02-24,0.01603740683793895,-0.004303267225623131
GRU,8,2026-02-25,0.06414873078485848,-0.0039122505113482475
GRU,8,2026-02-26,-0.041662696582930044,-0.0022845796775072813
GRU,8,2026-02-27,0.05871631516648984,-0.005577936302870512
GRU,8,2026-03-02,-0.02296207579907521,-0.005982165224850178
GRU,9,2026-03-03,-0.10820486800986187,-0.009980743750929832
GRU,9,2026-03-04,0.03778669303783018,-0.005654891487210989
GRU,9,2026-03-05,-0.011529500345499094,-0.022239435464143753
GRU,9,2026-03-06,0.005804670650795252,-0.017361313104629517
GRU,9,2026-03-09,0.012616213402986435,-0.009400367736816406
GRU,9,2026-03-10,0.029698364290416602,-0.001094058621674776
GRU,9,2026-03-11,-0.01351371916672282,0.002586140763014555
GRU,9,2026-03-12,-0.020619287202735703,0.004483623895794153
GRU,9,2026-03-13,-0.058826482928302816,-0.0003315294161438942
GRU,9,2026-03-16,0.025643064138062284,0.0016244458965957165
GRU,9,2026-03-17,0.020041913271712362,-0.0005277148447930813
GRU,9,2026-03-18,-0.038151788869022284,-0.0022824127227067947
GRU,9,2026-03-19,-0.056539435595185046,0.00033977488055825233
GRU,9,2026-03-20,0.01606256080374734,0.0036229300312697887
GRU,9,2026-03-23,-0.05760026122783402,0.003606857266277075
GRU,9,2026-03-24,0.016896679340435386,0.0031460332684218884
GRU,9,2026-03-25,0.01739536245450573,0.0068513802252709866
GRU,9,2026-03-26,-0.0461885750159386,0.007936369627714157
GRU,9,2026-03-27,0.017417963898598975,0.01202438771724701
GRU,9,2026-03-30,0.007986837725295442,0.006293721031397581
GRU,9,2026-03-31,0.03358331288350735,0.009299758821725845
GRU,10,2026-04-01,0.009848801875018371,0.0028805637266486883
GRU,10,2026-04-02,-0.002796777833518582,0.0024016788229346275
GRU,10,2026-04-06,-0.002855737614529973,0.001458584563806653
GRU,10,2026-04-07,-0.014972098746593665,-0.0014357552863657475
GRU,10,2026-04-08,0.06107892062107771,-0.0027427454479038715
GRU,10,2026-04-09,0.022184550737613697,-0.004740566480904818
GRU,10,2026-04-10,-0.022916311595956054,-0.0037219030782580376
GRU,10,2026-04-13,0.00617869134366017,-0.0016833622939884663
GRU,10,2026-04-14,0.010997625807174088,-0.001673840917646885
GRU,10,2026-04-15,0.013484328048676006,-0.0017720961477607489
GRU,10,2026-04-16,-0.00893745178431326,-0.0011777140898630023
GRU,10,2026-04-17,0.014412567138765195,-0.00015204367809928954
GRU,10,2026-04-20,-0.025649789789379537,0.0003429134376347065
GRU,10,2026-04-21,-0.02266270487696291,0.0020969510078430176
GRU,10,2026-04-22,0.02357991897934288,0.0024813306517899036
GRU,10,2026-04-23,-0.024420104470429766,0.0006928697694092989
GRU,10,2026-04-24,-0.003764605016653509,0.0008872837061062455
GRU,10,2026-04-27,-0.01696696172399067,0.0010384975466877222
GRU,10,2026-04-28,-0.01977937067937363,0.0028415247797966003
GRU,10,2026-04-29,-0.029785877665489336,0.0025631296448409557
GRU,10,2026-04-30,0.048504681290635995,0.0016818656586110592
BiLSTM,1,2025-07-02,0.05429789671784961,-0.001255841227248311
BiLSTM,1,2025-07-03,-0.03509131981127006,-0.0057482169941067696
BiLSTM,1,2025-07-04,0.007623925110659366,-0.003743626642972231
BiLSTM,1,2025-07-07,-0.015086064492047045,-0.0014197095297276974
BiLSTM,1,2025-07-08,0.010809283324776242,-0.0003542605263646692
BiLSTM,1,2025-07-09,-0.004368090890178193,-0.0018758773803710938
BiLSTM,1,2025-07-10,0.017574163261523414,-0.0008219224400818348
BiLSTM,1,2025-07-11,0.04011917078417733,0.0006139869801700115
BiLSTM,1,2025-07-14,-0.03668402334284926,-0.00038037096965126693
BiLSTM,1,2025-07-15,-0.003363477786426151,0.003260788507759571
BiLSTM,1,2025-07-16,0.015718097347172576,0.002118342090398073
BiLSTM,1,2025-07-17,0.025980948606922395,0.0020725931972265244
BiLSTM,1,2025-07-18,-0.010992557217958275,-0.001653023180551827
BiLSTM,1,2025-07-21,0.026885887874657677,-0.0012145782820880413
BiLSTM,1,2025-07-22,-0.008290310715313134,-0.0003396859101485461
BiLSTM,1,2025-07-23,-0.019151900685067,-0.0013910813722759485
BiLSTM,1,2025-07-24,-0.009153525059112835,0.0004336310375947505
BiLSTM,1,2025-07-25,-0.012147007527393778,-0.0019924486987292767
BiLSTM,1,2025-07-28,-0.0023475371464720895,0.0005886182188987732
BiLSTM,1,2025-07-29,-7.120514714500215e-05,0.0007131041493266821
BiLSTM,1,2025-07-30,-0.03132606827350737,0.0016692799981683493
BiLSTM,2,2025-07-31,-0.05615159890895396,0.0061271050944924355
BiLSTM,2,2025-08-01,0.013588825083303219,0.005629661493003368
BiLSTM,2,2025-08-04,0.017032060300691564,0.0009294284973293543
BiLSTM,2,2025-08-05,-0.006960289354717568,-0.003636876819655299
BiLSTM,2,2025-08-06,0.0066586573132357205,-0.007367286831140518
BiLSTM,2,2025-08-07,0.010428110769563709,-0.0044328379444777966
BiLSTM,2,2025-08-08,-0.010729833820386165,0.00011339480988681316
BiLSTM,2,2025-08-11,0.003238601081950239,-0.0009737231303006411
BiLSTM,2,2025-08-12,0.008982768523628983,-0.005544699728488922
BiLSTM,2,2025-08-13,-0.007780412046577663,-0.002803190378472209
BiLSTM,2,2025-08-14,0.014020699873954793,0.002842729212716222
BiLSTM,2,2025-08-15,-0.011919979785004786,0.006194234825670719
BiLSTM,2,2025-08-18,-0.005938322555647232,0.0035219748970121145
BiLSTM,2,2025-08-19,-0.018336554319871908,0.002250130521133542
BiLSTM,2,2025-08-20,0.024049978008151045,0.002231718273833394
BiLSTM,2,2025-08-21,0.012811102881160759,0.004281304776668549
BiLSTM,2,2025-08-22,0.003103581357723482,0.0027731864247471094
BiLSTM,2,2025-08-25,-0.017715423347965248,-0.00026974338106811047
BiLSTM,2,2025-08-26,0.008077866533329543,-0.00477425754070282
BiLSTM,2,2025-08-27,-0.0007452120337467954,-0.005093801766633987
BiLSTM,2,2025-08-28,0.011120286384573762,-0.006639033555984497
BiLSTM,3,2025-08-29,0.00683293268054827,0.0012736560311168432
BiLSTM,3,2025-09-02,0.0289394885439482,0.002854407299309969
BiLSTM,3,2025-09-03,0.029990985432527387,0.001022842712700367
BiLSTM,3,2025-09-04,-0.05491132267393003,-0.0015262879896908998
BiLSTM,3,2025-09-05,0.007628356489719208,-0.0021743306424468756
BiLSTM,3,2025-09-08,-0.0006515130320953691,-0.003642647759988904
BiLSTM,3,2025-09-09,-0.009825048664979812,-0.002210151171311736
BiLSTM,3,2025-09-10,0.01854989419510853,-0.0016579951625317335
BiLSTM,3,2025-09-11,0.0017932077797482102,-0.002476237015798688
BiLSTM,3,2025-09-12,0.008491879697597701,8.194916881620884e-05
BiLSTM,3,2025-09-15,0.003900575712101561,-0.0001194290816783905
BiLSTM,3,2025-09-16,-0.010173351768924196,0.0003179064951837063
BiLSTM,3,2025-09-17,-0.018620665955265174,0.0005618066061288118
BiLSTM,3,2025-09-18,0.017833816902663176,0.0008731505367904902
BiLSTM,3,2025-09-19,0.01202135896162909,0.0008140678983181715
BiLSTM,3,2025-09-22,0.006624338772018788,-0.0004959017969667912
BiLSTM,3,2025-09-23,0.05500208060804961,-0.0007217532256618142
BiLSTM,3,2025-09-24,-0.013183147727295738,-0.0026054384652525187
BiLSTM,3,2025-09-25,0.030647099994633623,-0.0028183695394545794
BiLSTM,3,2025-09-26,0.03340710328963251,-0.0044848378747701645
BiLSTM,3,2025-09-29,0.016667113677587827,-0.0037191768642514944
BiLSTM,4,2025-09-30,-0.015467338041609338,-0.0009345700964331627
BiLSTM,4,2025-10-01,-0.009320055526438638,0.0010290639474987984
BiLSTM,4,2025-10-02,-0.00389315068318572,0.0023011425510048866
BiLSTM,4,2025-10-03,0.034875199318837216,0.0026857666671276093
BiLSTM,4,2025-10-06,0.00958766808115634,0.0009524277411401272
BiLSTM,4,2025-10-07,-0.00508972359101377,0.0005254552233964205
BiLSTM,4,2025-10-08,0.03111067630373697,0.00153014634270221
BiLSTM,4,2025-10-09,-0.026510428909785496,-0.0009019518620334566
BiLSTM,4,2025-10-10,-0.020651176068947143,0.0005804176325909793
BiLSTM,4,2025-10-13,0.04214305909187053,0.0005087406607344747
BiLSTM,4,2025-10-14,-0.00872264694460278,-0.003041127696633339
BiLSTM,4,2025-10-15,0.008183435695993694,-0.0016716793179512024
BiLSTM,4,2025-10-16,0.0389049380129188,6.657002813881263e-05
BiLSTM,4,2025-10-17,-0.07950966141699312,-0.0002028434246312827
BiLSTM,4,2025-10-20,0.02014152782682235,0.004266302101314068
BiLSTM,4,2025-10-21,-0.0834534298046432,0.0009170398116111755
BiLSTM,4,2025-10-22,0.021053409197832263,0.0006384309381246567
BiLSTM,4,2025-10-23,0.033041791823324326,-0.0010042502544820309
BiLSTM,4,2025-10-24,0.003960431911251035,0.0018374535720795393
BiLSTM,4,2025-10-27,-0.009772167266185813,0.0024358092341572046
BiLSTM,4,2025-10-28,-0.0008873832129687246,0.0002692705311346799
BiLSTM,5,2025-10-29,0.009027014937524084,0.0019852272234857082
BiLSTM,5,2025-10-30,0.01062642796112413,0.002835273277014494
BiLSTM,5,2025-10-31,-0.024229497064294635,0.0017974850488826632
BiLSTM,5,2025-11-03,0.002671896179956862,0.003866102546453476
BiLSTM,5,2025-11-04,-0.020345309588489065,0.001137045561335981
BiLSTM,5,2025-11-05,0.0072356094442426605,0.0002088526962324977
BiLSTM,5,2025-11-06,-0.016354411350005513,0.001997578889131546
BiLSTM,5,2025-11-07,0.007171760853925076,0.0027891970239579678
BiLSTM,5,2025-11-10,0.033097786232648266,0.006649716291576624
BiLSTM,5,2025-11-11,-0.0010689837030382371,0.004754666239023209
BiLSTM,5,2025-11-12,0.020488323647807144,0.0049141645431518555
BiLSTM,5,2025-11-13,-0.011406746949420432,0.0057942746207118034
BiLSTM,5,2025-11-14,-0.030834055255529565,0.005654555279761553
BiLSTM,5,2025-11-17,-0.006127272740868349,0.0018498966237530112
BiLSTM,5,2025-11-18,-0.00032353037636850476,-0.00015488371718674898
BiLSTM,5,2025-11-19,0.001099623832940347,-0.0016909310361370444
BiLSTM,5,2025-11-20,-0.026663053776030093,0.0009319109376519918
BiLSTM,5,2025-11-21,0.005033187881238608,0.0019972617737948895
BiLSTM,5,2025-11-24,0.01878139864914207,0.0016400496242567897
BiLSTM,5,2025-11-25,0.009292203597287156,-0.0011592338560149074
BiLSTM,5,2025-11-26,0.014031737113716202,-0.0023731240071356297
BiLSTM,6,2025-11-28,0.06069536118160296,0.0028760437853634357
BiLSTM,6,2025-12-01,-0.0045402884329013415,-0.0007229516049847007
BiLSTM,6,2025-12-02,-0.015751193623122647,0.00648792227730155
BiLSTM,6,2025-12-03,0.007574646123825222,0.0010805168421939015
BiLSTM,6,2025-12-04,-0.001268522668791291,-0.0020706295035779476
BiLSTM,6,2025-12-05,0.00036258874000403614,-0.0013780336594209075
BiLSTM,6,2025-12-08,0.0,-0.00010032241698354483
BiLSTM,6,2025-12-09,0.02394071291055024,0.0018445594469085336
BiLSTM,6,2025-12-10,-0.031948491066943405,-0.0012253004824742675
BiLSTM,6,2025-12-11,0.03941279040997831,0.002947788219898939
BiLSTM,6,2025-12-12,0.028458687804576898,-0.0013315501855686307
BiLSTM,6,2025-12-15,0.029938341336370397,0.004987331107258797
BiLSTM,6,2025-12-16,0.03238884209402803,8.544011507183313e-05
BiLSTM,6,2025-12-17,0.03292607142749483,0.0006429139757528901
BiLSTM,6,2025-12-18,0.01172795146834991,-0.0004817800363525748
BiLSTM,6,2025-12-19,0.02907955645264974,0.005702803377062082
BiLSTM,6,2025-12-22,0.03456365222503906,-0.0004888133844360709
BiLSTM,6,2025-12-23,0.09076312754876349,-0.0022639851085841656
BiLSTM,6,2025-12-24,-0.01750557412132292,-0.006967558991163969
BiLSTM,6,2025-12-26,0.09573984563344325,0.0017041933024302125
BiLSTM,6,2025-12-29,-0.15906604900959542,-0.0006517966976389289
BiLSTM,7,2025-12-30,0.05881199202023939,0.0058549498207867146
BiLSTM,7,2025-12-31,-0.09278237750304041,-0.002821073867380619
BiLSTM,7,2026-01-02,0.043851048466960564,-0.0024115387350320816
BiLSTM,7,2026-01-05,0.06545840598781522,-0.0001079438952729106
BiLSTM,7,2026-01-06,0.06997645165095208,0.006035001017153263
BiLSTM,7,2026-01-07,-0.07709585115469823,0.00592887494713068
BiLSTM,7,2026-01-08,-0.0007546786121647461,0.003294738009572029
BiLSTM,7,2026-01-09,0.011744107456218981,0.003066558390855789
BiLSTM,7,2026-01-12,0.035062582278872684,0.0019392810063436627
BiLSTM,7,2026-01-13,-0.010994293221539438,0.0034827645868062973
BiLSTM,7,2026-01-14,0.014167757153833019,-0.0012716472847387195
BiLSTM,7,2026-01-15,0.009627747477561784,-0.0011883688857778907
BiLSTM,7,2026-01-16,-0.0367334112385482,-0.002490079030394554
BiLSTM,7,2026-01-20,0.053948396156832334,0.0026042694225907326
BiLSTM,7,2026-01-21,0.01991144726071155,0.00450164545327425
BiLSTM,7,2026-01-22,0.03229035735256819,0.006467920728027821
BiLSTM,7,2026-01-23,0.06069352164768608,0.005104522220790386
BiLSTM,7,2026-01-26,0.0467570338128215,-0.0007392539409920573
BiLSTM,7,2026-01-27,-0.12660388881750273,0.0031380513682961464
BiLSTM,7,2026-01-28,0.036144512262748285,-9.375333320349455e-05
BiLSTM,7,2026-01-29,-0.0031904272845780365,0.0008153385715559125
BiLSTM,8,2026-01-30,-0.2112410939124752,-0.00034268666058778763
BiLSTM,8,2026-02-02,-0.004432506706622088,-0.011442185379564762
BiLSTM,8,2026-02-03,0.047618095694695946,-0.00026569142937660217
BiLSTM,8,2026-02-04,-0.015097983652643367,0.008430536836385727
BiLSTM,8,2026-02-05,-0.04787499079394151,0.010056713595986366
BiLSTM,8,2026-02-06,0.015259363719073696,0.018440185114741325
BiLSTM,8,2026-02-09,0.0074246467846108746,0.018672652542591095
BiLSTM,8,2026-02-10,-0.00823706820728417,0.01675126701593399
BiLSTM,8,2026-02-11,0.021894623124065156,0.015621421858668327
BiLSTM,8,2026-02-12,-0.05970119884926718,0.011310601606965065
BiLSTM,8,2026-02-13,0.02800533158402034,0.008588461205363274
BiLSTM,8,2026-02-17,-0.02875039556980956,0.00338955782353878
BiLSTM,8,2026-02-18,0.04560255252769679,0.0011945674195885658
BiLSTM,8,2026-02-19,-0.021158394333875803,0.0007077720947563648
BiLSTM,8,2026-02-20,0.050766998138235125,-0.0014945627190172672
BiLSTM,8,2026-02-23,-0.010796912011054982,0.00016168737784028053
BiLSTM,8,2026-02-24,0.01603740683793895,-0.004377947188913822
BiLSTM,8,2026-02-25,0.06414873078485848,-0.0034883259795606136
BiLSTM,8,2026-02-26,-0.041662696582930044,-0.007420916110277176
BiLSTM,8,2026-02-27,0.05871631516648984,-0.0034189256839454174
BiLSTM,8,2026-03-02,-0.02296207579907521,-0.003955810330808163
BiLSTM,9,2026-03-03,-0.10820486800986187,0.004956236574798822
BiLSTM,9,2026-03-04,0.03778669303783018,0.003462984226644039
BiLSTM,9,2026-03-05,-0.011529500345499094,0.0036400663666427135
BiLSTM,9,2026-03-06,0.005804670650795252,0.008196139708161354
BiLSTM,9,2026-03-09,0.012616213402986435,0.007487492170184851
BiLSTM,9,2026-03-10,0.029698364290416602,0.0067192064598202705
BiLSTM,9,2026-03-11,-0.01351371916672282,0.007359196897596121
BiLSTM,9,2026-03-12,-0.020619287202735703,0.0027328834403306246
BiLSTM,9,2026-03-13,-0.058826482928302816,0.0015914947725832462
BiLSTM,9,2026-03-16,0.025643064138062284,-0.001773062744177878
BiLSTM,9,2026-03-17,0.020041913271712362,-0.0016866635996848345
BiLSTM,9,2026-03-18,-0.038151788869022284,-0.0012430916540324688
BiLSTM,9,2026-03-19,-0.056539435595185046,-0.00042201788164675236
BiLSTM,9,2026-03-20,0.01606256080374734,0.0008321446366608143
BiLSTM,9,2026-03-23,-0.05760026122783402,0.0010942025110125542
BiLSTM,9,2026-03-24,0.016896679340435386,0.00026314426213502884
BiLSTM,9,2026-03-25,0.01739536245450573,-0.00018502608872950077
BiLSTM,9,2026-03-26,-0.0461885750159386,0.0017617987468838692
BiLSTM,9,2026-03-27,0.017417963898598975,0.005926449783146381
BiLSTM,9,2026-03-30,0.007986837725295442,0.006265947129577398
BiLSTM,9,2026-03-31,0.03358331288350735,0.006625720765441656
BiLSTM,10,2026-04-01,0.009848801875018371,0.0017411683220416307
BiLSTM,10,2026-04-02,-0.002796777833518582,0.006190706044435501
BiLSTM,10,2026-04-06,-0.002855737614529973,0.003103463212028146
BiLSTM,10,2026-04-07,-0.014972098746593665,0.002382688457146287
BiLSTM,10,2026-04-08,0.06107892062107771,0.002223159419372678
BiLSTM,10,2026-04-09,0.022184550737613697,-0.0034301718696951866
BiLSTM,10,2026-04-10,-0.022916311595956054,-0.00019702711142599583
BiLSTM,10,2026-04-13,0.00617869134366017,0.0048553235828876495
BiLSTM,10,2026-04-14,0.010997625807174088,0.005410162732005119
BiLSTM,10,2026-04-15,0.013484328048676006,0.005173780955374241
BiLSTM,10,2026-04-16,-0.00893745178431326,0.005544579587876797
BiLSTM,10,2026-04-17,0.014412567138765195,0.005340316332876682
BiLSTM,10,2026-04-20,-0.025649789789379537,0.0026288479566574097
BiLSTM,10,2026-04-21,-0.02266270487696291,0.006056036800146103
BiLSTM,10,2026-04-22,0.02357991897934288,0.002162599703297019
BiLSTM,10,2026-04-23,-0.024420104470429766,-0.0011537342797964811
BiLSTM,10,2026-04-24,-0.003764605016653509,-0.001967707648873329
BiLSTM,10,2026-04-27,-0.01696696172399067,-0.005544576793909073
BiLSTM,10,2026-04-28,-0.01977937067937363,-0.002062887419015169
BiLSTM,10,2026-04-29,-0.029785877665489336,-0.004070942290127277
BiLSTM,10,2026-04-30,0.048504681290635995,-0.0024407529272139072
Transformer,1,2025-07-02,0.05429789671784961,0.005478531587868929
Transformer,1,2025-07-03,-0.03509131981127006,0.0068481131456792355
Transformer,1,2025-07-04,0.007623925110659366,0.0038372445851564407
Transformer,1,2025-07-07,-0.015086064492047045,0.008589505217969418
Transformer,1,2025-07-08,0.010809283324776242,0.021535132080316544
Transformer,1,2025-07-09,-0.004368090890178193,0.02492745965719223
Transformer,1,2025-07-10,0.017574163261523414,0.0251151155680418
Transformer,1,2025-07-11,0.04011917078417733,0.016772570088505745
Transformer,1,2025-07-14,-0.03668402334284926,0.016220321878790855
Transformer,1,2025-07-15,-0.003363477786426151,0.01721269264817238
Transformer,1,2025-07-16,0.015718097347172576,0.013367888517677784
Transformer,1,2025-07-17,0.025980948606922395,0.00970941036939621
Transformer,1,2025-07-18,-0.010992557217958275,0.007614280097186565
Transformer,1,2025-07-21,0.026885887874657677,0.00842712726444006
Transformer,1,2025-07-22,-0.008290310715313134,0.005379745736718178
Transformer,1,2025-07-23,-0.019151900685067,0.005117472261190414
Transformer,1,2025-07-24,-0.009153525059112835,0.006995012052357197
Transformer,1,2025-07-25,-0.012147007527393778,0.004260016605257988
Transformer,1,2025-07-28,-0.0023475371464720895,0.0049065579660236835
Transformer,1,2025-07-29,-7.120514714500215e-05,-0.0002044915163423866
Transformer,1,2025-07-30,-0.03132606827350737,0.002023029839619994
Transformer,2,2025-07-31,-0.05615159890895396,0.009435118176043034
Transformer,2,2025-08-01,0.013588825083303219,0.010250432416796684
Transformer,2,2025-08-04,0.017032060300691564,0.0040911538526415825
Transformer,2,2025-08-05,-0.006960289354717568,0.00037712857010774314
Transformer,2,2025-08-06,0.0066586573132357205,-0.0004251877835486084
Transformer,2,2025-08-07,0.010428110769563709,0.004884324502199888
Transformer,2,2025-08-08,-0.010729833820386165,0.0016058438923209906
Transformer,2,2025-08-11,0.003238601081950239,0.001629747566767037
Transformer,2,2025-08-12,0.008982768523628983,0.001167041715234518
Transformer,2,2025-08-13,-0.007780412046577663,0.0015934729017317295
Transformer,2,2025-08-14,0.014020699873954793,0.004300154745578766
Transformer,2,2025-08-15,-0.011919979785004786,0.0060891942121088505
Transformer,2,2025-08-18,-0.005938322555647232,0.007131964433938265
Transformer,2,2025-08-19,-0.018336554319871908,0.00639788992702961
Transformer,2,2025-08-20,0.024049978008151045,0.007086302153766155
Transformer,2,2025-08-21,0.012811102881160759,0.0057498374953866005
Transformer,2,2025-08-22,0.003103581357723482,0.007884644903242588
Transformer,2,2025-08-25,-0.017715423347965248,0.0082002654671669
Transformer,2,2025-08-26,0.008077866533329543,0.007563041523098946
Transformer,2,2025-08-27,-0.0007452120337467954,0.005037572700530291
Transformer,2,2025-08-28,0.011120286384573762,0.007416066247969866
Transformer,3,2025-08-29,0.00683293268054827,0.004374097567051649
Transformer,3,2025-09-02,0.0289394885439482,-0.0019091552821919322
Transformer,3,2025-09-03,0.029990985432527387,0.001885015401057899
Transformer,3,2025-09-04,-0.05491132267393003,0.0032362304627895355
Transformer,3,2025-09-05,0.007628356489719208,-0.000496197841130197
Transformer,3,2025-09-08,-0.0006515130320953691,-0.002173628192394972
Transformer,3,2025-09-09,-0.009825048664979812,-0.0033968770876526833
Transformer,3,2025-09-10,0.01854989419510853,-0.002061063889414072
Transformer,3,2025-09-11,0.0017932077797482102,6.432610098272562e-05
Transformer,3,2025-09-12,0.008491879697597701,-0.00042715907329693437
Transformer,3,2025-09-15,0.003900575712101561,-0.001152685726992786
Transformer,3,2025-09-16,-0.010173351768924196,-5.513837095350027e-05
Transformer,3,2025-09-17,-0.018620665955265174,0.0012482131132856011
Transformer,3,2025-09-18,0.017833816902663176,-0.000416432972997427
Transformer,3,2025-09-19,0.01202135896162909,-0.00025113963056355715
Transformer,3,2025-09-22,0.006624338772018788,-0.0002632535179145634
Transformer,3,2025-09-23,0.05500208060804961,-0.00018465123139321804
Transformer,3,2025-09-24,-0.013183147727295738,-0.0006186458631418645
Transformer,3,2025-09-25,0.030647099994633623,-0.00045856728684157133
Transformer,3,2025-09-26,0.03340710328963251,-0.0011817315826192498
Transformer,3,2025-09-29,0.016667113677587827,-0.001014585024677217
Transformer,4,2025-09-30,-0.015467338041609338,-0.0006759180687367916
Transformer,4,2025-10-01,-0.009320055526438638,-0.00024808687157928944
Transformer,4,2025-10-02,-0.00389315068318572,0.00032081129029393196
Transformer,4,2025-10-03,0.034875199318837216,8.380506187677383e-06
Transformer,4,2025-10-06,0.00958766808115634,0.001164844841696322
Transformer,4,2025-10-07,-0.00508972359101377,0.0009453180246055126
Transformer,4,2025-10-08,0.03111067630373697,0.000267071183770895
Transformer,4,2025-10-09,-0.026510428909785496,-0.0008035823702812195
Transformer,4,2025-10-10,-0.020651176068947143,0.0005898727686144412
Transformer,4,2025-10-13,0.04214305909187053,-0.00036825239658355713
Transformer,4,2025-10-14,-0.00872264694460278,-4.112988244742155e-05
Transformer,4,2025-10-15,0.008183435695993694,0.001740959007292986
Transformer,4,2025-10-16,0.0389049380129188,0.0009275269694626331
Transformer,4,2025-10-17,-0.07950966141699312,0.0017495634965598583
Transformer,4,2025-10-20,0.02014152782682235,0.0011918104719370604
Transformer,4,2025-10-21,-0.0834534298046432,0.0006073559634387493
Transformer,4,2025-10-22,0.021053409197832263,0.00035686028422787786
Transformer,4,2025-10-23,0.033041791823324326,-0.00017275149002671242
Transformer,4,2025-10-24,0.003960431911251035,0.001686078030616045
Transformer,4,2025-10-27,-0.009772167266185813,0.0011423828545957804
Transformer,4,2025-10-28,-0.0008873832129687246,4.704250022768974e-05
Transformer,5,2025-10-29,0.009027014937524084,0.003208857960999012
Transformer,5,2025-10-30,0.01062642796112413,0.0017101062694564462
Transformer,5,2025-10-31,-0.024229497064294635,-0.0010508879786357284
Transformer,5,2025-11-03,0.002671896179956862,0.002867240458726883
Transformer,5,2025-11-04,-0.020345309588489065,-1.4475313946604729e-05
Transformer,5,2025-11-05,0.0072356094442426605,0.00044852454448118806
Transformer,5,2025-11-06,-0.016354411350005513,0.0021767534781247377
Transformer,5,2025-11-07,0.007171760853925076,0.0011186476331204176
Transformer,5,2025-11-10,0.033097786232648266,0.0021887999027967453
Transformer,5,2025-11-11,-0.0010689837030382371,0.0032919589430093765
Transformer,5,2025-11-12,0.020488323647807144,0.0023452946916222572
Transformer,5,2025-11-13,-0.011406746949420432,0.0021131187677383423
Transformer,5,2025-11-14,-0.030834055255529565,0.001691283076070249
Transformer,5,2025-11-17,-0.006127272740868349,0.0014166688779368997
Transformer,5,2025-11-18,-0.00032353037636850476,0.0007581770187243819
Transformer,5,2025-11-19,0.001099623832940347,-0.003688517026603222
Transformer,5,2025-11-20,-0.026663053776030093,-0.00874252337962389
Transformer,5,2025-11-21,0.005033187881238608,0.00014321471098810434
Transformer,5,2025-11-24,0.01878139864914207,-0.0017195356776937842
Transformer,5,2025-11-25,0.009292203597287156,-0.00607338035479188
Transformer,5,2025-11-26,0.014031737113716202,-0.005798484198749065
Transformer,6,2025-11-28,0.06069536118160296,0.0016262123826891184
Transformer,6,2025-12-01,-0.0045402884329013415,0.0014961151173338294
Transformer,6,2025-12-02,-0.015751193623122647,0.001318825059570372
Transformer,6,2025-12-03,0.007574646123825222,0.00029184017330408096
Transformer,6,2025-12-04,-0.001268522668791291,0.0008896840154193342
Transformer,6,2025-12-05,0.00036258874000403614,0.0014872178435325623
Transformer,6,2025-12-08,0.0,0.0019774918910115957
Transformer,6,2025-12-09,0.02394071291055024,0.0020132805220782757
Transformer,6,2025-12-10,-0.031948491066943405,0.0010736428666859865
Transformer,6,2025-12-11,0.03941279040997831,0.0012967289658263326
Transformer,6,2025-12-12,0.028458687804576898,0.0019213971681892872
Transformer,6,2025-12-15,0.029938341336370397,0.001918681664392352
Transformer,6,2025-12-16,0.03238884209402803,0.0018653783481568098
Transformer,6,2025-12-17,0.03292607142749483,0.0018704781541600823
Transformer,6,2025-12-18,0.01172795146834991,0.0018393866484984756
Transformer,6,2025-12-19,0.02907955645264974,0.0014096228405833244
Transformer,6,2025-12-22,0.03456365222503906,0.002381515922024846
Transformer,6,2025-12-23,0.09076312754876349,0.002345715183764696
Transformer,6,2025-12-24,-0.01750557412132292,0.002867851871997118
Transformer,6,2025-12-26,0.09573984563344325,0.0028874604031443596
Transformer,6,2025-12-29,-0.15906604900959542,-0.004140571691095829
Transformer,7,2025-12-30,0.05881199202023939,-0.002988820429891348
Transformer,7,2025-12-31,-0.09278237750304041,-0.005235128570348024
Transformer,7,2026-01-02,0.043851048466960564,-0.005574692972004414
Transformer,7,2026-01-05,0.06545840598781522,-0.0076777213253080845
Transformer,7,2026-01-06,0.06997645165095208,-0.0019088489934802055
Transformer,7,2026-01-07,-0.07709585115469823,-0.0030929693020880222
Transformer,7,2026-01-08,-0.0007546786121647461,-0.005021669436246157
Transformer,7,2026-01-09,0.011744107456218981,-0.004660114645957947
Transformer,7,2026-01-12,0.035062582278872684,-0.005897670518606901
Transformer,7,2026-01-13,-0.010994293221539438,-0.007371334824711084
Transformer,7,2026-01-14,0.014167757153833019,-0.005357565823942423
Transformer,7,2026-01-15,0.009627747477561784,-0.0018416601233184338
Transformer,7,2026-01-16,-0.0367334112385482,-0.0020110730547457933
Transformer,7,2026-01-20,0.053948396156832334,-0.0023828442208468914
Transformer,7,2026-01-21,0.01991144726071155,-0.005216795485466719
Transformer,7,2026-01-22,0.03229035735256819,-0.003309887135401368
Transformer,7,2026-01-23,0.06069352164768608,-0.00473957322537899
Transformer,7,2026-01-26,0.0467570338128215,-0.004314292687922716
Transformer,7,2026-01-27,-0.12660388881750273,-0.004341723397374153
Transformer,7,2026-01-28,0.036144512262748285,-0.002419262658804655
Transformer,7,2026-01-29,-0.0031904272845780365,-0.008104837499558926
Transformer,8,2026-01-30,-0.2112410939124752,-0.021395502611994743
Transformer,8,2026-02-02,-0.004432506706622088,-0.018310366198420525
Transformer,8,2026-02-03,0.047618095694695946,-0.0036998663563281298
Transformer,8,2026-02-04,-0.015097983652643367,-0.009872594848275185
Transformer,8,2026-02-05,-0.04787499079394151,-0.008569775149226189
Transformer,8,2026-02-06,0.015259363719073696,-0.0083306934684515
Transformer,8,2026-02-09,0.0074246467846108746,-0.0005968098994344473
Transformer,8,2026-02-10,-0.00823706820728417,0.0064749931916594505
Transformer,8,2026-02-11,0.021894623124065156,0.00683507788926363
Transformer,8,2026-02-12,-0.05970119884926718,-0.005340225994586945
Transformer,8,2026-02-13,0.02800533158402034,0.008440188132226467
Transformer,8,2026-02-17,-0.02875039556980956,0.01028430089354515
Transformer,8,2026-02-18,0.04560255252769679,0.006088860332965851
Transformer,8,2026-02-19,-0.021158394333875803,0.0018865021411329508
Transformer,8,2026-02-20,0.050766998138235125,0.006318295374512672
Transformer,8,2026-02-23,-0.010796912011054982,0.007026590406894684
Transformer,8,2026-02-24,0.01603740683793895,0.006639582104980946
Transformer,8,2026-02-25,0.06414873078485848,0.00046850088983774185
Transformer,8,2026-02-26,-0.041662696582930044,-0.004803608171641827
Transformer,8,2026-02-27,0.05871631516648984,0.0033214751165360212
Transformer,8,2026-03-02,-0.02296207579907521,0.0038078262005001307
Transformer,9,2026-03-03,-0.10820486800986187,0.010095439851284027
Transformer,9,2026-03-04,0.03778669303783018,0.0025975843891501427
Transformer,9,2026-03-05,-0.011529500345499094,-0.0023865951225161552
Transformer,9,2026-03-06,0.005804670650795252,0.0007399394526146352
Transformer,9,2026-03-09,0.012616213402986435,0.00579762551933527
Transformer,9,2026-03-10,0.029698364290416602,0.004201648756861687
Transformer,9,2026-03-11,-0.01351371916672282,-0.0037394454702734947
Transformer,9,2026-03-12,-0.020619287202735703,-0.0044734966941177845
Transformer,9,2026-03-13,-0.058826482928302816,0.004619993269443512
Transformer,9,2026-03-16,0.025643064138062284,0.004688862711191177
Transformer,9,2026-03-17,0.020041913271712362,0.005042454227805138
Transformer,9,2026-03-18,-0.038151788869022284,0.004663100931793451
Transformer,9,2026-03-19,-0.056539435595185046,0.0013478086329996586
Transformer,9,2026-03-20,0.01606256080374734,0.0009849867783486843
Transformer,9,2026-03-23,-0.05760026122783402,0.0025240108370780945
Transformer,9,2026-03-24,0.016896679340435386,0.0030446164309978485
Transformer,9,2026-03-25,0.01739536245450573,0.00638741347938776
Transformer,9,2026-03-26,-0.0461885750159386,0.011763051152229309
Transformer,9,2026-03-27,0.017417963898598975,0.01563715748488903
Transformer,9,2026-03-30,0.007986837725295442,0.019677063450217247
Transformer,9,2026-03-31,0.03358331288350735,0.013209199532866478
Transformer,10,2026-04-01,0.009848801875018371,0.0010368984658271074
Transformer,10,2026-04-02,-0.002796777833518582,8.217123104259372e-05
Transformer,10,2026-04-06,-0.002855737614529973,0.0009268152643926442
Transformer,10,2026-04-07,-0.014972098746593665,0.0015145887155085802
Transformer,10,2026-04-08,0.06107892062107771,0.0005038661765865982
Transformer,10,2026-04-09,0.022184550737613697,-0.0003615758032537997
Transformer,10,2026-04-10,-0.022916311595956054,0.00021984177874401212
Transformer,10,2026-04-13,0.00617869134366017,0.00037730293115600944
Transformer,10,2026-04-14,0.010997625807174088,0.00018824829021468759
Transformer,10,2026-04-15,0.013484328048676006,-0.0007310428190976381
Transformer,10,2026-04-16,-0.00893745178431326,-0.0010255298111587763
Transformer,10,2026-04-17,0.014412567138765195,-0.0018474690150469542
Transformer,10,2026-04-20,-0.025649789789379537,-0.002594051184132695
Transformer,10,2026-04-21,-0.02266270487696291,-0.0011072894558310509
Transformer,10,2026-04-22,0.02357991897934288,-0.0030822595581412315
Transformer,10,2026-04-23,-0.024420104470429766,-0.0033677842002362013
Transformer,10,2026-04-24,-0.003764605016653509,-0.0018265077378600836
Transformer,10,2026-04-27,-0.01696696172399067,-0.003689824603497982
Transformer,10,2026-04-28,-0.01977937067937363,0.0007039871416054666
Transformer,10,2026-04-29,-0.029785877665489336,0.0017781578935682774
Transformer,10,2026-04-30,0.048504681290635995,0.0030711533036082983
TCN,1,2025-07-02,0.05429789671784961,-7.916451431810856e-05
TCN,1,2025-07-03,-0.03509131981127006,0.00015193474246188998
TCN,1,2025-07-04,0.007623925110659366,-0.00033000565599650145
TCN,1,2025-07-07,-0.015086064492047045,-0.0004109509172849357
TCN,1,2025-07-08,0.010809283324776242,-0.0005373078747652471
TCN,1,2025-07-09,-0.004368090890178193,-0.0007790873060002923
TCN,1,2025-07-10,0.017574163261523414,-0.0007111135055311024
TCN,1,2025-07-11,0.04011917078417733,-0.0009316893992945552
TCN,1,2025-07-14,-0.03668402334284926,-0.0016116106417030096
TCN,1,2025-07-15,-0.003363477786426151,-0.0016415894497185946
TCN,1,2025-07-16,0.015718097347172576,-0.0017872652970254421
TCN,1,2025-07-17,0.025980948606922395,-0.0017870762385427952
TCN,1,2025-07-18,-0.010992557217958275,-0.002210971899330616
TCN,1,2025-07-21,0.026885887874657677,-0.0022170415613800287
TCN,1,2025-07-22,-0.008290310715313134,-0.0020772952120751143
TCN,1,2025-07-23,-0.019151900685067,-0.0019211908802390099
TCN,1,2025-07-24,-0.009153525059112835,-0.0021435434464365244
TCN,1,2025-07-25,-0.012147007527393778,-0.0022918034810572863
TCN,1,2025-07-28,-0.0023475371464720895,-0.0023656354751437902
TCN,1,2025-07-29,-7.120514714500215e-05,-0.002218228532001376
TCN,1,2025-07-30,-0.03132606827350737,-0.002066291868686676
TCN,2,2025-07-31,-0.05615159890895396,-0.00047033143346197903
TCN,2,2025-08-01,0.013588825083303219,-0.0003229370340704918
TCN,2,2025-08-04,0.017032060300691564,-0.0004051360592711717
TCN,2,2025-08-05,-0.006960289354717568,-0.00018831415218301117
TCN,2,2025-08-06,0.0066586573132357205,-0.0004983165999874473
TCN,2,2025-08-07,0.010428110769563709,-0.00194265297614038
TCN,2,2025-08-08,-0.010729833820386165,0.000119753647595644
TCN,2,2025-08-11,0.003238601081950239,8.140748832374811e-05
TCN,2,2025-08-12,0.008982768523628983,-0.0009388670441694558
TCN,2,2025-08-13,-0.007780412046577663,-0.0017025336856022477
TCN,2,2025-08-14,0.014020699873954793,-0.002410745248198509
TCN,2,2025-08-15,-0.011919979785004786,-0.0014008048456162214
TCN,2,2025-08-18,-0.005938322555647232,-0.0016201185062527657
TCN,2,2025-08-19,-0.018336554319871908,-0.0016694070072844625
TCN,2,2025-08-20,0.024049978008151045,-0.001988871255889535
TCN,2,2025-08-21,0.012811102881160759,-0.0019128626445308328
TCN,2,2025-08-22,0.003103581357723482,-0.0008912394987419248
TCN,2,2025-08-25,-0.017715423347965248,-0.0006667799898423254
TCN,2,2025-08-26,0.008077866533329543,-0.0009206968825310469
TCN,2,2025-08-27,-0.0007452120337467954,-0.0010163835249841213
TCN,2,2025-08-28,0.011120286384573762,-0.000394742120988667
TCN,3,2025-08-29,0.00683293268054827,0.0011064368300139904
TCN,3,2025-09-02,0.0289394885439482,0.0007742929738014936
TCN,3,2025-09-03,0.029990985432527387,-0.0002197565045207739
TCN,3,2025-09-04,-0.05491132267393003,0.00041646254248917103
TCN,3,2025-09-05,0.007628356489719208,0.002671804279088974
TCN,3,2025-09-08,-0.0006515130320953691,-0.00017633941024541855
TCN,3,2025-09-09,-0.009825048664979812,-0.0014967541210353374
TCN,3,2025-09-10,0.01854989419510853,0.0008282943163067102
TCN,3,2025-09-11,0.0017932077797482102,0.0028685154393315315
TCN,3,2025-09-12,0.008491879697597701,0.003319426439702511
TCN,3,2025-09-15,0.003900575712101561,0.0019060486229136586
TCN,3,2025-09-16,-0.010173351768924196,0.002200253074988723
TCN,3,2025-09-17,-0.018620665955265174,0.0012253739405423403
TCN,3,2025-09-18,0.017833816902663176,-0.0006090300157666206
TCN,3,2025-09-19,0.01202135896162909,0.001406396273523569
TCN,3,2025-09-22,0.006624338772018788,0.0008371728472411633
TCN,3,2025-09-23,0.05500208060804961,0.0011318100150674582
TCN,3,2025-09-24,-0.013183147727295738,-0.0002348874695599079
TCN,3,2025-09-25,0.030647099994633623,0.0011435151100158691
TCN,3,2025-09-26,0.03340710328963251,0.0012379230465739965
TCN,3,2025-09-29,0.016667113677587827,0.002647953573614359
TCN,4,2025-09-30,-0.015467338041609338,-0.000536688428837806
TCN,4,2025-10-01,-0.009320055526438638,-0.000724956626072526
TCN,4,2025-10-02,-0.00389315068318572,-8.652819087728858e-05
TCN,4,2025-10-03,0.034875199318837216,0.00027805264107882977
TCN,4,2025-10-06,0.00958766808115634,0.0001612575724720955
TCN,4,2025-10-07,-0.00508972359101377,-0.00037442121538333595
TCN,4,2025-10-08,0.03111067630373697,-3.06496222037822e-05
TCN,4,2025-10-09,-0.026510428909785496,0.00021570356329903007
TCN,4,2025-10-10,-0.020651176068947143,0.00036690052365884185
TCN,4,2025-10-13,0.04214305909187053,-0.00010279176058247685
TCN,4,2025-10-14,-0.00872264694460278,0.0005249342648312449
TCN,4,2025-10-15,0.008183435695993694,0.0002936279634013772
TCN,4,2025-10-16,0.0389049380129188,0.001307003665715456
TCN,4,2025-10-17,-0.07950966141699312,0.0008077260572463274
TCN,4,2025-10-20,0.02014152782682235,0.00032748928060755134
TCN,4,2025-10-21,-0.0834534298046432,0.0005815679905936122
TCN,4,2025-10-22,0.021053409197832263,0.0009739156812429428
TCN,4,2025-10-23,0.033041791823324326,0.0012679637875407934
TCN,4,2025-10-24,0.003960431911251035,0.0011207611532881856
TCN,4,2025-10-27,-0.009772167266185813,0.00044558063382282853
TCN,4,2025-10-28,-0.0008873832129687246,-0.0007481250795535743
TCN,5,2025-10-29,0.009027014937524084,0.0013081184588372707
TCN,5,2025-10-30,0.01062642796112413,0.001281942706555128
TCN,5,2025-10-31,-0.024229497064294635,0.0012836788082495332
TCN,5,2025-11-03,0.002671896179956862,0.0013054227456450462
TCN,5,2025-11-04,-0.020345309588489065,0.0013461634516716003
TCN,5,2025-11-05,0.0072356094442426605,0.0012781675904989243
TCN,5,2025-11-06,-0.016354411350005513,0.0012627787655219436
TCN,5,2025-11-07,0.007171760853925076,0.0011191520607098937
TCN,5,2025-11-10,0.033097786232648266,0.0010421794140711427
TCN,5,2025-11-11,-0.0010689837030382371,0.0011976719833910465
TCN,5,2025-11-12,0.020488323647807144,0.001116104074753821
TCN,5,2025-11-13,-0.011406746949420432,0.0010937752667814493
TCN,5,2025-11-14,-0.030834055255529565,0.001136205391958356
TCN,5,2025-11-17,-0.006127272740868349,0.001146627590060234
TCN,5,2025-11-18,-0.00032353037636850476,0.0012398818507790565
TCN,5,2025-11-19,0.001099623832940347,0.0010565987322479486
TCN,5,2025-11-20,-0.026663053776030093,0.001231323927640915
TCN,5,2025-11-21,0.005033187881238608,0.0011787011753767729
TCN,5,2025-11-24,0.01878139864914207,0.001242358353920281
TCN,5,2025-11-25,0.009292203597287156,0.0012212098808959126
TCN,5,2025-11-26,0.014031737113716202,0.0010879375040531158
TCN,6,2025-11-28,0.06069536118160296,0.0013688509352505207
TCN,6,2025-12-01,-0.0045402884329013415,0.0013289853231981397
TCN,6,2025-12-02,-0.015751193623122647,0.0013680029660463333
TCN,6,2025-12-03,0.007574646123825222,0.0013469241093844175
TCN,6,2025-12-04,-0.001268522668791291,0.0013133884640410542
TCN,6,2025-12-05,0.00036258874000403614,0.0013199204113334417
TCN,6,2025-12-08,0.0,0.0012092659017071128
TCN,6,2025-12-09,0.02394071291055024,0.0012156562879681587
TCN,6,2025-12-10,-0.031948491066943405,0.0014859060756862164
TCN,6,2025-12-11,0.03941279040997831,0.001420751679688692
TCN,6,2025-12-12,0.028458687804576898,0.0023538698442280293
TCN,6,2025-12-15,0.029938341336370397,0.001842782599851489
TCN,6,2025-12-16,0.03238884209402803,0.0016793347895145416
TCN,6,2025-12-17,0.03292607142749483,0.0014417506754398346
TCN,6,2025-12-18,0.01172795146834991,0.0016460377955809236
TCN,6,2025-12-19,0.02907955645264974,0.0013007719535380602
TCN,6,2025-12-22,0.03456365222503906,0.0012473512906581163
TCN,6,2025-12-23,0.09076312754876349,0.001314804540015757
TCN,6,2025-12-24,-0.01750557412132292,0.0011304524959996343
TCN,6,2025-12-26,0.09573984563344325,0.0015488234348595142
TCN,6,2025-12-29,-0.15906604900959542,0.0017775290179997683
TCN,7,2025-12-30,0.05881199202023939,0.00024300510995090008
TCN,7,2025-12-31,-0.09278237750304041,-0.0010651249904185534
TCN,7,2026-01-02,0.043851048466960564,-0.0008286683587357402
TCN,7,2026-01-05,0.06545840598781522,-0.00617180485278368
TCN,7,2026-01-06,0.06997645165095208,-0.011619063094258308
TCN,7,2026-01-07,-0.07709585115469823,-0.015569920651614666
TCN,7,2026-01-08,-0.0007546786121647461,-0.015209722332656384
TCN,7,2026-01-09,0.011744107456218981,-0.006435125134885311
TCN,7,2026-01-12,0.035062582278872684,0.0007295135874301195
TCN,7,2026-01-13,-0.010994293221539438,0.0017020910745486617
TCN,7,2026-01-14,0.014167757153833019,0.0017512569902464747
TCN,7,2026-01-15,0.009627747477561784,0.001408149255439639
TCN,7,2026-01-16,-0.0367334112385482,0.001221385900862515
TCN,7,2026-01-20,0.053948396156832334,0.00026689248625189066
TCN,7,2026-01-21,0.01991144726071155,0.0006875619292259216
TCN,7,2026-01-22,0.03229035735256819,0.0008710471447557211
TCN,7,2026-01-23,0.06069352164768608,0.014535248279571533
TCN,7,2026-01-26,0.0467570338128215,-4.621688276529312e-06
TCN,7,2026-01-27,-0.12660388881750273,-2.6389723643660545e-05
TCN,7,2026-01-28,0.036144512262748285,0.006613715551793575
TCN,7,2026-01-29,-0.0031904272845780365,-0.016514064744114876
TCN,8,2026-01-30,-0.2112410939124752,7.441267371177673e-06
TCN,8,2026-02-02,-0.004432506706622088,-0.00016541607328690588
TCN,8,2026-02-03,0.047618095694695946,0.00010923866648226976
TCN,8,2026-02-04,-0.015097983652643367,-7.485755486413836e-05
TCN,8,2026-02-05,-0.04787499079394151,-2.7521513402462006e-05
TCN,8,2026-02-06,0.015259363719073696,-4.590174648910761e-05
TCN,8,2026-02-09,0.0074246467846108746,-0.0001726241025608033
TCN,8,2026-02-10,-0.00823706820728417,-0.0003107404336333275
TCN,8,2026-02-11,0.021894623124065156,0.000179994385689497
TCN,8,2026-02-12,-0.05970119884926718,-0.0002976028190460056
TCN,8,2026-02-13,0.02800533158402034,-0.00036698117037303746
TCN,8,2026-02-17,-0.02875039556980956,-0.0005935251247137785
TCN,8,2026-02-18,0.04560255252769679,-0.0003991742851212621
TCN,8,2026-02-19,-0.021158394333875803,0.00030219380278140306
TCN,8,2026-02-20,0.050766998138235125,0.001238375436514616
TCN,8,2026-02-23,-0.010796912011054982,0.004752269480377436
TCN,8,2026-02-24,0.01603740683793895,0.0036232653073966503
TCN,8,2026-02-25,0.06414873078485848,0.001959092915058136
TCN,8,2026-02-26,-0.041662696582930044,0.0025952598080039024
TCN,8,2026-02-27,0.05871631516648984,0.0032204962335526943
TCN,8,2026-03-02,-0.02296207579907521,0.01471848227083683
TCN,9,2026-03-03,-0.10820486800986187,0.010307496413588524
TCN,9,2026-03-04,0.03778669303783018,-0.001998444553464651
TCN,9,2026-03-05,-0.011529500345499094,-0.0037969565019011497
TCN,9,2026-03-06,0.005804670650795252,-0.002615793142467737
TCN,9,2026-03-09,0.012616213402986435,-0.002565469592809677
TCN,9,2026-03-10,0.029698364290416602,-0.00048378342762589455
TCN,9,2026-03-11,-0.01351371916672282,-0.0029919552616775036
TCN,9,2026-03-12,-0.020619287202735703,0.0015161638148128986
TCN,9,2026-03-13,-0.058826482928302816,0.0015185660449787974
TCN,9,2026-03-16,0.025643064138062284,0.002378444653004408
TCN,9,2026-03-17,0.020041913271712362,0.001656960230320692
TCN,9,2026-03-18,-0.038151788869022284,0.0017119625117629766
TCN,9,2026-03-19,-0.056539435595185046,0.001356559805572033
TCN,9,2026-03-20,0.01606256080374734,0.001292789587751031
TCN,9,2026-03-23,-0.05760026122783402,0.0018802274717018008
TCN,9,2026-03-24,0.016896679340435386,0.0023562777787446976
TCN,9,2026-03-25,0.01739536245450573,0.0021256792824715376
TCN,9,2026-03-26,-0.0461885750159386,0.0020696374122053385
TCN,9,2026-03-27,0.017417963898598975,0.0025981019716709852
TCN,9,2026-03-30,0.007986837725295442,0.0028228810988366604
TCN,9,2026-03-31,0.03358331288350735,0.0029767316300421953
TCN,10,2026-04-01,0.009848801875018371,0.0002047268790192902
TCN,10,2026-04-02,-0.002796777833518582,0.0004561921814456582
TCN,10,2026-04-06,-0.002855737614529973,0.0003961557522416115
TCN,10,2026-04-07,-0.014972098746593665,2.456048969179392e-05
TCN,10,2026-04-08,0.06107892062107771,0.00019667181186378002
TCN,10,2026-04-09,0.022184550737613697,0.0002551213256083429
TCN,10,2026-04-10,-0.022916311595956054,-0.00032166263554245234
TCN,10,2026-04-13,0.00617869134366017,0.00029913929756730795
TCN,10,2026-04-14,0.010997625807174088,-0.00013983124517835677
TCN,10,2026-04-15,0.013484328048676006,0.0005062901182100177
TCN,10,2026-04-16,-0.00893745178431326,0.0011584946187213063
TCN,10,2026-04-17,0.014412567138765195,0.00045800930820405483
TCN,10,2026-04-20,-0.025649789789379537,-0.00023356493329629302
TCN,10,2026-04-21,-0.02266270487696291,3.087997902184725e-05
TCN,10,2026-04-22,0.02357991897934288,-0.0017990139313042164
TCN,10,2026-04-23,-0.024420104470429766,-0.0004151049070060253
TCN,10,2026-04-24,-0.003764605016653509,-0.00029197143157944083
TCN,10,2026-04-27,-0.01696696172399067,3.997026942670345e-05
TCN,10,2026-04-28,-0.01977937067937363,-0.0001461317588109523
TCN,10,2026-04-29,-0.029785877665489336,-0.0005506411544047296
TCN,10,2026-04-30,0.048504681290635995,-0.0007276752730831504
CNN LSTM,1,2025-07-02,0.05429789671784961,0.0002709607651922852
CNN LSTM,1,2025-07-03,-0.03509131981127006,0.0002065347507596016
CNN LSTM,1,2025-07-04,0.007623925110659366,0.000615346129052341
CNN LSTM,1,2025-07-07,-0.015086064492047045,0.00024112433311529458
CNN LSTM,1,2025-07-08,0.010809283324776242,0.00023267058713827282
CNN LSTM,1,2025-07-09,-0.004368090890178193,0.00017556012608110905
CNN LSTM,1,2025-07-10,0.017574163261523414,0.00027662384673021734
CNN LSTM,1,2025-07-11,0.04011917078417733,0.00029144948348402977
CNN LSTM,1,2025-07-14,-0.03668402334284926,0.00021044138702563941
CNN LSTM,1,2025-07-15,-0.003363477786426151,0.00023378869809675962
CNN LSTM,1,2025-07-16,0.015718097347172576,0.00021044138702563941
CNN LSTM,1,2025-07-17,0.025980948606922395,0.00021044138702563941
CNN LSTM,1,2025-07-18,-0.010992557217958275,0.00024371342442464083
CNN LSTM,1,2025-07-21,0.026885887874657677,0.00022379501024261117
CNN LSTM,1,2025-07-22,-0.008290310715313134,0.00023090066679287702
CNN LSTM,1,2025-07-23,-0.019151900685067,0.00022343687305692583
CNN LSTM,1,2025-07-24,-0.009153525059112835,0.00021733774337917566
CNN LSTM,1,2025-07-25,-0.012147007527393778,0.00021044138702563941
CNN LSTM,1,2025-07-28,-0.0023475371464720895,0.00021630369883496314
CNN LSTM,1,2025-07-29,-7.120514714500215e-05,0.00022494538279715925
CNN LSTM,1,2025-07-30,-0.03132606827350737,0.00022171369346324354
CNN LSTM,2,2025-07-31,-0.05615159890895396,0.00034940685145556927
CNN LSTM,2,2025-08-01,0.013588825083303219,-0.0040972353890538216
CNN LSTM,2,2025-08-04,0.017032060300691564,-0.0028050311375409365
CNN LSTM,2,2025-08-05,-0.006960289354717568,-0.0028802298475056887
CNN LSTM,2,2025-08-06,0.0066586573132357205,-0.004937182180583477
CNN LSTM,2,2025-08-07,0.010428110769563709,-0.0048544397577643394
CNN LSTM,2,2025-08-08,-0.010729833820386165,-0.007191848941147327
CNN LSTM,2,2025-08-11,0.003238601081950239,-0.013079448603093624
CNN LSTM,2,2025-08-12,0.008982768523628983,-0.010870099999010563
CNN LSTM,2,2025-08-13,-0.007780412046577663,-0.007904660888016224
CNN LSTM,2,2025-08-14,0.014020699873954793,-0.005677930079400539
CNN LSTM,2,2025-08-15,-0.011919979785004786,-0.008128228597342968
CNN LSTM,2,2025-08-18,-0.005938322555647232,-0.00784065667539835
CNN LSTM,2,2025-08-19,-0.018336554319871908,-0.00807527918368578
CNN LSTM,2,2025-08-20,0.024049978008151045,-0.006774847395718098
CNN LSTM,2,2025-08-21,0.012811102881160759,-0.003090727375820279
CNN LSTM,2,2025-08-22,0.003103581357723482,-0.003468229668214917
CNN LSTM,2,2025-08-25,-0.017715423347965248,-0.004956445656716824
CNN LSTM,2,2025-08-26,0.008077866533329543,-0.0040847742930054665
CNN LSTM,2,2025-08-27,-0.0007452120337467954,-0.0017792016733437777
CNN LSTM,2,2025-08-28,0.011120286384573762,-0.0020212859380990267
CNN LSTM,3,2025-08-29,0.00683293268054827,-0.00018299161456525326
CNN LSTM,3,2025-09-02,0.0289394885439482,0.0008763165678828955
CNN LSTM,3,2025-09-03,0.029990985432527387,0.0012272814055904746
CNN LSTM,3,2025-09-04,-0.05491132267393003,0.00100369518622756
CNN LSTM,3,2025-09-05,0.007628356489719208,0.00026969192549586296
CNN LSTM,3,2025-09-08,-0.0006515130320953691,0.0007991231977939606
CNN LSTM,3,2025-09-09,-0.009825048664979812,-0.0010146468412131071
CNN LSTM,3,2025-09-10,0.01854989419510853,-0.0012073798570781946
CNN LSTM,3,2025-09-11,0.0017932077797482102,-0.001182758016511798
CNN LSTM,3,2025-09-12,0.008491879697597701,-0.0009528242517262697
CNN LSTM,3,2025-09-15,0.003900575712101561,-0.0002480205148458481
CNN LSTM,3,2025-09-16,-0.010173351768924196,-0.00034967390820384026
CNN LSTM,3,2025-09-17,-0.018620665955265174,0.0014920291723683476
CNN LSTM,3,2025-09-18,0.017833816902663176,0.002165060956031084
CNN LSTM,3,2025-09-19,0.01202135896162909,0.0017221719026565552
CNN LSTM,3,2025-09-22,0.006624338772018788,0.0006801255512982607
CNN LSTM,3,2025-09-23,0.05500208060804961,0.0011342917568981647
CNN LSTM,3,2025-09-24,-0.013183147727295738,0.0011724685318768024
CNN LSTM,3,2025-09-25,0.030647099994633623,0.0025635301135480404
CNN LSTM,3,2025-09-26,0.03340710328963251,0.0027405088767409325
CNN LSTM,3,2025-09-29,0.016667113677587827,-0.0007192243356257677
CNN LSTM,4,2025-09-30,-0.015467338041609338,0.002862469060346484
CNN LSTM,4,2025-10-01,-0.009320055526438638,0.002862469060346484
CNN LSTM,4,2025-10-02,-0.00389315068318572,0.0018031458603218198
CNN LSTM,4,2025-10-03,0.034875199318837216,0.0005569504573941231
CNN LSTM,4,2025-10-06,0.00958766808115634,0.0026772515848279
CNN LSTM,4,2025-10-07,-0.00508972359101377,0.002862469060346484
CNN LSTM,4,2025-10-08,0.03111067630373697,0.002862469060346484
CNN LSTM,4,2025-10-09,-0.026510428909785496,0.0011701957555487752
CNN LSTM,4,2025-10-10,-0.020651176068947143,-0.0013802566099911928
CNN LSTM,4,2025-10-13,0.04214305909187053,0.002862469060346484
CNN LSTM,4,2025-10-14,-0.00872264694460278,0.002862469060346484
CNN LSTM,4,2025-10-15,0.008183435695993694,0.002862469060346484
CNN LSTM,4,2025-10-16,0.0389049380129188,0.002862469060346484
CNN LSTM,4,2025-10-17,-0.07950966141699312,0.002862469060346484
CNN LSTM,4,2025-10-20,0.02014152782682235,-7.53127969801426e-05
CNN LSTM,4,2025-10-21,-0.0834534298046432,-0.0012208812404423952
CNN LSTM,4,2025-10-22,0.021053409197832263,0.0010060776257887483
CNN LSTM,4,2025-10-23,0.033041791823324326,0.0022928090766072273
CNN LSTM,4,2025-10-24,0.003960431911251035,0.002862469060346484
CNN LSTM,4,2025-10-27,-0.009772167266185813,0.002862469060346484
CNN LSTM,4,2025-10-28,-0.0008873832129687246,0.00019340799190104008
CNN LSTM,5,2025-10-29,0.009027014937524084,0.0014235940761864185
CNN LSTM,5,2025-10-30,0.01062642796112413,0.0014235940761864185
CNN LSTM,5,2025-10-31,-0.024229497064294635,0.0014235940761864185
CNN LSTM,5,2025-11-03,0.002671896179956862,0.0014235940761864185
CNN LSTM,5,2025-11-04,-0.020345309588489065,0.0014235940761864185
CNN LSTM,5,2025-11-05,0.0072356094442426605,0.0014235940761864185
CNN LSTM,5,2025-11-06,-0.016354411350005513,0.0014235940761864185
CNN LSTM,5,2025-11-07,0.007171760853925076,0.0014235940761864185
CNN LSTM,5,2025-11-10,0.033097786232648266,0.0014235940761864185
CNN LSTM,5,2025-11-11,-0.0010689837030382371,0.0014235940761864185
CNN LSTM,5,2025-11-12,0.020488323647807144,0.0014235940761864185
CNN LSTM,5,2025-11-13,-0.011406746949420432,0.0014235940761864185
CNN LSTM,5,2025-11-14,-0.030834055255529565,0.0014235940761864185
CNN LSTM,5,2025-11-17,-0.006127272740868349,0.0014235940761864185
CNN LSTM,5,2025-11-18,-0.00032353037636850476,0.0014235940761864185
CNN LSTM,5,2025-11-19,0.001099623832940347,0.0014235940761864185
CNN LSTM,5,2025-11-20,-0.026663053776030093,0.0014235940761864185
CNN LSTM,5,2025-11-21,0.005033187881238608,0.0014235940761864185
CNN LSTM,5,2025-11-24,0.01878139864914207,0.0014235940761864185
CNN LSTM,5,2025-11-25,0.009292203597287156,0.0014235940761864185
CNN LSTM,5,2025-11-26,0.014031737113716202,0.0014235940761864185
CNN LSTM,6,2025-11-28,0.06069536118160296,0.0014284959761425853
CNN LSTM,6,2025-12-01,-0.0045402884329013415,0.002089285757392645
CNN LSTM,6,2025-12-02,-0.015751193623122647,0.0020924368873238564
CNN LSTM,6,2025-12-03,0.007574646123825222,0.0007251712377183139
CNN LSTM,6,2025-12-04,-0.001268522668791291,0.0006227765697985888
CNN LSTM,6,2025-12-05,0.00036258874000403614,0.0006016754196025431
CNN LSTM,6,2025-12-08,0.0,0.0006446301704272628
CNN LSTM,6,2025-12-09,0.02394071291055024,0.0010941594373434782
CNN LSTM,6,2025-12-10,-0.031948491066943405,0.0005962769500911236
CNN LSTM,6,2025-12-11,0.03941279040997831,0.0006182804936543107
CNN LSTM,6,2025-12-12,0.028458687804576898,0.0006604395457543433
CNN LSTM,6,2025-12-15,0.029938341336370397,0.0006221866933628917
CNN LSTM,6,2025-12-16,0.03238884209402803,0.0006923723267391324
CNN LSTM,6,2025-12-17,0.03292607142749483,0.0005945769371464849
CNN LSTM,6,2025-12-18,0.01172795146834991,0.0006432178197428584
CNN LSTM,6,2025-12-19,0.02907955645264974,0.0006063671316951513
CNN LSTM,6,2025-12-22,0.03456365222503906,0.0006496680434793234
CNN LSTM,6,2025-12-23,0.09076312754876349,0.0005721896886825562
CNN LSTM,6,2025-12-24,-0.01750557412132292,0.0024731173180043697
CNN LSTM,6,2025-12-26,0.09573984563344325,0.0009094306733459234
CNN LSTM,6,2025-12-29,-0.15906604900959542,0.003058426082134247
CNN LSTM,7,2025-12-30,0.05881199202023939,-0.0028526638634502888
CNN LSTM,7,2025-12-31,-0.09278237750304041,-0.011243796907365322
CNN LSTM,7,2026-01-02,0.043851048466960564,0.0053459033370018005
CNN LSTM,7,2026-01-05,0.06545840598781522,0.001313327345997095
CNN LSTM,7,2026-01-06,0.06997645165095208,0.003603607416152954
CNN LSTM,7,2026-01-07,-0.07709585115469823,0.0023138711694628
CNN LSTM,7,2026-01-08,-0.0007546786121647461,-0.0011383448727428913
CNN LSTM,7,2026-01-09,0.011744107456218981,-0.0031928233802318573
CNN LSTM,7,2026-01-12,0.035062582278872684,0.001303868368268013
CNN LSTM,7,2026-01-13,-0.010994293221539438,-0.0022160615772008896
CNN LSTM,7,2026-01-14,0.014167757153833019,-0.0042051575146615505
CNN LSTM,7,2026-01-15,0.009627747477561784,-0.0038077188655734062
CNN LSTM,7,2026-01-16,-0.0367334112385482,-2.4777604267001152e-05
CNN LSTM,7,2026-01-20,0.053948396156832334,-0.002159662079066038
CNN LSTM,7,2026-01-21,0.01991144726071155,0.0006937994621694088
CNN LSTM,7,2026-01-22,0.03229035735256819,-0.0004335481207817793
CNN LSTM,7,2026-01-23,0.06069352164768608,-0.0019056773744523525
CNN LSTM,7,2026-01-26,0.0467570338128215,0.004546648357063532
CNN LSTM,7,2026-01-27,-0.12660388881750273,0.003021744079887867
CNN LSTM,7,2026-01-28,0.036144512262748285,-0.006304784677922726
CNN LSTM,7,2026-01-29,-0.0031904272845780365,-0.001907565165311098
CNN LSTM,8,2026-01-30,-0.2112410939124752,0.0030504302121698856
CNN LSTM,8,2026-02-02,-0.004432506706622088,-0.0033380985260009766
CNN LSTM,8,2026-02-03,0.047618095694695946,0.003199897240847349
CNN LSTM,8,2026-02-04,-0.015097983652643367,0.007497557904571295
CNN LSTM,8,2026-02-05,-0.04787499079394151,-0.0028256892692297697
CNN LSTM,8,2026-02-06,0.015259363719073696,-0.00041476148180663586
CNN LSTM,8,2026-02-09,0.0074246467846108746,0.0026084105484187603
CNN LSTM,8,2026-02-10,-0.00823706820728417,-0.0018977625295519829
CNN LSTM,8,2026-02-11,0.021894623124065156,-0.003047328907996416
CNN LSTM,8,2026-02-12,-0.05970119884926718,-0.001130314078181982
CNN LSTM,8,2026-02-13,0.02800533158402034,-0.0004432029090821743
CNN LSTM,8,2026-02-17,-0.02875039556980956,0.001039967406541109
CNN LSTM,8,2026-02-18,0.04560255252769679,-0.003743428038433194
CNN LSTM,8,2026-02-19,-0.021158394333875803,-0.004067122004926205
CNN LSTM,8,2026-02-20,0.050766998138235125,-0.0038773617707192898
CNN LSTM,8,2026-02-23,-0.010796912011054982,0.0002897907979786396
CNN LSTM,8,2026-02-24,0.01603740683793895,-0.0013160365633666515
CNN LSTM,8,2026-02-25,0.06414873078485848,0.00023508677259087563
CNN LSTM,8,2026-02-26,-0.041662696582930044,-0.0009372108615934849
CNN LSTM,8,2026-02-27,0.05871631516648984,0.00033579347655177116
CNN LSTM,8,2026-03-02,-0.02296207579907521,0.0007264292798936367
CNN LSTM,9,2026-03-03,-0.10820486800986187,0.00023384345695376396
CNN LSTM,9,2026-03-04,0.03778669303783018,-0.006445541046559811
CNN LSTM,9,2026-03-05,-0.011529500345499094,-0.0005584080936387181
CNN LSTM,9,2026-03-06,0.005804670650795252,0.00029211019864305854
CNN LSTM,9,2026-03-09,0.012616213402986435,-1.3589859008789062e-05
CNN LSTM,9,2026-03-10,0.029698364290416602,-0.00016232568304985762
CNN LSTM,9,2026-03-11,-0.01351371916672282,0.00033564778277650476
CNN LSTM,9,2026-03-12,-0.020619287202735703,0.00023414386669173837
CNN LSTM,9,2026-03-13,-0.058826482928302816,8.495204383507371e-05
CNN LSTM,9,2026-03-16,0.025643064138062284,-0.000305709196254611
CNN LSTM,9,2026-03-17,0.020041913271712362,-0.0002705231308937073
CNN LSTM,9,2026-03-18,-0.038151788869022284,-5.204539047554135e-05
CNN LSTM,9,2026-03-19,-0.056539435595185046,0.00010904367081820965
CNN LSTM,9,2026-03-20,0.01606256080374734,-0.00021149776875972748
CNN LSTM,9,2026-03-23,-0.05760026122783402,8.639611769467592e-05
CNN LSTM,9,2026-03-24,0.016896679340435386,0.00044398385216481984
CNN LSTM,9,2026-03-25,0.01739536245450573,0.0006345597794279456
CNN LSTM,9,2026-03-26,-0.0461885750159386,0.0006120499456301332
CNN LSTM,9,2026-03-27,0.017417963898598975,0.00029898679349571466
CNN LSTM,9,2026-03-30,0.007986837725295442,0.00044760952005162835
CNN LSTM,9,2026-03-31,0.03358331288350735,0.0007839440950192511
CNN LSTM,10,2026-04-01,0.009848801875018371,8.906743460102007e-05
CNN LSTM,10,2026-04-02,-0.002796777833518582,9.527380461804569e-05
CNN LSTM,10,2026-04-06,-0.002855737614529973,0.00023534132924396545
CNN LSTM,10,2026-04-07,-0.014972098746593665,0.0003359693509992212
CNN LSTM,10,2026-04-08,0.06107892062107771,0.00026601500576362014
CNN LSTM,10,2026-04-09,0.022184550737613697,-2.0131075871177018e-05
CNN LSTM,10,2026-04-10,-0.022916311595956054,0.0001684801682131365
CNN LSTM,10,2026-04-13,0.00617869134366017,0.00022924994118511677
CNN LSTM,10,2026-04-14,0.010997625807174088,3.757138620130718e-05
CNN LSTM,10,2026-04-15,0.013484328048676006,0.00016614487685728818
CNN LSTM,10,2026-04-16,-0.00893745178431326,-0.00018999367603100836
CNN LSTM,10,2026-04-17,0.014412567138765195,0.00014762413047719747
CNN LSTM,10,2026-04-20,-0.025649789789379537,2.8997310437262058e-05
CNN LSTM,10,2026-04-21,-0.02266270487696291,7.275531243067235e-05
CNN LSTM,10,2026-04-22,0.02357991897934288,0.00010592734906822443
CNN LSTM,10,2026-04-23,-0.024420104470429766,-0.00017289543757215142
CNN LSTM,10,2026-04-24,-0.003764605016653509,4.966466804035008e-05
CNN LSTM,10,2026-04-27,-0.01696696172399067,8.829812577459961e-05
CNN LSTM,10,2026-04-28,-0.01977937067937363,0.00026785105001181364
CNN LSTM,10,2026-04-29,-0.029785877665489336,8.018898370210081e-05
CNN LSTM,10,2026-04-30,0.048504681290635995,2.4057109840214252e-05
