Model,Fold,Date,y_true,y_pred
Random Walk,1,2025-07-02,0.00948862302167135,0.0
Random Walk,1,2025-07-03,0.00978020945508275,0.0
Random Walk,1,2025-07-04,-0.0002446708263925226,0.0
Random Walk,1,2025-07-07,-0.004360269625795433,0.0
Random Walk,1,2025-07-08,-0.003913192095893367,0.0
Random Walk,1,2025-07-09,-0.0033230844876732876,0.0
Random Walk,1,2025-07-10,0.01872260225614796,0.0
Random Walk,1,2025-07-11,0.04327485466526427,0.0
Random Walk,1,2025-07-14,-0.005548430989781301,0.0
Random Walk,1,2025-07-15,-0.016462628137999764,0.0
Random Walk,1,2025-07-16,0.0005020943467253442,0.0
Random Walk,1,2025-07-17,0.0053484988038978365,0.0
Random Walk,1,2025-07-18,0.004378664774949736,0.0
Random Walk,1,2025-07-21,0.022710669109615583,0.0
Random Walk,1,2025-07-22,0.005585200918381937,0.0
Random Walk,1,2025-07-23,-0.001068724932451854,0.0
Random Walk,1,2025-07-24,-0.00656460218170577,0.0
Random Walk,1,2025-07-25,-0.02212869728845139,0.0
Random Walk,1,2025-07-28,-0.0037011011461839253,0.0
Random Walk,1,2025-07-29,0.0015240748387354282,0.0
Random Walk,1,2025-07-30,-0.013694800449261047,0.0
Random Walk,2,2025-07-31,-0.02736358302676405,0.0
Random Walk,2,2025-08-01,0.006408634549875931,0.0
Random Walk,2,2025-08-04,0.01094923261068545,0.0
Random Walk,2,2025-08-05,0.013221494196824215,0.0
Random Walk,2,2025-08-06,0.0020939815637874963,0.0
Random Walk,2,2025-08-07,0.010326262845232513,0.0
Random Walk,2,2025-08-08,0.00676460609637975,0.0
Random Walk,2,2025-08-11,-0.019848469853247078,0.0
Random Walk,2,2025-08-12,0.006273085276564445,0.0
Random Walk,2,2025-08-13,0.01570760058111391,0.0
Random Walk,2,2025-08-14,-0.013519958883922607,0.0
Random Walk,2,2025-08-15,-0.0023195075284290307,0.0
Random Walk,2,2025-08-18,0.0015030447981110365,0.0
Random Walk,2,2025-08-19,-0.018348613749446335,0.0
Random Walk,2,2025-08-20,0.011845514382182482,0.0
Random Walk,2,2025-08-21,0.00850368475593492,0.0
Random Walk,2,2025-08-22,0.025342079023089208,0.0
Random Walk,2,2025-08-25,-0.008393464012582846,0.0
Random Walk,2,2025-08-26,-0.002459194534489552,0.0
Random Walk,2,2025-08-27,0.0027694351598418396,0.0
Random Walk,2,2025-08-28,0.01286627656061418,0.0
Random Walk,3,2025-08-29,0.02544543743390251,0.0
Random Walk,3,2025-09-02,0.021435240936227385,0.0
Random Walk,3,2025-09-03,0.011402703706401692,0.0
Random Walk,3,2025-09-04,-0.015306000859251006,0.0
Random Walk,3,2025-09-05,0.003976391479531736,0.0
Random Walk,3,2025-09-08,0.008533321489745038,0.0
Random Walk,3,2025-09-09,-0.01331669065047948,0.0
Random Walk,3,2025-09-10,0.006218724240319515,0.0
Random Walk,3,2025-09-11,0.013618445157770219,0.0
Random Walk,3,2025-09-12,0.016412585827095046,0.0
Random Walk,3,2025-09-15,0.003062219825449937,0.0
Random Walk,3,2025-09-16,-0.0010824498677873453,0.0
Random Walk,3,2025-09-17,-0.017792935340694444,0.0
Random Walk,3,2025-09-18,-0.0003595725624521757,0.0
Random Walk,3,2025-09-19,0.01968176171517526,0.0
Random Walk,3,2025-09-22,0.02926022149357021,0.0
Random Walk,3,2025-09-23,0.008932826417680423,0.0
Random Walk,3,2025-09-24,-0.009435232545841922,0.0
Random Walk,3,2025-09-25,0.02079777880006118,0.0
Random Walk,3,2025-09-26,0.033527900927235434,0.0
Random Walk,3,2025-09-29,0.008423753442250954,0.0
Random Walk,4,2025-09-30,-0.007731717144935333,0.0
Random Walk,4,2025-10-01,0.02217258492499441,0.0
Random Walk,4,2025-10-02,-0.027657479526539994,0.0
Random Walk,4,2025-10-03,0.0341283401166873,0.0
Random Walk,4,2025-10-06,0.010138165326561486,0.0
Random Walk,4,2025-10-07,-0.01895900548752369,0.0
Random Walk,4,2025-10-08,0.03082619811195045,0.0
Random Walk,4,2025-10-09,-0.037824118441793675,0.0
Random Walk,4,2025-10-10,0.0018765999645112038,0.0
Random Walk,4,2025-10-13,0.06579207650283045,0.0
Random Walk,4,2025-10-14,0.0036636994399945285,0.0
Random Walk,4,2025-10-15,0.014972666263086163,0.0
Random Walk,4,2025-10-16,0.037469740949892895,0.0
Random Walk,4,2025-10-17,-0.061426491553587786,0.0
Random Walk,4,2025-10-20,0.024856970232058594,0.0
Random Walk,4,2025-10-21,-0.07447969677901761,0.0
Random Walk,4,2025-10-22,0.00023174916179062298,0.0
Random Walk,4,2025-10-23,0.021284272636443984,0.0
Random Walk,4,2025-10-24,-0.002168091478226251,0.0
Random Walk,4,2025-10-27,-0.03823970772890121,0.0
Random Walk,4,2025-10-28,0.01201888204232268,0.0
Random Walk,5,2025-10-29,0.012567920885157555,0.0
Random Walk,5,2025-10-30,0.014706621179701264,0.0
Random Walk,5,2025-10-31,-0.009002195547953992,0.0
Random Walk,5,2025-11-03,-0.002211030978419181,0.0
Random Walk,5,2025-11-04,-0.01595519770785064,0.0
Random Walk,5,2025-11-05,0.015432978063345005,0.0
Random Walk,5,2025-11-06,-0.001442659873944521,0.0
Random Walk,5,2025-11-07,0.0046549974929010725,0.0
Random Walk,5,2025-11-10,0.04400163799506155,0.0
Random Walk,5,2025-11-11,0.008750527588092104,0.0
Random Walk,5,2025-11-12,0.05222929512220047,0.0
Random Walk,5,2025-11-13,-0.004849349111986661,0.0
Random Walk,5,2025-11-14,-0.047933259554467075,0.0
Random Walk,5,2025-11-17,0.0006915941066914226,0.0
Random Walk,5,2025-11-18,-0.003462763504400492,0.0
Random Walk,5,2025-11-19,0.0067167409165909105,0.0
Random Walk,5,2025-11-20,-0.010748626377484014,0.0
Random Walk,5,2025-11-21,-0.00747108027743647,0.0
Random Walk,5,2025-11-24,0.00842583599603129,0.0
Random Walk,5,2025-11-25,0.012625007656006288,0.0
Random Walk,5,2025-11-26,0.03817511768473181,0.0
Random Walk,6,2025-11-28,0.06457865625867037,0.0
Random Walk,6,2025-12-01,0.03433963520547157,0.0
Random Walk,6,2025-12-02,-0.007474155376065649,0.0
Random Walk,6,2025-12-03,-0.0010698557235385034,0.0
Random Walk,6,2025-12-04,-0.018716587382344694,0.0
Random Walk,6,2025-12-05,0.027329095870308698,0.0
Random Walk,6,2025-12-08,-0.011067170131485166,0.0
Random Walk,6,2025-12-09,0.04053187197222852,0.0
Random Walk,6,2025-12-10,0.003484140940118092,0.0
Random Walk,6,2025-12-11,0.057131716759903195,0.0
Random Walk,6,2025-12-12,-0.04098236281946611,0.0
Random Walk,6,2025-12-15,0.0253911267226677,0.0
Random Walk,6,2025-12-16,-0.003820410010241985,0.0
Random Walk,6,2025-12-17,0.054877752017617534,0.0
Random Walk,6,2025-12-18,-0.025148603302118783,0.0
Random Walk,6,2025-12-19,0.034285916174315596,0.0
Random Walk,6,2025-12-22,0.01574784514116291,0.0
Random Walk,6,2025-12-23,0.03727556004425465,0.0
Random Walk,6,2025-12-24,0.007716446667799441,0.0
Random Walk,6,2025-12-26,0.07399134179679479,0.0
Random Walk,6,2025-12-29,-0.09067169778776503,0.0
Random Walk,7,2025-12-30,0.10221479339062806,0.0
Random Walk,7,2025-12-31,-0.09824307780431558,0.0
Random Walk,7,2026-01-02,0.005998981143650036,0.0
Random Walk,7,2026-01-05,0.07648221205609913,0.0
Random Walk,7,2026-01-06,0.05574084130399784,0.0
Random Walk,7,2026-01-07,-0.043072609490488835,0.0
Random Walk,7,2026-01-08,-0.03186285611540196,0.0
Random Walk,7,2026-01-09,0.05428414794887768,0.0
Random Walk,7,2026-01-12,0.07007401715803904,0.0
Random Walk,7,2026-01-13,0.014863556993312911,0.0
Random Walk,7,2026-01-14,0.05650291804211882,0.0
Random Walk,7,2026-01-15,0.011020890663073043,0.0
Random Walk,7,2026-01-16,-0.04206942596458179,0.0
Random Walk,7,2026-01-20,0.06711347754309907,0.0
Random Walk,7,2026-01-21,-0.021415312804807362,0.0
Random Walk,7,2026-01-22,0.04002956396827427,0.0
Random Walk,7,2026-01-23,0.050279558386278456,0.0
Random Walk,7,2026-01-26,0.13124985761761132,0.0
Random Walk,7,2026-01-27,-0.08669859108884613,0.0
Random Walk,7,2026-01-28,0.06944067448945235,0.0
Random Walk,7,2026-01-29,0.008153341623586855,0.0
Random Walk,8,2026-01-30,-0.37610308700481104,0.0
Random Walk,8,2026-02-02,-0.0195017534205199,0.0
Random Walk,8,2026-02-03,0.0784283625076356,0.0
Random Walk,8,2026-02-04,0.013432667047822297,0.0
Random Walk,8,2026-02-05,-0.09510942355652635,0.0
Random Walk,8,2026-02-06,0.0026881903887896004,0.0
Random Walk,8,2026-02-09,0.0671537103524874,0.0
Random Walk,8,2026-02-10,-0.022763688428083004,0.0
Random Walk,8,2026-02-11,0.04313594701844096,0.0
Random Walk,8,2026-02-12,-0.10314219378519979,0.0
Random Walk,8,2026-02-13,0.030055006017955858,0.0
Random Walk,8,2026-02-17,-0.058232678195794293,0.0
Random Walk,8,2026-02-18,0.053830054736415583,0.0
Random Walk,8,2026-02-19,0.000722232694612371,0.0
Random Walk,8,2026-02-20,0.05904816413025689,0.0
Random Walk,8,2026-02-23,0.05024581475846893,0.0
Random Walk,8,2026-02-24,0.01073694749555926,0.0
Random Walk,8,2026-02-25,0.03904173258606675,0.0
Random Walk,8,2026-02-26,-0.0443038424494124,0.0
Random Walk,8,2026-02-27,0.06328912788624899,0.0
Random Walk,8,2026-03-02,-0.048615418376580684,0.0
Random Walk,9,2026-03-03,-0.06264642761396048,0.0
Random Walk,9,2026-03-04,-0.003503268780937199,0.0
Random Walk,9,2026-03-05,-0.011514328486069848,0.0
Random Walk,9,2026-03-06,0.02572911548343984,0.0
Random Walk,9,2026-03-09,0.0025737084547117705,0.0
Random Walk,9,2026-03-10,0.05837087039100905,0.0
Random Walk,9,2026-03-11,-0.04615282263613243,0.0
Random Walk,9,2026-03-12,-0.004654372806172859,0.0
Random Walk,9,2026-03-13,-0.04537444568017897,0.0
Random Walk,9,2026-03-16,-0.008078131604690005,0.0
Random Walk,9,2026-03-17,-0.009174455123458344,0.0
Random Walk,9,2026-03-18,-0.029242743148298937,0.0
Random Walk,9,2026-03-19,-0.08559290256097903,0.0
Random Walk,9,2026-03-20,-0.02198830663875218,0.0
Random Walk,9,2026-03-23,-0.004493891628405335,0.0
Random Walk,9,2026-03-24,0.0032532357356046945,0.0
Random Walk,9,2026-03-25,0.043597795685774,0.0
Random Walk,9,2026-03-26,-0.06700978850855925,0.0
Random Walk,9,2026-03-27,0.027316306173566753,0.0
Random Walk,9,2026-03-30,0.011139100266054582,0.0
Random Walk,9,2026-03-31,0.06023314806008035,0.0
Random Walk,10,2026-04-01,0.015635517552750514,0.0
Random Walk,10,2026-04-02,-0.04215905699204803,0.0
Random Walk,10,2026-04-06,-0.0010178753480512444,0.0
Random Walk,10,2026-04-07,-0.011558354907611788,0.0
Random Walk,10,2026-04-08,0.046223838631510875,0.0
Random Walk,10,2026-04-09,0.013901140778676418,0.0
Random Walk,10,2026-04-10,0.0006159471096186054,0.0
Random Walk,10,2026-04-13,-0.010550123505336753,0.0
Random Walk,10,2026-04-14,0.04994771671981459,0.0
Random Walk,10,2026-04-15,0.0012587768248807636,0.0
Random Walk,10,2026-04-16,-0.011195705803187449,0.0
Random Walk,10,2026-04-17,0.03907092920060741,0.0
Random Walk,10,2026-04-20,-0.022105095339678606,0.0
Random Walk,10,2026-04-21,-0.045287196374536626,0.0
Random Walk,10,2026-04-22,0.019209355449914436,0.0
Random Walk,10,2026-04-23,-0.0316671369693541,0.0
Random Walk,10,2026-04-24,0.01209127659018988,0.0
Random Walk,10,2026-04-27,-0.01823210990977018,0.0
Random Walk,10,2026-04-28,-0.024264341106409223,0.0
Random Walk,10,2026-04-29,-0.022601726928767742,0.0
Random Walk,10,2026-04-30,0.02708581508247884,0.0
ARMA,1,2025-07-02,0.00948862302167135,-0.00016563516436579313
ARMA,1,2025-07-03,0.00978020945508275,5.497234404674078e-05
ARMA,1,2025-07-04,-0.0002446708263925226,0.00013522729737621596
ARMA,1,2025-07-07,-0.004360269625795433,0.00044276248133117124
ARMA,1,2025-07-08,-0.003913192095893367,0.000320046750061179
ARMA,1,2025-07-09,-0.0033230844876732876,0.00019051758358376998
ARMA,1,2025-07-10,0.01872260225614796,0.00018321012385271276
ARMA,1,2025-07-11,0.04327485466526427,-0.00046573901372425324
ARMA,1,2025-07-14,-0.005548430989781301,-0.0006683487569369467
ARMA,1,2025-07-15,-0.016462628137999764,0.0014424631976030738
ARMA,1,2025-07-16,0.0005020943467253442,0.0006022066294800207
ARMA,1,2025-07-17,0.0053484988038978365,-0.0002671526216396429
ARMA,1,2025-07-18,0.004378664774949736,1.1929940581683842e-05
ARMA,1,2025-07-21,0.022710669109615583,0.00019482208578840737
ARMA,1,2025-07-22,0.005585200918381937,-0.0003859897735159463
ARMA,1,2025-07-23,-0.001068724932451854,0.0005753235308008945
ARMA,1,2025-07-24,-0.00656460218170577,0.0003857058110934132
ARMA,1,2025-07-25,-0.02212869728845139,0.00035292014985189993
ARMA,1,2025-07-28,-0.0037011011461839253,0.000688113759679099
ARMA,1,2025-07-29,0.0015240748387354282,-0.0002535689096682482
ARMA,1,2025-07-30,-0.013694800449261047,1.916247794697779e-05
ARMA,2,2025-07-31,-0.02736358302676405,0.0006402725954099383
ARMA,2,2025-08-01,0.006408634549875931,0.0006783756146227249
ARMA,2,2025-08-04,0.01094923261068545,-0.0006642114656624622
ARMA,2,2025-08-05,0.013221494196824215,-6.3895913528191255e-06
ARMA,2,2025-08-06,0.0020939815637874963,9.104632375506918e-05
ARMA,2,2025-08-07,0.010326262845232513,0.00046058100200209765
ARMA,2,2025-08-08,0.00676460609637975,-4.6822861914189374e-05
ARMA,2,2025-08-11,-0.019848469853247078,0.00023652039641587378
ARMA,2,2025-08-12,0.006273085276564445,0.0009515101097083224
ARMA,2,2025-08-13,0.01570760058111391,-0.0004572112513457524
ARMA,2,2025-08-14,-0.013519958883922607,-0.00015016887407475645
ARMA,2,2025-08-15,-0.0023195075284290307,0.0009845391855635545
ARMA,2,2025-08-18,0.0015030447981110365,-3.844227297715544e-05
ARMA,2,2025-08-19,-0.018348613749446335,6.705734570078287e-05
ARMA,2,2025-08-20,0.011845514382182482,0.0007727001771455973
ARMA,2,2025-08-21,0.00850368475593492,-0.0005850733400098335
ARMA,2,2025-08-22,0.025342079023089208,0.00019933842486171205
ARMA,2,2025-08-25,-0.008393464012582846,-0.00032117117698295355
ARMA,2,2025-08-26,-0.002459194534489552,0.0010499742061884474
ARMA,2,2025-08-27,0.0027694351598418396,9.8029125712396e-05
ARMA,2,2025-08-28,0.01286627656061418,2.881023869999799e-05
ARMA,3,2025-08-29,0.02544543743390251,-0.00010823255197807925
ARMA,3,2025-09-02,0.021435240936227385,-0.00023676524838326792
ARMA,3,2025-09-03,0.011402703706401692,0.0001824383930789982
ARMA,3,2025-09-04,-0.015306000859251006,0.0003952074125351014
ARMA,3,2025-09-05,0.003976391479531736,0.0009323709787643097
ARMA,3,2025-09-08,0.008533321489745038,-0.00026264675931422364
ARMA,3,2025-09-09,-0.01331669065047948,1.8982445456594235e-05
ARMA,3,2025-09-10,0.006218724240319515,0.0008049259266337708
ARMA,3,2025-09-11,0.013618445157770219,-0.000275229232815493
ARMA,3,2025-09-12,0.016412585827095046,-7.335284955600218e-05
ARMA,3,2025-09-15,0.003062219825449937,5.433532639878208e-05
ARMA,3,2025-09-16,-0.0010824498677873453,0.0005111095470523953
ARMA,3,2025-09-17,-0.017792935340694444,0.00032224769183364214
ARMA,3,2025-09-18,-0.0003595725624521757,0.0006954210960020537
ARMA,3,2025-09-19,0.01968176171517526,-0.0002006071952050299
ARMA,3,2025-09-22,0.02926022149357021,-0.0004039525645882508
ARMA,3,2025-09-23,0.008932826417680423,-0.00018766410706756587
ARMA,3,2025-09-24,-0.009435232545841922,0.0006485375602998478
ARMA,3,2025-09-25,0.02079777880006118,0.000717523560640608
ARMA,3,2025-09-26,0.033527900927235434,-0.0006264939846564051
ARMA,3,2025-09-29,0.008423753442250954,-0.0003143558407633012
ARMA,4,2025-09-30,-0.007731717144935333,0.0008156089772670949
ARMA,4,2025-10-01,0.02217258492499441,0.0006852364978887427
ARMA,4,2025-10-02,-0.027657479526539994,-0.0005457367075365159
ARMA,4,2025-10-03,0.0341283401166873,0.0014988203915256163
ARMA,4,2025-10-06,0.010138165326561486,-0.0012908928631845781
ARMA,4,2025-10-07,-0.01895900548752369,0.0007048673943098455
ARMA,4,2025-10-08,0.03082619811195045,0.0010563697708016247
ARMA,4,2025-10-09,-0.037824118441793675,-0.0010361382406677089
ARMA,4,2025-10-10,0.0018765999645112038,0.001960393599692156
ARMA,4,2025-10-13,0.06579207650283045,-0.0006221664964959448
ARMA,4,2025-10-14,0.0036636994399945285,-0.0015783400904749412
ARMA,4,2025-10-15,0.014972666263086163,0.0016742757333222424
ARMA,4,2025-10-16,0.037469740949892895,5.358797918455062e-06
ARMA,4,2025-10-17,-0.061426491553587786,-0.00046714488716316163
ARMA,4,2025-10-20,0.024856970232058594,0.0028058383727271406
ARMA,4,2025-10-21,-0.07447969677901761,-0.0018017000954665178
ARMA,4,2025-10-22,0.00023174916179062298,0.0027626287561301616
ARMA,4,2025-10-23,0.021284272636443984,-0.001404459235249644
ARMA,4,2025-10-24,-0.002168091478226251,-0.0004363083053290087
ARMA,4,2025-10-27,-0.03823970772890121,0.0008307581663378901
ARMA,4,2025-10-28,0.01201888204232268,0.0012774488674194417
ARMA,5,2025-10-29,0.012567920885157555,-0.0010671640890867087
ARMA,5,2025-10-30,0.014706621179701264,6.552031170193413e-05
ARMA,5,2025-10-31,-0.009002195547953992,0.0001097156820596365
ARMA,5,2025-11-03,-0.002211030978419181,0.000907750694941003
ARMA,5,2025-11-04,-0.01595519770785064,0.00012252469933065073
ARMA,5,2025-11-05,0.015432978063345005,0.0006931804722954554
ARMA,5,2025-11-06,-0.001442659873944521,-0.0006317570132079439
ARMA,5,2025-11-07,0.0046549974929010725,0.0006400476236678703
ARMA,5,2025-11-10,0.04400163799506155,9.660962541725216e-05
ARMA,5,2025-11-11,0.008750527588092104,-0.0010817025317007042
ARMA,5,2025-11-12,0.05222929512220047,0.001018323343950129
ARMA,5,2025-11-13,-0.004849349111986661,-0.0011749342844307319
ARMA,5,2025-11-14,-0.047933259554467075,0.001639422975483393
ARMA,5,2025-11-17,0.0006915941066914226,0.0017694644569782843
ARMA,5,2025-11-18,-0.003462763504400492,-0.0009492069173862402
ARMA,5,2025-11-19,0.0067167409165909105,0.0003024458825322027
ARMA,5,2025-11-20,-0.010748626377484014,-2.3781844958814568e-05
ARMA,5,2025-11-21,-0.00747108027743647,0.0007558357142429581
ARMA,5,2025-11-24,0.00842583599603129,0.0002486925109082534
ARMA,5,2025-11-25,0.012625007656006288,-0.00022311078575066142
ARMA,5,2025-11-26,0.03817511768473181,3.245709304106672e-05
ARMA,6,2025-11-28,0.06457865625867037,-0.0006082129554744085
ARMA,6,2025-12-01,0.03433963520547157,-0.0008411260272449812
ARMA,6,2025-12-02,-0.007474155376065649,0.00076139047630073
ARMA,6,2025-12-03,-0.0010698557235385034,0.0013919991686551151
ARMA,6,2025-12-04,-0.018716587382344694,0.00015158322403528062
ARMA,6,2025-12-05,0.027329095870308698,0.0008073648011345032
ARMA,6,2025-12-08,-0.011067170131485166,-0.0010174857654716698
ARMA,6,2025-12-09,0.04053187197222852,0.0012376874480306177
ARMA,6,2025-12-10,0.003484140940118092,-0.0012032184041419654
ARMA,6,2025-12-11,0.057131716759903195,0.0010867575779922348
ARMA,6,2025-12-12,-0.04098236281946611,-0.0013694215921809985
ARMA,6,2025-12-15,0.0253911267226677,0.00288581381893214
ARMA,6,2025-12-16,-0.003820410010241985,-0.0013975267479104652
ARMA,6,2025-12-17,0.054877752017617534,0.0009003284432754189
ARMA,6,2025-12-18,-0.025148603302118783,-0.0014779953186145449
ARMA,6,2025-12-19,0.034285916174315596,0.002335011762165105
ARMA,6,2025-12-22,0.01574784514116291,-0.0013050467491338294
ARMA,6,2025-12-23,0.03727556004425465,0.0005195064292154881
ARMA,6,2025-12-24,0.007716446667799441,-0.00046235022698504143
ARMA,6,2025-12-26,0.07399134179679479,0.0009152548930819752
ARMA,6,2025-12-29,-0.09067169778776503,-0.001818776929813591
ARMA,7,2025-12-30,0.10221479339062806,0.005895258256781549
ARMA,7,2025-12-31,-0.09824307780431558,-0.006005723576643925
ARMA,7,2026-01-02,0.005998981143650036,0.00679800853532212
ARMA,7,2026-01-05,0.07648221205609913,-0.0026653302843568398
ARMA,7,2026-01-06,0.05574084130399784,-0.002500467766707247
ARMA,7,2026-01-07,-0.043072609490488835,0.000876049895917436
ARMA,7,2026-01-08,-0.03186285611540196,0.003825322437852775
ARMA,7,2026-01-09,0.05428414794887768,0.00016656570057214628
ARMA,7,2026-01-12,0.07007401715803904,-0.002758243635177191
ARMA,7,2026-01-13,0.014863556993312911,-0.0004674780428532515
ARMA,7,2026-01-14,0.05650291804211882,0.0021955794925619956
ARMA,7,2026-01-15,0.011020890663073043,-0.00108513798409079
ARMA,7,2026-01-16,-0.04206942596458179,0.001700427054924563
ARMA,7,2026-01-20,0.06711347754309907,0.002299905698960924
ARMA,7,2026-01-21,-0.021415312804807362,-0.003405083709219398
ARMA,7,2026-01-22,0.04002956396827427,0.0031183968801710414
ARMA,7,2026-01-23,0.050279558386278456,-0.001563686221419695
ARMA,7,2026-01-26,0.13124985761761132,-0.00028687605937441834
ARMA,7,2026-01-27,-0.08669859108884613,-0.0026320520552999094
ARMA,7,2026-01-28,0.06944067448945235,0.00766671665552076
ARMA,7,2026-01-29,0.008153341623586855,-0.004623693348996794
ARMA,8,2026-01-30,-0.37610308700481104,0.0021763480960962475
ARMA,8,2026-02-02,-0.0195017534205199,0.019375378875833606
ARMA,8,2026-02-03,0.0784283625076356,-0.01278901317572616
ARMA,8,2026-02-04,0.013432667047822297,-0.005519557450473969
ARMA,8,2026-02-05,-0.09510942355652635,0.0031933802009930035
ARMA,8,2026-02-06,0.0026881903887896004,0.005991338367154561
ARMA,8,2026-02-09,0.0671537103524874,-0.0033109941058985827
ARMA,8,2026-02-10,-0.022763688428083004,-0.0030888926545230948
ARMA,8,2026-02-11,0.04313594701844096,0.004237299200382861
ARMA,8,2026-02-12,-0.10314219378519979,-0.002212290999986593
ARMA,8,2026-02-13,0.030055006017955858,0.006917049260274824
ARMA,8,2026-02-17,-0.058232678195794293,-0.004699206401454402
ARMA,8,2026-02-18,0.053830054736415583,0.003986371803181569
ARMA,8,2026-02-19,0.000722232694612371,-0.004098386775722497
ARMA,8,2026-02-20,0.05904816413025689,0.0022234112624488316
ARMA,8,2026-02-23,0.05024581475846893,-0.0021018992035955635
ARMA,8,2026-02-24,0.01073694749555926,0.00019648725781836086
ARMA,8,2026-02-25,0.03904173258606675,0.002046058505869648
ARMA,8,2026-02-26,-0.0443038424494124,-0.0009107743935944154
ARMA,8,2026-02-27,0.06328912788624899,0.004048866005262333
ARMA,8,2026-03-02,-0.048615418376580684,-0.004148559559122951
ARMA,9,2026-03-03,-0.06264642761396048,0.0030092930683380853
ARMA,9,2026-03-04,-0.003503268780937199,0.003756549011582512
ARMA,9,2026-03-05,-0.011514328486069848,0.0006067344691983254
ARMA,9,2026-03-06,0.02572911548343984,0.0010333831781449544
ARMA,9,2026-03-09,0.0025737084547117705,-0.0009501081290209197
ARMA,9,2026-03-10,0.05837087039100905,0.0002830900841456796
ARMA,9,2026-03-11,-0.04615282263613243,-0.002688525155190879
ARMA,9,2026-03-12,-0.004654372806172859,0.0028781414689252683
ARMA,9,2026-03-13,-0.04537444568017897,0.000668039348241407
ARMA,9,2026-03-16,-0.008078131604690005,0.002836687087663002
ARMA,9,2026-03-17,-0.009174455123458344,0.0008503800528296042
ARMA,9,2026-03-18,-0.029242743148298937,0.0009087674611234975
ARMA,9,2026-03-19,-0.08559290256097903,0.001977553550819175
ARMA,9,2026-03-20,-0.02198830663875218,0.004978620032317654
ARMA,9,2026-03-23,-0.004493891628405335,0.0015912006730656365
ARMA,9,2026-03-24,0.0032532357356046945,0.0006594925279922855
ARMA,9,2026-03-25,0.043597795685774,0.0002469001857104914
ARMA,9,2026-03-26,-0.06700978850855925,-0.00190174868838682
ARMA,9,2026-03-27,0.027316306173566753,0.003988930539229353
ARMA,9,2026-03-30,0.011139100266054582,-0.001034637877109165
ARMA,9,2026-03-31,0.06023314806008035,-0.00017308094596037133
ARMA,10,2026-04-01,0.015635517552750514,-0.0026938953814127
ARMA,10,2026-04-02,-0.04215905699204803,-0.0004225960157776268
ARMA,10,2026-04-06,-0.0010178753480512444,0.0025208065598182955
ARMA,10,2026-04-07,-0.011558354907611788,0.0004255396430225864
ARMA,10,2026-04-08,0.046223838631510875,0.0009623525692874599
ARMA,10,2026-04-09,0.013901140778676418,-0.0019804194577789174
ARMA,10,2026-04-10,0.0006159471096186054,-0.0003342664605543
ARMA,10,2026-04-13,-0.010550123505336753,0.00034233118846005174
ARMA,10,2026-04-14,0.04994771671981459,0.0009110046541998124
ARMA,10,2026-04-15,0.0012587768248807636,-0.002170071729512871
ARMA,10,2026-04-16,-0.011195705803187449,0.0003095927064403322
ARMA,10,2026-04-17,0.03907092920060741,0.0009438833216736935
ARMA,10,2026-04-20,-0.022105095339678606,-0.001616131075906567
ARMA,10,2026-04-21,-0.045287196374536626,0.0014994843536528658
ARMA,10,2026-04-22,0.019209355449914436,0.002680118633447335
ARMA,10,2026-04-23,-0.0316671369693541,-0.0006046069355590462
ARMA,10,2026-04-24,0.01209127659018988,0.001986466707661306
ARMA,10,2026-04-27,-0.01823210990977018,-0.0002420924294133521
ARMA,10,2026-04-28,-0.024264341106409223,0.0013022382387809308
ARMA,10,2026-04-29,-0.022601726928767742,0.0016094519345408106
ARMA,10,2026-04-30,0.02708581508247884,0.001524777155095918
Decision Tree,1,2025-07-02,0.00948862302167135,0.000313561907866897
Decision Tree,1,2025-07-03,0.00978020945508275,0.000313561907866897
Decision Tree,1,2025-07-04,-0.0002446708263925226,0.000313561907866897
Decision Tree,1,2025-07-07,-0.004360269625795433,0.000313561907866897
Decision Tree,1,2025-07-08,-0.003913192095893367,0.000313561907866897
Decision Tree,1,2025-07-09,-0.0033230844876732876,0.000313561907866897
Decision Tree,1,2025-07-10,0.01872260225614796,0.000313561907866897
Decision Tree,1,2025-07-11,0.04327485466526427,0.000313561907866897
Decision Tree,1,2025-07-14,-0.005548430989781301,0.000313561907866897
Decision Tree,1,2025-07-15,-0.016462628137999764,0.000313561907866897
Decision Tree,1,2025-07-16,0.0005020943467253442,0.000313561907866897
Decision Tree,1,2025-07-17,0.0053484988038978365,0.000313561907866897
Decision Tree,1,2025-07-18,0.004378664774949736,0.000313561907866897
Decision Tree,1,2025-07-21,0.022710669109615583,0.000313561907866897
Decision Tree,1,2025-07-22,0.005585200918381937,0.000313561907866897
Decision Tree,1,2025-07-23,-0.001068724932451854,0.000313561907866897
Decision Tree,1,2025-07-24,-0.00656460218170577,0.000313561907866897
Decision Tree,1,2025-07-25,-0.02212869728845139,0.000313561907866897
Decision Tree,1,2025-07-28,-0.0037011011461839253,0.000313561907866897
Decision Tree,1,2025-07-29,0.0015240748387354282,0.000313561907866897
Decision Tree,1,2025-07-30,-0.013694800449261047,0.000313561907866897
Decision Tree,2,2025-07-31,-0.02736358302676405,0.00032241243016707476
Decision Tree,2,2025-08-01,0.006408634549875931,0.00032241243016707476
Decision Tree,2,2025-08-04,0.01094923261068545,0.00032241243016707476
Decision Tree,2,2025-08-05,0.013221494196824215,0.00032241243016707476
Decision Tree,2,2025-08-06,0.0020939815637874963,0.00032241243016707476
Decision Tree,2,2025-08-07,0.010326262845232513,0.00032241243016707476
Decision Tree,2,2025-08-08,0.00676460609637975,0.00032241243016707476
Decision Tree,2,2025-08-11,-0.019848469853247078,0.00032241243016707476
Decision Tree,2,2025-08-12,0.006273085276564445,0.00032241243016707476
Decision Tree,2,2025-08-13,0.01570760058111391,0.00032241243016707476
Decision Tree,2,2025-08-14,-0.013519958883922607,0.00032241243016707476
Decision Tree,2,2025-08-15,-0.0023195075284290307,0.00032241243016707476
Decision Tree,2,2025-08-18,0.0015030447981110365,0.00032241243016707476
Decision Tree,2,2025-08-19,-0.018348613749446335,0.00032241243016707476
Decision Tree,2,2025-08-20,0.011845514382182482,0.00032241243016707476
Decision Tree,2,2025-08-21,0.00850368475593492,0.00032241243016707476
Decision Tree,2,2025-08-22,0.025342079023089208,0.00032241243016707476
Decision Tree,2,2025-08-25,-0.008393464012582846,0.00032241243016707476
Decision Tree,2,2025-08-26,-0.002459194534489552,0.00032241243016707476
Decision Tree,2,2025-08-27,0.0027694351598418396,0.00032241243016707476
Decision Tree,2,2025-08-28,0.01286627656061418,0.00032241243016707476
Decision Tree,3,2025-08-29,0.02544543743390251,0.00033169237790339626
Decision Tree,3,2025-09-02,0.021435240936227385,0.00033169237790339626
Decision Tree,3,2025-09-03,0.011402703706401692,0.00033169237790339626
Decision Tree,3,2025-09-04,-0.015306000859251006,0.00033169237790339626
Decision Tree,3,2025-09-05,0.003976391479531736,0.00033169237790339626
Decision Tree,3,2025-09-08,0.008533321489745038,0.00033169237790339626
Decision Tree,3,2025-09-09,-0.01331669065047948,0.00033169237790339626
Decision Tree,3,2025-09-10,0.006218724240319515,0.00033169237790339626
Decision Tree,3,2025-09-11,0.013618445157770219,0.00033169237790339626
Decision Tree,3,2025-09-12,0.016412585827095046,0.00033169237790339626
Decision Tree,3,2025-09-15,0.003062219825449937,0.00033169237790339626
Decision Tree,3,2025-09-16,-0.0010824498677873453,0.00033169237790339626
Decision Tree,3,2025-09-17,-0.017792935340694444,0.00033169237790339626
Decision Tree,3,2025-09-18,-0.0003595725624521757,0.00033169237790339626
Decision Tree,3,2025-09-19,0.01968176171517526,0.00033169237790339626
Decision Tree,3,2025-09-22,0.02926022149357021,0.00033169237790339626
Decision Tree,3,2025-09-23,0.008932826417680423,0.00033169237790339626
Decision Tree,3,2025-09-24,-0.009435232545841922,0.00033169237790339626
Decision Tree,3,2025-09-25,0.02079777880006118,0.00033169237790339626
Decision Tree,3,2025-09-26,0.033527900927235434,0.00033169237790339626
Decision Tree,3,2025-09-29,0.008423753442250954,0.00033169237790339626
Decision Tree,4,2025-09-30,-0.007731717144935333,0.0003749091201489662
Decision Tree,4,2025-10-01,0.02217258492499441,0.0003749091201489662
Decision Tree,4,2025-10-02,-0.027657479526539994,0.0003749091201489662
Decision Tree,4,2025-10-03,0.0341283401166873,0.0003749091201489662
Decision Tree,4,2025-10-06,0.010138165326561486,0.0003749091201489662
Decision Tree,4,2025-10-07,-0.01895900548752369,0.0003749091201489662
Decision Tree,4,2025-10-08,0.03082619811195045,0.0003749091201489662
Decision Tree,4,2025-10-09,-0.037824118441793675,0.0003749091201489662
Decision Tree,4,2025-10-10,0.0018765999645112038,0.0003749091201489662
Decision Tree,4,2025-10-13,0.06579207650283045,0.0003749091201489662
Decision Tree,4,2025-10-14,0.0036636994399945285,0.0003749091201489662
Decision Tree,4,2025-10-15,0.014972666263086163,0.0003749091201489662
Decision Tree,4,2025-10-16,0.037469740949892895,0.0003749091201489662
Decision Tree,4,2025-10-17,-0.061426491553587786,0.0003749091201489662
Decision Tree,4,2025-10-20,0.024856970232058594,0.02630634026378007
Decision Tree,4,2025-10-21,-0.07447969677901761,0.0003749091201489662
Decision Tree,4,2025-10-22,0.00023174916179062298,0.02630634026378007
Decision Tree,4,2025-10-23,0.021284272636443984,0.0003749091201489662
Decision Tree,4,2025-10-24,-0.002168091478226251,0.0003749091201489662
Decision Tree,4,2025-10-27,-0.03823970772890121,0.0003749091201489662
Decision Tree,4,2025-10-28,0.01201888204232268,0.0003749091201489662
Decision Tree,5,2025-10-29,0.012567920885157555,0.0003694153575181018
Decision Tree,5,2025-10-30,0.014706621179701264,0.0003694153575181018
Decision Tree,5,2025-10-31,-0.009002195547953992,0.0003694153575181018
Decision Tree,5,2025-11-03,-0.002211030978419181,0.0003694153575181018
Decision Tree,5,2025-11-04,-0.01595519770785064,0.0003694153575181018
Decision Tree,5,2025-11-05,0.015432978063345005,0.0003694153575181018
Decision Tree,5,2025-11-06,-0.001442659873944521,0.0003694153575181018
Decision Tree,5,2025-11-07,0.0046549974929010725,0.0003694153575181018
Decision Tree,5,2025-11-10,0.04400163799506155,0.0003694153575181018
Decision Tree,5,2025-11-11,0.008750527588092104,0.0003694153575181018
Decision Tree,5,2025-11-12,0.05222929512220047,0.0003694153575181018
Decision Tree,5,2025-11-13,-0.004849349111986661,0.0003694153575181018
Decision Tree,5,2025-11-14,-0.047933259554467075,0.0003694153575181018
Decision Tree,5,2025-11-17,0.0006915941066914226,0.0003694153575181018
Decision Tree,5,2025-11-18,-0.003462763504400492,0.0003694153575181018
Decision Tree,5,2025-11-19,0.0067167409165909105,0.0003694153575181018
Decision Tree,5,2025-11-20,-0.010748626377484014,0.0003694153575181018
Decision Tree,5,2025-11-21,-0.00747108027743647,0.0003694153575181018
Decision Tree,5,2025-11-24,0.00842583599603129,0.0003694153575181018
Decision Tree,5,2025-11-25,0.012625007656006288,0.0003694153575181018
Decision Tree,5,2025-11-26,0.03817511768473181,0.0003694153575181018
Decision Tree,6,2025-11-28,0.06457865625867037,0.00039720168568991193
Decision Tree,6,2025-12-01,0.03433963520547157,0.00039720168568991193
Decision Tree,6,2025-12-02,-0.007474155376065649,0.00039720168568991193
Decision Tree,6,2025-12-03,-0.0010698557235385034,0.00039720168568991193
Decision Tree,6,2025-12-04,-0.018716587382344694,0.00039720168568991193
Decision Tree,6,2025-12-05,0.027329095870308698,0.00039720168568991193
Decision Tree,6,2025-12-08,-0.011067170131485166,0.00039720168568991193
Decision Tree,6,2025-12-09,0.04053187197222852,0.00039720168568991193
Decision Tree,6,2025-12-10,0.003484140940118092,0.00039720168568991193
Decision Tree,6,2025-12-11,0.057131716759903195,0.00039720168568991193
Decision Tree,6,2025-12-12,-0.04098236281946611,0.00039720168568991193
Decision Tree,6,2025-12-15,0.0253911267226677,0.00039720168568991193
Decision Tree,6,2025-12-16,-0.003820410010241985,0.00039720168568991193
Decision Tree,6,2025-12-17,0.054877752017617534,0.00039720168568991193
Decision Tree,6,2025-12-18,-0.025148603302118783,0.00039720168568991193
Decision Tree,6,2025-12-19,0.034285916174315596,0.00039720168568991193
Decision Tree,6,2025-12-22,0.01574784514116291,0.00039720168568991193
Decision Tree,6,2025-12-23,0.03727556004425465,0.00039720168568991193
Decision Tree,6,2025-12-24,0.007716446667799441,0.00039720168568991193
Decision Tree,6,2025-12-26,0.07399134179679479,0.00039720168568991193
Decision Tree,6,2025-12-29,-0.09067169778776503,-0.0400891503468924
Decision Tree,7,2025-12-30,0.10221479339062806,0.018751324983644086
Decision Tree,7,2025-12-31,-0.09824307780431558,0.0004167326036877986
Decision Tree,7,2026-01-02,0.005998981143650036,-0.03306943615624164
Decision Tree,7,2026-01-05,0.07648221205609913,0.0004167326036877986
Decision Tree,7,2026-01-06,0.05574084130399784,0.0004167326036877986
Decision Tree,7,2026-01-07,-0.043072609490488835,0.0004167326036877986
Decision Tree,7,2026-01-08,-0.03186285611540196,0.018751324983644086
Decision Tree,7,2026-01-09,0.05428414794887768,0.0004167326036877986
Decision Tree,7,2026-01-12,0.07007401715803904,0.0004167326036877986
Decision Tree,7,2026-01-13,0.014863556993312911,0.0004167326036877986
Decision Tree,7,2026-01-14,0.05650291804211882,0.0004167326036877986
Decision Tree,7,2026-01-15,0.011020890663073043,-0.0791814722468603
Decision Tree,7,2026-01-16,-0.04206942596458179,0.0004167326036877986
Decision Tree,7,2026-01-20,0.06711347754309907,0.018751324983644086
Decision Tree,7,2026-01-21,-0.021415312804807362,0.0004167326036877986
Decision Tree,7,2026-01-22,0.04002956396827427,0.018751324983644086
Decision Tree,7,2026-01-23,0.050279558386278456,0.0004167326036877986
Decision Tree,7,2026-01-26,0.13124985761761132,-0.0791814722468603
Decision Tree,7,2026-01-27,-0.08669859108884613,-0.0791814722468603
Decision Tree,7,2026-01-28,0.06944067448945235,-0.03306943615624164
Decision Tree,7,2026-01-29,0.008153341623586855,-0.0791814722468603
Decision Tree,8,2026-01-30,-0.37610308700481104,0.06478085802923225
Decision Tree,8,2026-02-02,-0.0195017534205199,-0.031116015291247058
Decision Tree,8,2026-02-03,0.0784283625076356,0.0006576587648890996
Decision Tree,8,2026-02-04,0.013432667047822297,0.0006576587648890996
Decision Tree,8,2026-02-05,-0.09510942355652635,0.0006576587648890996
Decision Tree,8,2026-02-06,0.0026881903887896004,-0.031116015291247058
Decision Tree,8,2026-02-09,0.0671537103524874,0.0006576587648890996
Decision Tree,8,2026-02-10,-0.022763688428083004,0.0006576587648890996
Decision Tree,8,2026-02-11,0.04313594701844096,0.0006576587648890996
Decision Tree,8,2026-02-12,-0.10314219378519979,0.0006576587648890996
Decision Tree,8,2026-02-13,0.030055006017955858,-0.031116015291247058
Decision Tree,8,2026-02-17,-0.058232678195794293,0.0006576587648890996
Decision Tree,8,2026-02-18,0.053830054736415583,0.0006576587648890996
Decision Tree,8,2026-02-19,0.000722232694612371,0.0006576587648890996
Decision Tree,8,2026-02-20,0.05904816413025689,0.0006576587648890996
Decision Tree,8,2026-02-23,0.05024581475846893,0.0006576587648890996
Decision Tree,8,2026-02-24,0.01073694749555926,0.0006576587648890996
Decision Tree,8,2026-02-25,0.03904173258606675,0.0006576587648890996
Decision Tree,8,2026-02-26,-0.0443038424494124,0.0006576587648890996
Decision Tree,8,2026-02-27,0.06328912788624899,0.0006576587648890996
Decision Tree,8,2026-03-02,-0.048615418376580684,0.0006576587648890996
Decision Tree,9,2026-03-03,-0.06264642761396048,0.0003433703999726207
Decision Tree,9,2026-03-04,-0.003503268780937199,0.0003433703999726207
Decision Tree,9,2026-03-05,-0.011514328486069848,0.0003433703999726207
Decision Tree,9,2026-03-06,0.02572911548343984,0.0003433703999726207
Decision Tree,9,2026-03-09,0.0025737084547117705,0.0003433703999726207
Decision Tree,9,2026-03-10,0.05837087039100905,0.0003433703999726207
Decision Tree,9,2026-03-11,-0.04615282263613243,0.0003433703999726207
Decision Tree,9,2026-03-12,-0.004654372806172859,0.0003433703999726207
Decision Tree,9,2026-03-13,-0.04537444568017897,0.0003433703999726207
Decision Tree,9,2026-03-16,-0.008078131604690005,0.0003433703999726207
Decision Tree,9,2026-03-17,-0.009174455123458344,0.0003433703999726207
Decision Tree,9,2026-03-18,-0.029242743148298937,0.0003433703999726207
Decision Tree,9,2026-03-19,-0.08559290256097903,0.0003433703999726207
Decision Tree,9,2026-03-20,-0.02198830663875218,0.0003433703999726207
Decision Tree,9,2026-03-23,-0.004493891628405335,0.0003433703999726207
Decision Tree,9,2026-03-24,0.0032532357356046945,0.0003433703999726207
Decision Tree,9,2026-03-25,0.043597795685774,0.0003433703999726207
Decision Tree,9,2026-03-26,-0.06700978850855925,0.0003433703999726207
Decision Tree,9,2026-03-27,0.027316306173566753,0.0003433703999726207
Decision Tree,9,2026-03-30,0.011139100266054582,0.0003433703999726207
Decision Tree,9,2026-03-31,0.06023314806008035,0.0003433703999726207
Decision Tree,10,2026-04-01,0.015635517552750514,0.00029966621972562005
Decision Tree,10,2026-04-02,-0.04215905699204803,0.00029966621972562005
Decision Tree,10,2026-04-06,-0.0010178753480512444,0.00029966621972562005
Decision Tree,10,2026-04-07,-0.011558354907611788,0.00029966621972562005
Decision Tree,10,2026-04-08,0.046223838631510875,0.00029966621972562005
Decision Tree,10,2026-04-09,0.013901140778676418,0.00029966621972562005
Decision Tree,10,2026-04-10,0.0006159471096186054,0.00029966621972562005
Decision Tree,10,2026-04-13,-0.010550123505336753,0.00029966621972562005
Decision Tree,10,2026-04-14,0.04994771671981459,0.00029966621972562005
Decision Tree,10,2026-04-15,0.0012587768248807636,0.00029966621972562005
Decision Tree,10,2026-04-16,-0.011195705803187449,0.00029966621972562005
Decision Tree,10,2026-04-17,0.03907092920060741,0.00029966621972562005
Decision Tree,10,2026-04-20,-0.022105095339678606,0.00029966621972562005
Decision Tree,10,2026-04-21,-0.045287196374536626,0.00029966621972562005
Decision Tree,10,2026-04-22,0.019209355449914436,0.00029966621972562005
Decision Tree,10,2026-04-23,-0.0316671369693541,0.00029966621972562005
Decision Tree,10,2026-04-24,0.01209127659018988,0.00029966621972562005
Decision Tree,10,2026-04-27,-0.01823210990977018,0.00029966621972562005
Decision Tree,10,2026-04-28,-0.024264341106409223,0.00029966621972562005
Decision Tree,10,2026-04-29,-0.022601726928767742,0.00029966621972562005
Decision Tree,10,2026-04-30,0.02708581508247884,0.00029966621972562005
Random Forest,1,2025-07-02,0.00948862302167135,8.104680241491058e-05
Random Forest,1,2025-07-03,0.00978020945508275,8.22989952066401e-05
Random Forest,1,2025-07-04,-0.0002446708263925226,0.00011342059785946531
Random Forest,1,2025-07-07,-0.004360269625795433,0.00029009253040692404
Random Forest,1,2025-07-08,-0.003913192095893367,0.0003646869763013575
Random Forest,1,2025-07-09,-0.0033230844876732876,0.00040115106436491404
Random Forest,1,2025-07-10,0.01872260225614796,0.0003646869763013575
Random Forest,1,2025-07-11,0.04327485466526427,0.00011342059785946531
Random Forest,1,2025-07-14,-0.005548430989781301,0.0002667809712261238
Random Forest,1,2025-07-15,-0.016462628137999764,0.0004451933202816869
Random Forest,1,2025-07-16,0.0005020943467253442,0.0004643634965685795
Random Forest,1,2025-07-17,0.0053484988038978365,0.000289863394003786
Random Forest,1,2025-07-18,0.004378664774949736,0.00010137843069716338
Random Forest,1,2025-07-21,0.022710669109615583,0.00013845566236199674
Random Forest,1,2025-07-22,0.005585200918381937,8.22989952066401e-05
Random Forest,1,2025-07-23,-0.001068724932451854,0.00010441874346533628
Random Forest,1,2025-07-24,-0.00656460218170577,0.0003407282223843326
Random Forest,1,2025-07-25,-0.02212869728845139,0.00039979237176893416
Random Forest,1,2025-07-28,-0.0037011011461839253,0.00044528406107805624
Random Forest,1,2025-07-29,0.0015240748387354282,0.0003608372313906733
Random Forest,1,2025-07-30,-0.013694800449261047,0.00024340842513377584
Random Forest,2,2025-07-31,-0.02736358302676405,0.0004590131228689226
Random Forest,2,2025-08-01,0.006408634549875931,0.0021762111323643477
Random Forest,2,2025-08-04,0.01094923261068545,0.0001747394803686011
Random Forest,2,2025-08-05,0.013221494196824215,0.00011530827401121536
Random Forest,2,2025-08-06,0.0020939815637874963,0.00012110948744380657
Random Forest,2,2025-08-07,0.010326262845232513,0.00019306597281141876
Random Forest,2,2025-08-08,0.00676460609637975,0.00012110948744380657
Random Forest,2,2025-08-11,-0.019848469853247078,0.00014284976946783443
Random Forest,2,2025-08-12,0.006273085276564445,0.00041893331470551693
Random Forest,2,2025-08-13,0.01570760058111391,0.00012110948744380657
Random Forest,2,2025-08-14,-0.013519958883922607,9.69687478718375e-05
Random Forest,2,2025-08-15,-0.0023195075284290307,0.00044067359672954483
Random Forest,2,2025-08-18,0.0015030447981110365,0.00035867068022587775
Random Forest,2,2025-08-19,-0.018348613749446335,0.00021433021635602765
Random Forest,2,2025-08-20,0.011845514382182482,0.0004590131228689226
Random Forest,2,2025-08-21,0.00850368475593492,0.00013944901358318442
Random Forest,2,2025-08-22,0.025342079023089208,9.69687478718375e-05
Random Forest,2,2025-08-25,-0.008393464012582846,0.00015303010390129774
Random Forest,2,2025-08-26,-0.002459194534489552,0.00044067359672954483
Random Forest,2,2025-08-27,0.0027694351598418396,0.0003167046841960262
Random Forest,2,2025-08-28,0.01286627656061418,0.00021480625483544667
Random Forest,3,2025-08-29,0.02544543743390251,0.0001492821335290434
Random Forest,3,2025-09-02,0.021435240936227385,0.0001492821335290434
Random Forest,3,2025-09-03,0.011402703706401692,0.0001492821335290434
Random Forest,3,2025-09-04,-0.015306000859251006,0.0001492821335290434
Random Forest,3,2025-09-05,0.003976391479531736,0.0004998207015943014
Random Forest,3,2025-09-08,0.008533321489745038,0.0001797823045045845
Random Forest,3,2025-09-09,-0.01331669065047948,0.0001492821335290434
Random Forest,3,2025-09-10,0.006218724240319515,0.0004998207015943014
Random Forest,3,2025-09-11,0.013618445157770219,0.0001492821335290434
Random Forest,3,2025-09-12,0.016412585827095046,0.0001492821335290434
Random Forest,3,2025-09-15,0.003062219825449937,0.0001492821335290434
Random Forest,3,2025-09-16,-0.0010824498677873453,0.0002772993052255041
Random Forest,3,2025-09-17,-0.017792935340694444,0.00035865735118836785
Random Forest,3,2025-09-18,-0.0003595725624521757,0.0004998207015943014
Random Forest,3,2025-09-19,0.01968176171517526,0.00031954650117789295
Random Forest,3,2025-09-22,0.02926022149357021,0.0001492821335290434
Random Forest,3,2025-09-23,0.008932826417680423,0.0001492821335290434
Random Forest,3,2025-09-24,-0.009435232545841922,0.0001492821335290434
Random Forest,3,2025-09-25,0.02079777880006118,0.00048491571883801487
Random Forest,3,2025-09-26,0.033527900927235434,0.0001492821335290434
Random Forest,3,2025-09-29,0.008423753442250954,0.0001492821335290434
Random Forest,4,2025-09-30,-0.007731717144935333,0.00021568321957768775
Random Forest,4,2025-10-01,0.02217258492499441,0.0005228079271500417
Random Forest,4,2025-10-02,-0.027657479526539994,0.00021568321957768775
Random Forest,4,2025-10-03,0.0341283401166873,0.0006943011244843787
Random Forest,4,2025-10-06,0.010138165326561486,0.00021568321957768775
Random Forest,4,2025-10-07,-0.01895900548752369,0.00021568321957768775
Random Forest,4,2025-10-08,0.03082619811195045,0.000596725739856812
Random Forest,4,2025-10-09,-0.037824118441793675,0.00021568321957768775
Random Forest,4,2025-10-10,0.0018765999645112038,0.000604898177157902
Random Forest,4,2025-10-13,0.06579207650283045,0.0003774317904483754
Random Forest,4,2025-10-14,0.0036636994399945285,0.0018567403461518667
Random Forest,4,2025-10-15,0.014972666263086163,0.00034092536186226157
Random Forest,4,2025-10-16,0.037469740949892895,4.3062928818486555e-05
Random Forest,4,2025-10-17,-0.061426491553587786,0.00021568321957768775
Random Forest,4,2025-10-20,0.024856970232058594,0.005930047631199008
Random Forest,4,2025-10-21,-0.07447969677901761,0.00031088991302760687
Random Forest,4,2025-10-22,0.00023174916179062298,0.004194108071129887
Random Forest,4,2025-10-23,0.021284272636443984,0.000748854064854433
Random Forest,4,2025-10-24,-0.002168091478226251,1.9607604477558005e-05
Random Forest,4,2025-10-27,-0.03823970772890121,0.0014275086477680515
Random Forest,4,2025-10-28,0.01201888204232268,0.0011938012899679721
Random Forest,5,2025-10-29,0.012567920885157555,0.00021259703733024452
Random Forest,5,2025-10-30,0.014706621179701264,0.00015180638064629987
Random Forest,5,2025-10-31,-0.009002195547953992,0.00021259703733024452
Random Forest,5,2025-11-03,-0.002211030978419181,0.0007037023826029507
Random Forest,5,2025-11-04,-0.01595519770785064,0.00034900975950587
Random Forest,5,2025-11-05,0.015432978063345005,0.0006860791258530497
Random Forest,5,2025-11-06,-0.001442659873944521,0.00015180638064629987
Random Forest,5,2025-11-07,0.0046549974929010725,0.0003545297502730797
Random Forest,5,2025-11-10,0.04400163799506155,0.00024425478432055356
Random Forest,5,2025-11-11,0.008750527588092104,0.00021259703733024452
Random Forest,5,2025-11-12,0.05222929512220047,0.00021259703733024452
Random Forest,5,2025-11-13,-0.004849349111986661,0.00021259703733024452
Random Forest,5,2025-11-14,-0.047933259554467075,0.000605172436234977
Random Forest,5,2025-11-17,0.0006915941066914226,0.0007566461032376329
Random Forest,5,2025-11-18,-0.003462763504400492,0.00031645585698317213
Random Forest,5,2025-11-19,0.0067167409165909105,0.0005252357734540085
Random Forest,5,2025-11-20,-0.010748626377484014,0.00024903373328970973
Random Forest,5,2025-11-21,-0.00747108027743647,0.00067898372915557
Random Forest,5,2025-11-24,0.00842583599603129,0.0006181930724716256
Random Forest,5,2025-11-25,0.012625007656006288,0.00021259703733024452
Random Forest,5,2025-11-26,0.03817511768473181,0.00015180638064629987
Random Forest,6,2025-11-28,0.06457865625867037,0.00039645821367577155
Random Forest,6,2025-12-01,0.03433963520547157,-2.3517272306552793e-05
Random Forest,6,2025-12-02,-0.007474155376065649,-0.008138792991999719
Random Forest,6,2025-12-03,-0.0010698557235385034,-0.004143624350928381
Random Forest,6,2025-12-04,-0.018716587382344694,-0.0012622256374274995
Random Forest,6,2025-12-05,0.027329095870308698,0.0005515101135730817
Random Forest,6,2025-12-08,-0.011067170131485166,0.0005669508012439272
Random Forest,6,2025-12-09,0.04053187197222852,0.0008468072167501966
Random Forest,6,2025-12-10,0.003484140940118092,0.0006917553168528863
Random Forest,6,2025-12-11,0.057131716759903195,0.0006405322416445251
Random Forest,6,2025-12-12,-0.04098236281946611,0.0006321562290823284
Random Forest,6,2025-12-15,0.0253911267226677,0.002881443930050705
Random Forest,6,2025-12-16,-0.003820410010241985,0.0001126354983981005
Random Forest,6,2025-12-17,0.054877752017617534,0.0005129829257079442
Random Forest,6,2025-12-18,-0.025148603302118783,-0.0008185125288699952
Random Forest,6,2025-12-19,0.034285916174315596,-6.510426670958933e-05
Random Forest,6,2025-12-22,0.01574784514116291,0.00026716528020157427
Random Forest,6,2025-12-23,0.03727556004425465,0.0018015225442509916
Random Forest,6,2025-12-24,0.007716446667799441,0.00018811572490434983
Random Forest,6,2025-12-26,0.07399134179679479,0.0007064086628176748
Random Forest,6,2025-12-29,-0.09067169778776503,-0.021511421270626992
Random Forest,7,2025-12-30,0.10221479339062806,0.001890290935442637
Random Forest,7,2025-12-31,-0.09824307780431558,-0.04511994627126262
Random Forest,7,2026-01-02,0.005998981143650036,-0.03149276631621985
Random Forest,7,2026-01-05,0.07648221205609913,-0.00044718188029497195
Random Forest,7,2026-01-06,0.05574084130399784,-0.00928174824463708
Random Forest,7,2026-01-07,-0.043072609490488835,0.000552980164760895
Random Forest,7,2026-01-08,-0.03186285611540196,0.003934384244996035
Random Forest,7,2026-01-09,0.05428414794887768,0.002312424731512899
Random Forest,7,2026-01-12,0.07007401715803904,0.0005058877478611611
Random Forest,7,2026-01-13,0.014863556993312911,0.00206651432675275
Random Forest,7,2026-01-14,0.05650291804211882,0.0029965690603346194
Random Forest,7,2026-01-15,0.011020890663073043,-0.014754702632163266
Random Forest,7,2026-01-16,-0.04206942596458179,-0.005977116400454197
Random Forest,7,2026-01-20,0.06711347754309907,0.008540472649070725
Random Forest,7,2026-01-21,-0.021415312804807362,-0.0005577171533993873
Random Forest,7,2026-01-22,0.04002956396827427,0.007755053468967444
Random Forest,7,2026-01-23,0.050279558386278456,-0.0018205247608328375
Random Forest,7,2026-01-26,0.13124985761761132,-0.01110304327868006
Random Forest,7,2026-01-27,-0.08669859108884613,-0.08360069155770036
Random Forest,7,2026-01-28,0.06944067448945235,-0.03307796633377433
Random Forest,7,2026-01-29,0.008153341623586855,-0.016532062378894426
Random Forest,8,2026-01-30,-0.37610308700481104,-0.00021504229259766656
Random Forest,8,2026-02-02,-0.0195017534205199,-0.022120491197296897
Random Forest,8,2026-02-03,0.0784283625076356,0.005303217018962962
Random Forest,8,2026-02-04,0.013432667047822297,-0.0008117312537556838
Random Forest,8,2026-02-05,-0.09510942355652635,0.005663968278992064
Random Forest,8,2026-02-06,0.0026881903887896004,-0.01929101001308526
Random Forest,8,2026-02-09,0.0671537103524874,0.00857509947623298
Random Forest,8,2026-02-10,-0.022763688428083004,0.005277354684326726
Random Forest,8,2026-02-11,0.04313594701844096,0.008117236567188558
Random Forest,8,2026-02-12,-0.10314219378519979,0.00684226329955622
Random Forest,8,2026-02-13,0.030055006017955858,-0.023556179062641115
Random Forest,8,2026-02-17,-0.058232678195794293,0.003818437162110995
Random Forest,8,2026-02-18,0.053830054736415583,0.006488285077385532
Random Forest,8,2026-02-19,0.000722232694612371,0.0033878781397152563
Random Forest,8,2026-02-20,0.05904816413025689,0.0033878781397152563
Random Forest,8,2026-02-23,0.05024581475846893,0.002349149212511
Random Forest,8,2026-02-24,0.01073694749555926,0.0027749076226474025
Random Forest,8,2026-02-25,0.03904173258606675,-0.0021194166858611143
Random Forest,8,2026-02-26,-0.0443038424494124,-0.0011889976559924477
Random Forest,8,2026-02-27,0.06328912788624899,0.0035419400284053566
Random Forest,8,2026-03-02,-0.048615418376580684,-0.001048193612376592
Random Forest,9,2026-03-03,-0.06264642761396048,-0.008933281168280224
Random Forest,9,2026-03-04,-0.003503268780937199,0.0020583777867452776
Random Forest,9,2026-03-05,-0.011514328486069848,0.0014902246078118075
Random Forest,9,2026-03-06,0.02572911548343984,0.0022341361824767146
Random Forest,9,2026-03-09,0.0025737084547117705,0.0011749830158076368
Random Forest,9,2026-03-10,0.05837087039100905,0.000525478002737802
Random Forest,9,2026-03-11,-0.04615282263613243,0.0009458441596411873
Random Forest,9,2026-03-12,-0.004654372806172859,0.00136119249373289
Random Forest,9,2026-03-13,-0.04537444568017897,0.0015049408392587432
Random Forest,9,2026-03-16,-0.008078131604690005,0.0009493992164500585
Random Forest,9,2026-03-17,-0.009174455123458344,0.0005632657200821702
Random Forest,9,2026-03-18,-0.029242743148298937,0.0005632657200821702
Random Forest,9,2026-03-19,-0.08559290256097903,0.0005632657200821702
Random Forest,9,2026-03-20,-0.02198830663875218,-0.0009497139755360237
Random Forest,9,2026-03-23,-0.004493891628405335,0.0009166672777079944
Random Forest,9,2026-03-24,0.0032532357356046945,0.0018164397840808
Random Forest,9,2026-03-25,0.043597795685774,0.0008369769475598586
Random Forest,9,2026-03-26,-0.06700978850855925,0.0004835753899340345
Random Forest,9,2026-03-27,0.027316306173566753,0.0028288534380048
Random Forest,9,2026-03-30,0.011139100266054582,0.0004835753899340345
Random Forest,9,2026-03-31,0.06023314806008035,0.00239460675231304
Random Forest,10,2026-04-01,0.015635517552750514,0.000874887219227328
Random Forest,10,2026-04-02,-0.04215905699204803,0.0006490056381333545
Random Forest,10,2026-04-06,-0.0010178753480512444,0.0005041890400242964
Random Forest,10,2026-04-07,-0.011558354907611788,0.00046460065529254794
Random Forest,10,2026-04-08,0.046223838631510875,0.0005041890400242964
Random Forest,10,2026-04-09,0.013901140778676418,0.00046460065529254794
Random Forest,10,2026-04-10,0.0006159471096186054,0.00046460065529254794
Random Forest,10,2026-04-13,-0.010550123505336753,0.00046460065529254794
Random Forest,10,2026-04-14,0.04994771671981459,0.0005041890400242964
Random Forest,10,2026-04-15,0.0012587768248807636,0.0010031050781706954
Random Forest,10,2026-04-16,-0.011195705803187449,0.00046460065529254794
Random Forest,10,2026-04-17,0.03907092920060741,0.0005041890400242964
Random Forest,10,2026-04-20,-0.022105095339678606,0.00046460065529254794
Random Forest,10,2026-04-21,-0.045287196374536626,0.0005041890400242964
Random Forest,10,2026-04-22,0.019209355449914436,0.0005041890400242964
Random Forest,10,2026-04-23,-0.0316671369693541,0.00046460065529254794
Random Forest,10,2026-04-24,0.01209127659018988,0.0005041890400242964
Random Forest,10,2026-04-27,-0.01823210990977018,0.00046460065529254794
Random Forest,10,2026-04-28,-0.024264341106409223,0.0005041890400242964
Random Forest,10,2026-04-29,-0.022601726928767742,0.0005041890400242964
Random Forest,10,2026-04-30,0.02708581508247884,0.0005041890400242964
Gradient Boosting,1,2025-07-02,0.00948862302167135,-0.0020050100184004394
Gradient Boosting,1,2025-07-03,0.00978020945508275,-0.0009879277562403902
Gradient Boosting,1,2025-07-04,-0.0002446708263925226,8.116174491128945e-06
Gradient Boosting,1,2025-07-07,-0.004360269625795433,-0.00012120162948273011
Gradient Boosting,1,2025-07-08,-0.003913192095893367,0.0008518483696220944
Gradient Boosting,1,2025-07-09,-0.0033230844876732876,0.0021056208937497256
Gradient Boosting,1,2025-07-10,0.01872260225614796,0.00013896980177247493
Gradient Boosting,1,2025-07-11,0.04327485466526427,0.0005507606528592122
Gradient Boosting,1,2025-07-14,-0.005548430989781301,0.0037635979621253495
Gradient Boosting,1,2025-07-15,-0.016462628137999764,0.0012218611504483576
Gradient Boosting,1,2025-07-16,0.0005020943467253442,0.0011635803217752967
Gradient Boosting,1,2025-07-17,0.0053484988038978365,-0.0001272429699924493
Gradient Boosting,1,2025-07-18,0.004378664774949736,-0.0006068325699413155
Gradient Boosting,1,2025-07-21,0.022710669109615583,-0.0012008064900299311
Gradient Boosting,1,2025-07-22,0.005585200918381937,-0.00010101981516672702
Gradient Boosting,1,2025-07-23,-0.001068724932451854,-0.000622064765113266
Gradient Boosting,1,2025-07-24,-0.00656460218170577,0.00030910850309037166
Gradient Boosting,1,2025-07-25,-0.02212869728845139,-0.0002627558212097235
Gradient Boosting,1,2025-07-28,-0.0037011011461839253,0.0010943090609060833
Gradient Boosting,1,2025-07-29,0.0015240748387354282,0.00017035076498845845
Gradient Boosting,1,2025-07-30,-0.013694800449261047,-0.0004280668678369053
Gradient Boosting,2,2025-07-31,-0.02736358302676405,0.0001870513790388671
Gradient Boosting,2,2025-08-01,0.006408634549875931,0.0001614698828758572
Gradient Boosting,2,2025-08-04,0.01094923261068545,-0.004639363820216238
Gradient Boosting,2,2025-08-05,0.013221494196824215,-0.0006941319840313757
Gradient Boosting,2,2025-08-06,0.0020939815637874963,-0.00031249999558904956
Gradient Boosting,2,2025-08-07,0.010326262845232513,-0.0001281068985296022
Gradient Boosting,2,2025-08-08,0.00676460609637975,-0.00047382483275936133
Gradient Boosting,2,2025-08-11,-0.019848469853247078,0.0006401867330283941
Gradient Boosting,2,2025-08-12,0.006273085276564445,0.00037681061218784576
Gradient Boosting,2,2025-08-13,0.01570760058111391,-0.00038826338265018554
Gradient Boosting,2,2025-08-14,-0.013519958883922607,-7.217307113023521e-05
Gradient Boosting,2,2025-08-15,-0.0023195075284290307,0.0010215845589863983
Gradient Boosting,2,2025-08-18,0.0015030447981110365,0.0004946507970376299
Gradient Boosting,2,2025-08-19,-0.018348613749446335,-0.0006530830156525408
Gradient Boosting,2,2025-08-20,0.011845514382182482,0.00013515824765803657
Gradient Boosting,2,2025-08-21,0.00850368475593492,-0.0009153950807510048
Gradient Boosting,2,2025-08-22,0.025342079023089208,-0.0009077942930776939
Gradient Boosting,2,2025-08-25,-0.008393464012582846,0.00011967200669532512
Gradient Boosting,2,2025-08-26,-0.002459194534489552,0.0009692470871103915
Gradient Boosting,2,2025-08-27,0.0027694351598418396,-0.00023235225262263696
Gradient Boosting,2,2025-08-28,0.01286627656061418,-0.00043937851338892494
Gradient Boosting,3,2025-08-29,0.02544543743390251,-0.0010773834743624212
Gradient Boosting,3,2025-09-02,0.021435240936227385,-0.00024642078148108803
Gradient Boosting,3,2025-09-03,0.011402703706401692,-0.0008269048587007241
Gradient Boosting,3,2025-09-04,-0.015306000859251006,-0.0003814408459669142
Gradient Boosting,3,2025-09-05,0.003976391479531736,0.001350469615320251
Gradient Boosting,3,2025-09-08,0.008533321489745038,-0.0006107676882978233
Gradient Boosting,3,2025-09-09,-0.01331669065047948,-0.0008513029245485338
Gradient Boosting,3,2025-09-10,0.006218724240319515,0.0007619575340708946
Gradient Boosting,3,2025-09-11,0.013618445157770219,-0.0008224396085482832
Gradient Boosting,3,2025-09-12,0.016412585827095046,-0.0004479709455778631
Gradient Boosting,3,2025-09-15,0.003062219825449937,-0.0016318880711109927
Gradient Boosting,3,2025-09-16,-0.0010824498677873453,-0.0016587804702174692
Gradient Boosting,3,2025-09-17,-0.017792935340694444,0.0006192044566374153
Gradient Boosting,3,2025-09-18,-0.0003595725624521757,0.0017053224411080396
Gradient Boosting,3,2025-09-19,0.01968176171517526,-0.0003904438911734628
Gradient Boosting,3,2025-09-22,0.02926022149357021,-0.0010773834743624212
Gradient Boosting,3,2025-09-23,0.008932826417680423,0.0008461042387513039
Gradient Boosting,3,2025-09-24,-0.009435232545841922,0.0006216234662495428
Gradient Boosting,3,2025-09-25,0.02079777880006118,0.0021260258579057405
Gradient Boosting,3,2025-09-26,0.033527900927235434,0.0008413510942622848
Gradient Boosting,3,2025-09-29,0.008423753442250954,0.0020431660160401864
Gradient Boosting,4,2025-09-30,-0.007731717144935333,0.0008658804809372483
Gradient Boosting,4,2025-10-01,0.02217258492499441,0.0012396298416639045
Gradient Boosting,4,2025-10-02,-0.027657479526539994,0.0026096685037256
Gradient Boosting,4,2025-10-03,0.0341283401166873,0.0005952577375721059
Gradient Boosting,4,2025-10-06,0.010138165326561486,0.0015582423243773358
Gradient Boosting,4,2025-10-07,-0.01895900548752369,-0.00044805643489194457
Gradient Boosting,4,2025-10-08,0.03082619811195045,0.0020366423258599917
Gradient Boosting,4,2025-10-09,-0.037824118441793675,0.000925817142624481
Gradient Boosting,4,2025-10-10,0.0018765999645112038,0.0030465118961642704
Gradient Boosting,4,2025-10-13,0.06579207650283045,0.0009307235653254547
Gradient Boosting,4,2025-10-14,0.0036636994399945285,-0.004830094353005644
Gradient Boosting,4,2025-10-15,0.014972666263086163,-0.0012651292045604173
Gradient Boosting,4,2025-10-16,0.037469740949892895,-0.0031429966997529027
Gradient Boosting,4,2025-10-17,-0.061426491553587786,0.0011111446214687602
Gradient Boosting,4,2025-10-20,0.024856970232058594,0.018434816331838154
Gradient Boosting,4,2025-10-21,-0.07447969677901761,-0.0038168957144491685
Gradient Boosting,4,2025-10-22,0.00023174916179062298,0.014621776795548996
Gradient Boosting,4,2025-10-23,0.021284272636443984,-0.005313780667707314
Gradient Boosting,4,2025-10-24,-0.002168091478226251,-0.0060815314244332605
Gradient Boosting,4,2025-10-27,-0.03823970772890121,0.021264734244678046
Gradient Boosting,4,2025-10-28,0.01201888204232268,0.005690146293336893
Gradient Boosting,5,2025-10-29,0.012567920885157555,-0.0031291655353223344
Gradient Boosting,5,2025-10-30,0.014706621179701264,-0.003003685021704523
Gradient Boosting,5,2025-10-31,-0.009002195547953992,-0.002014468972806918
Gradient Boosting,5,2025-11-03,-0.002211030978419181,0.001719751158591841
Gradient Boosting,5,2025-11-04,-0.01595519770785064,0.0018270185153064615
Gradient Boosting,5,2025-11-05,0.015432978063345005,0.004006559191490195
Gradient Boosting,5,2025-11-06,-0.001442659873944521,-0.0016968894010477554
Gradient Boosting,5,2025-11-07,0.0046549974929010725,0.0012996387603524252
Gradient Boosting,5,2025-11-10,0.04400163799506155,0.0004374721524547999
Gradient Boosting,5,2025-11-11,0.008750527588092104,-3.7090068746148326e-05
Gradient Boosting,5,2025-11-12,0.05222929512220047,0.0003042175162222196
Gradient Boosting,5,2025-11-13,-0.004849349111986661,0.007748976320922411
Gradient Boosting,5,2025-11-14,-0.047933259554467075,0.0019865172115853926
Gradient Boosting,5,2025-11-17,0.0006915941066914226,0.003916477640916486
Gradient Boosting,5,2025-11-18,-0.003462763504400492,-0.0011008575425273932
Gradient Boosting,5,2025-11-19,0.0067167409165909105,0.0011221255918162846
Gradient Boosting,5,2025-11-20,-0.010748626377484014,-0.0008450410145972272
Gradient Boosting,5,2025-11-21,-0.00747108027743647,0.0015535503081157414
Gradient Boosting,5,2025-11-24,0.00842583599603129,0.0005432916624098931
Gradient Boosting,5,2025-11-25,0.012625007656006288,0.00027823424450022224
Gradient Boosting,5,2025-11-26,0.03817511768473181,-0.0007663056167270103
Gradient Boosting,6,2025-11-28,0.06457865625867037,0.00033202129932459755
Gradient Boosting,6,2025-12-01,0.03433963520547157,-0.003384077716972425
Gradient Boosting,6,2025-12-02,-0.007474155376065649,-0.017446640323175153
Gradient Boosting,6,2025-12-03,-0.0010698557235385034,-0.013681133644641881
Gradient Boosting,6,2025-12-04,-0.018716587382344694,0.0002649504117756579
Gradient Boosting,6,2025-12-05,0.027329095870308698,0.002505541106259987
Gradient Boosting,6,2025-12-08,-0.011067170131485166,0.0040922674171348355
Gradient Boosting,6,2025-12-09,0.04053187197222852,0.0030589755602201045
Gradient Boosting,6,2025-12-10,0.003484140940118092,0.001214346839475621
Gradient Boosting,6,2025-12-11,0.057131716759903195,0.0010465751154970458
Gradient Boosting,6,2025-12-12,-0.04098236281946611,0.015755534527860906
Gradient Boosting,6,2025-12-15,0.0253911267226677,0.010850089106227923
Gradient Boosting,6,2025-12-16,-0.003820410010241985,-0.0001858625678287435
Gradient Boosting,6,2025-12-17,0.054877752017617534,0.00035291409824271135
Gradient Boosting,6,2025-12-18,-0.025148603302118783,-0.0039613268180551916
Gradient Boosting,6,2025-12-19,0.034285916174315596,-0.002387047861347162
Gradient Boosting,6,2025-12-22,0.01574784514116291,-0.0008033372699127796
Gradient Boosting,6,2025-12-23,0.03727556004425465,-0.0020614669924051174
Gradient Boosting,6,2025-12-24,0.007716446667799441,-0.004961102690339205
Gradient Boosting,6,2025-12-26,0.07399134179679479,-0.0078656333969213
Gradient Boosting,6,2025-12-29,-0.09067169778776503,-0.024594553181489592
Gradient Boosting,7,2025-12-30,0.10221479339062806,0.023220462404056837
Gradient Boosting,7,2025-12-31,-0.09824307780431558,-0.049480860443817706
Gradient Boosting,7,2026-01-02,0.005998981143650036,-0.019182654826587427
Gradient Boosting,7,2026-01-05,0.07648221205609913,-0.0017437005971629163
Gradient Boosting,7,2026-01-06,0.05574084130399784,0.0017464506145517381
Gradient Boosting,7,2026-01-07,-0.043072609490488835,-0.0005126041059747911
Gradient Boosting,7,2026-01-08,-0.03186285611540196,0.020546992067836764
Gradient Boosting,7,2026-01-09,0.05428414794887768,0.011107173871416439
Gradient Boosting,7,2026-01-12,0.07007401715803904,-0.010073039467081298
Gradient Boosting,7,2026-01-13,0.014863556993312911,-0.005323539369243933
Gradient Boosting,7,2026-01-14,0.05650291804211882,-0.00014918919634457107
Gradient Boosting,7,2026-01-15,0.011020890663073043,-0.020288710327258458
Gradient Boosting,7,2026-01-16,-0.04206942596458179,-0.014648097884414608
Gradient Boosting,7,2026-01-20,0.06711347754309907,0.02537213413796165
Gradient Boosting,7,2026-01-21,-0.021415312804807362,0.003968151208836634
Gradient Boosting,7,2026-01-22,0.04002956396827427,0.02834295326339189
Gradient Boosting,7,2026-01-23,0.050279558386278456,0.004753114704369878
Gradient Boosting,7,2026-01-26,0.13124985761761132,0.010959422549273717
Gradient Boosting,7,2026-01-27,-0.08669859108884613,-0.10673273028829253
Gradient Boosting,7,2026-01-28,0.06944067448945235,-0.000185829820624278
Gradient Boosting,7,2026-01-29,0.008153341623586855,-0.02737146722378564
Gradient Boosting,8,2026-01-30,-0.37610308700481104,-0.000221689187861685
Gradient Boosting,8,2026-02-02,-0.0195017534205199,-0.014656120543666027
Gradient Boosting,8,2026-02-03,0.0784283625076356,0.005401507402661602
Gradient Boosting,8,2026-02-04,0.013432667047822297,-0.008220319765734549
Gradient Boosting,8,2026-02-05,-0.09510942355652635,-0.0027626771466117838
Gradient Boosting,8,2026-02-06,0.0026881903887896004,-0.018626667458668318
Gradient Boosting,8,2026-02-09,0.0671537103524874,0.017813709260617327
Gradient Boosting,8,2026-02-10,-0.022763688428083004,-0.0021605587823013794
Gradient Boosting,8,2026-02-11,0.04313594701844096,0.010761210961601842
Gradient Boosting,8,2026-02-12,-0.10314219378519979,0.0005979945518265559
Gradient Boosting,8,2026-02-13,0.030055006017955858,-0.026615631265245177
Gradient Boosting,8,2026-02-17,-0.058232678195794293,-0.00022661190212646873
Gradient Boosting,8,2026-02-18,0.053830054736415583,0.015492760706052221
Gradient Boosting,8,2026-02-19,0.000722232694612371,-0.0005699161873500818
Gradient Boosting,8,2026-02-20,0.05904816413025689,-0.00039153687173256574
Gradient Boosting,8,2026-02-23,0.05024581475846893,-0.0018533392155478286
Gradient Boosting,8,2026-02-24,0.01073694749555926,0.0017306379583007893
Gradient Boosting,8,2026-02-25,0.03904173258606675,-0.013523380146928839
Gradient Boosting,8,2026-02-26,-0.0443038424494124,-0.01137641284315023
Gradient Boosting,8,2026-02-27,0.06328912788624899,0.00814649004485185
Gradient Boosting,8,2026-03-02,-0.048615418376580684,-0.0071045450095309345
Gradient Boosting,9,2026-03-03,-0.06264642761396048,-0.026548001383348473
Gradient Boosting,9,2026-03-04,-0.003503268780937199,0.002446274261680372
Gradient Boosting,9,2026-03-05,-0.011514328486069848,0.0005889131615171198
Gradient Boosting,9,2026-03-06,0.02572911548343984,0.007572534044603428
Gradient Boosting,9,2026-03-09,0.0025737084547117705,-0.0016888562750229869
Gradient Boosting,9,2026-03-10,0.05837087039100905,0.0016615817571452775
Gradient Boosting,9,2026-03-11,-0.04615282263613243,-0.0007212233560136319
Gradient Boosting,9,2026-03-12,-0.004654372806172859,0.011090540191290611
Gradient Boosting,9,2026-03-13,-0.04537444568017897,0.0012760425692782285
Gradient Boosting,9,2026-03-16,-0.008078131604690005,0.00925978206530976
Gradient Boosting,9,2026-03-17,-0.009174455123458344,0.003400671206491479
Gradient Boosting,9,2026-03-18,-0.029242743148298937,0.004064025445199699
Gradient Boosting,9,2026-03-19,-0.08559290256097903,0.004064025445199699
Gradient Boosting,9,2026-03-20,-0.02198830663875218,0.005546562649637757
Gradient Boosting,9,2026-03-23,-0.004493891628405335,0.00490281190778529
Gradient Boosting,9,2026-03-24,0.0032532357356046945,0.0017463716940016036
Gradient Boosting,9,2026-03-25,0.043597795685774,7.507313164075497e-05
Gradient Boosting,9,2026-03-26,-0.06700978850855925,-0.002303174932702315
Gradient Boosting,9,2026-03-27,0.027316306173566753,-0.006977984881930221
Gradient Boosting,9,2026-03-30,0.011139100266054582,-0.0019246289170902495
Gradient Boosting,9,2026-03-31,0.06023314806008035,-0.013419692717483502
Gradient Boosting,10,2026-04-01,0.015635517552750514,-0.0019856652534581687
Gradient Boosting,10,2026-04-02,-0.04215905699204803,-0.002658783966634387
Gradient Boosting,10,2026-04-06,-0.0010178753480512444,0.0014879525002108069
Gradient Boosting,10,2026-04-07,-0.011558354907611788,0.00018767840778485475
Gradient Boosting,10,2026-04-08,0.046223838631510875,0.0016405585354532257
Gradient Boosting,10,2026-04-09,0.013901140778676418,-0.0031241094316473415
Gradient Boosting,10,2026-04-10,0.0006159471096186054,-0.001551412407410726
Gradient Boosting,10,2026-04-13,-0.010550123505336753,-4.2194720194390395e-06
Gradient Boosting,10,2026-04-14,0.04994771671981459,0.0014879525002108069
Gradient Boosting,10,2026-04-15,0.0012587768248807636,-0.0010930959808186735
Gradient Boosting,10,2026-04-16,-0.011195705803187449,0.00033976289678288446
Gradient Boosting,10,2026-04-17,0.03907092920060741,0.0014879525002108069
Gradient Boosting,10,2026-04-20,-0.022105095339678606,4.4824819883988754e-05
Gradient Boosting,10,2026-04-21,-0.045287196374536626,0.0015495783660990326
Gradient Boosting,10,2026-04-22,0.019209355449914436,0.000556287081795134
Gradient Boosting,10,2026-04-23,-0.0316671369693541,-0.002246149350305744
Gradient Boosting,10,2026-04-24,0.01209127659018988,0.0015951446120071816
Gradient Boosting,10,2026-04-27,-0.01823210990977018,-0.0019902650125462468
Gradient Boosting,10,2026-04-28,-0.024264341106409223,0.004091954383230465
Gradient Boosting,10,2026-04-29,-0.022601726928767742,0.004912363580953474
Gradient Boosting,10,2026-04-30,0.02708581508247884,0.004656479243193978
XGBoost,1,2025-07-02,0.00948862302167135,-0.002706050407141447
XGBoost,1,2025-07-03,0.00978020945508275,-0.0012119037564843893
XGBoost,1,2025-07-04,-0.0002446708263925226,-0.00046166678657755256
XGBoost,1,2025-07-07,-0.004360269625795433,3.281834869994782e-05
XGBoost,1,2025-07-08,-0.003913192095893367,0.0009687058627605438
XGBoost,1,2025-07-09,-0.0033230844876732876,0.004179877229034901
XGBoost,1,2025-07-10,0.01872260225614796,0.0006888399948365986
XGBoost,1,2025-07-11,0.04327485466526427,-7.184823334682733e-05
XGBoost,1,2025-07-14,-0.005548430989781301,-0.0020840801298618317
XGBoost,1,2025-07-15,-0.016462628137999764,0.0010005473159253597
XGBoost,1,2025-07-16,0.0005020943467253442,0.001388023723848164
XGBoost,1,2025-07-17,0.0053484988038978365,-0.000448300939751789
XGBoost,1,2025-07-18,0.004378664774949736,-0.00062590028392151
XGBoost,1,2025-07-21,0.022710669109615583,-0.0014977017417550087
XGBoost,1,2025-07-22,0.005585200918381937,-0.0002882177650462836
XGBoost,1,2025-07-23,-0.001068724932451854,-0.0007811979157850146
XGBoost,1,2025-07-24,-0.00656460218170577,5.54136058781296e-05
XGBoost,1,2025-07-25,-0.02212869728845139,-0.0008733717259019613
XGBoost,1,2025-07-28,-0.0037011011461839253,0.0013082725927233696
XGBoost,1,2025-07-29,0.0015240748387354282,0.000138034563860856
XGBoost,1,2025-07-30,-0.013694800449261047,-0.00047230409109033644
XGBoost,2,2025-07-31,-0.02736358302676405,-0.00010432278213556856
XGBoost,2,2025-08-01,0.006408634549875931,7.061637006700039e-06
XGBoost,2,2025-08-04,0.01094923261068545,-0.002037444617599249
XGBoost,2,2025-08-05,0.013221494196824215,-0.0008460431708954275
XGBoost,2,2025-08-06,0.0020939815637874963,-0.0006628249539062381
XGBoost,2,2025-08-07,0.010326262845232513,-0.00011390211875550449
XGBoost,2,2025-08-08,0.00676460609637975,-0.0009539436432532966
XGBoost,2,2025-08-11,-0.019848469853247078,-0.0006484637269750237
XGBoost,2,2025-08-12,0.006273085276564445,0.000463799835415557
XGBoost,2,2025-08-13,0.01570760058111391,-0.0007539874641224742
XGBoost,2,2025-08-14,-0.013519958883922607,-0.0006933363038115203
XGBoost,2,2025-08-15,-0.0023195075284290307,0.0008652318501845002
XGBoost,2,2025-08-18,0.0015030447981110365,9.633295849198475e-05
XGBoost,2,2025-08-19,-0.018348613749446335,-0.0008257555891759694
XGBoost,2,2025-08-20,0.011845514382182482,0.0006220535142347217
XGBoost,2,2025-08-21,0.00850368475593492,-0.0015694124158471823
XGBoost,2,2025-08-22,0.025342079023089208,-0.0014088173629716039
XGBoost,2,2025-08-25,-0.008393464012582846,0.0006160802440717816
XGBoost,2,2025-08-26,-0.002459194534489552,0.00018310283485334367
XGBoost,2,2025-08-27,0.0027694351598418396,-0.00033988122595474124
XGBoost,2,2025-08-28,0.01286627656061418,-0.00043488593655638397
XGBoost,3,2025-08-29,0.02544543743390251,-0.00047765797353349626
XGBoost,3,2025-09-02,0.021435240936227385,0.00016390085511375219
XGBoost,3,2025-09-03,0.011402703706401692,-0.0010922077344730496
XGBoost,3,2025-09-04,-0.015306000859251006,-0.0008176354458555579
XGBoost,3,2025-09-05,0.003976391479531736,0.0014525445876643062
XGBoost,3,2025-09-08,0.008533321489745038,-0.0005893518100492656
XGBoost,3,2025-09-09,-0.01331669065047948,-0.001046617398969829
XGBoost,3,2025-09-10,0.006218724240319515,0.0009358870447613299
XGBoost,3,2025-09-11,0.013618445157770219,-0.0012250721920281649
XGBoost,3,2025-09-12,0.016412585827095046,-0.00022926727251615375
XGBoost,3,2025-09-15,0.003062219825449937,-0.001850405242294073
XGBoost,3,2025-09-16,-0.0010824498677873453,-0.0024941274896264076
XGBoost,3,2025-09-17,-0.017792935340694444,0.0005878087249584496
XGBoost,3,2025-09-18,-0.0003595725624521757,0.001561474520713091
XGBoost,3,2025-09-19,0.01968176171517526,-0.0001046899487846531
XGBoost,3,2025-09-22,0.02926022149357021,-0.0008595015970058739
XGBoost,3,2025-09-23,0.008932826417680423,-0.0001558747753733769
XGBoost,3,2025-09-24,-0.009435232545841922,-0.00015553933917544782
XGBoost,3,2025-09-25,0.02079777880006118,0.0014460952952504158
XGBoost,3,2025-09-26,0.033527900927235434,0.0005621353629976511
XGBoost,3,2025-09-29,0.008423753442250954,0.00429753540083766
XGBoost,4,2025-09-30,-0.007731717144935333,0.0015963877085596323
XGBoost,4,2025-10-01,0.02217258492499441,0.0026430096477270126
XGBoost,4,2025-10-02,-0.027657479526539994,0.0040462082251906395
XGBoost,4,2025-10-03,0.0341283401166873,0.001161379273980856
XGBoost,4,2025-10-06,0.010138165326561486,0.0029216413386166096
XGBoost,4,2025-10-07,-0.01895900548752369,-0.0005200820742174983
XGBoost,4,2025-10-08,0.03082619811195045,0.003298285650089383
XGBoost,4,2025-10-09,-0.037824118441793675,0.0011790157295763493
XGBoost,4,2025-10-10,0.0018765999645112038,0.003369405632838607
XGBoost,4,2025-10-13,0.06579207650283045,0.0014487749431282282
XGBoost,4,2025-10-14,0.0036636994399945285,-0.005496930330991745
XGBoost,4,2025-10-15,0.014972666263086163,0.0007533043390139937
XGBoost,4,2025-10-16,0.037469740949892895,-0.001665674615651369
XGBoost,4,2025-10-17,-0.061426491553587786,-0.0034508162643760443
XGBoost,4,2025-10-20,0.024856970232058594,0.005346147809177637
XGBoost,4,2025-10-21,-0.07447969677901761,-0.0013922788202762604
XGBoost,4,2025-10-22,0.00023174916179062298,0.006839361973106861
XGBoost,4,2025-10-23,0.021284272636443984,-0.002597737591713667
XGBoost,4,2025-10-24,-0.002168091478226251,-0.004359798971563578
XGBoost,4,2025-10-27,-0.03823970772890121,0.013524136506021023
XGBoost,4,2025-10-28,0.01201888204232268,0.008187505416572094
XGBoost,5,2025-10-29,0.012567920885157555,-0.001913368352688849
XGBoost,5,2025-10-30,0.014706621179701264,-0.0005866130813956261
XGBoost,5,2025-10-31,-0.009002195547953992,-0.004557165317237377
XGBoost,5,2025-11-03,-0.002211030978419181,0.0024474968668073416
XGBoost,5,2025-11-04,-0.01595519770785064,-0.0003336564695928246
XGBoost,5,2025-11-05,0.015432978063345005,0.0032475453335791826
XGBoost,5,2025-11-06,-0.001442659873944521,-0.0020611302461475134
XGBoost,5,2025-11-07,0.0046549974929010725,0.0003651822917163372
XGBoost,5,2025-11-10,0.04400163799506155,0.00046705774730071425
XGBoost,5,2025-11-11,0.008750527588092104,0.00027479123673401773
XGBoost,5,2025-11-12,0.05222929512220047,-0.0007203650311566889
XGBoost,5,2025-11-13,-0.004849349111986661,0.0036407974548637867
XGBoost,5,2025-11-14,-0.047933259554467075,0.001967164222151041
XGBoost,5,2025-11-17,0.0006915941066914226,0.003318717237561941
XGBoost,5,2025-11-18,-0.003462763504400492,-0.0016656462103128433
XGBoost,5,2025-11-19,0.0067167409165909105,0.0017700832104310393
XGBoost,5,2025-11-20,-0.010748626377484014,0.00017726467922329903
XGBoost,5,2025-11-21,-0.00747108027743647,0.0016935175517573953
XGBoost,5,2025-11-24,0.00842583599603129,0.0004301054868847132
XGBoost,5,2025-11-25,0.012625007656006288,0.0006776505615562201
XGBoost,5,2025-11-26,0.03817511768473181,-0.0004961742088198662
XGBoost,6,2025-11-28,0.06457865625867037,0.0030230539850890636
XGBoost,6,2025-12-01,0.03433963520547157,0.000991252949461341
XGBoost,6,2025-12-02,-0.007474155376065649,-0.013974754139780998
XGBoost,6,2025-12-03,-0.0010698557235385034,-0.01967434026300907
XGBoost,6,2025-12-04,-0.018716587382344694,0.008102633990347385
XGBoost,6,2025-12-05,0.027329095870308698,0.0058865780010819435
XGBoost,6,2025-12-08,-0.011067170131485166,0.003222092054784298
XGBoost,6,2025-12-09,0.04053187197222852,0.006380986422300339
XGBoost,6,2025-12-10,0.003484140940118092,-0.0034530770499259233
XGBoost,6,2025-12-11,0.057131716759903195,0.004307163879275322
XGBoost,6,2025-12-12,-0.04098236281946611,0.009511283598840237
XGBoost,6,2025-12-15,0.0253911267226677,0.0006491908570751548
XGBoost,6,2025-12-16,-0.003820410010241985,-0.004573500249534845
XGBoost,6,2025-12-17,0.054877752017617534,0.0005029288004152477
XGBoost,6,2025-12-18,-0.025148603302118783,-0.0069221025332808495
XGBoost,6,2025-12-19,0.034285916174315596,0.0019827415235340595
XGBoost,6,2025-12-22,0.01574784514116291,-0.0010950646828860044
XGBoost,6,2025-12-23,0.03727556004425465,0.008882664144039154
XGBoost,6,2025-12-24,0.007716446667799441,0.004769100341945887
XGBoost,6,2025-12-26,0.07399134179679479,0.005342230200767517
XGBoost,6,2025-12-29,-0.09067169778776503,-0.026768667623400688
XGBoost,7,2025-12-30,0.10221479339062806,0.017723839730024338
XGBoost,7,2025-12-31,-0.09824307780431558,-0.024827776476740837
XGBoost,7,2026-01-02,0.005998981143650036,-0.030836094170808792
XGBoost,7,2026-01-05,0.07648221205609913,-0.004996333736926317
XGBoost,7,2026-01-06,0.05574084130399784,-0.008918746374547482
XGBoost,7,2026-01-07,-0.043072609490488835,-0.041345808655023575
XGBoost,7,2026-01-08,-0.03186285611540196,0.015186725184321404
XGBoost,7,2026-01-09,0.05428414794887768,0.009103959426283836
XGBoost,7,2026-01-12,0.07007401715803904,-0.010111993178725243
XGBoost,7,2026-01-13,0.014863556993312911,-0.015473738312721252
XGBoost,7,2026-01-14,0.05650291804211882,0.013782920315861702
XGBoost,7,2026-01-15,0.011020890663073043,-0.04484674707055092
XGBoost,7,2026-01-16,-0.04206942596458179,-0.019929006695747375
XGBoost,7,2026-01-20,0.06711347754309907,0.016700800508260727
XGBoost,7,2026-01-21,-0.021415312804807362,-0.006059684325009584
XGBoost,7,2026-01-22,0.04002956396827427,0.007349990773946047
XGBoost,7,2026-01-23,0.050279558386278456,-0.006484071258455515
XGBoost,7,2026-01-26,0.13124985761761132,0.01190211158245802
XGBoost,7,2026-01-27,-0.08669859108884613,-0.049844712018966675
XGBoost,7,2026-01-28,0.06944067448945235,0.01042698509991169
XGBoost,7,2026-01-29,0.008153341623586855,-0.010908246040344238
XGBoost,8,2026-01-30,-0.37610308700481104,-0.0013460797490552068
XGBoost,8,2026-02-02,-0.0195017534205199,-0.012354610487818718
XGBoost,8,2026-02-03,0.0784283625076356,0.006977838464081287
XGBoost,8,2026-02-04,0.013432667047822297,-0.0010290042264387012
XGBoost,8,2026-02-05,-0.09510942355652635,0.0006411179201677442
XGBoost,8,2026-02-06,0.0026881903887896004,-0.02090001106262207
XGBoost,8,2026-02-09,0.0671537103524874,0.008951314724981785
XGBoost,8,2026-02-10,-0.022763688428083004,-0.0028567668050527573
XGBoost,8,2026-02-11,0.04313594701844096,0.010908824391663074
XGBoost,8,2026-02-12,-0.10314219378519979,0.002889481605961919
XGBoost,8,2026-02-13,0.030055006017955858,-0.03253576532006264
XGBoost,8,2026-02-17,-0.058232678195794293,0.0028025887440890074
XGBoost,8,2026-02-18,0.053830054736415583,0.010457574389874935
XGBoost,8,2026-02-19,0.000722232694612371,0.002813807688653469
XGBoost,8,2026-02-20,0.05904816413025689,0.0029123283457010984
XGBoost,8,2026-02-23,0.05024581475846893,0.004221509676426649
XGBoost,8,2026-02-24,0.01073694749555926,0.011632782407104969
XGBoost,8,2026-02-25,0.03904173258606675,-0.020858298987150192
XGBoost,8,2026-02-26,-0.0443038424494124,-0.014472197741270065
XGBoost,8,2026-02-27,0.06328912788624899,0.010406329296529293
XGBoost,8,2026-03-02,-0.048615418376580684,0.005240132566541433
XGBoost,9,2026-03-03,-0.06264642761396048,0.0069764479994773865
XGBoost,9,2026-03-04,-0.003503268780937199,0.012453914619982243
XGBoost,9,2026-03-05,-0.011514328486069848,0.003734925528988242
XGBoost,9,2026-03-06,0.02572911548343984,0.011389948427677155
XGBoost,9,2026-03-09,0.0025737084547117705,-9.96242742985487e-05
XGBoost,9,2026-03-10,0.05837087039100905,0.002919011516496539
XGBoost,9,2026-03-11,-0.04615282263613243,0.0010582634713500738
XGBoost,9,2026-03-12,-0.004654372806172859,0.011468185111880302
XGBoost,9,2026-03-13,-0.04537444568017897,0.00705474941059947
XGBoost,9,2026-03-16,-0.008078131604690005,0.00851813517510891
XGBoost,9,2026-03-17,-0.009174455123458344,0.0035714723635464907
XGBoost,9,2026-03-18,-0.029242743148298937,0.003633284941315651
XGBoost,9,2026-03-19,-0.08559290256097903,0.0038026021793484688
XGBoost,9,2026-03-20,-0.02198830663875218,0.0023184753954410553
XGBoost,9,2026-03-23,-0.004493891628405335,0.0016518608899787068
XGBoost,9,2026-03-24,0.0032532357356046945,0.00240408000536263
XGBoost,9,2026-03-25,0.043597795685774,-0.0003877560084220022
XGBoost,9,2026-03-26,-0.06700978850855925,0.0018342048861086369
XGBoost,9,2026-03-27,0.027316306173566753,0.019300639629364014
XGBoost,9,2026-03-30,0.011139100266054582,0.00032892782473936677
XGBoost,9,2026-03-31,0.06023314806008035,0.004522137809544802
XGBoost,10,2026-04-01,0.015635517552750514,-0.0022271068301051855
XGBoost,10,2026-04-02,-0.04215905699204803,-0.002203613054007292
XGBoost,10,2026-04-06,-0.0010178753480512444,0.004186446312814951
XGBoost,10,2026-04-07,-0.011558354907611788,-0.0006886196788400412
XGBoost,10,2026-04-08,0.046223838631510875,0.0040612234733998775
XGBoost,10,2026-04-09,0.013901140778676418,-0.0037867093924432993
XGBoost,10,2026-04-10,0.0006159471096186054,0.000593246950302273
XGBoost,10,2026-04-13,-0.010550123505336753,0.0005975553649477661
XGBoost,10,2026-04-14,0.04994771671981459,0.0026648736093193293
XGBoost,10,2026-04-15,0.0012587768248807636,-0.0007751642260700464
XGBoost,10,2026-04-16,-0.011195705803187449,0.00031011400278657675
XGBoost,10,2026-04-17,0.03907092920060741,0.0021621943451464176
XGBoost,10,2026-04-20,-0.022105095339678606,0.00033460507984273136
XGBoost,10,2026-04-21,-0.045287196374536626,0.003112985286861658
XGBoost,10,2026-04-22,0.019209355449914436,3.564906364772469e-05
XGBoost,10,2026-04-23,-0.0316671369693541,-0.0021836368832737207
XGBoost,10,2026-04-24,0.01209127659018988,0.002541960682719946
XGBoost,10,2026-04-27,-0.01823210990977018,-0.0032421755604445934
XGBoost,10,2026-04-28,-0.024264341106409223,0.0027384634595364332
XGBoost,10,2026-04-29,-0.022601726928767742,0.006750809494405985
XGBoost,10,2026-04-30,0.02708581508247884,0.0011152805527672172
SVR,1,2025-07-02,0.00948862302167135,-0.004338919929471289
SVR,1,2025-07-03,0.00978020945508275,0.004935645226002399
SVR,1,2025-07-04,-0.0002446708263925226,0.002274742269791622
SVR,1,2025-07-07,-0.004360269625795433,0.004289707739343797
SVR,1,2025-07-08,-0.003913192095893367,-0.0019487008189647973
SVR,1,2025-07-09,-0.0033230844876732876,-0.010664083411568808
SVR,1,2025-07-10,0.01872260225614796,0.0033749352208800173
SVR,1,2025-07-11,0.04327485466526427,-0.003724934695120895
SVR,1,2025-07-14,-0.005548430989781301,0.014114036797399056
SVR,1,2025-07-15,-0.016462628137999764,0.00997531873711096
SVR,1,2025-07-16,0.0005020943467253442,0.0021694588480973614
SVR,1,2025-07-17,0.0053484988038978365,0.0026258061630640697
SVR,1,2025-07-18,0.004378664774949736,-0.0030326623611674703
SVR,1,2025-07-21,0.022710669109615583,-0.01256027982859377
SVR,1,2025-07-22,0.005585200918381937,-0.003043062725562964
SVR,1,2025-07-23,-0.001068724932451854,-0.009233426103687034
SVR,1,2025-07-24,-0.00656460218170577,-0.0053248951650430145
SVR,1,2025-07-25,-0.02212869728845139,-0.01024058851834183
SVR,1,2025-07-28,-0.0037011011461839253,0.009150486070802884
SVR,1,2025-07-29,0.0015240748387354282,0.0063869508132614735
SVR,1,2025-07-30,-0.013694800449261047,0.009331344746693775
SVR,2,2025-07-31,-0.02736358302676405,0.0012535792598873064
SVR,2,2025-08-01,0.006408634549875931,0.003092573424475798
SVR,2,2025-08-04,0.01094923261068545,-0.0001242635276467079
SVR,2,2025-08-05,0.013221494196824215,-0.0008965652547837004
SVR,2,2025-08-06,0.0020939815637874963,0.0025115797094532486
SVR,2,2025-08-07,0.010326262845232513,-0.0016961523790425164
SVR,2,2025-08-08,0.00676460609637975,-0.0008759011101818941
SVR,2,2025-08-11,-0.019848469853247078,-0.005553275943306142
SVR,2,2025-08-12,0.006273085276564445,0.0043201525194157915
SVR,2,2025-08-13,0.01570760058111391,0.0005709542792690465
SVR,2,2025-08-14,-0.013519958883922607,0.002766595601508294
SVR,2,2025-08-15,-0.0023195075284290307,-0.0009483078468068605
SVR,2,2025-08-18,0.0015030447981110365,-0.0020877901117703256
SVR,2,2025-08-19,-0.018348613749446335,-0.002017255061764885
SVR,2,2025-08-20,0.011845514382182482,-0.004965008796577426
SVR,2,2025-08-21,0.00850368475593492,0.0008870933227985807
SVR,2,2025-08-22,0.025342079023089208,-0.0052456695829140075
SVR,2,2025-08-25,-0.008393464012582846,0.0004152874538463419
SVR,2,2025-08-26,-0.002459194534489552,-0.005985859505593602
SVR,2,2025-08-27,0.0027694351598418396,0.00037069991350043973
SVR,2,2025-08-28,0.01286627656061418,0.0005929176022059527
SVR,3,2025-08-29,0.02544543743390251,-0.0009798064598999087
SVR,3,2025-09-02,0.021435240936227385,0.003949641539415184
SVR,3,2025-09-03,0.011402703706401692,-0.0023346237049700616
SVR,3,2025-09-04,-0.015306000859251006,0.0006047554743266953
SVR,3,2025-09-05,0.003976391479531736,0.004216160574703893
SVR,3,2025-09-08,0.008533321489745038,0.004316364129367063
SVR,3,2025-09-09,-0.01331669065047948,0.003282630789386156
SVR,3,2025-09-10,0.006218724240319515,0.0025012268723516315
SVR,3,2025-09-11,0.013618445157770219,0.0016661818043344429
SVR,3,2025-09-12,0.016412585827095046,0.0015052648892856105
SVR,3,2025-09-15,0.003062219825449937,0.0038350170901007225
SVR,3,2025-09-16,-0.0010824498677873453,-0.006413704298750592
SVR,3,2025-09-17,-0.017792935340694444,0.00226892788501789
SVR,3,2025-09-18,-0.0003595725624521757,0.007777583662673595
SVR,3,2025-09-19,0.01968176171517526,0.0005799251564260069
SVR,3,2025-09-22,0.02926022149357021,0.0014455369215637262
SVR,3,2025-09-23,0.008932826417680423,0.005223481088128015
SVR,3,2025-09-24,-0.009435232545841922,-0.00042252332451277793
SVR,3,2025-09-25,0.02079777880006118,0.0016452532717792798
SVR,3,2025-09-26,0.033527900927235434,0.005459405933918569
SVR,3,2025-09-29,0.008423753442250954,0.013857884101622628
SVR,4,2025-09-30,-0.007731717144935333,0.0062855145356253556
SVR,4,2025-10-01,0.02217258492499441,-0.004222729938016928
SVR,4,2025-10-02,-0.027657479526539994,0.010404776862308032
SVR,4,2025-10-03,0.0341283401166873,0.012266511904762429
SVR,4,2025-10-06,0.010138165326561486,0.0021995177766027034
SVR,4,2025-10-07,-0.01895900548752369,-0.0024336249455473393
SVR,4,2025-10-08,0.03082619811195045,0.011536144192325775
SVR,4,2025-10-09,-0.037824118441793675,-0.002765121958384659
SVR,4,2025-10-10,0.0018765999645112038,0.01116294029456116
SVR,4,2025-10-13,0.06579207650283045,-0.013953612949391635
SVR,4,2025-10-14,0.0036636994399945285,0.002452423093009961
SVR,4,2025-10-15,0.014972666263086163,-0.0025647661031514457
SVR,4,2025-10-16,0.037469740949892895,-0.014029439671736903
SVR,4,2025-10-17,-0.061426491553587786,0.020905607256936683
SVR,4,2025-10-20,0.024856970232058594,0.012773047393661145
SVR,4,2025-10-21,-0.07447969677901761,-0.0034228947825605317
SVR,4,2025-10-22,0.00023174916179062298,0.023046696918251407
SVR,4,2025-10-23,0.021284272636443984,-0.018456121688384886
SVR,4,2025-10-24,-0.002168091478226251,0.001803565891756908
SVR,4,2025-10-27,-0.03823970772890121,0.02226539898886272
SVR,4,2025-10-28,0.01201888204232268,0.025128528212129724
SVR,5,2025-10-29,0.012567920885157555,0.007524298357107011
SVR,5,2025-10-30,0.014706621179701264,-0.005984252368717621
SVR,5,2025-10-31,-0.009002195547953992,-0.004566939541917225
SVR,5,2025-11-03,-0.002211030978419181,0.002349196100767848
SVR,5,2025-11-04,-0.01595519770785064,-0.013853404207009425
SVR,5,2025-11-05,0.015432978063345005,0.000332847297703099
SVR,5,2025-11-06,-0.001442659873944521,-0.0024703662804362405
SVR,5,2025-11-07,0.0046549974929010725,-0.00676350837155869
SVR,5,2025-11-10,0.04400163799506155,-0.0017694107514880605
SVR,5,2025-11-11,0.008750527588092104,-0.006950745194167971
SVR,5,2025-11-12,0.05222929512220047,-0.019529765794429034
SVR,5,2025-11-13,-0.004849349111986661,0.00032800958942857863
SVR,5,2025-11-14,-0.047933259554467075,0.0027412432651621656
SVR,5,2025-11-17,0.0006915941066914226,-0.0024383953121052833
SVR,5,2025-11-18,-0.003462763504400492,0.006367457639104707
SVR,5,2025-11-19,0.0067167409165909105,-0.012132984730658858
SVR,5,2025-11-20,-0.010748626377484014,0.0014029031289647434
SVR,5,2025-11-21,-0.00747108027743647,-0.003563463405685261
SVR,5,2025-11-24,0.00842583599603129,-0.00414636446512834
SVR,5,2025-11-25,0.012625007656006288,0.007072764018218386
SVR,5,2025-11-26,0.03817511768473181,-0.0013888232972065324
SVR,6,2025-11-28,0.06457865625867037,0.005319845840704753
SVR,6,2025-12-01,0.03433963520547157,0.011572616424828635
SVR,6,2025-12-02,-0.007474155376065649,-0.007711919873002105
SVR,6,2025-12-03,-0.0010698557235385034,-0.015275888023942159
SVR,6,2025-12-04,-0.018716587382344694,-0.025084652685463817
SVR,6,2025-12-05,0.027329095870308698,-0.0053206584326739885
SVR,6,2025-12-08,-0.011067170131485166,0.018488139720875308
SVR,6,2025-12-09,0.04053187197222852,0.026151002942479743
SVR,6,2025-12-10,0.003484140940118092,-0.010217525636836425
SVR,6,2025-12-11,0.057131716759903195,0.00131501300658421
SVR,6,2025-12-12,-0.04098236281946611,0.020496938434003797
SVR,6,2025-12-15,0.0253911267226677,-0.022072453765057287
SVR,6,2025-12-16,-0.003820410010241985,-0.019747883229586167
SVR,6,2025-12-17,0.054877752017617534,-0.004647086372966318
SVR,6,2025-12-18,-0.025148603302118783,-0.013072599048486764
SVR,6,2025-12-19,0.034285916174315596,-0.0016090949746907302
SVR,6,2025-12-22,0.01574784514116291,-0.01615919918829438
SVR,6,2025-12-23,0.03727556004425465,0.014985509994637866
SVR,6,2025-12-24,0.007716446667799441,-0.023723014165726457
SVR,6,2025-12-26,0.07399134179679479,0.032475155028537865
SVR,6,2025-12-29,-0.09067169778776503,-0.04226430520718956
SVR,7,2025-12-30,0.10221479339062806,0.020633585293028778
SVR,7,2025-12-31,-0.09824307780431558,-0.004257455114590998
SVR,7,2026-01-02,0.005998981143650036,0.004413628217224384
SVR,7,2026-01-05,0.07648221205609913,0.018773521586927192
SVR,7,2026-01-06,0.05574084130399784,-0.004479560455533111
SVR,7,2026-01-07,-0.043072609490488835,0.0011049855212792658
SVR,7,2026-01-08,-0.03186285611540196,0.0014587730954283668
SVR,7,2026-01-09,0.05428414794887768,-0.002010300031185982
SVR,7,2026-01-12,0.07007401715803904,-0.0007308278323175463
SVR,7,2026-01-13,0.014863556993312911,0.001635922580289064
SVR,7,2026-01-14,0.05650291804211882,0.010343388821533203
SVR,7,2026-01-15,0.011020890663073043,-0.0010400100854611669
SVR,7,2026-01-16,-0.04206942596458179,0.00127148284292286
SVR,7,2026-01-20,0.06711347754309907,0.013304804307969847
SVR,7,2026-01-21,-0.021415312804807362,0.006000388320313582
SVR,7,2026-01-22,0.04002956396827427,0.00746520556507446
SVR,7,2026-01-23,0.050279558386278456,0.0004686984417857942
SVR,7,2026-01-26,0.13124985761761132,0.013040516605927862
SVR,7,2026-01-27,-0.08669859108884613,0.002394774137303645
SVR,7,2026-01-28,0.06944067448945235,0.0032018092765150772
SVR,7,2026-01-29,0.008153341623586855,0.002535030056960848
SVR,8,2026-01-30,-0.37610308700481104,0.0026699251656200915
SVR,8,2026-02-02,-0.0195017534205199,0.004689396853293809
SVR,8,2026-02-03,0.0784283625076356,0.00468939701519304
SVR,8,2026-02-04,0.013432667047822297,0.0046893927222265725
SVR,8,2026-02-05,-0.09510942355652635,0.00468939625599454
SVR,8,2026-02-06,0.0026881903887896004,0.004689396828526499
SVR,8,2026-02-09,0.0671537103524874,0.004688580006676986
SVR,8,2026-02-10,-0.022763688428083004,0.004690202943394187
SVR,8,2026-02-11,0.04313594701844096,0.00467533058945951
SVR,8,2026-02-12,-0.10314219378519979,0.004678876987640804
SVR,8,2026-02-13,0.030055006017955858,0.004689396447281963
SVR,8,2026-02-17,-0.058232678195794293,0.00464235779776443
SVR,8,2026-02-18,0.053830054736415583,0.0046504484364932154
SVR,8,2026-02-19,0.000722232694612371,0.004424810126686688
SVR,8,2026-02-20,0.05904816413025689,0.004606643241158176
SVR,8,2026-02-23,0.05024581475846893,0.004023084735656279
SVR,8,2026-02-24,0.01073694749555926,0.004709276859810542
SVR,8,2026-02-25,0.03904173258606675,0.004419640527189883
SVR,8,2026-02-26,-0.0443038424494124,0.00439479787998862
SVR,8,2026-02-27,0.06328912788624899,0.005299228368710481
SVR,8,2026-03-02,-0.048615418376580684,0.004064273654835184
SVR,9,2026-03-03,-0.06264642761396048,0.012459879678135242
SVR,9,2026-03-04,-0.003503268780937199,-0.012560986270860369
SVR,9,2026-03-05,-0.011514328486069848,0.007582612221827306
SVR,9,2026-03-06,0.02572911548343984,0.005717168374451214
SVR,9,2026-03-09,0.0025737084547117705,0.010528588995408279
SVR,9,2026-03-10,0.05837087039100905,0.009441155571091021
SVR,9,2026-03-11,-0.04615282263613243,-0.006903168815283627
SVR,9,2026-03-12,-0.004654372806172859,0.011298540163478787
SVR,9,2026-03-13,-0.04537444568017897,-0.004305911714786494
SVR,9,2026-03-16,-0.008078131604690005,0.012044901662340703
SVR,9,2026-03-17,-0.009174455123458344,-0.013451931205241748
SVR,9,2026-03-18,-0.029242743148298937,0.028085683051736098
SVR,9,2026-03-19,-0.08559290256097903,0.017446972378281116
SVR,9,2026-03-20,-0.02198830663875218,-0.0018154090824460479
SVR,9,2026-03-23,-0.004493891628405335,0.02003804129252289
SVR,9,2026-03-24,0.0032532357356046945,0.011793175339131207
SVR,9,2026-03-25,0.043597795685774,0.013160055723557471
SVR,9,2026-03-26,-0.06700978850855925,-0.0015357921172209554
SVR,9,2026-03-27,0.027316306173566753,0.0012586352865297627
SVR,9,2026-03-30,0.011139100266054582,0.002762798625049725
SVR,9,2026-03-31,0.06023314806008035,0.00651792876177165
SVR,10,2026-04-01,0.015635517552750514,0.0007104455000403877
SVR,10,2026-04-02,-0.04215905699204803,0.010243721445712945
SVR,10,2026-04-06,-0.0010178753480512444,0.01731526233963265
SVR,10,2026-04-07,-0.011558354907611788,0.004972490318163596
SVR,10,2026-04-08,0.046223838631510875,0.016709091368542806
SVR,10,2026-04-09,0.013901140778676418,-0.00622178800777513
SVR,10,2026-04-10,0.0006159471096186054,0.006279662016013399
SVR,10,2026-04-13,-0.010550123505336753,0.00025394980406259803
SVR,10,2026-04-14,0.04994771671981459,0.00790841776308367
SVR,10,2026-04-15,0.0012587768248807636,0.008680062368395606
SVR,10,2026-04-16,-0.011195705803187449,-0.015724305229601516
SVR,10,2026-04-17,0.03907092920060741,0.002797044326811351
SVR,10,2026-04-20,-0.022105095339678606,-0.0001316455326805235
SVR,10,2026-04-21,-0.045287196374536626,-0.004174260472354025
SVR,10,2026-04-22,0.019209355449914436,0.006891431981505091
SVR,10,2026-04-23,-0.0316671369693541,-0.005502590877159052
SVR,10,2026-04-24,0.01209127659018988,0.007746431497341213
SVR,10,2026-04-27,-0.01823210990977018,0.002090807640258399
SVR,10,2026-04-28,-0.024264341106409223,0.01676655558609622
SVR,10,2026-04-29,-0.022601726928767742,0.0017119863471711187
SVR,10,2026-04-30,0.02708581508247884,0.01300814012754752
LSTM,1,2025-07-02,0.00948862302167135,0.009932776913046837
LSTM,1,2025-07-03,0.00978020945508275,0.009984062984585762
LSTM,1,2025-07-04,-0.0002446708263925226,0.009050566703081131
LSTM,1,2025-07-07,-0.004360269625795433,0.007726231124252081
LSTM,1,2025-07-08,-0.003913192095893367,0.008115071803331375
LSTM,1,2025-07-09,-0.0033230844876732876,0.01815955340862274
LSTM,1,2025-07-10,0.01872260225614796,0.017766326665878296
LSTM,1,2025-07-11,0.04327485466526427,0.018364058807492256
LSTM,1,2025-07-14,-0.005548430989781301,0.011621644720435143
LSTM,1,2025-07-15,-0.016462628137999764,0.012714335694909096
LSTM,1,2025-07-16,0.0005020943467253442,0.012749962508678436
LSTM,1,2025-07-17,0.0053484988038978365,0.010229580104351044
LSTM,1,2025-07-18,0.004378664774949736,0.010571597144007683
LSTM,1,2025-07-21,0.022710669109615583,0.011240264400839806
LSTM,1,2025-07-22,0.005585200918381937,0.010175425559282303
LSTM,1,2025-07-23,-0.001068724932451854,0.01052119955420494
LSTM,1,2025-07-24,-0.00656460218170577,0.011859733611345291
LSTM,1,2025-07-25,-0.02212869728845139,0.011780411005020142
LSTM,1,2025-07-28,-0.0037011011461839253,0.013365278020501137
LSTM,1,2025-07-29,0.0015240748387354282,0.012589951977133751
LSTM,1,2025-07-30,-0.013694800449261047,0.01308373548090458
LSTM,2,2025-07-31,-0.02736358302676405,0.0022346756886690855
LSTM,2,2025-08-01,0.006408634549875931,0.0023333560675382614
LSTM,2,2025-08-04,0.01094923261068545,0.004385063890367746
LSTM,2,2025-08-05,0.013221494196824215,0.004940062295645475
LSTM,2,2025-08-06,0.0020939815637874963,0.0022926931269466877
LSTM,2,2025-08-07,0.010326262845232513,0.00015398248797282577
LSTM,2,2025-08-08,0.00676460609637975,-0.0015173079445958138
LSTM,2,2025-08-11,-0.019848469853247078,-0.0018550308886915445
LSTM,2,2025-08-12,0.006273085276564445,-0.0017089082393795252
LSTM,2,2025-08-13,0.01570760058111391,-0.0015659823548048735
LSTM,2,2025-08-14,-0.013519958883922607,-0.0015300691593438387
LSTM,2,2025-08-15,-0.0023195075284290307,-0.0010512163862586021
LSTM,2,2025-08-18,0.0015030447981110365,-0.00010493729496374726
LSTM,2,2025-08-19,-0.018348613749446335,0.00015597935998812318
LSTM,2,2025-08-20,0.011845514382182482,-0.0004621233674697578
LSTM,2,2025-08-21,0.00850368475593492,-0.0008450686582364142
LSTM,2,2025-08-22,0.025342079023089208,-0.00026924064150080085
LSTM,2,2025-08-25,-0.008393464012582846,0.0004081233055330813
LSTM,2,2025-08-26,-0.002459194534489552,0.00047887134132906795
LSTM,2,2025-08-27,0.0027694351598418396,-0.00018747890135273337
LSTM,2,2025-08-28,0.01286627656061418,-0.0011499265674501657
LSTM,3,2025-08-29,0.02544543743390251,0.0020298301242291927
LSTM,3,2025-09-02,0.021435240936227385,0.0022735605016350746
LSTM,3,2025-09-03,0.011402703706401692,0.0011484925635159016
LSTM,3,2025-09-04,-0.015306000859251006,0.0002255004073958844
LSTM,3,2025-09-05,0.003976391479531736,-0.00047986608115024865
LSTM,3,2025-09-08,0.008533321489745038,-0.000455461471574381
LSTM,3,2025-09-09,-0.01331669065047948,-0.0008363646920770407
LSTM,3,2025-09-10,0.006218724240319515,-0.0014971466735005379
LSTM,3,2025-09-11,0.013618445157770219,-0.0017485851421952248
LSTM,3,2025-09-12,0.016412585827095046,-0.0014766292879357934
LSTM,3,2025-09-15,0.003062219825449937,-0.0007067011902108788
LSTM,3,2025-09-16,-0.0010824498677873453,0.00016347868950106204
LSTM,3,2025-09-17,-0.017792935340694444,-7.431898848153651e-05
LSTM,3,2025-09-18,-0.0003595725624521757,-0.00010140545782633126
LSTM,3,2025-09-19,0.01968176171517526,0.00032571711926721036
LSTM,3,2025-09-22,0.02926022149357021,0.0010978428181260824
LSTM,3,2025-09-23,0.008932826417680423,0.0010933014564216137
LSTM,3,2025-09-24,-0.009435232545841922,0.0012441386934369802
LSTM,3,2025-09-25,0.02079777880006118,0.0026467174757272005
LSTM,3,2025-09-26,0.033527900927235434,0.002555047394707799
LSTM,3,2025-09-29,0.008423753442250954,0.002376120537519455
LSTM,4,2025-09-30,-0.007731717144935333,0.0014833493623882532
LSTM,4,2025-10-01,0.02217258492499441,0.0022865852806717157
LSTM,4,2025-10-02,-0.027657479526539994,0.0019091207068413496
LSTM,4,2025-10-03,0.0341283401166873,0.002390835899859667
LSTM,4,2025-10-06,0.010138165326561486,0.0024934462271630764
LSTM,4,2025-10-07,-0.01895900548752369,0.0021633051801472902
LSTM,4,2025-10-08,0.03082619811195045,0.0017275558784604073
LSTM,4,2025-10-09,-0.037824118441793675,0.0010126469423994422
LSTM,4,2025-10-10,0.0018765999645112038,0.0007372619584202766
LSTM,4,2025-10-13,0.06579207650283045,0.00045463789138011634
LSTM,4,2025-10-14,0.0036636994399945285,-0.0006177080795168877
LSTM,4,2025-10-15,0.014972666263086163,-0.0012401940766721964
LSTM,4,2025-10-16,0.037469740949892895,-0.0012947887880727649
LSTM,4,2025-10-17,-0.061426491553587786,-0.001559573458507657
LSTM,4,2025-10-20,0.024856970232058594,-0.001495614880695939
LSTM,4,2025-10-21,-0.07447969677901761,-2.115432289429009e-05
LSTM,4,2025-10-22,0.00023174916179062298,0.0006605922244489193
LSTM,4,2025-10-23,0.021284272636443984,0.000699708703905344
LSTM,4,2025-10-24,-0.002168091478226251,-0.0005541088758036494
LSTM,4,2025-10-27,-0.03823970772890121,-0.001405231887474656
LSTM,4,2025-10-28,0.01201888204232268,-0.0016082488000392914
LSTM,5,2025-10-29,0.012567920885157555,0.0059701306745409966
LSTM,5,2025-10-30,0.014706621179701264,0.005340951029211283
LSTM,5,2025-10-31,-0.009002195547953992,0.0031776227988302708
LSTM,5,2025-11-03,-0.002211030978419181,0.004097469616681337
LSTM,5,2025-11-04,-0.01595519770785064,0.0028589018620550632
LSTM,5,2025-11-05,0.015432978063345005,0.001050268765538931
LSTM,5,2025-11-06,-0.001442659873944521,-5.9400685131549835e-05
LSTM,5,2025-11-07,0.0046549974929010725,0.00039730919525027275
LSTM,5,2025-11-10,0.04400163799506155,0.0012182407081127167
LSTM,5,2025-11-11,0.008750527588092104,0.0005262689664959908
LSTM,5,2025-11-12,0.05222929512220047,-0.00015465542674064636
LSTM,5,2025-11-13,-0.004849349111986661,-0.0017934422940015793
LSTM,5,2025-11-14,-0.047933259554467075,0.0016127917915582657
LSTM,5,2025-11-17,0.0006915941066914226,0.00455083092674613
LSTM,5,2025-11-18,-0.003462763504400492,0.0051491474732756615
LSTM,5,2025-11-19,0.0067167409165909105,0.004598420113325119
LSTM,5,2025-11-20,-0.010748626377484014,0.004712641704827547
LSTM,5,2025-11-21,-0.00747108027743647,0.003976253792643547
LSTM,5,2025-11-24,0.00842583599603129,0.0034971055574715137
LSTM,5,2025-11-25,0.012625007656006288,0.00171272037550807
LSTM,5,2025-11-26,0.03817511768473181,-5.8992765843868256e-05
LSTM,6,2025-11-28,0.06457865625867037,-0.00934126228094101
LSTM,6,2025-12-01,0.03433963520547157,-0.011034984141588211
LSTM,6,2025-12-02,-0.007474155376065649,-0.011781886219978333
LSTM,6,2025-12-03,-0.0010698557235385034,-0.0102493055164814
LSTM,6,2025-12-04,-0.018716587382344694,-0.009232887998223305
LSTM,6,2025-12-05,0.027329095870308698,-0.008766096085309982
LSTM,6,2025-12-08,-0.011067170131485166,-0.009285341948270798
LSTM,6,2025-12-09,0.04053187197222852,-0.00883585587143898
LSTM,6,2025-12-10,0.003484140940118092,-0.010791687294840813
LSTM,6,2025-12-11,0.057131716759903195,-0.010465854778885841
LSTM,6,2025-12-12,-0.04098236281946611,-0.012584328651428223
LSTM,6,2025-12-15,0.0253911267226677,-0.011090179905295372
LSTM,6,2025-12-16,-0.003820410010241985,-0.010627295821905136
LSTM,6,2025-12-17,0.054877752017617534,-0.0106979850679636
LSTM,6,2025-12-18,-0.025148603302118783,-0.013885051012039185
LSTM,6,2025-12-19,0.034285916174315596,-0.011221803724765778
LSTM,6,2025-12-22,0.01574784514116291,-0.012307645753026009
LSTM,6,2025-12-23,0.03727556004425465,-0.012707548215985298
LSTM,6,2025-12-24,0.007716446667799441,-0.014880169183015823
LSTM,6,2025-12-26,0.07399134179679479,-0.01466410607099533
LSTM,6,2025-12-29,-0.09067169778776503,-0.018344100564718246
LSTM,7,2025-12-30,0.10221479339062806,-0.004942779894918203
LSTM,7,2025-12-31,-0.09824307780431558,-0.013231820426881313
LSTM,7,2026-01-02,0.005998981143650036,-0.0023482872638851404
LSTM,7,2026-01-05,0.07648221205609913,-0.0014504024293273687
LSTM,7,2026-01-06,0.05574084130399784,-0.0048827361315488815
LSTM,7,2026-01-07,-0.043072609490488835,-0.006604827009141445
LSTM,7,2026-01-08,-0.03186285611540196,-0.0012337276712059975
LSTM,7,2026-01-09,0.05428414794887768,-0.0007911314605735242
LSTM,7,2026-01-12,0.07007401715803904,-0.002739277668297291
LSTM,7,2026-01-13,0.014863556993312911,-0.006156913936138153
LSTM,7,2026-01-14,0.05650291804211882,-0.00507217925041914
LSTM,7,2026-01-15,0.011020890663073043,-0.0077505940571427345
LSTM,7,2026-01-16,-0.04206942596458179,-0.005060567520558834
LSTM,7,2026-01-20,0.06711347754309907,-0.0014405292458832264
LSTM,7,2026-01-21,-0.021415312804807362,-0.004393887706100941
LSTM,7,2026-01-22,0.04002956396827427,-0.003881567157804966
LSTM,7,2026-01-23,0.050279558386278456,-0.005377692170441151
LSTM,7,2026-01-26,0.13124985761761132,-0.008163640275597572
LSTM,7,2026-01-27,-0.08669859108884613,-0.020367886871099472
LSTM,7,2026-01-28,0.06944067448945235,-0.008631575852632523
LSTM,7,2026-01-29,0.008153341623586855,-0.010389159433543682
LSTM,8,2026-01-30,-0.37610308700481104,0.015497957356274128
LSTM,8,2026-02-02,-0.0195017534205199,0.016702542081475258
LSTM,8,2026-02-03,0.0784283625076356,0.014669171534478664
LSTM,8,2026-02-04,0.013432667047822297,0.011165911331772804
LSTM,8,2026-02-05,-0.09510942355652635,0.008403257466852665
LSTM,8,2026-02-06,0.0026881903887896004,0.012232448905706406
LSTM,8,2026-02-09,0.0671537103524874,0.013458971865475178
LSTM,8,2026-02-10,-0.022763688428083004,0.005376665852963924
LSTM,8,2026-02-11,0.04313594701844096,0.008316860534250736
LSTM,8,2026-02-12,-0.10314219378519979,0.004555840976536274
LSTM,8,2026-02-13,0.030055006017955858,0.010540461167693138
LSTM,8,2026-02-17,-0.058232678195794293,0.012491785921156406
LSTM,8,2026-02-18,0.053830054736415583,0.011786763556301594
LSTM,8,2026-02-19,0.000722232694612371,0.010025457479059696
LSTM,8,2026-02-20,0.05904816413025689,0.0074791498482227325
LSTM,8,2026-02-23,0.05024581475846893,0.0006733640911988914
LSTM,8,2026-02-24,0.01073694749555926,-0.005055039189755917
LSTM,8,2026-02-25,0.03904173258606675,-0.007750428281724453
LSTM,8,2026-02-26,-0.0443038424494124,-0.011395354755222797
LSTM,8,2026-02-27,0.06328912788624899,-0.0033884437289088964
LSTM,8,2026-03-02,-0.048615418376580684,-0.00742900837212801
LSTM,9,2026-03-03,-0.06264642761396048,0.02641577087342739
LSTM,9,2026-03-04,-0.003503268780937199,0.029906149953603745
LSTM,9,2026-03-05,-0.011514328486069848,0.027155030518770218
LSTM,9,2026-03-06,0.02572911548343984,0.027586258947849274
LSTM,9,2026-03-09,0.0025737084547117705,0.030530059710144997
LSTM,9,2026-03-10,0.05837087039100905,0.025913435965776443
LSTM,9,2026-03-11,-0.04615282263613243,0.0011863443069159985
LSTM,9,2026-03-12,-0.004654372806172859,0.009294956922531128
LSTM,9,2026-03-13,-0.04537444568017897,0.0005745503585785627
LSTM,9,2026-03-16,-0.008078131604690005,0.004046094603836536
LSTM,9,2026-03-17,-0.009174455123458344,0.007444819435477257
LSTM,9,2026-03-18,-0.029242743148298937,0.009065990336239338
LSTM,9,2026-03-19,-0.08559290256097903,0.008138736709952354
LSTM,9,2026-03-20,-0.02198830663875218,0.006152446381747723
LSTM,9,2026-03-23,-0.004493891628405335,0.005658273585140705
LSTM,9,2026-03-24,0.0032532357356046945,0.009731145575642586
LSTM,9,2026-03-25,0.043597795685774,0.001518454635515809
LSTM,9,2026-03-26,-0.06700978850855925,-0.007033622823655605
LSTM,9,2026-03-27,0.027316306173566753,0.0010604234412312508
LSTM,9,2026-03-30,0.011139100266054582,0.0011798508930951357
LSTM,9,2026-03-31,0.06023314806008035,0.000406784238293767
LSTM,10,2026-04-01,0.015635517552750514,-0.006179613992571831
LSTM,10,2026-04-02,-0.04215905699204803,-0.0029764093924313784
LSTM,10,2026-04-06,-0.0010178753480512444,0.003309121122583747
LSTM,10,2026-04-07,-0.011558354907611788,0.0024638385511934757
LSTM,10,2026-04-08,0.046223838631510875,0.0032944113481789827
LSTM,10,2026-04-09,0.013901140778676418,-0.005109874531626701
LSTM,10,2026-04-10,0.0006159471096186054,-0.0009412594954483211
LSTM,10,2026-04-13,-0.010550123505336753,4.189583705738187e-05
LSTM,10,2026-04-14,0.04994771671981459,0.0025778324343264103
LSTM,10,2026-04-15,0.0012587768248807636,-0.007135945372283459
LSTM,10,2026-04-16,-0.011195705803187449,-0.0018246688414365053
LSTM,10,2026-04-17,0.03907092920060741,0.002570330398157239
LSTM,10,2026-04-20,-0.022105095339678606,-0.003946749959141016
LSTM,10,2026-04-21,-0.045287196374536626,0.0006210078136064112
LSTM,10,2026-04-22,0.019209355449914436,0.006693504750728607
LSTM,10,2026-04-23,-0.0316671369693541,0.0007475622114725411
LSTM,10,2026-04-24,0.01209127659018988,0.0023461971431970596
LSTM,10,2026-04-27,-0.01823210990977018,0.0010476033203303814
LSTM,10,2026-04-28,-0.024264341106409223,0.0016838721930980682
LSTM,10,2026-04-29,-0.022601726928767742,0.0018499877769500017
LSTM,10,2026-04-30,0.02708581508247884,0.0002420764067210257
GRU,1,2025-07-02,0.00948862302167135,0.006082206033170223
GRU,1,2025-07-03,0.00978020945508275,0.004708790220320225
GRU,1,2025-07-04,-0.0002446708263925226,0.005519944708794355
GRU,1,2025-07-07,-0.004360269625795433,0.005123818293213844
GRU,1,2025-07-08,-0.003913192095893367,0.004109280649572611
GRU,1,2025-07-09,-0.0033230844876732876,0.0013247039169073105
GRU,1,2025-07-10,0.01872260225614796,0.003476322628557682
GRU,1,2025-07-11,0.04327485466526427,0.0034551098942756653
GRU,1,2025-07-14,-0.005548430989781301,-0.0027993395924568176
GRU,1,2025-07-15,-0.016462628137999764,-0.003629281185567379
GRU,1,2025-07-16,0.0005020943467253442,-0.004481659270823002
GRU,1,2025-07-17,0.0053484988038978365,-0.007136582396924496
GRU,1,2025-07-18,0.004378664774949736,-0.008164294064044952
GRU,1,2025-07-21,0.022710669109615583,-0.00834565982222557
GRU,1,2025-07-22,0.005585200918381937,-0.007034828886389732
GRU,1,2025-07-23,-0.001068724932451854,-0.004039750434458256
GRU,1,2025-07-24,-0.00656460218170577,-0.0005686650983989239
GRU,1,2025-07-25,-0.02212869728845139,0.0017909996677190065
GRU,1,2025-07-28,-0.0037011011461839253,0.002682153135538101
GRU,1,2025-07-29,0.0015240748387354282,0.002968571614474058
GRU,1,2025-07-30,-0.013694800449261047,1.4039687812328339e-05
GRU,2,2025-07-31,-0.02736358302676405,0.0025494322180747986
GRU,2,2025-08-01,0.006408634549875931,-0.0004945547552779317
GRU,2,2025-08-04,0.01094923261068545,0.005794882774353027
GRU,2,2025-08-05,0.013221494196824215,0.00581987202167511
GRU,2,2025-08-06,0.0020939815637874963,0.004157548770308495
GRU,2,2025-08-07,0.010326262845232513,0.002895742654800415
GRU,2,2025-08-08,0.00676460609637975,0.0013498085318133235
GRU,2,2025-08-11,-0.019848469853247078,-0.0002781293587759137
GRU,2,2025-08-12,0.006273085276564445,-0.00031121086794883013
GRU,2,2025-08-13,0.01570760058111391,-0.0003560708137229085
GRU,2,2025-08-14,-0.013519958883922607,0.0029296260327100754
GRU,2,2025-08-15,-0.0023195075284290307,0.003875178284943104
GRU,2,2025-08-18,0.0015030447981110365,0.0024345587007701397
GRU,2,2025-08-19,-0.018348613749446335,0.0015578892780467868
GRU,2,2025-08-20,0.011845514382182482,0.0003654438769444823
GRU,2,2025-08-21,0.00850368475593492,0.002230036072432995
GRU,2,2025-08-22,0.025342079023089208,0.004191512241959572
GRU,2,2025-08-25,-0.008393464012582846,0.0035994183272123337
GRU,2,2025-08-26,-0.002459194534489552,5.4702977649867535e-05
GRU,2,2025-08-27,0.0027694351598418396,-0.0018861257703974843
GRU,2,2025-08-28,0.01286627656061418,-1.578708179295063e-06
GRU,3,2025-08-29,0.02544543743390251,-8.173380047082901e-05
GRU,3,2025-09-02,0.021435240936227385,0.000821845605969429
GRU,3,2025-09-03,0.011402703706401692,-0.0013587209396064281
GRU,3,2025-09-04,-0.015306000859251006,-0.001871032640337944
GRU,3,2025-09-05,0.003976391479531736,6.693974137306213e-05
GRU,3,2025-09-08,0.008533321489745038,-0.0005672444240190089
GRU,3,2025-09-09,-0.01331669065047948,-0.0018370714969933033
GRU,3,2025-09-10,0.006218724240319515,-0.003354013664647937
GRU,3,2025-09-11,0.013618445157770219,-0.003175100777298212
GRU,3,2025-09-12,0.016412585827095046,-0.001486488152295351
GRU,3,2025-09-15,0.003062219825449937,-0.00012515904381871223
GRU,3,2025-09-16,-0.0010824498677873453,-0.0016916594468057156
GRU,3,2025-09-17,-0.017792935340694444,-0.002617579186335206
GRU,3,2025-09-18,-0.0003595725624521757,-0.0014689192175865173
GRU,3,2025-09-19,0.01968176171517526,4.850327968597412e-05
GRU,3,2025-09-22,0.02926022149357021,0.0008340743370354176
GRU,3,2025-09-23,0.008932826417680423,0.0007073413580656052
GRU,3,2025-09-24,-0.009435232545841922,0.00036534760147333145
GRU,3,2025-09-25,0.02079777880006118,-0.0014591123908758163
GRU,3,2025-09-26,0.033527900927235434,0.000979125965386629
GRU,3,2025-09-29,0.008423753442250954,0.0010422272607684135
GRU,4,2025-09-30,-0.007731717144935333,-4.12727240473032e-05
GRU,4,2025-10-01,0.02217258492499441,0.0007164250127971172
GRU,4,2025-10-02,-0.027657479526539994,0.0012751726899296045
GRU,4,2025-10-03,0.0341283401166873,0.0032129466999322176
GRU,4,2025-10-06,0.010138165326561486,0.0007031012792140245
GRU,4,2025-10-07,-0.01895900548752369,-0.0009147317614406347
GRU,4,2025-10-08,0.03082619811195045,-0.0010103306267410517
GRU,4,2025-10-09,-0.037824118441793675,-0.0008875725325196981
GRU,4,2025-10-10,0.0018765999645112038,0.0020063736010342836
GRU,4,2025-10-13,0.06579207650283045,0.0027647248934954405
GRU,4,2025-10-14,0.0036636994399945285,-0.004393989220261574
GRU,4,2025-10-15,0.014972666263086163,-0.003920779563486576
GRU,4,2025-10-16,0.037469740949892895,-0.002440783428028226
GRU,4,2025-10-17,-0.061426491553587786,-0.002353614429011941
GRU,4,2025-10-20,0.024856970232058594,0.0019178001675754786
GRU,4,2025-10-21,-0.07447969677901761,-0.0011151309590786695
GRU,4,2025-10-22,0.00023174916179062298,0.0028395287226885557
GRU,4,2025-10-23,0.021284272636443984,0.001729325158521533
GRU,4,2025-10-24,-0.002168091478226251,0.0003328640013933182
GRU,4,2025-10-27,-0.03823970772890121,8.483347482979298e-05
GRU,4,2025-10-28,0.01201888204232268,0.0008307206444442272
GRU,5,2025-10-29,0.012567920885157555,0.003230614587664604
GRU,5,2025-10-30,0.014706621179701264,0.0006683650426566601
GRU,5,2025-10-31,-0.009002195547953992,0.0005039154784753919
GRU,5,2025-11-03,-0.002211030978419181,0.0018149135867133737
GRU,5,2025-11-04,-0.01595519770785064,0.0005328978295437992
GRU,5,2025-11-05,0.015432978063345005,-1.0262010619044304e-05
GRU,5,2025-11-06,-0.001442659873944521,-0.0023613483645021915
GRU,5,2025-11-07,0.0046549974929010725,-0.001631555031053722
GRU,5,2025-11-10,0.04400163799506155,-0.0005291372071951628
GRU,5,2025-11-11,0.008750527588092104,-0.0025677592493593693
GRU,5,2025-11-12,0.05222929512220047,-0.0015392446657642722
GRU,5,2025-11-13,-0.004849349111986661,-0.003492397256195545
GRU,5,2025-11-14,-0.047933259554467075,0.00046488421503454447
GRU,5,2025-11-17,0.0006915941066914226,0.003996001556515694
GRU,5,2025-11-18,-0.003462763504400492,0.003913821652531624
GRU,5,2025-11-19,0.0067167409165909105,0.00262512918561697
GRU,5,2025-11-20,-0.010748626377484014,0.001203100779093802
GRU,5,2025-11-21,-0.00747108027743647,0.0020742672495543957
GRU,5,2025-11-24,0.00842583599603129,0.0012526557547971606
GRU,5,2025-11-25,0.012625007656006288,-0.00015418732073158026
GRU,5,2025-11-26,0.03817511768473181,-0.0020165294408798218
GRU,6,2025-11-28,0.06457865625867037,-0.0029223572928458452
GRU,6,2025-12-01,0.03433963520547157,-0.007764664478600025
GRU,6,2025-12-02,-0.007474155376065649,-0.009072921238839626
GRU,6,2025-12-03,-0.0010698557235385034,-0.006953099742531776
GRU,6,2025-12-04,-0.018716587382344694,-0.004206221550703049
GRU,6,2025-12-05,0.027329095870308698,-0.0024203567299991846
GRU,6,2025-12-08,-0.011067170131485166,-0.0039422521367669106
GRU,6,2025-12-09,0.04053187197222852,-0.001562344143167138
GRU,6,2025-12-10,0.003484140940118092,-0.002763172844424844
GRU,6,2025-12-11,0.057131716759903195,-0.0024060311261564493
GRU,6,2025-12-12,-0.04098236281946611,-0.007369453087449074
GRU,6,2025-12-15,0.0253911267226677,-0.006820887327194214
GRU,6,2025-12-16,-0.003820410010241985,-0.0036927221808582544
GRU,6,2025-12-17,0.054877752017617534,-0.0017207835335284472
GRU,6,2025-12-18,-0.025148603302118783,-0.005911398679018021
GRU,6,2025-12-19,0.034285916174315596,-0.005437912419438362
GRU,6,2025-12-22,0.01574784514116291,-0.007919857278466225
GRU,6,2025-12-23,0.03727556004425465,-0.008754119277000427
GRU,6,2025-12-24,0.007716446667799441,-0.008340036496520042
GRU,6,2025-12-26,0.07399134179679479,-0.008037485182285309
GRU,6,2025-12-29,-0.09067169778776503,-0.01716279424726963
GRU,7,2025-12-30,0.10221479339062806,-0.009259049780666828
GRU,7,2025-12-31,-0.09824307780431558,-0.015517547726631165
GRU,7,2026-01-02,0.005998981143650036,-0.012323939241468906
GRU,7,2026-01-05,0.07648221205609913,-0.007860277779400349
GRU,7,2026-01-06,0.05574084130399784,-0.006400789134204388
GRU,7,2026-01-07,-0.043072609490488835,-0.004905227571725845
GRU,7,2026-01-08,-0.03186285611540196,-0.0032675538677722216
GRU,7,2026-01-09,0.05428414794887768,-0.00345722702331841
GRU,7,2026-01-12,0.07007401715803904,-0.00843165535479784
GRU,7,2026-01-13,0.014863556993312911,-0.01072353683412075
GRU,7,2026-01-14,0.05650291804211882,-0.007180578075349331
GRU,7,2026-01-15,0.011020890663073043,-0.009136388078331947
GRU,7,2026-01-16,-0.04206942596458179,-0.008147313259541988
GRU,7,2026-01-20,0.06711347754309907,-0.007188043557107449
GRU,7,2026-01-21,-0.021415312804807362,-0.012544148601591587
GRU,7,2026-01-22,0.04002956396827427,-0.010937144048511982
GRU,7,2026-01-23,0.050279558386278456,-0.010143100284039974
GRU,7,2026-01-26,0.13124985761761132,-0.010694623924791813
GRU,7,2026-01-27,-0.08669859108884613,-0.016158202663064003
GRU,7,2026-01-28,0.06944067448945235,-0.016958460211753845
GRU,7,2026-01-29,0.008153341623586855,-0.01742425188422203
GRU,8,2026-01-30,-0.37610308700481104,0.00928959809243679
GRU,8,2026-02-02,-0.0195017534205199,0.020867690443992615
GRU,8,2026-02-03,0.0784283625076356,0.02234230563044548
GRU,8,2026-02-04,0.013432667047822297,0.01603730022907257
GRU,8,2026-02-05,-0.09510942355652635,0.0209895558655262
GRU,8,2026-02-06,0.0026881903887896004,0.022285882383584976
GRU,8,2026-02-09,0.0671537103524874,0.015792241320014
GRU,8,2026-02-10,-0.022763688428083004,-0.001547433203086257
GRU,8,2026-02-11,0.04313594701844096,-0.0008616743143647909
GRU,8,2026-02-12,-0.10314219378519979,-0.002864322392269969
GRU,8,2026-02-13,0.030055006017955858,0.0021817816887050867
GRU,8,2026-02-17,-0.058232678195794293,-0.0019743076991289854
GRU,8,2026-02-18,0.053830054736415583,0.0018621350172907114
GRU,8,2026-02-19,0.000722232694612371,-8.196337148547173e-05
GRU,8,2026-02-20,0.05904816413025689,0.005280106328427792
GRU,8,2026-02-23,0.05024581475846893,-0.0025890914257615805
GRU,8,2026-02-24,0.01073694749555926,-0.01121952198445797
GRU,8,2026-02-25,0.03904173258606675,-0.010954438708722591
GRU,8,2026-02-26,-0.0443038424494124,-0.014594503678381443
GRU,8,2026-02-27,0.06328912788624899,-0.0056261103600263596
GRU,8,2026-03-02,-0.048615418376580684,-0.010183265432715416
GRU,9,2026-03-03,-0.06264642761396048,0.0018879404524341226
GRU,9,2026-03-04,-0.003503268780937199,0.007053547538816929
GRU,9,2026-03-05,-0.011514328486069848,0.006032914854586124
GRU,9,2026-03-06,0.02572911548343984,0.006832833401858807
GRU,9,2026-03-09,0.0025737084547117705,0.0054679736495018005
GRU,9,2026-03-10,0.05837087039100905,0.0055424729362130165
GRU,9,2026-03-11,-0.04615282263613243,-0.0032778785098344088
GRU,9,2026-03-12,-0.004654372806172859,0.0029358824249356985
GRU,9,2026-03-13,-0.04537444568017897,0.0017461322713643312
GRU,9,2026-03-16,-0.008078131604690005,0.005139575339853764
GRU,9,2026-03-17,-0.009174455123458344,0.004726576618850231
GRU,9,2026-03-18,-0.029242743148298937,0.00487307645380497
GRU,9,2026-03-19,-0.08559290256097903,0.0063362931832671165
GRU,9,2026-03-20,-0.02198830663875218,0.010349024087190628
GRU,9,2026-03-23,-0.004493891628405335,0.00938047282397747
GRU,9,2026-03-24,0.0032532357356046945,0.009165313094854355
GRU,9,2026-03-25,0.043597795685774,0.0066499775275588036
GRU,9,2026-03-26,-0.06700978850855925,0.003134317696094513
GRU,9,2026-03-27,0.027316306173566753,0.007241467945277691
GRU,9,2026-03-30,0.011139100266054582,0.005264203995466232
GRU,9,2026-03-31,0.06023314806008035,0.004198162816464901
GRU,10,2026-04-01,0.015635517552750514,0.002524858806282282
GRU,10,2026-04-02,-0.04215905699204803,0.003191995434463024
GRU,10,2026-04-06,-0.0010178753480512444,0.0041380878537893295
GRU,10,2026-04-07,-0.011558354907611788,0.0035721655003726482
GRU,10,2026-04-08,0.046223838631510875,0.003596893046051264
GRU,10,2026-04-09,0.013901140778676418,-0.002526962896808982
GRU,10,2026-04-10,0.0006159471096186054,-0.002596448175609112
GRU,10,2026-04-13,-0.010550123505336753,-0.0006505307392217219
GRU,10,2026-04-14,0.04994771671981459,0.0017760517075657845
GRU,10,2026-04-15,0.0012587768248807636,-0.0022545582614839077
GRU,10,2026-04-16,-0.011195705803187449,-0.0025485712103545666
GRU,10,2026-04-17,0.03907092920060741,0.00029940216336399317
GRU,10,2026-04-20,-0.022105095339678606,-0.0003410826902836561
GRU,10,2026-04-21,-0.045287196374536626,0.003993666730821133
GRU,10,2026-04-22,0.019209355449914436,0.0074138399213552475
GRU,10,2026-04-23,-0.0316671369693541,0.0017673838883638382
GRU,10,2026-04-24,0.01209127659018988,0.004920871462672949
GRU,10,2026-04-27,-0.01823210990977018,0.004888378083705902
GRU,10,2026-04-28,-0.024264341106409223,0.00855467189103365
GRU,10,2026-04-29,-0.022601726928767742,0.009101425297558308
GRU,10,2026-04-30,0.02708581508247884,0.00860297866165638
BiLSTM,1,2025-07-02,0.00948862302167135,0.00615538377314806
BiLSTM,1,2025-07-03,0.00978020945508275,0.001176350051537156
BiLSTM,1,2025-07-04,-0.0002446708263925226,-0.003722232999280095
BiLSTM,1,2025-07-07,-0.004360269625795433,0.00153197324834764
BiLSTM,1,2025-07-08,-0.003913192095893367,0.005445856600999832
BiLSTM,1,2025-07-09,-0.0033230844876732876,0.011270209215581417
BiLSTM,1,2025-07-10,0.01872260225614796,0.005328231491148472
BiLSTM,1,2025-07-11,0.04327485466526427,0.003382941009476781
BiLSTM,1,2025-07-14,-0.005548430989781301,-0.0019626414868980646
BiLSTM,1,2025-07-15,-0.016462628137999764,-5.655013956129551e-05
BiLSTM,1,2025-07-16,0.0005020943467253442,0.002520573092624545
BiLSTM,1,2025-07-17,0.0053484988038978365,5.078292451798916e-05
BiLSTM,1,2025-07-18,0.004378664774949736,-0.0019173105247318745
BiLSTM,1,2025-07-21,0.022710669109615583,-0.0010855363216251135
BiLSTM,1,2025-07-22,0.005585200918381937,-0.003737022867426276
BiLSTM,1,2025-07-23,-0.001068724932451854,-0.0031447059009224176
BiLSTM,1,2025-07-24,-0.00656460218170577,-0.0021765560377389193
BiLSTM,1,2025-07-25,-0.02212869728845139,0.001424871850758791
BiLSTM,1,2025-07-28,-0.0037011011461839253,0.005822047591209412
BiLSTM,1,2025-07-29,0.0015240748387354282,0.003797507146373391
BiLSTM,1,2025-07-30,-0.013694800449261047,0.002652143593877554
BiLSTM,2,2025-07-31,-0.02736358302676405,0.0015788759337738156
BiLSTM,2,2025-08-01,0.006408634549875931,-0.0008114064112305641
BiLSTM,2,2025-08-04,0.01094923261068545,0.006090275943279266
BiLSTM,2,2025-08-05,0.013221494196824215,0.00956233125180006
BiLSTM,2,2025-08-06,0.0020939815637874963,0.004298164509236813
BiLSTM,2,2025-08-07,0.010326262845232513,0.005053733009845018
BiLSTM,2,2025-08-08,0.00676460609637975,0.0013368105283007026
BiLSTM,2,2025-08-11,-0.019848469853247078,0.0014723389176651835
BiLSTM,2,2025-08-12,0.006273085276564445,-6.873402890050784e-05
BiLSTM,2,2025-08-13,0.01570760058111391,-0.0016775158001109958
BiLSTM,2,2025-08-14,-0.013519958883922607,-0.0015729336300864816
BiLSTM,2,2025-08-15,-0.0023195075284290307,0.002599598839879036
BiLSTM,2,2025-08-18,0.0015030447981110365,0.0009458462009206414
BiLSTM,2,2025-08-19,-0.018348613749446335,-0.0009678109781816602
BiLSTM,2,2025-08-20,0.011845514382182482,-0.003351618302986026
BiLSTM,2,2025-08-21,0.00850368475593492,-0.0042537604458630085
BiLSTM,2,2025-08-22,0.025342079023089208,-0.003828679909929633
BiLSTM,2,2025-08-25,-0.008393464012582846,-0.004458675626665354
BiLSTM,2,2025-08-26,-0.002459194534489552,-0.003636210225522518
BiLSTM,2,2025-08-27,0.0027694351598418396,-0.006868651602417231
BiLSTM,2,2025-08-28,0.01286627656061418,-0.011514765210449696
BiLSTM,3,2025-08-29,0.02544543743390251,0.0025081131607294083
BiLSTM,3,2025-09-02,0.021435240936227385,0.0007841463666409254
BiLSTM,3,2025-09-03,0.011402703706401692,-0.0007949711289256811
BiLSTM,3,2025-09-04,-0.015306000859251006,-0.0010897282045334578
BiLSTM,3,2025-09-05,0.003976391479531736,0.00046865083277225494
BiLSTM,3,2025-09-08,0.008533321489745038,0.0016817990690469742
BiLSTM,3,2025-09-09,-0.01331669065047948,0.00021664774976670742
BiLSTM,3,2025-09-10,0.006218724240319515,-8.898880332708359e-05
BiLSTM,3,2025-09-11,0.013618445157770219,-0.0033779253717511892
BiLSTM,3,2025-09-12,0.016412585827095046,-0.0020685296040028334
BiLSTM,3,2025-09-15,0.003062219825449937,7.031089626252651e-05
BiLSTM,3,2025-09-16,-0.0010824498677873453,0.0009727318538352847
BiLSTM,3,2025-09-17,-0.017792935340694444,-0.0003709328593686223
BiLSTM,3,2025-09-18,-0.0003595725624521757,-0.0006033087847754359
BiLSTM,3,2025-09-19,0.01968176171517526,-0.000640881946310401
BiLSTM,3,2025-09-22,0.02926022149357021,0.0011855687480419874
BiLSTM,3,2025-09-23,0.008932826417680423,0.0022486289963126183
BiLSTM,3,2025-09-24,-0.009435232545841922,0.0013464032672345638
BiLSTM,3,2025-09-25,0.02079777880006118,0.003594774752855301
BiLSTM,3,2025-09-26,0.033527900927235434,0.0023279190063476562
BiLSTM,3,2025-09-29,0.008423753442250954,0.0018997469451278448
BiLSTM,4,2025-09-30,-0.007731717144935333,0.003112981328740716
BiLSTM,4,2025-10-01,0.02217258492499441,0.0018050773069262505
BiLSTM,4,2025-10-02,-0.027657479526539994,-0.0013287309557199478
BiLSTM,4,2025-10-03,0.0341283401166873,0.0037563489750027657
BiLSTM,4,2025-10-06,0.010138165326561486,0.0003627683036029339
BiLSTM,4,2025-10-07,-0.01895900548752369,-0.001063925214111805
BiLSTM,4,2025-10-08,0.03082619811195045,-0.0006765006110072136
BiLSTM,4,2025-10-09,-0.037824118441793675,-0.0023746942169964314
BiLSTM,4,2025-10-10,0.0018765999645112038,0.0038471887819468975
BiLSTM,4,2025-10-13,0.06579207650283045,0.0020420942455530167
BiLSTM,4,2025-10-14,0.0036636994399945285,-0.004080804064869881
BiLSTM,4,2025-10-15,0.014972666263086163,-0.004073326475918293
BiLSTM,4,2025-10-16,0.037469740949892895,-0.0035746628418564796
BiLSTM,4,2025-10-17,-0.061426491553587786,-0.0034717912785708904
BiLSTM,4,2025-10-20,0.024856970232058594,0.002837811131030321
BiLSTM,4,2025-10-21,-0.07447969677901761,0.0007041813805699348
BiLSTM,4,2025-10-22,0.00023174916179062298,0.0059857419691979885
BiLSTM,4,2025-10-23,0.021284272636443984,0.0010435560252517462
BiLSTM,4,2025-10-24,-0.002168091478226251,0.0025078575126826763
BiLSTM,4,2025-10-27,-0.03823970772890121,0.0049597895704209805
BiLSTM,4,2025-10-28,0.01201888204232268,0.0008965828455984592
BiLSTM,5,2025-10-29,0.012567920885157555,-0.004585787188261747
BiLSTM,5,2025-10-30,0.014706621179701264,-0.0014357767067849636
BiLSTM,5,2025-10-31,-0.009002195547953992,0.0004918906488455832
BiLSTM,5,2025-11-03,-0.002211030978419181,0.0015949406661093235
BiLSTM,5,2025-11-04,-0.01595519770785064,0.0010303761810064316
BiLSTM,5,2025-11-05,0.015432978063345005,0.0005017798976041377
BiLSTM,5,2025-11-06,-0.001442659873944521,0.0007127270218916237
BiLSTM,5,2025-11-07,0.0046549974929010725,0.0015757759101688862
BiLSTM,5,2025-11-10,0.04400163799506155,0.00019352469826117158
BiLSTM,5,2025-11-11,0.008750527588092104,-0.0020630471408367157
BiLSTM,5,2025-11-12,0.05222929512220047,-0.003269132226705551
BiLSTM,5,2025-11-13,-0.004849349111986661,-0.006676655262708664
BiLSTM,5,2025-11-14,-0.047933259554467075,0.0002687001251615584
BiLSTM,5,2025-11-17,0.0006915941066914226,0.0014043026603758335
BiLSTM,5,2025-11-18,-0.003462763504400492,8.457765216007829e-05
BiLSTM,5,2025-11-19,0.0067167409165909105,-6.394408410415053e-05
BiLSTM,5,2025-11-20,-0.010748626377484014,0.0038895425386726856
BiLSTM,5,2025-11-21,-0.00747108027743647,0.0039671193808317184
BiLSTM,5,2025-11-24,0.00842583599603129,-0.000345610489603132
BiLSTM,5,2025-11-25,0.012625007656006288,-0.0015542483888566494
BiLSTM,5,2025-11-26,0.03817511768473181,-0.0011107658501714468
BiLSTM,6,2025-11-28,0.06457865625867037,-0.0123525932431221
BiLSTM,6,2025-12-01,0.03433963520547157,-0.01438856404274702
BiLSTM,6,2025-12-02,-0.007474155376065649,-0.018875839188694954
BiLSTM,6,2025-12-03,-0.0010698557235385034,-0.015882238745689392
BiLSTM,6,2025-12-04,-0.018716587382344694,-0.011608831584453583
BiLSTM,6,2025-12-05,0.027329095870308698,-0.010169203393161297
BiLSTM,6,2025-12-08,-0.011067170131485166,-0.01058503519743681
BiLSTM,6,2025-12-09,0.04053187197222852,-0.0069358511827886105
BiLSTM,6,2025-12-10,0.003484140940118092,-0.01027187705039978
BiLSTM,6,2025-12-11,0.057131716759903195,-0.008654799312353134
BiLSTM,6,2025-12-12,-0.04098236281946611,-0.011687040328979492
BiLSTM,6,2025-12-15,0.0253911267226677,-0.009364494122564793
BiLSTM,6,2025-12-16,-0.003820410010241985,-0.008519599214196205
BiLSTM,6,2025-12-17,0.054877752017617534,-0.006827019155025482
BiLSTM,6,2025-12-18,-0.025148603302118783,-0.010873405262827873
BiLSTM,6,2025-12-19,0.034285916174315596,-0.009583547711372375
BiLSTM,6,2025-12-22,0.01574784514116291,-0.011835732497274876
BiLSTM,6,2025-12-23,0.03727556004425465,-0.014656906016170979
BiLSTM,6,2025-12-24,0.007716446667799441,-0.014922953210771084
BiLSTM,6,2025-12-26,0.07399134179679479,-0.01563592441380024
BiLSTM,6,2025-12-29,-0.09067169778776503,-0.023644719272851944
BiLSTM,7,2025-12-30,0.10221479339062806,-0.010002855211496353
BiLSTM,7,2025-12-31,-0.09824307780431558,-0.022573888301849365
BiLSTM,7,2026-01-02,0.005998981143650036,-0.010844654403626919
BiLSTM,7,2026-01-05,0.07648221205609913,-0.011597414501011372
BiLSTM,7,2026-01-06,0.05574084130399784,-0.012604390271008015
BiLSTM,7,2026-01-07,-0.043072609490488835,-0.00750771863386035
BiLSTM,7,2026-01-08,-0.03186285611540196,-0.004221118986606598
BiLSTM,7,2026-01-09,0.05428414794887768,-0.00884770043194294
BiLSTM,7,2026-01-12,0.07007401715803904,-0.016487039625644684
BiLSTM,7,2026-01-13,0.014863556993312911,-0.01595282554626465
BiLSTM,7,2026-01-14,0.05650291804211882,-0.006742050405591726
BiLSTM,7,2026-01-15,0.011020890663073043,-0.0113874152302742
BiLSTM,7,2026-01-16,-0.04206942596458179,-0.013439523987472057
BiLSTM,7,2026-01-20,0.06711347754309907,-0.009378748014569283
BiLSTM,7,2026-01-21,-0.021415312804807362,-0.017049217596650124
BiLSTM,7,2026-01-22,0.04002956396827427,-0.01696365885436535
BiLSTM,7,2026-01-23,0.050279558386278456,-0.022293074056506157
BiLSTM,7,2026-01-26,0.13124985761761132,-0.022996811196208
BiLSTM,7,2026-01-27,-0.08669859108884613,-0.03693041205406189
BiLSTM,7,2026-01-28,0.06944067448945235,-0.02483701892197132
BiLSTM,7,2026-01-29,0.008153341623586855,-0.025759216398000717
BiLSTM,8,2026-01-30,-0.37610308700481104,0.022411033511161804
BiLSTM,8,2026-02-02,-0.0195017534205199,0.024614296853542328
BiLSTM,8,2026-02-03,0.0784283625076356,0.022896351292729378
BiLSTM,8,2026-02-04,0.013432667047822297,0.014615755528211594
BiLSTM,8,2026-02-05,-0.09510942355652635,0.01077604666352272
BiLSTM,8,2026-02-06,0.0026881903887896004,0.009792502969503403
BiLSTM,8,2026-02-09,0.0671537103524874,0.014465897344052792
BiLSTM,8,2026-02-10,-0.022763688428083004,0.013536480255424976
BiLSTM,8,2026-02-11,0.04313594701844096,0.01087940949946642
BiLSTM,8,2026-02-12,-0.10314219378519979,-0.0009845008607953787
BiLSTM,8,2026-02-13,0.030055006017955858,-0.0013923605438321829
BiLSTM,8,2026-02-17,-0.058232678195794293,0.002652849303558469
BiLSTM,8,2026-02-18,0.053830054736415583,0.0035524724517017603
BiLSTM,8,2026-02-19,0.000722232694612371,0.006705472245812416
BiLSTM,8,2026-02-20,0.05904816413025689,0.004861475899815559
BiLSTM,8,2026-02-23,0.05024581475846893,-0.013487874530255795
BiLSTM,8,2026-02-24,0.01073694749555926,-0.0347575880587101
BiLSTM,8,2026-02-25,0.03904173258606675,-0.03510115295648575
BiLSTM,8,2026-02-26,-0.0443038424494124,-0.04669757932424545
BiLSTM,8,2026-02-27,0.06328912788624899,-0.03205699101090431
BiLSTM,8,2026-03-02,-0.048615418376580684,-0.05027797445654869
BiLSTM,9,2026-03-03,-0.06264642761396048,0.018235821276903152
BiLSTM,9,2026-03-04,-0.003503268780937199,0.02134186401963234
BiLSTM,9,2026-03-05,-0.011514328486069848,0.008367916569113731
BiLSTM,9,2026-03-06,0.02572911548343984,0.001300603966228664
BiLSTM,9,2026-03-09,0.0025737084547117705,0.01976785436272621
BiLSTM,9,2026-03-10,0.05837087039100905,0.027743592858314514
BiLSTM,9,2026-03-11,-0.04615282263613243,-0.001533778035081923
BiLSTM,9,2026-03-12,-0.004654372806172859,0.009572061710059643
BiLSTM,9,2026-03-13,-0.04537444568017897,-0.0030261967331171036
BiLSTM,9,2026-03-16,-0.008078131604690005,0.008004993200302124
BiLSTM,9,2026-03-17,-0.009174455123458344,0.009580439887940884
BiLSTM,9,2026-03-18,-0.029242743148298937,0.022474566474556923
BiLSTM,9,2026-03-19,-0.08559290256097903,0.014678068459033966
BiLSTM,9,2026-03-20,-0.02198830663875218,0.015031675808131695
BiLSTM,9,2026-03-23,-0.004493891628405335,0.0039592524990439415
BiLSTM,9,2026-03-24,0.0032532357356046945,0.0056194099597632885
BiLSTM,9,2026-03-25,0.043597795685774,-0.0018564219353720546
BiLSTM,9,2026-03-26,-0.06700978850855925,-0.007165569346398115
BiLSTM,9,2026-03-27,0.027316306173566753,-0.00040923140477389097
BiLSTM,9,2026-03-30,0.011139100266054582,-0.00792751181870699
BiLSTM,9,2026-03-31,0.06023314806008035,-0.004550579469650984
BiLSTM,10,2026-04-01,0.015635517552750514,-0.006492717191576958
BiLSTM,10,2026-04-02,-0.04215905699204803,-0.004989922977983952
BiLSTM,10,2026-04-06,-0.0010178753480512444,0.005533046554774046
BiLSTM,10,2026-04-07,-0.011558354907611788,0.007045204285532236
BiLSTM,10,2026-04-08,0.046223838631510875,0.0059709432534873486
BiLSTM,10,2026-04-09,0.013901140778676418,-0.0034215415362268686
BiLSTM,10,2026-04-10,0.0006159471096186054,0.003824937390163541
BiLSTM,10,2026-04-13,-0.010550123505336753,0.009581049904227257
BiLSTM,10,2026-04-14,0.04994771671981459,0.01677563600242138
BiLSTM,10,2026-04-15,0.0012587768248807636,0.005182112567126751
BiLSTM,10,2026-04-16,-0.011195705803187449,0.006495721638202667
BiLSTM,10,2026-04-17,0.03907092920060741,0.011765789240598679
BiLSTM,10,2026-04-20,-0.022105095339678606,0.008880706503987312
BiLSTM,10,2026-04-21,-0.045287196374536626,0.015855947509407997
BiLSTM,10,2026-04-22,0.019209355449914436,0.01718278042972088
BiLSTM,10,2026-04-23,-0.0316671369693541,0.0063850474543869495
BiLSTM,10,2026-04-24,0.01209127659018988,0.006226143334060907
BiLSTM,10,2026-04-27,-0.01823210990977018,0.007400743197649717
BiLSTM,10,2026-04-28,-0.024264341106409223,0.009758146479725838
BiLSTM,10,2026-04-29,-0.022601726928767742,0.009290806949138641
BiLSTM,10,2026-04-30,0.02708581508247884,0.0033786760177463293
Transformer,1,2025-07-02,0.00948862302167135,0.004342812579125166
Transformer,1,2025-07-03,0.00978020945508275,0.002916943747550249
Transformer,1,2025-07-04,-0.0002446708263925226,0.0021026302129030228
Transformer,1,2025-07-07,-0.004360269625795433,0.004250023979693651
Transformer,1,2025-07-08,-0.003913192095893367,0.0022924342192709446
Transformer,1,2025-07-09,-0.0033230844876732876,0.001868921797722578
Transformer,1,2025-07-10,0.01872260225614796,0.002167879603803158
Transformer,1,2025-07-11,0.04327485466526427,0.0022078906185925007
Transformer,1,2025-07-14,-0.005548430989781301,-0.0009793052449822426
Transformer,1,2025-07-15,-0.016462628137999764,0.00047327508218586445
Transformer,1,2025-07-16,0.0005020943467253442,0.002741531701758504
Transformer,1,2025-07-17,0.0053484988038978365,0.0029104179702699184
Transformer,1,2025-07-18,0.004378664774949736,0.0038381218910217285
Transformer,1,2025-07-21,0.022710669109615583,0.0034999637864530087
Transformer,1,2025-07-22,0.005585200918381937,0.0027281134389340878
Transformer,1,2025-07-23,-0.001068724932451854,0.0020486069843173027
Transformer,1,2025-07-24,-0.00656460218170577,0.0020529404282569885
Transformer,1,2025-07-25,-0.02212869728845139,0.002374333329498768
Transformer,1,2025-07-28,-0.0037011011461839253,0.0017775710439309478
Transformer,1,2025-07-29,0.0015240748387354282,0.002054773271083832
Transformer,1,2025-07-30,-0.013694800449261047,0.002328273141756654
Transformer,2,2025-07-31,-0.02736358302676405,-0.0009146133670583367
Transformer,2,2025-08-01,0.006408634549875931,-0.0006467232597060502
Transformer,2,2025-08-04,0.01094923261068545,-0.0006724639097228646
Transformer,2,2025-08-05,0.013221494196824215,-0.0006712668691761792
Transformer,2,2025-08-06,0.0020939815637874963,-0.000655280367936939
Transformer,2,2025-08-07,0.010326262845232513,-0.0006618999759666622
Transformer,2,2025-08-08,0.00676460609637975,-0.0008106698514893651
Transformer,2,2025-08-11,-0.019848469853247078,-0.0033989802468568087
Transformer,2,2025-08-12,0.006273085276564445,-0.0006713176262564957
Transformer,2,2025-08-13,0.01570760058111391,-0.000738266040571034
Transformer,2,2025-08-14,-0.013519958883922607,-0.0007946883561089635
Transformer,2,2025-08-15,-0.0023195075284290307,-0.0007622882258147001
Transformer,2,2025-08-18,0.0015030447981110365,-0.0007190168835222721
Transformer,2,2025-08-19,-0.018348613749446335,-0.001017281087115407
Transformer,2,2025-08-20,0.011845514382182482,-0.0009885247563943267
Transformer,2,2025-08-21,0.00850368475593492,-0.001793266972526908
Transformer,2,2025-08-22,0.025342079023089208,-0.0007424099603667855
Transformer,2,2025-08-25,-0.008393464012582846,-0.0013411366380751133
Transformer,2,2025-08-26,-0.002459194534489552,-0.0007006024243310094
Transformer,2,2025-08-27,0.0027694351598418396,-0.0006613745936192572
Transformer,2,2025-08-28,0.01286627656061418,-0.0006690485752187669
Transformer,3,2025-08-29,0.02544543743390251,-0.0007007665699347854
Transformer,3,2025-09-02,0.021435240936227385,-0.000209659687243402
Transformer,3,2025-09-03,0.011402703706401692,-0.0020143422298133373
Transformer,3,2025-09-04,-0.015306000859251006,-0.0046354797668755054
Transformer,3,2025-09-05,0.003976391479531736,-0.003954493440687656
Transformer,3,2025-09-08,0.008533321489745038,-0.0009793028002604842
Transformer,3,2025-09-09,-0.01331669065047948,-2.5931745767593384e-05
Transformer,3,2025-09-10,0.006218724240319515,-0.0013250018237158656
Transformer,3,2025-09-11,0.013618445157770219,-0.004289661999791861
Transformer,3,2025-09-12,0.016412585827095046,-0.002347082830965519
Transformer,3,2025-09-15,0.003062219825449937,-0.0005636736750602722
Transformer,3,2025-09-16,-0.0010824498677873453,-0.00047446030657738447
Transformer,3,2025-09-17,-0.017792935340694444,-0.0013944125967100263
Transformer,3,2025-09-18,-0.0003595725624521757,-0.0018822286510840058
Transformer,3,2025-09-19,0.01968176171517526,-0.00042178272269666195
Transformer,3,2025-09-22,0.02926022149357021,0.0011356733739376068
Transformer,3,2025-09-23,0.008932826417680423,0.001411701668985188
Transformer,3,2025-09-24,-0.009435232545841922,0.0011052102781832218
Transformer,3,2025-09-25,0.02079777880006118,0.0007078209891915321
Transformer,3,2025-09-26,0.033527900927235434,0.0009251531446352601
Transformer,3,2025-09-29,0.008423753442250954,0.0021952688694000244
Transformer,4,2025-09-30,-0.007731717144935333,0.00016646152653265744
Transformer,4,2025-10-01,0.02217258492499441,0.0005459126550704241
Transformer,4,2025-10-02,-0.027657479526539994,0.0006026654154993594
Transformer,4,2025-10-03,0.0341283401166873,0.0006984956562519073
Transformer,4,2025-10-06,0.010138165326561486,0.0006934836856089532
Transformer,4,2025-10-07,-0.01895900548752369,0.0004790625534951687
Transformer,4,2025-10-08,0.03082619811195045,0.0004421841003932059
Transformer,4,2025-10-09,-0.037824118441793675,0.00017705683421809226
Transformer,4,2025-10-10,0.0018765999645112038,0.000707413477357477
Transformer,4,2025-10-13,0.06579207650283045,0.000433224078733474
Transformer,4,2025-10-14,0.0036636994399945285,1.2555581633932889e-05
Transformer,4,2025-10-15,0.014972666263086163,-0.0003253730828873813
Transformer,4,2025-10-16,0.037469740949892895,-0.0006043456378392875
Transformer,4,2025-10-17,-0.061426491553587786,-0.0007328326464630663
Transformer,4,2025-10-20,0.024856970232058594,-0.0007646615267731249
Transformer,4,2025-10-21,-0.07447969677901761,-0.0005841806996613741
Transformer,4,2025-10-22,0.00023174916179062298,0.00010003296483773738
Transformer,4,2025-10-23,0.021284272636443984,-0.00022666835866402835
Transformer,4,2025-10-24,-0.002168091478226251,0.0003450812946539372
Transformer,4,2025-10-27,-0.03823970772890121,0.0003331354237161577
Transformer,4,2025-10-28,0.01201888204232268,0.00036193273263052106
Transformer,5,2025-10-29,0.012567920885157555,0.0014640155714005232
Transformer,5,2025-10-30,0.014706621179701264,0.0012433353113010526
Transformer,5,2025-10-31,-0.009002195547953992,0.0015239242929965258
Transformer,5,2025-11-03,-0.002211030978419181,0.001580684445798397
Transformer,5,2025-11-04,-0.01595519770785064,0.0016086470568552613
Transformer,5,2025-11-05,0.015432978063345005,0.0014403609093278646
Transformer,5,2025-11-06,-0.001442659873944521,0.0015102722682058811
Transformer,5,2025-11-07,0.0046549974929010725,0.0002488845493644476
Transformer,5,2025-11-10,0.04400163799506155,0.00038422970101237297
Transformer,5,2025-11-11,0.008750527588092104,0.0004365521017462015
Transformer,5,2025-11-12,0.05222929512220047,0.0003476624842733145
Transformer,5,2025-11-13,-0.004849349111986661,0.00013789813965559006
Transformer,5,2025-11-14,-0.047933259554467075,-2.641463652253151e-05
Transformer,5,2025-11-17,0.0006915941066914226,-0.00015188648831099272
Transformer,5,2025-11-18,-0.003462763504400492,0.00021995860151946545
Transformer,5,2025-11-19,0.0067167409165909105,0.0005042508710175753
Transformer,5,2025-11-20,-0.010748626377484014,0.00026638293638825417
Transformer,5,2025-11-21,-0.00747108027743647,0.00020106439478695393
Transformer,5,2025-11-24,0.00842583599603129,-6.492342799901962e-05
Transformer,5,2025-11-25,0.012625007656006288,-0.0008438513614237309
Transformer,5,2025-11-26,0.03817511768473181,-0.0013134530745446682
Transformer,6,2025-11-28,0.06457865625867037,-0.0031605977565050125
Transformer,6,2025-12-01,0.03433963520547157,-0.002599358791485429
Transformer,6,2025-12-02,-0.007474155376065649,-0.0024180912878364325
Transformer,6,2025-12-03,-0.0010698557235385034,-0.003362910356372595
Transformer,6,2025-12-04,-0.018716587382344694,-0.003357395064085722
Transformer,6,2025-12-05,0.027329095870308698,-0.0028527837712317705
Transformer,6,2025-12-08,-0.011067170131485166,-0.0022026109509170055
Transformer,6,2025-12-09,0.04053187197222852,-0.00197776360437274
Transformer,6,2025-12-10,0.003484140940118092,-0.0031038569286465645
Transformer,6,2025-12-11,0.057131716759903195,-0.002740915399044752
Transformer,6,2025-12-12,-0.04098236281946611,-0.002353439573198557
Transformer,6,2025-12-15,0.0253911267226677,-0.001930952537804842
Transformer,6,2025-12-16,-0.003820410010241985,-0.0019851746037602425
Transformer,6,2025-12-17,0.054877752017617534,-0.003010608721524477
Transformer,6,2025-12-18,-0.025148603302118783,-0.0035349661484360695
Transformer,6,2025-12-19,0.034285916174315596,-0.0028243805281817913
Transformer,6,2025-12-22,0.01574784514116291,-0.0030513382516801357
Transformer,6,2025-12-23,0.03727556004425465,-0.0028647719882428646
Transformer,6,2025-12-24,0.007716446667799441,-0.005395209416747093
Transformer,6,2025-12-26,0.07399134179679479,-0.005721275229007006
Transformer,6,2025-12-29,-0.09067169778776503,-0.005783186759799719
Transformer,7,2025-12-30,0.10221479339062806,-0.000458647555205971
Transformer,7,2025-12-31,-0.09824307780431558,-9.917753050103784e-05
Transformer,7,2026-01-02,0.005998981143650036,-0.0003269311273470521
Transformer,7,2026-01-05,0.07648221205609913,0.0013602909166365862
Transformer,7,2026-01-06,0.05574084130399784,0.0017695017158985138
Transformer,7,2026-01-07,-0.043072609490488835,-0.00038772023981437087
Transformer,7,2026-01-08,-0.03186285611540196,-0.00015078246360644698
Transformer,7,2026-01-09,0.05428414794887768,6.187759572640061e-05
Transformer,7,2026-01-12,0.07007401715803904,-0.004127525258809328
Transformer,7,2026-01-13,0.014863556993312911,-0.007164026610553265
Transformer,7,2026-01-14,0.05650291804211882,-0.004024975933134556
Transformer,7,2026-01-15,0.011020890663073043,-0.0018539226148277521
Transformer,7,2026-01-16,-0.04206942596458179,0.00021205825032666326
Transformer,7,2026-01-20,0.06711347754309907,-0.0009614966111257672
Transformer,7,2026-01-21,-0.021415312804807362,0.0004717845586128533
Transformer,7,2026-01-22,0.04002956396827427,-0.0004849224351346493
Transformer,7,2026-01-23,0.050279558386278456,-0.00010149582521989942
Transformer,7,2026-01-26,0.13124985761761132,0.0010202706325799227
Transformer,7,2026-01-27,-0.08669859108884613,0.0011324533261358738
Transformer,7,2026-01-28,0.06944067448945235,-0.007608307059854269
Transformer,7,2026-01-29,0.008153341623586855,-0.005200512241572142
Transformer,8,2026-01-30,-0.37610308700481104,0.0016043996438384056
Transformer,8,2026-02-02,-0.0195017534205199,-0.017066046595573425
Transformer,8,2026-02-03,0.0784283625076356,-0.015314390882849693
Transformer,8,2026-02-04,0.013432667047822297,-0.014906372874975204
Transformer,8,2026-02-05,-0.09510942355652635,-0.010015266016125679
Transformer,8,2026-02-06,0.0026881903887896004,-0.008288898505270481
Transformer,8,2026-02-09,0.0671537103524874,-0.007511951960623264
Transformer,8,2026-02-10,-0.022763688428083004,-0.008283833973109722
Transformer,8,2026-02-11,0.04313594701844096,-0.009033565409481525
Transformer,8,2026-02-12,-0.10314219378519979,-0.008056013844907284
Transformer,8,2026-02-13,0.030055006017955858,-0.0024731745943427086
Transformer,8,2026-02-17,-0.058232678195794293,-0.003128352575004101
Transformer,8,2026-02-18,0.053830054736415583,-0.008469655178487301
Transformer,8,2026-02-19,0.000722232694612371,-0.006154104135930538
Transformer,8,2026-02-20,0.05904816413025689,-0.005754205863922834
Transformer,8,2026-02-23,0.05024581475846893,-0.008189760148525238
Transformer,8,2026-02-24,0.01073694749555926,-0.012758426368236542
Transformer,8,2026-02-25,0.03904173258606675,-0.012245187535881996
Transformer,8,2026-02-26,-0.0443038424494124,-0.017355598509311676
Transformer,8,2026-02-27,0.06328912788624899,-0.01673818565905094
Transformer,8,2026-03-02,-0.048615418376580684,-0.021085215732455254
Transformer,9,2026-03-03,-0.06264642761396048,0.0009612902067601681
Transformer,9,2026-03-04,-0.003503268780937199,-0.0010130922310054302
Transformer,9,2026-03-05,-0.011514328486069848,-0.0010782340541481972
Transformer,9,2026-03-06,0.02572911548343984,-0.0005430952878668904
Transformer,9,2026-03-09,0.0025737084547117705,0.00020680902525782585
Transformer,9,2026-03-10,0.05837087039100905,0.0009843851439654827
Transformer,9,2026-03-11,-0.04615282263613243,-0.0009462719317525625
Transformer,9,2026-03-12,-0.004654372806172859,-0.0009456616826355457
Transformer,9,2026-03-13,-0.04537444568017897,-0.00044686230830848217
Transformer,9,2026-03-16,-0.008078131604690005,0.00039540452416986227
Transformer,9,2026-03-17,-0.009174455123458344,0.0007294982206076384
Transformer,9,2026-03-18,-0.029242743148298937,0.00038506975397467613
Transformer,9,2026-03-19,-0.08559290256097903,0.00010021997150033712
Transformer,9,2026-03-20,-0.02198830663875218,0.0002398790093138814
Transformer,9,2026-03-23,-0.004493891628405335,-0.00015422014985233545
Transformer,9,2026-03-24,0.0032532357356046945,-0.00014754734002053738
Transformer,9,2026-03-25,0.043597795685774,-0.000424256082624197
Transformer,9,2026-03-26,-0.06700978850855925,-0.0010013794526457787
Transformer,9,2026-03-27,0.027316306173566753,-0.00018782715778797865
Transformer,9,2026-03-30,0.011139100266054582,-0.0008695200085639954
Transformer,9,2026-03-31,0.06023314806008035,0.0007136219646781683
Transformer,10,2026-04-01,0.015635517552750514,-0.001773863099515438
Transformer,10,2026-04-02,-0.04215905699204803,-0.001921687857247889
Transformer,10,2026-04-06,-0.0010178753480512444,-0.0016229117754846811
Transformer,10,2026-04-07,-0.011558354907611788,-0.0008982764557003975
Transformer,10,2026-04-08,0.046223838631510875,0.00021279521752148867
Transformer,10,2026-04-09,0.013901140778676418,0.001180307357572019
Transformer,10,2026-04-10,0.0006159471096186054,0.0003380627604201436
Transformer,10,2026-04-13,-0.010550123505336753,-0.0009275011834688485
Transformer,10,2026-04-14,0.04994771671981459,-0.0026992838829755783
Transformer,10,2026-04-15,0.0012587768248807636,-0.0013535985490307212
Transformer,10,2026-04-16,-0.011195705803187449,-0.0014057039516046643
Transformer,10,2026-04-17,0.03907092920060741,-0.0017889798618853092
Transformer,10,2026-04-20,-0.022105095339678606,-0.001544815837405622
Transformer,10,2026-04-21,-0.045287196374536626,0.0014737810706719756
Transformer,10,2026-04-22,0.019209355449914436,-0.00012443354353308678
Transformer,10,2026-04-23,-0.0316671369693541,-0.0024843798018991947
Transformer,10,2026-04-24,0.01209127659018988,-0.00046902860049158335
Transformer,10,2026-04-27,-0.01823210990977018,0.0022458513267338276
Transformer,10,2026-04-28,-0.024264341106409223,0.0035525676794350147
Transformer,10,2026-04-29,-0.022601726928767742,-0.0002843707916326821
Transformer,10,2026-04-30,0.02708581508247884,-0.002518824301660061
TCN,1,2025-07-02,0.00948862302167135,0.0008964948356151581
TCN,1,2025-07-03,0.00978020945508275,0.0014430300798267126
TCN,1,2025-07-04,-0.0002446708263925226,0.003223688341677189
TCN,1,2025-07-07,-0.004360269625795433,-0.0009196363389492035
TCN,1,2025-07-08,-0.003913192095893367,0.0003395507810637355
TCN,1,2025-07-09,-0.0033230844876732876,0.01921764574944973
TCN,1,2025-07-10,0.01872260225614796,-0.003426237963140011
TCN,1,2025-07-11,0.04327485466526427,0.0023303108755499125
TCN,1,2025-07-14,-0.005548430989781301,-0.00041589210741221905
TCN,1,2025-07-15,-0.016462628137999764,-0.000782508053816855
TCN,1,2025-07-16,0.0005020943467253442,-0.0001955264015123248
TCN,1,2025-07-17,0.0053484988038978365,-0.0003151275450363755
TCN,1,2025-07-18,0.004378664774949736,-0.0006000071298331022
TCN,1,2025-07-21,0.022710669109615583,0.004255806561559439
TCN,1,2025-07-22,0.005585200918381937,-0.003924443852156401
TCN,1,2025-07-23,-0.001068724932451854,0.0019124109530821443
TCN,1,2025-07-24,-0.00656460218170577,-0.0014887048164382577
TCN,1,2025-07-25,-0.02212869728845139,0.0032503418624401093
TCN,1,2025-07-28,-0.0037011011461839253,0.0005826301639899611
TCN,1,2025-07-29,0.0015240748387354282,-0.0015835835365578532
TCN,1,2025-07-30,-0.013694800449261047,-0.0012250278377905488
TCN,2,2025-07-31,-0.02736358302676405,-2.710171975195408e-05
TCN,2,2025-08-01,0.006408634549875931,-0.0013709479244425893
TCN,2,2025-08-04,0.01094923261068545,-0.001616000197827816
TCN,2,2025-08-05,0.013221494196824215,0.004268900956958532
TCN,2,2025-08-06,0.0020939815637874963,-0.0059667229652404785
TCN,2,2025-08-07,0.010326262845232513,-0.0012546866200864315
TCN,2,2025-08-08,0.00676460609637975,0.0003858738928101957
TCN,2,2025-08-11,-0.019848469853247078,-0.001919069210998714
TCN,2,2025-08-12,0.006273085276564445,-0.0020221518352627754
TCN,2,2025-08-13,0.01570760058111391,-0.0011471195612102747
TCN,2,2025-08-14,-0.013519958883922607,-0.00044165633153170347
TCN,2,2025-08-15,-0.0023195075284290307,-0.001011667656712234
TCN,2,2025-08-18,0.0015030447981110365,0.0011108197504654527
TCN,2,2025-08-19,-0.018348613749446335,-0.00021494392422027886
TCN,2,2025-08-20,0.011845514382182482,0.0025828895159065723
TCN,2,2025-08-21,0.00850368475593492,3.0363036785274744e-05
TCN,2,2025-08-22,0.025342079023089208,0.00013615417992696166
TCN,2,2025-08-25,-0.008393464012582846,-0.00023978401441127062
TCN,2,2025-08-26,-0.002459194534489552,-0.0006679638754576445
TCN,2,2025-08-27,0.0027694351598418396,-0.0011599068529903889
TCN,2,2025-08-28,0.01286627656061418,-8.453108603134751e-05
TCN,3,2025-08-29,0.02544543743390251,-0.00019050214905291796
TCN,3,2025-09-02,0.021435240936227385,-0.001253425725735724
TCN,3,2025-09-03,0.011402703706401692,-0.0010056071914732456
TCN,3,2025-09-04,-0.015306000859251006,-0.0010437790770083666
TCN,3,2025-09-05,0.003976391479531736,0.004446639213711023
TCN,3,2025-09-08,0.008533321489745038,0.0015900133876129985
TCN,3,2025-09-09,-0.01331669065047948,-0.00030915008392184973
TCN,3,2025-09-10,0.006218724240319515,0.000528207398019731
TCN,3,2025-09-11,0.013618445157770219,0.0042987484484910965
TCN,3,2025-09-12,0.016412585827095046,0.008729309774935246
TCN,3,2025-09-15,0.003062219825449937,0.002400086261332035
TCN,3,2025-09-16,-0.0010824498677873453,-0.0019931774586439133
TCN,3,2025-09-17,-0.017792935340694444,-0.0006924427580088377
TCN,3,2025-09-18,-0.0003595725624521757,3.0050519853830338e-05
TCN,3,2025-09-19,0.01968176171517526,0.0032334006391465664
TCN,3,2025-09-22,0.02926022149357021,0.0016201388789340854
TCN,3,2025-09-23,0.008932826417680423,-0.000388104934245348
TCN,3,2025-09-24,-0.009435232545841922,-0.00038175072404555976
TCN,3,2025-09-25,0.02079777880006118,0.0016481803031638265
TCN,3,2025-09-26,0.033527900927235434,0.0007390077225863934
TCN,3,2025-09-29,0.008423753442250954,0.0017882672837004066
TCN,4,2025-09-30,-0.007731717144935333,0.001787639455869794
TCN,4,2025-10-01,0.02217258492499441,0.006627466529607773
TCN,4,2025-10-02,-0.027657479526539994,0.002000796841457486
TCN,4,2025-10-03,0.0341283401166873,0.00022409670054912567
TCN,4,2025-10-06,0.010138165326561486,-0.00011487654410302639
TCN,4,2025-10-07,-0.01895900548752369,0.000804673763923347
TCN,4,2025-10-08,0.03082619811195045,0.0016226805746555328
TCN,4,2025-10-09,-0.037824118441793675,0.0006470415974035859
TCN,4,2025-10-10,0.0018765999645112038,0.0003893597749993205
TCN,4,2025-10-13,0.06579207650283045,0.0017850835574790835
TCN,4,2025-10-14,0.0036636994399945285,0.0009212745353579521
TCN,4,2025-10-15,0.014972666263086163,-5.707959644496441e-06
TCN,4,2025-10-16,0.037469740949892895,0.0007694213418290019
TCN,4,2025-10-17,-0.061426491553587786,0.0005207102512940764
TCN,4,2025-10-20,0.024856970232058594,0.002557104919105768
TCN,4,2025-10-21,-0.07447969677901761,0.0028715678490698338
TCN,4,2025-10-22,0.00023174916179062298,-0.0008574536768719554
TCN,4,2025-10-23,0.021284272636443984,0.002666359767317772
TCN,4,2025-10-24,-0.002168091478226251,0.0013999013463035226
TCN,4,2025-10-27,-0.03823970772890121,0.0007996769272722304
TCN,4,2025-10-28,0.01201888204232268,0.0019295861711725593
TCN,5,2025-10-29,0.012567920885157555,-2.230661630164832e-05
TCN,5,2025-10-30,0.014706621179701264,0.0035216619726270437
TCN,5,2025-10-31,-0.009002195547953992,0.0002328537666471675
TCN,5,2025-11-03,-0.002211030978419181,0.0006448959466069937
TCN,5,2025-11-04,-0.01595519770785064,-9.360359399579465e-05
TCN,5,2025-11-05,0.015432978063345005,0.0015753979096189141
TCN,5,2025-11-06,-0.001442659873944521,0.002164342673495412
TCN,5,2025-11-07,0.0046549974929010725,6.162931094877422e-05
TCN,5,2025-11-10,0.04400163799506155,0.00032692457898519933
TCN,5,2025-11-11,0.008750527588092104,-0.00039672720595262945
TCN,5,2025-11-12,0.05222929512220047,0.0003837657277472317
TCN,5,2025-11-13,-0.004849349111986661,0.00091029261238873
TCN,5,2025-11-14,-0.047933259554467075,0.0011810703435912728
TCN,5,2025-11-17,0.0006915941066914226,-1.0216397640760988e-05
TCN,5,2025-11-18,-0.003462763504400492,-0.00028129827114753425
TCN,5,2025-11-19,0.0067167409165909105,6.74995535518974e-05
TCN,5,2025-11-20,-0.010748626377484014,0.0012322711991146207
TCN,5,2025-11-21,-0.00747108027743647,-0.00038383612991310656
TCN,5,2025-11-24,0.00842583599603129,0.0017093900823965669
TCN,5,2025-11-25,0.012625007656006288,0.0009540956234559417
TCN,5,2025-11-26,0.03817511768473181,0.0007699315901845694
TCN,6,2025-11-28,0.06457865625867037,-0.00027521810261532664
TCN,6,2025-12-01,0.03433963520547157,-0.0005109112244099379
TCN,6,2025-12-02,-0.007474155376065649,0.0002265535295009613
TCN,6,2025-12-03,-0.0010698557235385034,-0.0018927797209471464
TCN,6,2025-12-04,-0.018716587382344694,-0.001500409678556025
TCN,6,2025-12-05,0.027329095870308698,0.0006656090263277292
TCN,6,2025-12-08,-0.011067170131485166,0.0017854892648756504
TCN,6,2025-12-09,0.04053187197222852,0.0004001179477199912
TCN,6,2025-12-10,0.003484140940118092,-0.00246364064514637
TCN,6,2025-12-11,0.057131716759903195,-0.0012021528091281652
TCN,6,2025-12-12,-0.04098236281946611,-0.0004760076408274472
TCN,6,2025-12-15,0.0253911267226677,-0.0007916406029835343
TCN,6,2025-12-16,-0.003820410010241985,-0.00018358492525294423
TCN,6,2025-12-17,0.054877752017617534,-0.00038018845953047276
TCN,6,2025-12-18,-0.025148603302118783,-0.0009277209173887968
TCN,6,2025-12-19,0.034285916174315596,-0.0005550110945478082
TCN,6,2025-12-22,0.01574784514116291,-0.0026709148660302162
TCN,6,2025-12-23,0.03727556004425465,-0.0004989906447008252
TCN,6,2025-12-24,0.007716446667799441,-0.002572106197476387
TCN,6,2025-12-26,0.07399134179679479,-0.0011283124331384897
TCN,6,2025-12-29,-0.09067169778776503,-0.002408925211057067
TCN,7,2025-12-30,0.10221479339062806,0.0007826696382835507
TCN,7,2025-12-31,-0.09824307780431558,0.0057869525626301765
TCN,7,2026-01-02,0.005998981143650036,0.00022028046078048646
TCN,7,2026-01-05,0.07648221205609913,0.006365220528095961
TCN,7,2026-01-06,0.05574084130399784,0.0029769008979201317
TCN,7,2026-01-07,-0.043072609490488835,0.006193290930241346
TCN,7,2026-01-08,-0.03186285611540196,0.003457970917224884
TCN,7,2026-01-09,0.05428414794887768,0.010871301405131817
TCN,7,2026-01-12,0.07007401715803904,0.007420122157782316
TCN,7,2026-01-13,0.014863556993312911,0.00816372036933899
TCN,7,2026-01-14,0.05650291804211882,0.0030053039081394672
TCN,7,2026-01-15,0.011020890663073043,0.00881832093000412
TCN,7,2026-01-16,-0.04206942596458179,0.004179793875664473
TCN,7,2026-01-20,0.06711347754309907,0.005402019713073969
TCN,7,2026-01-21,-0.021415312804807362,0.005521153565496206
TCN,7,2026-01-22,0.04002956396827427,0.0038030818104743958
TCN,7,2026-01-23,0.050279558386278456,0.006285655777901411
TCN,7,2026-01-26,0.13124985761761132,0.0037354244850575924
TCN,7,2026-01-27,-0.08669859108884613,0.00310407648794353
TCN,7,2026-01-28,0.06944067448945235,-0.0035837041214108467
TCN,7,2026-01-29,0.008153341623586855,0.005641689524054527
TCN,8,2026-01-30,-0.37610308700481104,0.008689263835549355
TCN,8,2026-02-02,-0.0195017534205199,0.011335079558193684
TCN,8,2026-02-03,0.0784283625076356,0.0046669840812683105
TCN,8,2026-02-04,0.013432667047822297,0.00290209474042058
TCN,8,2026-02-05,-0.09510942355652635,0.00646706810221076
TCN,8,2026-02-06,0.0026881903887896004,0.013137813657522202
TCN,8,2026-02-09,0.0671537103524874,0.00995175912976265
TCN,8,2026-02-10,-0.022763688428083004,0.01141366921365261
TCN,8,2026-02-11,0.04313594701844096,-0.0017169768689200282
TCN,8,2026-02-12,-0.10314219378519979,0.0051237670704722404
TCN,8,2026-02-13,0.030055006017955858,0.007191669661551714
TCN,8,2026-02-17,-0.058232678195794293,0.0032462896779179573
TCN,8,2026-02-18,0.053830054736415583,0.010348002426326275
TCN,8,2026-02-19,0.000722232694612371,0.00679123355075717
TCN,8,2026-02-20,0.05904816413025689,0.006373406387865543
TCN,8,2026-02-23,0.05024581475846893,0.009451815858483315
TCN,8,2026-02-24,0.01073694749555926,0.0010686734458431602
TCN,8,2026-02-25,0.03904173258606675,0.0005519880214706063
TCN,8,2026-02-26,-0.0443038424494124,0.0013089788844808936
TCN,8,2026-02-27,0.06328912788624899,0.007794902194291353
TCN,8,2026-03-02,-0.048615418376580684,0.006757307797670364
TCN,9,2026-03-03,-0.06264642761396048,0.003681367263197899
TCN,9,2026-03-04,-0.003503268780937199,0.0055293552577495575
TCN,9,2026-03-05,-0.011514328486069848,0.002687410218641162
TCN,9,2026-03-06,0.02572911548343984,0.0018469577189534903
TCN,9,2026-03-09,0.0025737084547117705,0.009603280574083328
TCN,9,2026-03-10,0.05837087039100905,0.004823153838515282
TCN,9,2026-03-11,-0.04615282263613243,0.012009121477603912
TCN,9,2026-03-12,-0.004654372806172859,0.006833814550191164
TCN,9,2026-03-13,-0.04537444568017897,0.008332197554409504
TCN,9,2026-03-16,-0.008078131604690005,0.010110888630151749
TCN,9,2026-03-17,-0.009174455123458344,0.007018436677753925
TCN,9,2026-03-18,-0.029242743148298937,0.0005962731083855033
TCN,9,2026-03-19,-0.08559290256097903,0.0009710942977108061
TCN,9,2026-03-20,-0.02198830663875218,0.008288770914077759
TCN,9,2026-03-23,-0.004493891628405335,0.0047194333747029305
TCN,9,2026-03-24,0.0032532357356046945,0.005318180192261934
TCN,9,2026-03-25,0.043597795685774,6.07040710747242e-05
TCN,9,2026-03-26,-0.06700978850855925,0.001984385773539543
TCN,9,2026-03-27,0.027316306173566753,0.0025457690935581923
TCN,9,2026-03-30,0.011139100266054582,0.008009660057723522
TCN,9,2026-03-31,0.06023314806008035,0.005334870889782906
TCN,10,2026-04-01,0.015635517552750514,-0.008212169632315636
TCN,10,2026-04-02,-0.04215905699204803,0.001717466744594276
TCN,10,2026-04-06,-0.0010178753480512444,-0.0028089170809835196
TCN,10,2026-04-07,-0.011558354907611788,-0.007531685288995504
TCN,10,2026-04-08,0.046223838631510875,-0.002451459877192974
TCN,10,2026-04-09,0.013901140778676418,-0.0022401101887226105
TCN,10,2026-04-10,0.0006159471096186054,-0.002033153548836708
TCN,10,2026-04-13,-0.010550123505336753,2.2709777113050222e-05
TCN,10,2026-04-14,0.04994771671981459,-0.006676394492387772
TCN,10,2026-04-15,0.0012587768248807636,-0.004252436570823193
TCN,10,2026-04-16,-0.011195705803187449,-0.0038628275506198406
TCN,10,2026-04-17,0.03907092920060741,0.0007161777466535568
TCN,10,2026-04-20,-0.022105095339678606,-0.0022923373617231846
TCN,10,2026-04-21,-0.045287196374536626,-0.004629121627658606
TCN,10,2026-04-22,0.019209355449914436,-0.00044655741658061743
TCN,10,2026-04-23,-0.0316671369693541,7.384552736766636e-05
TCN,10,2026-04-24,0.01209127659018988,0.002738412469625473
TCN,10,2026-04-27,-0.01823210990977018,-0.0031123936641961336
TCN,10,2026-04-28,-0.024264341106409223,-0.0002947270404547453
TCN,10,2026-04-29,-0.022601726928767742,-0.0001803562045097351
TCN,10,2026-04-30,0.02708581508247884,0.001010894775390625
CNN LSTM,1,2025-07-02,0.00948862302167135,0.0022320442367345095
CNN LSTM,1,2025-07-03,0.00978020945508275,0.00230368017219007
CNN LSTM,1,2025-07-04,-0.0002446708263925226,0.00171185121871531
CNN LSTM,1,2025-07-07,-0.004360269625795433,0.002129958476871252
CNN LSTM,1,2025-07-08,-0.003913192095893367,0.0027501273434609175
CNN LSTM,1,2025-07-09,-0.0033230844876732876,0.003980870824307203
CNN LSTM,1,2025-07-10,0.01872260225614796,0.003347701858729124
CNN LSTM,1,2025-07-11,0.04327485466526427,0.003462271299213171
CNN LSTM,1,2025-07-14,-0.005548430989781301,0.005584469996392727
CNN LSTM,1,2025-07-15,-0.016462628137999764,0.003281972138211131
CNN LSTM,1,2025-07-16,0.0005020943467253442,0.0055086975917220116
CNN LSTM,1,2025-07-17,0.0053484988038978365,0.0039012464694678783
CNN LSTM,1,2025-07-18,0.004378664774949736,0.002855963073670864
CNN LSTM,1,2025-07-21,0.022710669109615583,0.0018101537134498358
CNN LSTM,1,2025-07-22,0.005585200918381937,0.002894952427595854
CNN LSTM,1,2025-07-23,-0.001068724932451854,0.0024079889990389347
CNN LSTM,1,2025-07-24,-0.00656460218170577,0.002550167962908745
CNN LSTM,1,2025-07-25,-0.02212869728845139,0.0023034587502479553
CNN LSTM,1,2025-07-28,-0.0037011011461839253,0.0025971471332013607
CNN LSTM,1,2025-07-29,0.0015240748387354282,0.0031984280794858932
CNN LSTM,1,2025-07-30,-0.013694800449261047,0.0044586919248104095
CNN LSTM,2,2025-07-31,-0.02736358302676405,-0.001691407640464604
CNN LSTM,2,2025-08-01,0.006408634549875931,-0.09464425593614578
CNN LSTM,2,2025-08-04,0.01094923261068545,-0.0015975723508745432
CNN LSTM,2,2025-08-05,0.013221494196824215,-0.0006670281873084605
CNN LSTM,2,2025-08-06,0.0020939815637874963,-0.0018129354575648904
CNN LSTM,2,2025-08-07,0.010326262845232513,-0.0015975723508745432
CNN LSTM,2,2025-08-08,0.00676460609637975,-0.0015975723508745432
CNN LSTM,2,2025-08-11,-0.019848469853247078,-0.0015975723508745432
CNN LSTM,2,2025-08-12,0.006273085276564445,-0.0015975723508745432
CNN LSTM,2,2025-08-13,0.01570760058111391,-0.0010811882093548775
CNN LSTM,2,2025-08-14,-0.013519958883922607,-0.0015975723508745432
CNN LSTM,2,2025-08-15,-0.0023195075284290307,-0.0015975723508745432
CNN LSTM,2,2025-08-18,0.0015030447981110365,-0.0015975723508745432
CNN LSTM,2,2025-08-19,-0.018348613749446335,-0.0015975723508745432
CNN LSTM,2,2025-08-20,0.011845514382182482,-0.0015975723508745432
CNN LSTM,2,2025-08-21,0.00850368475593492,-0.0015975723508745432
CNN LSTM,2,2025-08-22,0.025342079023089208,-0.0015975723508745432
CNN LSTM,2,2025-08-25,-0.008393464012582846,-0.0015975723508745432
CNN LSTM,2,2025-08-26,-0.002459194534489552,-0.0018650870770215988
CNN LSTM,2,2025-08-27,0.0027694351598418396,-0.0015975723508745432
CNN LSTM,2,2025-08-28,0.01286627656061418,-0.0015975723508745432
CNN LSTM,3,2025-08-29,0.02544543743390251,-0.002050075912848115
CNN LSTM,3,2025-09-02,0.021435240936227385,-0.001550835557281971
CNN LSTM,3,2025-09-03,0.011402703706401692,-0.0024394458159804344
CNN LSTM,3,2025-09-04,-0.015306000859251006,-0.0012162190396338701
CNN LSTM,3,2025-09-05,0.003976391479531736,-0.0018433217192068696
CNN LSTM,3,2025-09-08,0.008533321489745038,-0.0008690962567925453
CNN LSTM,3,2025-09-09,-0.01331669065047948,-0.0023177233524620533
CNN LSTM,3,2025-09-10,0.006218724240319515,-0.000538296764716506
CNN LSTM,3,2025-09-11,0.013618445157770219,-0.0024471881333738565
CNN LSTM,3,2025-09-12,0.016412585827095046,-0.0017249095253646374
CNN LSTM,3,2025-09-15,0.003062219825449937,-0.0024268259294331074
CNN LSTM,3,2025-09-16,-0.0010824498677873453,-0.0017611472867429256
CNN LSTM,3,2025-09-17,-0.017792935340694444,-0.001967980992048979
CNN LSTM,3,2025-09-18,-0.0003595725624521757,-0.003011245746165514
CNN LSTM,3,2025-09-19,0.01968176171517526,-0.0029173390939831734
CNN LSTM,3,2025-09-22,0.02926022149357021,-0.0025030674878507853
CNN LSTM,3,2025-09-23,0.008932826417680423,-0.0019118553027510643
CNN LSTM,3,2025-09-24,-0.009435232545841922,-0.001527916407212615
CNN LSTM,3,2025-09-25,0.02079777880006118,-0.0011153961531817913
CNN LSTM,3,2025-09-26,0.033527900927235434,-0.0018574448768049479
CNN LSTM,3,2025-09-29,0.008423753442250954,-0.0012660885695368052
CNN LSTM,4,2025-09-30,-0.007731717144935333,0.0009818035177886486
CNN LSTM,4,2025-10-01,0.02217258492499441,-0.0002950926427729428
CNN LSTM,4,2025-10-02,-0.027657479526539994,-0.00011476356303319335
CNN LSTM,4,2025-10-03,0.0341283401166873,0.00039360689697787166
CNN LSTM,4,2025-10-06,0.010138165326561486,0.0005897619412280619
CNN LSTM,4,2025-10-07,-0.01895900548752369,-0.0004399229655973613
CNN LSTM,4,2025-10-08,0.03082619811195045,0.000995428767055273
CNN LSTM,4,2025-10-09,-0.037824118441793675,-5.6264689192175865e-06
CNN LSTM,4,2025-10-10,0.0018765999645112038,0.0002839238732121885
CNN LSTM,4,2025-10-13,0.06579207650283045,0.0006399436970241368
CNN LSTM,4,2025-10-14,0.0036636994399945285,0.0008427788852714002
CNN LSTM,4,2025-10-15,0.014972666263086163,9.121297625824809e-05
CNN LSTM,4,2025-10-16,0.037469740949892895,-0.0003745949361473322
CNN LSTM,4,2025-10-17,-0.061426491553587786,0.0009841055143624544
CNN LSTM,4,2025-10-20,0.024856970232058594,0.0014407827984541655
CNN LSTM,4,2025-10-21,-0.07447969677901761,0.0014747092500329018
CNN LSTM,4,2025-10-22,0.00023174916179062298,-0.004251736681908369
CNN LSTM,4,2025-10-23,0.021284272636443984,0.0013561910018324852
CNN LSTM,4,2025-10-24,-0.002168091478226251,4.9598223995417356e-05
CNN LSTM,4,2025-10-27,-0.03823970772890121,0.00013516639592126012
CNN LSTM,4,2025-10-28,0.01201888204232268,0.0008051853510551155
CNN LSTM,5,2025-10-29,0.012567920885157555,0.0019039410399273038
CNN LSTM,5,2025-10-30,0.014706621179701264,0.0011905088322237134
CNN LSTM,5,2025-10-31,-0.009002195547953992,-0.0034448225051164627
CNN LSTM,5,2025-11-03,-0.002211030978419181,0.0017048112349584699
CNN LSTM,5,2025-11-04,-0.01595519770785064,0.0007778835715726018
CNN LSTM,5,2025-11-05,0.015432978063345005,0.0015753359766677022
CNN LSTM,5,2025-11-06,-0.001442659873944521,-0.00010409197420813143
CNN LSTM,5,2025-11-07,0.0046549974929010725,0.00011558932601474226
CNN LSTM,5,2025-11-10,0.04400163799506155,-0.0014779585180804133
CNN LSTM,5,2025-11-11,0.008750527588092104,-0.001818113843910396
CNN LSTM,5,2025-11-12,0.05222929512220047,-0.0012169376714155078
CNN LSTM,5,2025-11-13,-0.004849349111986661,-0.0017231645761057734
CNN LSTM,5,2025-11-14,-0.047933259554467075,-0.000482695089885965
CNN LSTM,5,2025-11-17,0.0006915941066914226,-0.0003606806567404419
CNN LSTM,5,2025-11-18,-0.003462763504400492,6.472700624726713e-05
CNN LSTM,5,2025-11-19,0.0067167409165909105,-0.0007178894011303782
CNN LSTM,5,2025-11-20,-0.010748626377484014,-0.002123936079442501
CNN LSTM,5,2025-11-21,-0.00747108027743647,-0.0024073543027043343
CNN LSTM,5,2025-11-24,0.00842583599603129,-0.0014851040905341506
CNN LSTM,5,2025-11-25,0.012625007656006288,-0.0029864395037293434
CNN LSTM,5,2025-11-26,0.03817511768473181,-0.0016448068199679255
CNN LSTM,6,2025-11-28,0.06457865625867037,-0.0026214115787297487
CNN LSTM,6,2025-12-01,0.03433963520547157,-0.0028980220668017864
CNN LSTM,6,2025-12-02,-0.007474155376065649,-0.0031366045586764812
CNN LSTM,6,2025-12-03,-0.0010698557235385034,-0.003540133126080036
CNN LSTM,6,2025-12-04,-0.018716587382344694,-0.003358083078637719
CNN LSTM,6,2025-12-05,0.027329095870308698,-0.004031072370707989
CNN LSTM,6,2025-12-08,-0.011067170131485166,-0.0027395079378038645
CNN LSTM,6,2025-12-09,0.04053187197222852,-0.00242740660905838
CNN LSTM,6,2025-12-10,0.003484140940118092,-0.002346612047404051
CNN LSTM,6,2025-12-11,0.057131716759903195,-0.002197702880948782
CNN LSTM,6,2025-12-12,-0.04098236281946611,-0.002390120178461075
CNN LSTM,6,2025-12-15,0.0253911267226677,-0.002653325442224741
CNN LSTM,6,2025-12-16,-0.003820410010241985,-0.004040470812469721
CNN LSTM,6,2025-12-17,0.054877752017617534,-0.0043852003291249275
CNN LSTM,6,2025-12-18,-0.025148603302118783,-0.0028139210771769285
CNN LSTM,6,2025-12-19,0.034285916174315596,-0.0028825702611356974
CNN LSTM,6,2025-12-22,0.01574784514116291,-0.0034356398973613977
CNN LSTM,6,2025-12-23,0.03727556004425465,-0.003326194826513529
CNN LSTM,6,2025-12-24,0.007716446667799441,-0.0024466868489980698
CNN LSTM,6,2025-12-26,0.07399134179679479,-0.0022558250930160284
CNN LSTM,6,2025-12-29,-0.09067169778776503,-0.002381972037255764
CNN LSTM,7,2025-12-30,0.10221479339062806,-0.0005978289991617203
CNN LSTM,7,2025-12-31,-0.09824307780431558,-0.0018144460627809167
CNN LSTM,7,2026-01-02,0.005998981143650036,-0.001247439649887383
CNN LSTM,7,2026-01-05,0.07648221205609913,-0.001749567803926766
CNN LSTM,7,2026-01-06,0.05574084130399784,-0.002813857514411211
CNN LSTM,7,2026-01-07,-0.043072609490488835,0.0005853788461536169
CNN LSTM,7,2026-01-08,-0.03186285611540196,-0.0006374046788550913
CNN LSTM,7,2026-01-09,0.05428414794887768,-0.0014915696810930967
CNN LSTM,7,2026-01-12,0.07007401715803904,-0.0025143581442534924
CNN LSTM,7,2026-01-13,0.014863556993312911,-0.0006190951680764556
CNN LSTM,7,2026-01-14,0.05650291804211882,1.0598567314445972e-05
CNN LSTM,7,2026-01-15,0.011020890663073043,-0.0006710520829074085
CNN LSTM,7,2026-01-16,-0.04206942596458179,-0.0004122133832424879
CNN LSTM,7,2026-01-20,0.06711347754309907,-0.0012179699260741472
CNN LSTM,7,2026-01-21,-0.021415312804807362,-0.0024813537020236254
CNN LSTM,7,2026-01-22,0.04002956396827427,-0.00045211659744381905
CNN LSTM,7,2026-01-23,0.050279558386278456,-0.0008159985300153494
CNN LSTM,7,2026-01-26,0.13124985761761132,-0.001455899327993393
CNN LSTM,7,2026-01-27,-0.08669859108884613,0.0007214582292363048
CNN LSTM,7,2026-01-28,0.06944067448945235,0.0009418518748134375
CNN LSTM,7,2026-01-29,0.008153341623586855,-0.001440504565834999
CNN LSTM,8,2026-01-30,-0.37610308700481104,0.0036067229229956865
CNN LSTM,8,2026-02-02,-0.0195017534205199,0.012152559123933315
CNN LSTM,8,2026-02-03,0.0784283625076356,0.0025711969938129187
CNN LSTM,8,2026-02-04,0.013432667047822297,0.0037578761111944914
CNN LSTM,8,2026-02-05,-0.09510942355652635,0.005576784722507
CNN LSTM,8,2026-02-06,0.0026881903887896004,0.0048195431008934975
CNN LSTM,8,2026-02-09,0.0671537103524874,0.004605167545378208
CNN LSTM,8,2026-02-10,-0.022763688428083004,0.001977036241441965
CNN LSTM,8,2026-02-11,0.04313594701844096,0.004796608351171017
CNN LSTM,8,2026-02-12,-0.10314219378519979,0.0029498871881514788
CNN LSTM,8,2026-02-13,0.030055006017955858,0.003531373804435134
CNN LSTM,8,2026-02-17,-0.058232678195794293,0.0012768073938786983
CNN LSTM,8,2026-02-18,0.053830054736415583,0.0018535717390477657
CNN LSTM,8,2026-02-19,0.000722232694612371,0.0031330350320786238
CNN LSTM,8,2026-02-20,0.05904816413025689,0.0020054494962096214
CNN LSTM,8,2026-02-23,0.05024581475846893,0.0012805352453142405
CNN LSTM,8,2026-02-24,0.01073694749555926,0.0008958878461271524
CNN LSTM,8,2026-02-25,0.03904173258606675,0.0012662583030760288
CNN LSTM,8,2026-02-26,-0.0443038424494124,0.001111894380301237
CNN LSTM,8,2026-02-27,0.06328912788624899,0.0007582097314298153
CNN LSTM,8,2026-03-02,-0.048615418376580684,0.0005116455722600222
CNN LSTM,9,2026-03-03,-0.06264642761396048,0.0009905302431434393
CNN LSTM,9,2026-03-04,-0.003503268780937199,0.003465824294835329
CNN LSTM,9,2026-03-05,-0.011514328486069848,0.0036038882099092007
CNN LSTM,9,2026-03-06,0.02572911548343984,0.0018373123602941632
CNN LSTM,9,2026-03-09,0.0025737084547117705,0.0017010857118293643
CNN LSTM,9,2026-03-10,0.05837087039100905,0.0022972221486270428
CNN LSTM,9,2026-03-11,-0.04615282263613243,0.003874352667480707
CNN LSTM,9,2026-03-12,-0.004654372806172859,0.004088196437805891
CNN LSTM,9,2026-03-13,-0.04537444568017897,0.0015832808567211032
CNN LSTM,9,2026-03-16,-0.008078131604690005,0.0027823960408568382
CNN LSTM,9,2026-03-17,-0.009174455123458344,0.003344831056892872
CNN LSTM,9,2026-03-18,-0.029242743148298937,0.0033972207456827164
CNN LSTM,9,2026-03-19,-0.08559290256097903,0.003112153150141239
CNN LSTM,9,2026-03-20,-0.02198830663875218,0.005449297372251749
CNN LSTM,9,2026-03-23,-0.004493891628405335,0.004174217581748962
CNN LSTM,9,2026-03-24,0.0032532357356046945,0.00360943004488945
CNN LSTM,9,2026-03-25,0.043597795685774,0.004999678581953049
CNN LSTM,9,2026-03-26,-0.06700978850855925,0.0057298908941447735
CNN LSTM,9,2026-03-27,0.027316306173566753,0.005258280783891678
CNN LSTM,9,2026-03-30,0.011139100266054582,0.004737796727567911
CNN LSTM,9,2026-03-31,0.06023314806008035,0.003116382285952568
CNN LSTM,10,2026-04-01,0.015635517552750514,-0.0015378129901364446
CNN LSTM,10,2026-04-02,-0.04215905699204803,-0.0015378129901364446
CNN LSTM,10,2026-04-06,-0.0010178753480512444,0.001575545291416347
CNN LSTM,10,2026-04-07,-0.011558354907611788,-0.0002218389417976141
CNN LSTM,10,2026-04-08,0.046223838631510875,-0.0015378129901364446
CNN LSTM,10,2026-04-09,0.013901140778676418,-0.0015378129901364446
CNN LSTM,10,2026-04-10,0.0006159471096186054,-0.0015378129901364446
CNN LSTM,10,2026-04-13,-0.010550123505336753,-0.0015378129901364446
CNN LSTM,10,2026-04-14,0.04994771671981459,-0.0015378129901364446
CNN LSTM,10,2026-04-15,0.0012587768248807636,-0.0031870449893176556
CNN LSTM,10,2026-04-16,-0.011195705803187449,-0.0015378129901364446
CNN LSTM,10,2026-04-17,0.03907092920060741,-0.001252651447430253
CNN LSTM,10,2026-04-20,-0.022105095339678606,-0.0015378129901364446
CNN LSTM,10,2026-04-21,-0.045287196374536626,-0.0015378129901364446
CNN LSTM,10,2026-04-22,0.019209355449914436,0.0027538249269127846
CNN LSTM,10,2026-04-23,-0.0316671369693541,-0.0015378129901364446
CNN LSTM,10,2026-04-24,0.01209127659018988,-0.0015378129901364446
CNN LSTM,10,2026-04-27,-0.01823210990977018,-0.0014165224274620414
CNN LSTM,10,2026-04-28,-0.024264341106409223,-0.0015378129901364446
CNN LSTM,10,2026-04-29,-0.022601726928767742,-0.0015378129901364446
CNN LSTM,10,2026-04-30,0.02708581508247884,-0.0015378129901364446
