Model,Fold,Date,y_true,y_pred
Random Walk,1,2025-07-02,0.05429789671784961,0.0
Random Walk,1,2025-07-03,-0.03509131981127006,0.0
Random Walk,1,2025-07-04,0.007623925110659366,0.0
Random Walk,1,2025-07-07,-0.015086064492047045,0.0
Random Walk,1,2025-07-08,0.010809283324776242,0.0
Random Walk,1,2025-07-09,-0.004368090890178193,0.0
Random Walk,1,2025-07-10,0.017574163261523414,0.0
Random Walk,1,2025-07-11,0.04011917078417733,0.0
Random Walk,1,2025-07-14,-0.03668402334284926,0.0
Random Walk,1,2025-07-15,-0.003363477786426151,0.0
Random Walk,1,2025-07-16,0.015718097347172576,0.0
Random Walk,1,2025-07-17,0.025980948606922395,0.0
Random Walk,1,2025-07-18,-0.010992557217958275,0.0
Random Walk,1,2025-07-21,0.026885887874657677,0.0
Random Walk,1,2025-07-22,-0.008290310715313134,0.0
Random Walk,1,2025-07-23,-0.019151900685067,0.0
Random Walk,1,2025-07-24,-0.009153525059112835,0.0
Random Walk,1,2025-07-25,-0.012147007527393778,0.0
Random Walk,1,2025-07-28,-0.0023475371464720895,0.0
Random Walk,1,2025-07-29,-7.120514714500215e-05,0.0
Random Walk,1,2025-07-30,-0.03132606827350737,0.0
Random Walk,2,2025-07-31,-0.05615159890895396,0.0
Random Walk,2,2025-08-01,0.013588825083303219,0.0
Random Walk,2,2025-08-04,0.017032060300691564,0.0
Random Walk,2,2025-08-05,-0.006960289354717568,0.0
Random Walk,2,2025-08-06,0.0066586573132357205,0.0
Random Walk,2,2025-08-07,0.010428110769563709,0.0
Random Walk,2,2025-08-08,-0.010729833820386165,0.0
Random Walk,2,2025-08-11,0.003238601081950239,0.0
Random Walk,2,2025-08-12,0.008982768523628983,0.0
Random Walk,2,2025-08-13,-0.007780412046577663,0.0
Random Walk,2,2025-08-14,0.014020699873954793,0.0
Random Walk,2,2025-08-15,-0.011919979785004786,0.0
Random Walk,2,2025-08-18,-0.005938322555647232,0.0
Random Walk,2,2025-08-19,-0.018336554319871908,0.0
Random Walk,2,2025-08-20,0.024049978008151045,0.0
Random Walk,2,2025-08-21,0.012811102881160759,0.0
Random Walk,2,2025-08-22,0.003103581357723482,0.0
Random Walk,2,2025-08-25,-0.017715423347965248,0.0
Random Walk,2,2025-08-26,0.008077866533329543,0.0
Random Walk,2,2025-08-27,-0.0007452120337467954,0.0
Random Walk,2,2025-08-28,0.011120286384573762,0.0
Random Walk,3,2025-08-29,0.00683293268054827,0.0
Random Walk,3,2025-09-02,0.0289394885439482,0.0
Random Walk,3,2025-09-03,0.029990985432527387,0.0
Random Walk,3,2025-09-04,-0.05491132267393003,0.0
Random Walk,3,2025-09-05,0.007628356489719208,0.0
Random Walk,3,2025-09-08,-0.0006515130320953691,0.0
Random Walk,3,2025-09-09,-0.009825048664979812,0.0
Random Walk,3,2025-09-10,0.01854989419510853,0.0
Random Walk,3,2025-09-11,0.0017932077797482102,0.0
Random Walk,3,2025-09-12,0.008491879697597701,0.0
Random Walk,3,2025-09-15,0.003900575712101561,0.0
Random Walk,3,2025-09-16,-0.010173351768924196,0.0
Random Walk,3,2025-09-17,-0.018620665955265174,0.0
Random Walk,3,2025-09-18,0.017833816902663176,0.0
Random Walk,3,2025-09-19,0.01202135896162909,0.0
Random Walk,3,2025-09-22,0.006624338772018788,0.0
Random Walk,3,2025-09-23,0.05500208060804961,0.0
Random Walk,3,2025-09-24,-0.013183147727295738,0.0
Random Walk,3,2025-09-25,0.030647099994633623,0.0
Random Walk,3,2025-09-26,0.03340710328963251,0.0
Random Walk,3,2025-09-29,0.016667113677587827,0.0
Random Walk,4,2025-09-30,-0.015467338041609338,0.0
Random Walk,4,2025-10-01,-0.009320055526438638,0.0
Random Walk,4,2025-10-02,-0.00389315068318572,0.0
Random Walk,4,2025-10-03,0.034875199318837216,0.0
Random Walk,4,2025-10-06,0.00958766808115634,0.0
Random Walk,4,2025-10-07,-0.00508972359101377,0.0
Random Walk,4,2025-10-08,0.03111067630373697,0.0
Random Walk,4,2025-10-09,-0.026510428909785496,0.0
Random Walk,4,2025-10-10,-0.020651176068947143,0.0
Random Walk,4,2025-10-13,0.04214305909187053,0.0
Random Walk,4,2025-10-14,-0.00872264694460278,0.0
Random Walk,4,2025-10-15,0.008183435695993694,0.0
Random Walk,4,2025-10-16,0.0389049380129188,0.0
Random Walk,4,2025-10-17,-0.07950966141699312,0.0
Random Walk,4,2025-10-20,0.02014152782682235,0.0
Random Walk,4,2025-10-21,-0.0834534298046432,0.0
Random Walk,4,2025-10-22,0.021053409197832263,0.0
Random Walk,4,2025-10-23,0.033041791823324326,0.0
Random Walk,4,2025-10-24,0.003960431911251035,0.0
Random Walk,4,2025-10-27,-0.009772167266185813,0.0
Random Walk,4,2025-10-28,-0.0008873832129687246,0.0
Random Walk,5,2025-10-29,0.009027014937524084,0.0
Random Walk,5,2025-10-30,0.01062642796112413,0.0
Random Walk,5,2025-10-31,-0.024229497064294635,0.0
Random Walk,5,2025-11-03,0.002671896179956862,0.0
Random Walk,5,2025-11-04,-0.020345309588489065,0.0
Random Walk,5,2025-11-05,0.0072356094442426605,0.0
Random Walk,5,2025-11-06,-0.016354411350005513,0.0
Random Walk,5,2025-11-07,0.007171760853925076,0.0
Random Walk,5,2025-11-10,0.033097786232648266,0.0
Random Walk,5,2025-11-11,-0.0010689837030382371,0.0
Random Walk,5,2025-11-12,0.020488323647807144,0.0
Random Walk,5,2025-11-13,-0.011406746949420432,0.0
Random Walk,5,2025-11-14,-0.030834055255529565,0.0
Random Walk,5,2025-11-17,-0.006127272740868349,0.0
Random Walk,5,2025-11-18,-0.00032353037636850476,0.0
Random Walk,5,2025-11-19,0.001099623832940347,0.0
Random Walk,5,2025-11-20,-0.026663053776030093,0.0
Random Walk,5,2025-11-21,0.005033187881238608,0.0
Random Walk,5,2025-11-24,0.01878139864914207,0.0
Random Walk,5,2025-11-25,0.009292203597287156,0.0
Random Walk,5,2025-11-26,0.014031737113716202,0.0
Random Walk,6,2025-11-28,0.06069536118160296,0.0
Random Walk,6,2025-12-01,-0.0045402884329013415,0.0
Random Walk,6,2025-12-02,-0.015751193623122647,0.0
Random Walk,6,2025-12-03,0.007574646123825222,0.0
Random Walk,6,2025-12-04,-0.001268522668791291,0.0
Random Walk,6,2025-12-05,0.00036258874000403614,0.0
Random Walk,6,2025-12-08,0.0,0.0
Random Walk,6,2025-12-09,0.02394071291055024,0.0
Random Walk,6,2025-12-10,-0.031948491066943405,0.0
Random Walk,6,2025-12-11,0.03941279040997831,0.0
Random Walk,6,2025-12-12,0.028458687804576898,0.0
Random Walk,6,2025-12-15,0.029938341336370397,0.0
Random Walk,6,2025-12-16,0.03238884209402803,0.0
Random Walk,6,2025-12-17,0.03292607142749505,0.0
Random Walk,6,2025-12-18,0.01172795146834991,0.0
Random Walk,6,2025-12-19,0.02907955645264974,0.0
Random Walk,6,2025-12-22,0.03456365222503906,0.0
Random Walk,6,2025-12-23,0.09076312754876349,0.0
Random Walk,6,2025-12-24,-0.01750557412132292,0.0
Random Walk,6,2025-12-26,0.09573984563344325,0.0
Random Walk,6,2025-12-29,-0.15906604900959542,0.0
Random Walk,7,2025-12-30,0.05881199202023939,0.0
Random Walk,7,2025-12-31,-0.09278237750304041,0.0
Random Walk,7,2026-01-02,0.043851048466960564,0.0
Random Walk,7,2026-01-05,0.06545840598781522,0.0
Random Walk,7,2026-01-06,0.06997645165095208,0.0
Random Walk,7,2026-01-07,-0.07709585115469823,0.0
Random Walk,7,2026-01-08,-0.0007546786121647461,0.0
Random Walk,7,2026-01-09,0.011744107456218981,0.0
Random Walk,7,2026-01-12,0.035062582278872684,0.0
Random Walk,7,2026-01-13,-0.010994293221539438,0.0
Random Walk,7,2026-01-14,0.014167757153833019,0.0
Random Walk,7,2026-01-15,0.009627747477561784,0.0
Random Walk,7,2026-01-16,-0.0367334112385482,0.0
Random Walk,7,2026-01-20,0.053948396156832334,0.0
Random Walk,7,2026-01-21,0.01991144726071155,0.0
Random Walk,7,2026-01-22,0.03229035735256819,0.0
Random Walk,7,2026-01-23,0.06069352164768608,0.0
Random Walk,7,2026-01-26,0.0467570338128215,0.0
Random Walk,7,2026-01-27,-0.12660388881750273,0.0
Random Walk,7,2026-01-28,0.036144512262748285,0.0
Random Walk,7,2026-01-29,-0.0031904272845780365,0.0
Random Walk,8,2026-01-30,-0.2112410939124752,0.0
Random Walk,8,2026-02-02,-0.004432506706622088,0.0
Random Walk,8,2026-02-03,0.047618095694695946,0.0
Random Walk,8,2026-02-04,-0.015097983652643367,0.0
Random Walk,8,2026-02-05,-0.04787499079394151,0.0
Random Walk,8,2026-02-06,0.015259363719073696,0.0
Random Walk,8,2026-02-09,0.0074246467846108746,0.0
Random Walk,8,2026-02-10,-0.00823706820728417,0.0
Random Walk,8,2026-02-11,0.021894623124065156,0.0
Random Walk,8,2026-02-12,-0.05970119884926718,0.0
Random Walk,8,2026-02-13,0.02800533158402034,0.0
Random Walk,8,2026-02-17,-0.02875039556980956,0.0
Random Walk,8,2026-02-18,0.04560255252769679,0.0
Random Walk,8,2026-02-19,-0.021158394333875803,0.0
Random Walk,8,2026-02-20,0.050766998138235125,0.0
Random Walk,8,2026-02-23,-0.010796912011054982,0.0
Random Walk,8,2026-02-24,0.01603740683793895,0.0
Random Walk,8,2026-02-25,0.06414873078485848,0.0
Random Walk,8,2026-02-26,-0.041662696582930044,0.0
Random Walk,8,2026-02-27,0.05871631516648984,0.0
Random Walk,8,2026-03-02,-0.02296207579907521,0.0
Random Walk,9,2026-03-03,-0.10820486800986187,0.0
Random Walk,9,2026-03-04,0.03778669303783018,0.0
Random Walk,9,2026-03-05,-0.011529500345499094,0.0
Random Walk,9,2026-03-06,0.005804670650795252,0.0
Random Walk,9,2026-03-09,0.012616213402986435,0.0
Random Walk,9,2026-03-10,0.029698364290416602,0.0
Random Walk,9,2026-03-11,-0.01351371916672282,0.0
Random Walk,9,2026-03-12,-0.020619287202735703,0.0
Random Walk,9,2026-03-13,-0.058826482928302934,0.0
Random Walk,9,2026-03-16,0.025643064138062284,0.0
Random Walk,9,2026-03-17,0.020041913271712362,0.0
Random Walk,9,2026-03-18,-0.038151788869022284,0.0
Random Walk,9,2026-03-19,-0.056539435595185046,0.0
Random Walk,9,2026-03-20,0.01606256080374712,0.0
Random Walk,9,2026-03-23,-0.057600261227833904,0.0
Random Walk,9,2026-03-24,0.016896679340435386,0.0
Random Walk,9,2026-03-25,0.01739536245450573,0.0
Random Walk,9,2026-03-26,-0.0461885750159386,0.0
Random Walk,9,2026-03-27,0.017417963898598975,0.0
Random Walk,9,2026-03-30,0.007986837725295442,0.0
Random Walk,9,2026-03-31,0.03358331288350735,0.0
Random Walk,10,2026-04-01,0.009848801875018371,0.0
Random Walk,10,2026-04-02,-0.002796777833518582,0.0
Random Walk,10,2026-04-06,-0.002855737614529973,0.0
Random Walk,10,2026-04-07,-0.014972098746593778,0.0
Random Walk,10,2026-04-08,0.06107892062107792,0.0
Random Walk,10,2026-04-09,0.022184550737613697,0.0
Random Walk,10,2026-04-10,-0.022916311595956054,0.0
Random Walk,10,2026-04-13,0.00617869134366017,0.0
Random Walk,10,2026-04-14,0.010997625807174088,0.0
Random Walk,10,2026-04-15,0.013484328048676006,0.0
Random Walk,10,2026-04-16,-0.00893745178431326,0.0
Random Walk,10,2026-04-17,0.014412567138765195,0.0
Random Walk,10,2026-04-20,-0.025649789789379537,0.0
Random Walk,10,2026-04-21,-0.02266270487696291,0.0
Random Walk,10,2026-04-22,0.02357991897934288,0.0
Random Walk,10,2026-04-23,-0.02442010447042988,0.0
Random Walk,10,2026-04-24,-0.0037646050166533977,0.0
Random Walk,10,2026-04-27,-0.01696696172399078,0.0
Random Walk,10,2026-04-28,-0.019779370679373517,0.0
Random Walk,10,2026-04-29,-0.029785877665489336,0.0
Random Walk,10,2026-04-30,0.048504681290635995,0.0
ARMA,1,2025-07-02,0.05429789671784961,1.5095588532830174e-05
ARMA,1,2025-07-03,-0.03509131981127006,-0.0009357898666973219
ARMA,1,2025-07-04,0.007623925110659366,-0.0002620636038196072
ARMA,1,2025-07-07,-0.015086064492047045,-0.003946060967864285
ARMA,1,2025-07-08,0.010809283324776242,0.00022890856812716667
ARMA,1,2025-07-09,-0.004368090890178193,-0.002080668740261791
ARMA,1,2025-07-10,0.017574163261523414,5.84490928887021e-05
ARMA,1,2025-07-11,0.04011917078417733,-0.0013015191648454326
ARMA,1,2025-07-14,-0.03668402334284926,0.00029066287747224543
ARMA,1,2025-07-15,-0.003363477786426151,-0.0008197860404557332
ARMA,1,2025-07-16,0.015718097347172576,-0.003119141081231248
ARMA,1,2025-07-17,0.025980948606922395,0.0004916410447066339
ARMA,1,2025-07-18,-0.010992557217958275,-0.0003973737104001695
ARMA,1,2025-07-21,0.026885887874657677,-0.0005327508538500473
ARMA,1,2025-07-22,-0.008290310715313134,-0.0017117054487603115
ARMA,1,2025-07-23,-0.019151900685067,0.00015670124582853863
ARMA,1,2025-07-24,-0.009153525059112835,-0.002360036761993648
ARMA,1,2025-07-25,-0.012147007527393778,-0.000934659074183776
ARMA,1,2025-07-28,-0.0023475371464720895,-0.0005343115213701457
ARMA,1,2025-07-29,-7.120514714500215e-05,-0.00047054989046935674
ARMA,1,2025-07-30,-0.03132606827350737,0.00014925550986085123
ARMA,2,2025-07-31,-0.05615159890895396,-0.00023975589506771024
ARMA,2,2025-08-01,0.013588825083303219,-0.0011515556763678147
ARMA,2,2025-08-04,0.017032060300691564,2.6513006500863495e-05
ARMA,2,2025-08-05,-0.006960289354717568,0.0030123000225311383
ARMA,2,2025-08-06,0.0066586573132357205,0.0004356277696213911
ARMA,2,2025-08-07,0.010428110769563709,0.00041532646650700256
ARMA,2,2025-08-08,-0.010729833820386165,0.001094322520821906
ARMA,2,2025-08-11,0.003238601081950239,0.000331959151159697
ARMA,2,2025-08-12,0.008982768523628983,-0.0002061979797480189
ARMA,2,2025-08-13,-0.007780412046577663,0.0008751188663819314
ARMA,2,2025-08-14,0.014020699873954793,0.0001576951126551798
ARMA,2,2025-08-15,-0.011919979785004786,-0.00016191590203230166
ARMA,2,2025-08-18,-0.005938322555647232,0.0007465950260556008
ARMA,2,2025-08-19,-0.018336554319871908,-0.0009550353319197048
ARMA,2,2025-08-20,0.024049978008151045,0.0004218951613416775
ARMA,2,2025-08-21,0.012811102881160759,-0.0002154081057362838
ARMA,2,2025-08-22,0.003103581357723482,0.0017488408342064732
ARMA,2,2025-08-25,-0.017715423347965248,-0.0005617311176341174
ARMA,2,2025-08-26,0.008077866533329543,-0.0001550996942377977
ARMA,2,2025-08-27,-0.0007452120337467954,-0.0007492730106879709
ARMA,2,2025-08-28,0.011120286384573762,0.0008386566259111803
ARMA,3,2025-08-29,0.00683293268054827,-0.0004982551914988367
ARMA,3,2025-09-02,0.0289394885439482,0.0005250418282403889
ARMA,3,2025-09-03,0.029990985432527387,-0.0003307816207891652
ARMA,3,2025-09-04,-0.05491132267393003,0.0005413519273153975
ARMA,3,2025-09-05,0.007628356489719208,-0.0012476861549613337
ARMA,3,2025-09-08,-0.0006515130320953691,-0.002716128187215307
ARMA,3,2025-09-09,-0.009825048664979812,0.0016858166848681252
ARMA,3,2025-09-10,0.01854989419510853,-0.0014177123192951693
ARMA,3,2025-09-11,0.0017932077797482102,0.0002445582217387884
ARMA,3,2025-09-12,0.008491879697597701,0.0003473105239472699
ARMA,3,2025-09-15,0.003900575712101561,-0.0007470929525612674
ARMA,3,2025-09-16,-0.010173351768924196,7.260261862742143e-05
ARMA,3,2025-09-17,-0.018620665955265174,-0.0007645339043628609
ARMA,3,2025-09-18,0.017833816902663176,-0.0007413616149170575
ARMA,3,2025-09-19,0.01202135896162909,-0.00031042203253415064
ARMA,3,2025-09-22,0.006624338772018788,0.0009085518520934715
ARMA,3,2025-09-23,0.05500208060804961,-0.0006007931717546544
ARMA,3,2025-09-24,-0.013183147727295738,0.00010375680714046057
ARMA,3,2025-09-25,0.030647099994633623,0.0004447970237868323
ARMA,3,2025-09-26,0.03340710328963251,-0.0028141507780179344
ARMA,3,2025-09-29,0.016667113677587827,0.000956751144154641
ARMA,4,2025-09-30,-0.015467338041609338,0.0012595279539660495
ARMA,4,2025-10-01,-0.009320055526438638,0.000469057611550248
ARMA,4,2025-10-02,-0.00389315068318572,-0.0005742144606556347
ARMA,4,2025-10-03,0.034875199318837216,-0.0003284858583311181
ARMA,4,2025-10-06,0.00958766808115634,0.00012593749888388094
ARMA,4,2025-10-07,-0.00508972359101377,0.0012596709647796542
ARMA,4,2025-10-08,0.03111067630373697,0.0003022874910783393
ARMA,4,2025-10-09,-0.026510428909785496,5.917702625430226e-05
ARMA,4,2025-10-10,-0.020651176068947143,0.0008801052151622639
ARMA,4,2025-10-13,0.04214305909187053,-0.0010267043807601808
ARMA,4,2025-10-14,-0.00872264694460278,-0.0003897334076162772
ARMA,4,2025-10-15,0.008183435695993694,0.0013773630939276416
ARMA,4,2025-10-16,0.0389049380129188,-0.00022388034448930002
ARMA,4,2025-10-17,-0.07950966141699312,0.0005623283856513798
ARMA,4,2025-10-20,0.02014152782682235,0.0007731272507132821
ARMA,4,2025-10-21,-0.0834534298046432,-0.0025331077600868356
ARMA,4,2025-10-22,0.021053409197832263,0.00011130283989079611
ARMA,4,2025-10-23,0.033041791823324326,-0.0026600450508785655
ARMA,4,2025-10-24,0.003960431911251035,0.0009563901178541374
ARMA,4,2025-10-27,-0.009772167266185813,0.0011583638513739697
ARMA,4,2025-10-28,-0.0008873832129687246,7.934153064106021e-05
ARMA,5,2025-10-29,0.009027014937524084,-0.0002461440722574682
ARMA,5,2025-10-30,0.01062642796112413,0.0002744912314616663
ARMA,5,2025-10-31,-0.024229497064294635,0.0002381150978021562
ARMA,5,2025-11-03,0.002671896179956862,0.00010094369958887554
ARMA,5,2025-11-04,-0.020345309588489065,-0.0009320077720558947
ARMA,5,2025-11-05,0.0072356094442426605,0.0009153695648907024
ARMA,5,2025-11-06,-0.016354411350005513,-0.0006207876320283905
ARMA,5,2025-11-07,0.007171760853925076,0.0012203687549767008
ARMA,5,2025-11-10,0.033097786232648266,-0.00045486878951538057
ARMA,5,2025-11-11,-0.0010689837030382371,0.0010906568054697772
ARMA,5,2025-11-12,0.020488323647807144,0.0007849284281294391
ARMA,5,2025-11-13,-0.011406746949420432,-0.000891549933144162
ARMA,5,2025-11-14,-0.030834055255529565,0.0005716680543437803
ARMA,5,2025-11-17,-0.006127272740868349,-0.0012058873809918027
ARMA,5,2025-11-18,-0.00032353037636850476,-0.000499145277257202
ARMA,5,2025-11-19,0.001099623832940347,0.0006331138942883173
ARMA,5,2025-11-20,-0.026663053776030093,0.00027652656114950845
ARMA,5,2025-11-21,0.005033187881238608,0.00045189907179068154
ARMA,5,2025-11-24,0.01878139864914207,-0.0003872685071306174
ARMA,5,2025-11-25,0.009292203597287156,0.0013260809760827896
ARMA,5,2025-11-26,0.014031737113716202,0.0005947318039485534
ARMA,6,2025-11-28,0.06069536118160296,6.628886328082204e-05
ARMA,6,2025-12-01,-0.0045402884329013415,5.672110702077783e-05
ARMA,6,2025-12-02,-0.015751193623122647,0.0009019773579018684
ARMA,6,2025-12-03,0.007574646123825222,-0.002482489660477621
ARMA,6,2025-12-04,-0.001268522668791291,-0.0008703408484784765
ARMA,6,2025-12-05,0.00036258874000403614,-0.0003607507525264677
ARMA,6,2025-12-08,0.0,-0.000984632253462639
ARMA,6,2025-12-09,0.02394071291055024,-0.0005207152241986178
ARMA,6,2025-12-10,-0.031948491066943405,-0.0007007195528218764
ARMA,6,2025-12-11,0.03941279040997831,0.0001334592173431422
ARMA,6,2025-12-12,0.028458687804576898,-0.0022373103414279403
ARMA,6,2025-12-15,0.029938341336370397,0.0014396690234168262
ARMA,6,2025-12-16,0.03238884209402803,-0.0014941407310254747
ARMA,6,2025-12-17,0.03292607142749505,-0.0008644936742263828
ARMA,6,2025-12-18,0.01172795146834991,-0.0015775165395592284
ARMA,6,2025-12-19,0.02907955645264974,-0.0018049711905230024
ARMA,6,2025-12-22,0.03456365222503906,-0.0027326757743224937
ARMA,6,2025-12-23,0.09076312754876349,-0.0018525563090463762
ARMA,6,2025-12-24,-0.01750557412132292,-0.002696247242199055
ARMA,6,2025-12-26,0.09573984563344325,-0.0013309712510815534
ARMA,6,2025-12-29,-0.15906604900959542,-0.006602501309497712
ARMA,7,2025-12-30,0.05881199202023939,0.006848076803792806
ARMA,7,2025-12-31,-0.09278237750304041,-0.008729721210908791
ARMA,7,2026-01-02,0.043851048466960564,0.004177969194326576
ARMA,7,2026-01-05,0.06545840598781522,-0.0051731940752942135
ARMA,7,2026-01-06,0.06997645165095208,0.0015347150408679521
ARMA,7,2026-01-07,-0.07709585115469823,0.002582425591877871
ARMA,7,2026-01-08,-0.0007546786121647461,0.004560633287796433
ARMA,7,2026-01-09,0.011744107456218981,-0.003843469919621384
ARMA,7,2026-01-12,0.035062582278872684,-0.00010062510280901313
ARMA,7,2026-01-13,-0.010994293221539438,0.00025935127002259093
ARMA,7,2026-01-14,0.014167757153833019,0.001995350182580109
ARMA,7,2026-01-15,0.009627747477561784,-0.0006513800019545405
ARMA,7,2026-01-16,-0.0367334112385482,0.0006851782819823957
ARMA,7,2026-01-20,0.053948396156832334,0.001004744642012525
ARMA,7,2026-01-21,0.01991144726071155,-0.0024361769275969814
ARMA,7,2026-01-22,0.03229035735256819,0.002590724546829079
ARMA,7,2026-01-23,0.06069352164768608,0.0007086174450994123
ARMA,7,2026-01-26,0.0467570338128215,0.0010020534238442808
ARMA,7,2026-01-27,-0.12660388881750273,0.002615497220252005
ARMA,7,2026-01-28,0.036144512262748285,0.003965441516382172
ARMA,7,2026-01-29,-0.0031904272845780365,-0.006805610552898156
ARMA,8,2026-01-30,-0.2112410939124752,0.006666541304470555
ARMA,8,2026-02-02,-0.004432506706622088,0.0019480317701562537
ARMA,8,2026-02-03,0.047618095694695946,-0.008880627509298097
ARMA,8,2026-02-04,-0.015097983652643367,0.004198437939456341
ARMA,8,2026-02-05,-0.04787499079394151,0.00010155553672409315
ARMA,8,2026-02-06,0.015259363719073696,0.0007276133717433285
ARMA,8,2026-02-09,0.0074246467846108746,-0.0024062996728013487
ARMA,8,2026-02-10,-0.00823706820728417,0.0020401323309856083
ARMA,8,2026-02-11,0.021894623124065156,-0.00046308096812334185
ARMA,8,2026-02-12,-0.05970119884926718,-0.0004617182582429153
ARMA,8,2026-02-13,0.02800533158402034,0.0029243694881943834
ARMA,8,2026-02-17,-0.02875039556980956,-0.004520753552318156
ARMA,8,2026-02-18,0.04560255252769679,0.00470544989280094
ARMA,8,2026-02-19,-0.021158394333875803,-0.004806978129870983
ARMA,8,2026-02-20,0.050766998138235125,0.005260445337263946
ARMA,8,2026-02-23,-0.010796912011054982,-0.00499905090864343
ARMA,8,2026-02-24,0.01603740683793895,0.005270970788865795
ARMA,8,2026-02-25,0.06414873078485848,-0.003686657699044604
ARMA,8,2026-02-26,-0.041662696582930044,0.0011731607870891984
ARMA,8,2026-02-27,0.05871631516648984,0.003101582418363082
ARMA,8,2026-03-02,-0.02296207579907521,-0.0048505011062959106
ARMA,9,2026-03-03,-0.10820486800986187,0.00308873070620422
ARMA,9,2026-03-04,0.03778669303783018,0.0023870480924059715
ARMA,9,2026-03-05,-0.011529500345499094,-0.0026800767119656943
ARMA,9,2026-03-06,0.005804670650795252,0.002200944243731928
ARMA,9,2026-03-09,0.012616213402986435,-0.0013669847121846755
ARMA,9,2026-03-10,0.029698364290416602,0.000508944565685536
ARMA,9,2026-03-11,-0.01351371916672282,-0.0012539113754973586
ARMA,9,2026-03-12,-0.020619287202735703,0.0014233494586486219
ARMA,9,2026-03-13,-0.058826482928302934,9.066163094952438e-05
ARMA,9,2026-03-16,0.025643064138062284,0.0023228037092487383
ARMA,9,2026-03-17,0.020041913271712362,-0.002185329241220293
ARMA,9,2026-03-18,-0.038151788869022284,0.0007188623067042082
ARMA,9,2026-03-19,-0.056539435595185046,0.001170481882038773
ARMA,9,2026-03-20,0.01606256080374712,0.0015916419044773556
ARMA,9,2026-03-23,-0.057600261227833904,-0.001388408154420352
ARMA,9,2026-03-24,0.016896679340435386,0.003160495648844287
ARMA,9,2026-03-25,0.01739536245450573,-0.0023571758224511705
ARMA,9,2026-03-26,-0.0461885750159386,0.0009210020031579141
ARMA,9,2026-03-27,0.017417963898598975,0.001351723537216073
ARMA,9,2026-03-30,0.007986837725295442,-0.0012959884968034884
ARMA,9,2026-03-31,0.03358331288350735,0.0006404958441086952
ARMA,10,2026-04-01,0.009848801875018371,-0.0017751999060970564
ARMA,10,2026-04-02,-0.002796777833518582,0.0005472092330338493
ARMA,10,2026-04-06,-0.002855737614529973,-6.434099192671519e-05
ARMA,10,2026-04-07,-0.014972098746593778,0.00025358841470291037
ARMA,10,2026-04-08,0.06107892062107792,0.0006506683768675965
ARMA,10,2026-04-09,0.022184550737613697,-0.003074882022750302
ARMA,10,2026-04-10,-0.022916311595956054,0.0006459786533896466
ARMA,10,2026-04-13,0.00617869134366017,0.000816214812702226
ARMA,10,2026-04-14,0.010997625807174088,-0.0006185216695315748
ARMA,10,2026-04-15,0.013484328048676006,-0.00010214202947293811
ARMA,10,2026-04-16,-0.00893745178431326,-0.0004834152773655722
ARMA,10,2026-04-17,0.014412567138765195,0.000751145633364519
ARMA,10,2026-04-20,-0.025649789789379537,-0.0009661833765972391
ARMA,10,2026-04-21,-0.02266270487696291,0.00177369132279882
ARMA,10,2026-04-22,0.02357991897934288,0.00022323808961777585
ARMA,10,2026-04-23,-0.02442010447042988,-0.0011185096612983494
ARMA,10,2026-04-24,-0.0037646050166533977,0.001795271937125337
ARMA,10,2026-04-27,-0.01696696172399078,-0.0006627994260580757
ARMA,10,2026-04-28,-0.019779370679373517,0.0012153398908040204
ARMA,10,2026-04-29,-0.029785877665489336,0.0003775305293001899
ARMA,10,2026-04-30,0.048504681290635995,0.0012726123678970735
Decision Tree,1,2025-07-02,0.05429789671784961,-0.0002986875723481169
Decision Tree,1,2025-07-03,-0.03509131981127006,-0.0002986875723481169
Decision Tree,1,2025-07-04,0.007623925110659366,0.005545879700393954
Decision Tree,1,2025-07-07,-0.015086064492047045,-0.0002986875723481169
Decision Tree,1,2025-07-08,0.010809283324776242,-0.0002986875723481169
Decision Tree,1,2025-07-09,-0.004368090890178193,-0.0002986875723481169
Decision Tree,1,2025-07-10,0.017574163261523414,0.005545879700393954
Decision Tree,1,2025-07-11,0.04011917078417733,-0.0002986875723481169
Decision Tree,1,2025-07-14,-0.03668402334284926,-0.0002986875723481169
Decision Tree,1,2025-07-15,-0.003363477786426151,-0.0002986875723481169
Decision Tree,1,2025-07-16,0.015718097347172576,-0.0002986875723481169
Decision Tree,1,2025-07-17,0.025980948606922395,-0.0002986875723481169
Decision Tree,1,2025-07-18,-0.010992557217958275,-0.0002986875723481169
Decision Tree,1,2025-07-21,0.026885887874657677,0.005545879700393954
Decision Tree,1,2025-07-22,-0.008290310715313134,-0.0002986875723481169
Decision Tree,1,2025-07-23,-0.019151900685067,-0.0002986875723481169
Decision Tree,1,2025-07-24,-0.009153525059112835,-0.0002986875723481169
Decision Tree,1,2025-07-25,-0.012147007527393778,-0.0002986875723481169
Decision Tree,1,2025-07-28,-0.0023475371464720895,-0.0002986875723481169
Decision Tree,1,2025-07-29,-7.120514714500215e-05,-0.0002986875723481169
Decision Tree,1,2025-07-30,-0.03132606827350737,-0.0002986875723481169
Decision Tree,2,2025-07-31,-0.05615159890895396,-0.00030849061839130005
Decision Tree,2,2025-08-01,0.013588825083303219,-0.00030849061839130005
Decision Tree,2,2025-08-04,0.017032060300691564,-0.00030849061839130005
Decision Tree,2,2025-08-05,-0.006960289354717568,-0.00030849061839130005
Decision Tree,2,2025-08-06,0.0066586573132357205,0.005763341891471615
Decision Tree,2,2025-08-07,0.010428110769563709,0.005763341891471615
Decision Tree,2,2025-08-08,-0.010729833820386165,-0.00030849061839130005
Decision Tree,2,2025-08-11,0.003238601081950239,-0.00030849061839130005
Decision Tree,2,2025-08-12,0.008982768523628983,-0.00030849061839130005
Decision Tree,2,2025-08-13,-0.007780412046577663,-0.00030849061839130005
Decision Tree,2,2025-08-14,0.014020699873954793,-0.00030849061839130005
Decision Tree,2,2025-08-15,-0.011919979785004786,-0.00030849061839130005
Decision Tree,2,2025-08-18,-0.005938322555647232,-0.00030849061839130005
Decision Tree,2,2025-08-19,-0.018336554319871908,-0.00030849061839130005
Decision Tree,2,2025-08-20,0.024049978008151045,-0.00030849061839130005
Decision Tree,2,2025-08-21,0.012811102881160759,-0.00030849061839130005
Decision Tree,2,2025-08-22,0.003103581357723482,-0.00030849061839130005
Decision Tree,2,2025-08-25,-0.017715423347965248,-0.00030849061839130005
Decision Tree,2,2025-08-26,0.008077866533329543,-0.00030849061839130005
Decision Tree,2,2025-08-27,-0.0007452120337467954,-0.00030849061839130005
Decision Tree,2,2025-08-28,0.011120286384573762,-0.00030849061839130005
Decision Tree,3,2025-08-29,0.00683293268054827,-0.00031241388294827135
Decision Tree,3,2025-09-02,0.0289394885439482,-0.00031241388294827135
Decision Tree,3,2025-09-03,0.029990985432527387,-0.00031241388294827135
Decision Tree,3,2025-09-04,-0.05491132267393003,-0.00031241388294827135
Decision Tree,3,2025-09-05,0.007628356489719208,-0.00031241388294827135
Decision Tree,3,2025-09-08,-0.0006515130320953691,-0.00031241388294827135
Decision Tree,3,2025-09-09,-0.009825048664979812,-0.00031241388294827135
Decision Tree,3,2025-09-10,0.01854989419510853,-0.00031241388294827135
Decision Tree,3,2025-09-11,0.0017932077797482102,0.005797039372076803
Decision Tree,3,2025-09-12,0.008491879697597701,-0.00031241388294827135
Decision Tree,3,2025-09-15,0.003900575712101561,-0.00031241388294827135
Decision Tree,3,2025-09-16,-0.010173351768924196,-0.00031241388294827135
Decision Tree,3,2025-09-17,-0.018620665955265174,-0.00031241388294827135
Decision Tree,3,2025-09-18,0.017833816902663176,-0.00031241388294827135
Decision Tree,3,2025-09-19,0.01202135896162909,-0.00031241388294827135
Decision Tree,3,2025-09-22,0.006624338772018788,-0.00031241388294827135
Decision Tree,3,2025-09-23,0.05500208060804961,-0.00031241388294827135
Decision Tree,3,2025-09-24,-0.013183147727295738,-0.00031241388294827135
Decision Tree,3,2025-09-25,0.030647099994633623,-0.00031241388294827135
Decision Tree,3,2025-09-26,0.03340710328963251,-0.00031241388294827135
Decision Tree,3,2025-09-29,0.016667113677587827,-0.00031241388294827135
Decision Tree,4,2025-09-30,-0.015467338041609338,-0.0002648487384812872
Decision Tree,4,2025-10-01,-0.009320055526438638,-0.0002648487384812872
Decision Tree,4,2025-10-02,-0.00389315068318572,-0.0002648487384812872
Decision Tree,4,2025-10-03,0.034875199318837216,-0.0002648487384812872
Decision Tree,4,2025-10-06,0.00958766808115634,-0.0002648487384812872
Decision Tree,4,2025-10-07,-0.00508972359101377,-0.0002648487384812872
Decision Tree,4,2025-10-08,0.03111067630373697,-0.0002648487384812872
Decision Tree,4,2025-10-09,-0.026510428909785496,-0.0002648487384812872
Decision Tree,4,2025-10-10,-0.020651176068947143,-0.0002648487384812872
Decision Tree,4,2025-10-13,0.04214305909187053,-0.0002648487384812872
Decision Tree,4,2025-10-14,-0.00872264694460278,-0.0002648487384812872
Decision Tree,4,2025-10-15,0.008183435695993694,-0.0002648487384812872
Decision Tree,4,2025-10-16,0.0389049380129188,0.005772919904653136
Decision Tree,4,2025-10-17,-0.07950966141699312,-0.0002648487384812872
Decision Tree,4,2025-10-20,0.02014152782682235,-0.0002648487384812872
Decision Tree,4,2025-10-21,-0.0834534298046432,-0.0002648487384812872
Decision Tree,4,2025-10-22,0.021053409197832263,-0.0002648487384812872
Decision Tree,4,2025-10-23,0.033041791823324326,-0.0002648487384812872
Decision Tree,4,2025-10-24,0.003960431911251035,0.005772919904653136
Decision Tree,4,2025-10-27,-0.009772167266185813,-0.0002648487384812872
Decision Tree,4,2025-10-28,-0.0008873832129687246,0.005772919904653136
Decision Tree,5,2025-10-29,0.009027014937524084,-0.0002803602694098261
Decision Tree,5,2025-10-30,0.01062642796112413,-0.0002803602694098261
Decision Tree,5,2025-10-31,-0.024229497064294635,-0.0002803602694098261
Decision Tree,5,2025-11-03,0.002671896179956862,-0.0002803602694098261
Decision Tree,5,2025-11-04,-0.020345309588489065,-0.0002803602694098261
Decision Tree,5,2025-11-05,0.0072356094442426605,-0.0002803602694098261
Decision Tree,5,2025-11-06,-0.016354411350005513,-0.0002803602694098261
Decision Tree,5,2025-11-07,0.007171760853925076,-0.0002803602694098261
Decision Tree,5,2025-11-10,0.033097786232648266,-0.0002803602694098261
Decision Tree,5,2025-11-11,-0.0010689837030382371,-0.0002803602694098261
Decision Tree,5,2025-11-12,0.020488323647807144,-0.0002803602694098261
Decision Tree,5,2025-11-13,-0.011406746949420432,-0.0002803602694098261
Decision Tree,5,2025-11-14,-0.030834055255529565,-0.0002803602694098261
Decision Tree,5,2025-11-17,-0.006127272740868349,-0.0002803602694098261
Decision Tree,5,2025-11-18,-0.00032353037636850476,-0.0002803602694098261
Decision Tree,5,2025-11-19,0.001099623832940347,-0.0002803602694098261
Decision Tree,5,2025-11-20,-0.026663053776030093,-0.0002803602694098261
Decision Tree,5,2025-11-21,0.005033187881238608,0.005918832490435633
Decision Tree,5,2025-11-24,0.01878139864914207,-0.0002803602694098261
Decision Tree,5,2025-11-25,0.009292203597287156,-0.0002803602694098261
Decision Tree,5,2025-11-26,0.014031737113716202,-0.0002803602694098261
Decision Tree,6,2025-11-28,0.06069536118160296,0.005913622816263885
Decision Tree,6,2025-12-01,-0.0045402884329013415,-0.00027988304798350836
Decision Tree,6,2025-12-02,-0.015751193623122647,-0.00027988304798350836
Decision Tree,6,2025-12-03,0.007574646123825222,-0.00027988304798350836
Decision Tree,6,2025-12-04,-0.001268522668791291,-0.00027988304798350836
Decision Tree,6,2025-12-05,0.00036258874000403614,-0.00027988304798350836
Decision Tree,6,2025-12-08,0.0,-0.00027988304798350836
Decision Tree,6,2025-12-09,0.02394071291055024,-0.00027988304798350836
Decision Tree,6,2025-12-10,-0.031948491066943405,-0.00027988304798350836
Decision Tree,6,2025-12-11,0.03941279040997831,-0.00027988304798350836
Decision Tree,6,2025-12-12,0.028458687804576898,-0.00027988304798350836
Decision Tree,6,2025-12-15,0.029938341336370397,-0.00027988304798350836
Decision Tree,6,2025-12-16,0.03238884209402803,-0.00027988304798350836
Decision Tree,6,2025-12-17,0.03292607142749505,0.005913622816263885
Decision Tree,6,2025-12-18,0.01172795146834991,-0.00027988304798350836
Decision Tree,6,2025-12-19,0.02907955645264974,-0.00027988304798350836
Decision Tree,6,2025-12-22,0.03456365222503906,-0.00027988304798350836
Decision Tree,6,2025-12-23,0.09076312754876349,-0.00027988304798350836
Decision Tree,6,2025-12-24,-0.01750557412132292,-0.00027988304798350836
Decision Tree,6,2025-12-26,0.09573984563344325,-0.00027988304798350836
Decision Tree,6,2025-12-29,-0.15906604900959542,-0.00027988304798350836
Decision Tree,7,2025-12-30,0.05881199202023939,-0.0002266952237547786
Decision Tree,7,2025-12-31,-0.09278237750304041,-0.0002266952237547786
Decision Tree,7,2026-01-02,0.043851048466960564,-0.0031911946220775666
Decision Tree,7,2026-01-05,0.06545840598781522,-0.0002266952237547786
Decision Tree,7,2026-01-06,0.06997645165095208,0.0063891704149648745
Decision Tree,7,2026-01-07,-0.07709585115469823,-0.0002266952237547786
Decision Tree,7,2026-01-08,-0.0007546786121647461,0.0063891704149648745
Decision Tree,7,2026-01-09,0.011744107456218981,-0.0002266952237547786
Decision Tree,7,2026-01-12,0.035062582278872684,-0.0002266952237547786
Decision Tree,7,2026-01-13,-0.010994293221539438,-0.0002266952237547786
Decision Tree,7,2026-01-14,0.014167757153833019,0.0063891704149648745
Decision Tree,7,2026-01-15,0.009627747477561784,-0.0002266952237547786
Decision Tree,7,2026-01-16,-0.0367334112385482,-0.0002266952237547786
Decision Tree,7,2026-01-20,0.053948396156832334,-0.0002266952237547786
Decision Tree,7,2026-01-21,0.01991144726071155,-0.0002266952237547786
Decision Tree,7,2026-01-22,0.03229035735256819,-0.0002266952237547786
Decision Tree,7,2026-01-23,0.06069352164768608,-0.0002266952237547786
Decision Tree,7,2026-01-26,0.0467570338128215,0.0063891704149648745
Decision Tree,7,2026-01-27,-0.12660388881750273,-0.0002266952237547786
Decision Tree,7,2026-01-28,0.036144512262748285,-0.0031911946220775666
Decision Tree,7,2026-01-29,-0.0031904272845780365,-0.0002266952237547786
Decision Tree,8,2026-01-30,-0.2112410939124752,0.046416865912282904
Decision Tree,8,2026-02-02,-0.004432506706622088,0.0091913761426978
Decision Tree,8,2026-02-03,0.047618095694695946,0.0091913761426978
Decision Tree,8,2026-02-04,-0.015097983652643367,0.046416865912282904
Decision Tree,8,2026-02-05,-0.04787499079394151,0.0091913761426978
Decision Tree,8,2026-02-06,0.015259363719073696,0.0091913761426978
Decision Tree,8,2026-02-09,0.0074246467846108746,0.046416865912282904
Decision Tree,8,2026-02-10,-0.00823706820728417,0.046416865912282904
Decision Tree,8,2026-02-11,0.021894623124065156,0.0091913761426978
Decision Tree,8,2026-02-12,-0.05970119884926718,0.0091913761426978
Decision Tree,8,2026-02-13,0.02800533158402034,0.0091913761426978
Decision Tree,8,2026-02-17,-0.02875039556980956,0.0091913761426978
Decision Tree,8,2026-02-18,0.04560255252769679,0.046416865912282904
Decision Tree,8,2026-02-19,-0.021158394333875803,0.0091913761426978
Decision Tree,8,2026-02-20,0.050766998138235125,0.046416865912282904
Decision Tree,8,2026-02-23,-0.010796912011054982,0.0091913761426978
Decision Tree,8,2026-02-24,0.01603740683793895,0.046416865912282904
Decision Tree,8,2026-02-25,0.06414873078485848,0.0091913761426978
Decision Tree,8,2026-02-26,-0.041662696582930044,0.0091913761426978
Decision Tree,8,2026-02-27,0.05871631516648984,0.0091913761426978
Decision Tree,8,2026-03-02,-0.02296207579907521,0.0091913761426978
Decision Tree,9,2026-03-03,-0.10820486800986187,-6.047848258471547e-05
Decision Tree,9,2026-03-04,0.03778669303783018,-0.022563732135466173
Decision Tree,9,2026-03-05,-0.011529500345499094,0.004780408366997163
Decision Tree,9,2026-03-06,0.005804670650795252,-0.022563732135466173
Decision Tree,9,2026-03-09,0.012616213402986435,-6.047848258471547e-05
Decision Tree,9,2026-03-10,0.029698364290416602,0.004780408366997163
Decision Tree,9,2026-03-11,-0.01351371916672282,-6.047848258471547e-05
Decision Tree,9,2026-03-12,-0.020619287202735703,-6.047848258471547e-05
Decision Tree,9,2026-03-13,-0.058826482928302934,-6.047848258471547e-05
Decision Tree,9,2026-03-16,0.025643064138062284,-6.047848258471547e-05
Decision Tree,9,2026-03-17,0.020041913271712362,-6.047848258471547e-05
Decision Tree,9,2026-03-18,-0.038151788869022284,-6.047848258471547e-05
Decision Tree,9,2026-03-19,-0.056539435595185046,-6.047848258471547e-05
Decision Tree,9,2026-03-20,0.01606256080374712,0.004780408366997163
Decision Tree,9,2026-03-23,-0.057600261227833904,-6.047848258471547e-05
Decision Tree,9,2026-03-24,0.016896679340435386,-6.047848258471547e-05
Decision Tree,9,2026-03-25,0.01739536245450573,0.004780408366997163
Decision Tree,9,2026-03-26,-0.0461885750159386,0.004780408366997163
Decision Tree,9,2026-03-27,0.017417963898598975,-6.047848258471547e-05
Decision Tree,9,2026-03-30,0.007986837725295442,0.004780408366997163
Decision Tree,9,2026-03-31,0.03358331288350735,-6.047848258471547e-05
Decision Tree,10,2026-04-01,0.009848801875018371,0.00014977616015990084
Decision Tree,10,2026-04-02,-0.002796777833518582,0.00014977616015990084
Decision Tree,10,2026-04-06,-0.002855737614529973,0.00014977616015990084
Decision Tree,10,2026-04-07,-0.014972098746593778,0.00014977616015990084
Decision Tree,10,2026-04-08,0.06107892062107792,0.00014977616015990084
Decision Tree,10,2026-04-09,0.022184550737613697,0.00014977616015990084
Decision Tree,10,2026-04-10,-0.022916311595956054,0.00014977616015990084
Decision Tree,10,2026-04-13,0.00617869134366017,0.00014977616015990084
Decision Tree,10,2026-04-14,0.010997625807174088,0.00014977616015990084
Decision Tree,10,2026-04-15,0.013484328048676006,0.00014977616015990084
Decision Tree,10,2026-04-16,-0.00893745178431326,0.00014977616015990084
Decision Tree,10,2026-04-17,0.014412567138765195,0.00014977616015990084
Decision Tree,10,2026-04-20,-0.025649789789379537,0.00014977616015990084
Decision Tree,10,2026-04-21,-0.02266270487696291,0.00014977616015990084
Decision Tree,10,2026-04-22,0.02357991897934288,0.00014977616015990084
Decision Tree,10,2026-04-23,-0.02442010447042988,0.00014977616015990084
Decision Tree,10,2026-04-24,-0.0037646050166533977,0.00014977616015990084
Decision Tree,10,2026-04-27,-0.01696696172399078,0.00014977616015990084
Decision Tree,10,2026-04-28,-0.019779370679373517,0.00014977616015990084
Decision Tree,10,2026-04-29,-0.029785877665489336,0.00014977616015990084
Decision Tree,10,2026-04-30,0.048504681290635995,0.00014977616015990084
Random Forest,1,2025-07-02,0.05429789671784961,-0.0014226741504918439
Random Forest,1,2025-07-03,-0.03509131981127006,-0.001673517837907469
Random Forest,1,2025-07-04,0.007623925110659366,-0.0003968463740070547
Random Forest,1,2025-07-07,-0.015086064492047045,-0.00013464022959785554
Random Forest,1,2025-07-08,0.010809283324776242,0.0003581234164752871
Random Forest,1,2025-07-09,-0.004368090890178193,2.468028381485878e-05
Random Forest,1,2025-07-10,0.017574163261523414,0.0029343628935593535
Random Forest,1,2025-07-11,0.04011917078417733,-0.0003988328135638133
Random Forest,1,2025-07-14,-0.03668402334284926,-0.00027913733411794457
Random Forest,1,2025-07-15,-0.003363477786426151,-0.0001488766208014517
Random Forest,1,2025-07-16,0.015718097347172576,-8.318014023441429e-06
Random Forest,1,2025-07-17,0.025980948606922395,4.9449175890894596e-05
Random Forest,1,2025-07-18,-0.010992557217958275,-0.00026587996398653654
Random Forest,1,2025-07-21,0.026885887874657677,0.0011506375676751536
Random Forest,1,2025-07-22,-0.008290310715313134,-0.00017491106612163045
Random Forest,1,2025-07-23,-0.019151900685067,-0.00023595753321028554
Random Forest,1,2025-07-24,-0.009153525059112835,-0.00023595753321028554
Random Forest,1,2025-07-25,-0.012147007527393778,-0.00024686123793919197
Random Forest,1,2025-07-28,-0.0023475371464720895,-0.00021017188162075648
Random Forest,1,2025-07-29,-7.120514714500215e-05,-0.00032027205373102345
Random Forest,1,2025-07-30,-0.03132606827350737,-0.0004830730731236076
Random Forest,2,2025-07-31,-0.05615159890895396,-0.000109270012328187
Random Forest,2,2025-08-01,0.013588825083303219,0.040872667899400854
Random Forest,2,2025-08-04,0.017032060300691564,-3.058005201800962e-05
Random Forest,2,2025-08-05,-0.006960289354717568,0.00014787465076016086
Random Forest,2,2025-08-06,0.0066586573132357205,0.002378813754895436
Random Forest,2,2025-08-07,0.010428110769563709,0.002560834886798396
Random Forest,2,2025-08-08,-0.010729833820386165,-8.667693496022404e-05
Random Forest,2,2025-08-11,0.003238601081950239,-0.0001181523165307469
Random Forest,2,2025-08-12,0.008982768523628983,-0.0001181523165307469
Random Forest,2,2025-08-13,-0.007780412046577663,-0.0001181523165307469
Random Forest,2,2025-08-14,0.014020699873954793,-0.00046190457993785356
Random Forest,2,2025-08-15,-0.011919979785004786,-0.00014074539389870994
Random Forest,2,2025-08-18,-0.005938322555647232,-0.00016038069421937562
Random Forest,2,2025-08-19,-0.018336554319871908,-0.00016038069421937562
Random Forest,2,2025-08-20,0.024049978008151045,-0.00011542766118068513
Random Forest,2,2025-08-21,0.012811102881160759,-0.00016038069421937562
Random Forest,2,2025-08-22,0.003103581357723482,-0.00016038069421937562
Random Forest,2,2025-08-25,-0.017715423347965248,-0.00012972679590326025
Random Forest,2,2025-08-26,0.008077866533329543,-0.00011887639104474053
Random Forest,2,2025-08-27,-0.0007452120337467954,-0.00016038069421937562
Random Forest,2,2025-08-28,0.011120286384573762,-0.00016038069421937562
Random Forest,3,2025-08-29,0.00683293268054827,-0.0001327609311286799
Random Forest,3,2025-09-02,0.0289394885439482,-5.49479510665494e-05
Random Forest,3,2025-09-03,0.029990985432527387,-0.0003407623421356773
Random Forest,3,2025-09-04,-0.05491132267393003,-0.00031469033442344045
Random Forest,3,2025-09-05,0.007628356489719208,-0.00028564751087434986
Random Forest,3,2025-09-08,-0.0006515130320953691,-5.653850989616212e-07
Random Forest,3,2025-09-09,-0.009825048664979812,7.798733985176489e-05
Random Forest,3,2025-09-10,0.01854989419510853,-5.653850989616212e-07
Random Forest,3,2025-09-11,0.0017932077797482102,0.0025573396803830173
Random Forest,3,2025-09-12,0.008491879697597701,-0.00013875024962779308
Random Forest,3,2025-09-15,0.003900575712101561,-0.0001691227384461307
Random Forest,3,2025-09-16,-0.010173351768924196,2.2406907251008757e-05
Random Forest,3,2025-09-17,-0.018620665955265174,-0.00014305073073389425
Random Forest,3,2025-09-18,0.017833816902663176,-0.00046594037688379433
Random Forest,3,2025-09-19,0.01202135896162909,-0.00017462946324451614
Random Forest,3,2025-09-22,0.006624338772018788,-0.00019405461078036686
Random Forest,3,2025-09-23,0.05500208060804961,-0.00019405461078036686
Random Forest,3,2025-09-24,-0.013183147727295738,0.0021494186704403458
Random Forest,3,2025-09-25,0.030647099994633623,-0.0001691227384461307
Random Forest,3,2025-09-26,0.03340710328963251,-0.0002256393226506607
Random Forest,3,2025-09-29,0.016667113677587827,-6.582412190485208e-05
Random Forest,4,2025-09-30,-0.015467338041609338,0.00015618817806043527
Random Forest,4,2025-10-01,-0.009320055526438638,-2.0331088569335577e-05
Random Forest,4,2025-10-02,-0.00389315068318572,7.942993946648783e-05
Random Forest,4,2025-10-03,0.034875199318837216,-8.919139715578357e-05
Random Forest,4,2025-10-06,0.00958766808115634,0.0001341920475696368
Random Forest,4,2025-10-07,-0.00508972359101377,0.0004826831491029648
Random Forest,4,2025-10-08,0.03111067630373697,-2.300927544497927e-05
Random Forest,4,2025-10-09,-0.026510428909785496,0.0001287739864682193
Random Forest,4,2025-10-10,-0.020651176068947143,5.161436437263735e-05
Random Forest,4,2025-10-13,0.04214305909187053,1.7585916477566053e-06
Random Forest,4,2025-10-14,-0.00872264694460278,0.0003586506402100864
Random Forest,4,2025-10-15,0.008183435695993694,0.00019893810194585203
Random Forest,4,2025-10-16,0.0389049380129188,0.001695112583451098
Random Forest,4,2025-10-17,-0.07950966141699312,0.0004583749296912973
Random Forest,4,2025-10-20,0.02014152782682235,-0.0004470444407571794
Random Forest,4,2025-10-21,-0.0834534298046432,0.00012028246610732855
Random Forest,4,2025-10-22,0.021053409197832263,0.0008609109535060484
Random Forest,4,2025-10-23,0.033041791823324326,-0.0013766238759145696
Random Forest,4,2025-10-24,0.003960431911251035,0.0033354688023239255
Random Forest,4,2025-10-27,-0.009772167266185813,0.0002750092543690696
Random Forest,4,2025-10-28,-0.0008873832129687246,0.004617454471372689
Random Forest,5,2025-10-29,0.009027014937524084,0.00012839675521909383
Random Forest,5,2025-10-30,0.01062642796112413,8.154016557460975e-05
Random Forest,5,2025-10-31,-0.024229497064294635,5.142239219512861e-05
Random Forest,5,2025-11-03,0.002671896179956862,8.154016557460975e-05
Random Forest,5,2025-11-04,-0.020345309588489065,2.5245230567290247e-06
Random Forest,5,2025-11-05,0.0072356094442426605,-2.753024027906268e-05
Random Forest,5,2025-11-06,-0.016354411350005513,-5.2492600826877615e-05
Random Forest,5,2025-11-07,0.007171760853925076,-3.918544346352207e-06
Random Forest,5,2025-11-10,0.033097786232648266,-5.2492600826877615e-05
Random Forest,5,2025-11-11,-0.0010689837030382371,-1.4175959319200467e-05
Random Forest,5,2025-11-12,0.020488323647807144,-5.2492600826877615e-05
Random Forest,5,2025-11-13,-0.011406746949420432,7.034573019289472e-05
Random Forest,5,2025-11-14,-0.030834055255529565,2.858147712041058e-06
Random Forest,5,2025-11-17,-0.006127272740868349,3.7262246539971506e-05
Random Forest,5,2025-11-18,-0.00032353037636850476,-6.048506989567779e-05
Random Forest,5,2025-11-19,0.001099623832940347,-4.059058344663932e-05
Random Forest,5,2025-11-20,-0.026663053776030093,-0.00013705248158431567
Random Forest,5,2025-11-21,0.005033187881238608,0.002581296090582585
Random Forest,5,2025-11-24,0.01878139864914207,-0.00013180156390685713
Random Forest,5,2025-11-25,0.009292203597287156,-0.00012684387475616593
Random Forest,5,2025-11-26,0.014031737113716202,-0.00015180623530398104
Random Forest,6,2025-11-28,0.06069536118160296,0.0015093571491242763
Random Forest,6,2025-12-01,-0.0045402884329013415,0.0025755051524837024
Random Forest,6,2025-12-02,-0.015751193623122647,3.755926189969546e-05
Random Forest,6,2025-12-03,0.007574646123825222,4.066265712104173e-05
Random Forest,6,2025-12-04,-0.001268522668791291,4.066265712104173e-05
Random Forest,6,2025-12-05,0.00036258874000403614,4.066265712104173e-05
Random Forest,6,2025-12-08,0.0,-2.3928668140110934e-05
Random Forest,6,2025-12-09,0.02394071291055024,-2.3678168140613513e-05
Random Forest,6,2025-12-10,-0.031948491066943405,-3.4494016981704704e-05
Random Forest,6,2025-12-11,0.03941279040997831,-8.301763235765762e-06
Random Forest,6,2025-12-12,0.028458687804576898,1.7727359957817729e-06
Random Forest,6,2025-12-15,0.029938341336370397,2.9859310692165697e-05
Random Forest,6,2025-12-16,0.03238884209402803,-0.0001760204981982775
Random Forest,6,2025-12-17,0.03292607142749505,0.0038063632055750874
Random Forest,6,2025-12-18,0.01172795146834991,-0.0020892788723036486
Random Forest,6,2025-12-19,0.02907955645264974,-0.01594167440917753
Random Forest,6,2025-12-22,0.03456365222503906,-0.025554941406066668
Random Forest,6,2025-12-23,0.09076312754876349,-0.030747254229968747
Random Forest,6,2025-12-24,-0.01750557412132292,-0.02668672333024136
Random Forest,6,2025-12-26,0.09573984563344325,-0.02961938515922677
Random Forest,6,2025-12-29,-0.15906604900959542,-0.027668436637764825
Random Forest,7,2025-12-30,0.05881199202023939,0.012127924203376541
Random Forest,7,2025-12-31,-0.09278237750304041,-0.07760785759808843
Random Forest,7,2026-01-02,0.043851048466960564,0.007545517063999705
Random Forest,7,2026-01-05,0.06545840598781522,-0.01678374362940237
Random Forest,7,2026-01-06,0.06997645165095208,0.016768956818917245
Random Forest,7,2026-01-07,-0.07709585115469823,0.01744335524058129
Random Forest,7,2026-01-08,-0.0007546786121647461,0.010228241143374051
Random Forest,7,2026-01-09,0.011744107456218981,0.004773227087382718
Random Forest,7,2026-01-12,0.035062582278872684,0.005628633240954135
Random Forest,7,2026-01-13,-0.010994293221539438,0.0167334483216639
Random Forest,7,2026-01-14,0.014167757153833019,0.015499011234139588
Random Forest,7,2026-01-15,0.009627747477561784,0.0009965447100918174
Random Forest,7,2026-01-16,-0.0367334112385482,9.651792686702318e-05
Random Forest,7,2026-01-20,0.053948396156832334,0.0002923653021672815
Random Forest,7,2026-01-21,0.01991144726071155,0.0010018143963191125
Random Forest,7,2026-01-22,0.03229035735256819,-0.0008653335618630241
Random Forest,7,2026-01-23,0.06069352164768608,-0.0014452411388659893
Random Forest,7,2026-01-26,0.0467570338128215,-0.0010657910976057865
Random Forest,7,2026-01-27,-0.12660388881750273,-0.002034381515574955
Random Forest,7,2026-01-28,0.036144512262748285,-0.0011355723857225176
Random Forest,7,2026-01-29,-0.0031904272845780365,-0.08407626490841752
Random Forest,8,2026-01-30,-0.2112410939124752,0.013280694586853633
Random Forest,8,2026-02-02,-0.004432506706622088,0.02310858448314285
Random Forest,8,2026-02-03,0.047618095694695946,-0.03178883943382582
Random Forest,8,2026-02-04,-0.015097983652643367,0.025483468835181693
Random Forest,8,2026-02-05,-0.04787499079394151,0.02275222920919887
Random Forest,8,2026-02-06,0.015259363719073696,0.024811574396287464
Random Forest,8,2026-02-09,0.0074246467846108746,0.008868682673459805
Random Forest,8,2026-02-10,-0.00823706820728417,0.010132917514765409
Random Forest,8,2026-02-11,0.021894623124065156,0.008253174711500692
Random Forest,8,2026-02-12,-0.05970119884926718,0.008844917833359854
Random Forest,8,2026-02-13,0.02800533158402034,0.00953159948629661
Random Forest,8,2026-02-17,-0.02875039556980956,0.006497792117067264
Random Forest,8,2026-02-18,0.04560255252769679,0.006239636327252122
Random Forest,8,2026-02-19,-0.021158394333875803,0.006096498950120287
Random Forest,8,2026-02-20,0.050766998138235125,0.007231314618799109
Random Forest,8,2026-02-23,-0.010796912011054982,0.006153818304537635
Random Forest,8,2026-02-24,0.01603740683793895,0.007573485071758828
Random Forest,8,2026-02-25,0.06414873078485848,0.0056766210887833745
Random Forest,8,2026-02-26,-0.041662696582930044,0.005821626610132771
Random Forest,8,2026-02-27,0.05871631516648984,0.005381932269580262
Random Forest,8,2026-03-02,-0.02296207579907521,0.0044413251200180895
Random Forest,9,2026-03-03,-0.10820486800986187,0.0017555184016383976
Random Forest,9,2026-03-04,0.03778669303783018,0.0020769390812919552
Random Forest,9,2026-03-05,-0.011529500345499094,-0.0265023754225628
Random Forest,9,2026-03-06,0.005804670650795252,-0.001608570212075257
Random Forest,9,2026-03-09,0.012616213402986435,0.0008697312049122086
Random Forest,9,2026-03-10,0.029698364290416602,0.004007924051790256
Random Forest,9,2026-03-11,-0.01351371916672282,0.0007150032142690126
Random Forest,9,2026-03-12,-0.020619287202735703,0.0007904140205333484
Random Forest,9,2026-03-13,-0.058826482928302934,0.0007056404378027034
Random Forest,9,2026-03-16,0.025643064138062284,0.0018670736661062497
Random Forest,9,2026-03-17,0.020041913271712362,0.0006379807279179972
Random Forest,9,2026-03-18,-0.038151788869022284,0.0007757309937101674
Random Forest,9,2026-03-19,-0.056539435595185046,0.0007080712838254617
Random Forest,9,2026-03-20,0.01606256080374712,0.0018936075947403375
Random Forest,9,2026-03-23,-0.057600261227833904,0.0005556379912101104
Random Forest,9,2026-03-24,0.016896679340435386,0.0005650007676764196
Random Forest,9,2026-03-25,0.01739536245450573,0.0015577356900034994
Random Forest,9,2026-03-26,-0.0461885750159386,0.0020158572627716
Random Forest,9,2026-03-27,0.017417963898598975,0.002492420883844406
Random Forest,9,2026-03-30,0.007986837725295442,0.0021284355462204423
Random Forest,9,2026-03-31,0.03358331288350735,0.003226175027355346
Random Forest,10,2026-04-01,0.009848801875018371,0.0002023408572940935
Random Forest,10,2026-04-02,-0.002796777833518582,0.0010249452756636306
Random Forest,10,2026-04-06,-0.002855737614529973,4.161886707499653e-05
Random Forest,10,2026-04-07,-0.014972098746593778,4.161886707499653e-05
Random Forest,10,2026-04-08,0.06107892062107792,4.161886707499653e-05
Random Forest,10,2026-04-09,0.022184550737613697,-5.1251958853394654e-05
Random Forest,10,2026-04-10,-0.022916311595956054,0.00029071666453561523
Random Forest,10,2026-04-13,0.00617869134366017,0.00010242930052050902
Random Forest,10,2026-04-14,0.010997625807174088,3.383653718849125e-05
Random Forest,10,2026-04-15,0.013484328048676006,-5.0106741066500224e-06
Random Forest,10,2026-04-16,-0.00893745178431326,4.161886707499653e-05
Random Forest,10,2026-04-17,0.014412567138765195,4.161886707499653e-05
Random Forest,10,2026-04-20,-0.025649789789379537,4.161886707499653e-05
Random Forest,10,2026-04-21,-0.02266270487696291,4.161886707499653e-05
Random Forest,10,2026-04-22,0.02357991897934288,4.161886707499653e-05
Random Forest,10,2026-04-23,-0.02442010447042988,4.161886707499653e-05
Random Forest,10,2026-04-24,-0.0037646050166533977,0.00035629706479464653
Random Forest,10,2026-04-27,-0.01696696172399078,0.0017159957985788902
Random Forest,10,2026-04-28,-0.019779370679373517,0.0014885888102100515
Random Forest,10,2026-04-29,-0.029785877665489336,0.00035629706479464653
Random Forest,10,2026-04-30,0.048504681290635995,0.0014885888102100515
Gradient Boosting,1,2025-07-02,0.05429789671784961,0.004033812484756917
Gradient Boosting,1,2025-07-03,-0.03509131981127006,-0.01769485199137457
Gradient Boosting,1,2025-07-04,0.007623925110659366,0.002049929200127724
Gradient Boosting,1,2025-07-07,-0.015086064492047045,-0.0004592048468049583
Gradient Boosting,1,2025-07-08,0.010809283324776242,0.002969630484733499
Gradient Boosting,1,2025-07-09,-0.004368090890178193,0.005331524688765475
Gradient Boosting,1,2025-07-10,0.017574163261523414,0.009276779837860431
Gradient Boosting,1,2025-07-11,0.04011917078417733,-7.672537471184053e-06
Gradient Boosting,1,2025-07-14,-0.03668402334284926,0.0008742529372589475
Gradient Boosting,1,2025-07-15,-0.003363477786426151,8.527650469869908e-05
Gradient Boosting,1,2025-07-16,0.015718097347172576,0.006381564342716616
Gradient Boosting,1,2025-07-17,0.025980948606922395,0.0003886545863134886
Gradient Boosting,1,2025-07-18,-0.010992557217958275,-0.0007372874149652325
Gradient Boosting,1,2025-07-21,0.026885887874657677,0.0008659662698551168
Gradient Boosting,1,2025-07-22,-0.008290310715313134,-0.0005207417478255487
Gradient Boosting,1,2025-07-23,-0.019151900685067,-0.00014209464451318544
Gradient Boosting,1,2025-07-24,-0.009153525059112835,0.000627544473069189
Gradient Boosting,1,2025-07-25,-0.012147007527393778,0.00020140888166346227
Gradient Boosting,1,2025-07-28,-0.0023475371464720895,-0.00034357952921652753
Gradient Boosting,1,2025-07-29,-7.120514714500215e-05,0.002199532840620795
Gradient Boosting,1,2025-07-30,-0.03132606827350737,-0.0007193262982623207
Gradient Boosting,2,2025-07-31,-0.05615159890895396,-0.00025601805986574246
Gradient Boosting,2,2025-08-01,0.013588825083303219,0.035848694278880495
Gradient Boosting,2,2025-08-04,0.017032060300691564,-0.0003067267294198745
Gradient Boosting,2,2025-08-05,-0.006960289354717568,0.001980125202233269
Gradient Boosting,2,2025-08-06,0.0066586573132357205,0.004478529933047048
Gradient Boosting,2,2025-08-07,0.010428110769563709,0.006167225538146623
Gradient Boosting,2,2025-08-08,-0.010729833820386165,0.000493566933689443
Gradient Boosting,2,2025-08-11,0.003238601081950239,0.0005965124734179832
Gradient Boosting,2,2025-08-12,0.008982768523628983,0.000384145645979394
Gradient Boosting,2,2025-08-13,-0.007780412046577663,0.000493566933689443
Gradient Boosting,2,2025-08-14,0.014020699873954793,-0.014110392057272549
Gradient Boosting,2,2025-08-15,-0.011919979785004786,-0.000438654871053651
Gradient Boosting,2,2025-08-18,-0.005938322555647232,-0.000438654871053651
Gradient Boosting,2,2025-08-19,-0.018336554319871908,-0.0003292335833436019
Gradient Boosting,2,2025-08-20,0.024049978008151045,-0.000361098139470498
Gradient Boosting,2,2025-08-21,0.012811102881160759,-0.0003301714073451101
Gradient Boosting,2,2025-08-22,0.003103581357723482,-0.0003292335833436019
Gradient Boosting,2,2025-08-25,-0.017715423347965248,0.0011557223763777162
Gradient Boosting,2,2025-08-26,0.008077866533329543,-0.00030791159562929275
Gradient Boosting,2,2025-08-27,-0.0007452120337467954,-0.000220750119635061
Gradient Boosting,2,2025-08-28,0.011120286384573762,-0.000438654871053651
Gradient Boosting,3,2025-08-29,0.00683293268054827,-0.000378060489075187
Gradient Boosting,3,2025-09-02,0.0289394885439482,0.00012192308062761368
Gradient Boosting,3,2025-09-03,0.029990985432527387,-0.0010985641283017301
Gradient Boosting,3,2025-09-04,-0.05491132267393003,-0.0018407176645385398
Gradient Boosting,3,2025-09-05,0.007628356489719208,0.003074398091904803
Gradient Boosting,3,2025-09-08,-0.0006515130320953691,0.0023610204103339948
Gradient Boosting,3,2025-09-09,-0.009825048664979812,0.001974758213178881
Gradient Boosting,3,2025-09-10,0.01854989419510853,0.0011392115548017614
Gradient Boosting,3,2025-09-11,0.0017932077797482102,0.003633471948681265
Gradient Boosting,3,2025-09-12,0.008491879697597701,0.0011843731206285918
Gradient Boosting,3,2025-09-15,0.003900575712101561,-0.0003668307474956069
Gradient Boosting,3,2025-09-16,-0.010173351768924196,-0.0003668307474956069
Gradient Boosting,3,2025-09-17,-0.018620665955265174,-0.0003668307474956069
Gradient Boosting,3,2025-09-18,0.017833816902663176,0.00016611222894735497
Gradient Boosting,3,2025-09-19,0.01202135896162909,-0.00031723532764472957
Gradient Boosting,3,2025-09-22,0.006624338772018788,-0.000378060489075187
Gradient Boosting,3,2025-09-23,0.05500208060804961,-0.000378060489075187
Gradient Boosting,3,2025-09-24,-0.013183147727295738,0.013109434477941355
Gradient Boosting,3,2025-09-25,0.030647099994633623,-0.0005031382684870007
Gradient Boosting,3,2025-09-26,0.03340710328963251,-0.006221305452024063
Gradient Boosting,3,2025-09-29,0.016667113677587827,0.0014471677083356665
Gradient Boosting,4,2025-09-30,-0.015467338041609338,0.003070407486833336
Gradient Boosting,4,2025-10-01,-0.009320055526438638,-0.002900698717125076
Gradient Boosting,4,2025-10-02,-0.00389315068318572,0.00011333650986887738
Gradient Boosting,4,2025-10-03,0.034875199318837216,-0.0028772996192518692
Gradient Boosting,4,2025-10-06,0.00958766808115634,0.0030795291427090196
Gradient Boosting,4,2025-10-07,-0.00508972359101377,0.003445340411868892
Gradient Boosting,4,2025-10-08,0.03111067630373697,0.001299537656141966
Gradient Boosting,4,2025-10-09,-0.026510428909785496,0.004995711617081735
Gradient Boosting,4,2025-10-10,-0.020651176068947143,-0.0017221134516795626
Gradient Boosting,4,2025-10-13,0.04214305909187053,0.00024344803928561914
Gradient Boosting,4,2025-10-14,-0.00872264694460278,0.005413843199125099
Gradient Boosting,4,2025-10-15,0.008183435695993694,-0.000263862440138899
Gradient Boosting,4,2025-10-16,0.0389049380129188,0.006859586940026162
Gradient Boosting,4,2025-10-17,-0.07950966141699312,0.0035688104358538907
Gradient Boosting,4,2025-10-20,0.02014152782682235,-0.008420785539262489
Gradient Boosting,4,2025-10-21,-0.0834534298046432,-0.004424599776528158
Gradient Boosting,4,2025-10-22,0.021053409197832263,-0.0065937023015648945
Gradient Boosting,4,2025-10-23,0.033041791823324326,-0.002234710691019682
Gradient Boosting,4,2025-10-24,0.003960431911251035,-0.0003806903205037925
Gradient Boosting,4,2025-10-27,-0.009772167266185813,0.0002902237494133961
Gradient Boosting,4,2025-10-28,-0.0008873832129687246,0.007271382997971996
Gradient Boosting,5,2025-10-29,0.009027014937524084,-0.001601026354307411
Gradient Boosting,5,2025-10-30,0.01062642796112413,0.0011195093759188296
Gradient Boosting,5,2025-10-31,-0.024229497064294635,-0.0022953090973739836
Gradient Boosting,5,2025-11-03,0.002671896179956862,0.0016072618433310574
Gradient Boosting,5,2025-11-04,-0.020345309588489065,-0.0059401365133262786
Gradient Boosting,5,2025-11-05,0.0072356094442426605,9.63812145174263e-06
Gradient Boosting,5,2025-11-06,-0.016354411350005513,-0.002210756091047088
Gradient Boosting,5,2025-11-07,0.007171760853925076,0.0010928012799996695
Gradient Boosting,5,2025-11-10,0.033097786232648266,0.0011140708566572835
Gradient Boosting,5,2025-11-11,-0.0010689837030382371,-0.0020900054155013666
Gradient Boosting,5,2025-11-12,0.020488323647807144,-0.0021731768164451226
Gradient Boosting,5,2025-11-13,-0.011406746949420432,-0.0016371883533453202
Gradient Boosting,5,2025-11-14,-0.030834055255529565,0.0006277548414615145
Gradient Boosting,5,2025-11-17,-0.006127272740868349,-0.0009006219283433851
Gradient Boosting,5,2025-11-18,-0.00032353037636850476,-0.0002207939124522552
Gradient Boosting,5,2025-11-19,0.001099623832940347,-0.00041093787390853847
Gradient Boosting,5,2025-11-20,-0.026663053776030093,-7.511346130896294e-05
Gradient Boosting,5,2025-11-21,0.005033187881238608,0.002458208050556513
Gradient Boosting,5,2025-11-24,0.01878139864914207,-0.0009920753730668591
Gradient Boosting,5,2025-11-25,0.009292203597287156,-0.00023099072379751485
Gradient Boosting,5,2025-11-26,0.014031737113716202,-0.0005127645481264269
Gradient Boosting,6,2025-11-28,0.06069536118160296,0.0020450905287608904
Gradient Boosting,6,2025-12-01,-0.0045402884329013415,0.005181308751355422
Gradient Boosting,6,2025-12-02,-0.015751193623122647,0.002378330171408302
Gradient Boosting,6,2025-12-03,0.007574646123825222,-0.0008023075294572574
Gradient Boosting,6,2025-12-04,-0.001268522668791291,0.001626307383854018
Gradient Boosting,6,2025-12-05,0.00036258874000403614,-0.0025532903642766654
Gradient Boosting,6,2025-12-08,0.0,0.0005900232831938885
Gradient Boosting,6,2025-12-09,0.02394071291055024,0.0014634677656426421
Gradient Boosting,6,2025-12-10,-0.031948491066943405,0.00026972703280416264
Gradient Boosting,6,2025-12-11,0.03941279040997831,9.479744980208242e-05
Gradient Boosting,6,2025-12-12,0.028458687804576898,-2.225572337927389e-05
Gradient Boosting,6,2025-12-15,0.029938341336370397,-0.00020656811256956236
Gradient Boosting,6,2025-12-16,0.03238884209402803,0.0029805170175202
Gradient Boosting,6,2025-12-17,0.03292607142749505,0.0011053112655037183
Gradient Boosting,6,2025-12-18,0.01172795146834991,0.006429894135043476
Gradient Boosting,6,2025-12-19,0.02907955645264974,-0.03789894358327409
Gradient Boosting,6,2025-12-22,0.03456365222503906,-0.04694487912955093
Gradient Boosting,6,2025-12-23,0.09076312754876349,-0.05715092816538742
Gradient Boosting,6,2025-12-24,-0.01750557412132292,-0.045769820514474986
Gradient Boosting,6,2025-12-26,0.09573984563344325,-0.04212363127132332
Gradient Boosting,6,2025-12-29,-0.15906604900959542,-0.05524803467488746
Gradient Boosting,7,2025-12-30,0.05881199202023939,0.008218397553253869
Gradient Boosting,7,2025-12-31,-0.09278237750304041,-0.08777992180371987
Gradient Boosting,7,2026-01-02,0.043851048466960564,0.02452590766854266
Gradient Boosting,7,2026-01-05,0.06545840598781522,0.013470944450940959
Gradient Boosting,7,2026-01-06,0.06997645165095208,0.03650099671921637
Gradient Boosting,7,2026-01-07,-0.07709585115469823,0.03972468413921657
Gradient Boosting,7,2026-01-08,-0.0007546786121647461,0.028349143027553828
Gradient Boosting,7,2026-01-09,0.011744107456218981,0.01150566574426416
Gradient Boosting,7,2026-01-12,0.035062582278872684,0.0096161653195652
Gradient Boosting,7,2026-01-13,-0.010994293221539438,0.014434152065893142
Gradient Boosting,7,2026-01-14,0.014167757153833019,0.034826001750269425
Gradient Boosting,7,2026-01-15,0.009627747477561784,-0.01915975645381409
Gradient Boosting,7,2026-01-16,-0.0367334112385482,-0.005485870117272883
Gradient Boosting,7,2026-01-20,0.053948396156832334,0.0015321445100886387
Gradient Boosting,7,2026-01-21,0.01991144726071155,-0.0024039133693256345
Gradient Boosting,7,2026-01-22,0.03229035735256819,-0.0158712477747576
Gradient Boosting,7,2026-01-23,0.06069352164768608,-0.010800265219139762
Gradient Boosting,7,2026-01-26,0.0467570338128215,-0.0218255516469993
Gradient Boosting,7,2026-01-27,-0.12660388881750273,-0.05883200737697714
Gradient Boosting,7,2026-01-28,0.036144512262748285,-0.023129069233312736
Gradient Boosting,7,2026-01-29,-0.0031904272845780365,-0.09361779528148033
Gradient Boosting,8,2026-01-30,-0.2112410939124752,0.018427344171684512
Gradient Boosting,8,2026-02-02,-0.004432506706622088,0.023070518139402668
Gradient Boosting,8,2026-02-03,0.047618095694695946,-0.021800752665697774
Gradient Boosting,8,2026-02-04,-0.015097983652643367,0.03420820703627685
Gradient Boosting,8,2026-02-05,-0.04787499079394151,0.030326310930229684
Gradient Boosting,8,2026-02-06,0.015259363719073696,0.0273906704115769
Gradient Boosting,8,2026-02-09,0.0074246467846108746,0.020475257249099852
Gradient Boosting,8,2026-02-10,-0.00823706820728417,0.022329571134233644
Gradient Boosting,8,2026-02-11,0.021894623124065156,0.019710356711111886
Gradient Boosting,8,2026-02-12,-0.05970119884926718,0.01733045281400769
Gradient Boosting,8,2026-02-13,0.02800533158402034,0.009122805353795463
Gradient Boosting,8,2026-02-17,-0.02875039556980956,0.019502172507106365
Gradient Boosting,8,2026-02-18,0.04560255252769679,0.02005280622219184
Gradient Boosting,8,2026-02-19,-0.021158394333875803,0.018483605603097777
Gradient Boosting,8,2026-02-20,0.050766998138235125,0.016095326547030386
Gradient Boosting,8,2026-02-23,-0.010796912011054982,0.01917925024043706
Gradient Boosting,8,2026-02-24,0.01603740683793895,0.01885299394108093
Gradient Boosting,8,2026-02-25,0.06414873078485848,0.020241033264558426
Gradient Boosting,8,2026-02-26,-0.041662696582930044,0.025089808157751282
Gradient Boosting,8,2026-02-27,0.05871631516648984,0.004632299042583467
Gradient Boosting,8,2026-03-02,-0.02296207579907521,0.005912528064907765
Gradient Boosting,9,2026-03-03,-0.10820486800986187,0.014139261664376885
Gradient Boosting,9,2026-03-04,0.03778669303783018,-0.004463090210132093
Gradient Boosting,9,2026-03-05,-0.011529500345499094,-0.023931571995982084
Gradient Boosting,9,2026-03-06,0.005804670650795252,-0.007065524162991135
Gradient Boosting,9,2026-03-09,0.012616213402986435,0.0003828779689006007
Gradient Boosting,9,2026-03-10,0.029698364290416602,0.005937279990565138
Gradient Boosting,9,2026-03-11,-0.01351371916672282,0.0030461070168272433
Gradient Boosting,9,2026-03-12,-0.020619287202735703,0.0013190511990142399
Gradient Boosting,9,2026-03-13,-0.058826482928302934,0.0028404534329730365
Gradient Boosting,9,2026-03-16,0.025643064138062284,0.000310433350371409
Gradient Boosting,9,2026-03-17,0.020041913271712362,0.00126543317056675
Gradient Boosting,9,2026-03-18,-0.038151788869022284,0.0038797111238451473
Gradient Boosting,9,2026-03-19,-0.056539435595185046,0.003145609861923876
Gradient Boosting,9,2026-03-20,0.01606256080374712,0.002642380127418458
Gradient Boosting,9,2026-03-23,-0.057600261227833904,-0.0007415263250492303
Gradient Boosting,9,2026-03-24,0.016896679340435386,0.0030224667713842053
Gradient Boosting,9,2026-03-25,0.01739536245450573,0.003792219301723476
Gradient Boosting,9,2026-03-26,-0.0461885750159386,0.005200676397370746
Gradient Boosting,9,2026-03-27,0.017417963898598975,0.010625240848165483
Gradient Boosting,9,2026-03-30,0.007986837725295442,0.009993846883477864
Gradient Boosting,9,2026-03-31,0.03358331288350735,0.012941286475656908
Gradient Boosting,10,2026-04-01,0.009848801875018371,-0.00039046845770428386
Gradient Boosting,10,2026-04-02,-0.002796777833518582,0.004074120619371636
Gradient Boosting,10,2026-04-06,-0.002855737614529973,0.0003075876011806839
Gradient Boosting,10,2026-04-07,-0.014972098746593778,-0.0004775223661603417
Gradient Boosting,10,2026-04-08,0.06107892062107792,-0.0005789307902064185
Gradient Boosting,10,2026-04-09,0.022184550737613697,0.0002614524423185545
Gradient Boosting,10,2026-04-10,-0.022916311595956054,-5.693120858355779e-05
Gradient Boosting,10,2026-04-13,0.00617869134366017,-0.00044748788711661074
Gradient Boosting,10,2026-04-14,0.010997625807174088,0.0003310195532392081
Gradient Boosting,10,2026-04-15,0.013484328048676006,-0.005090378984165753
Gradient Boosting,10,2026-04-16,-0.00893745178431326,-0.0007128749040702771
Gradient Boosting,10,2026-04-17,0.014412567138765195,-0.0007128749040702771
Gradient Boosting,10,2026-04-20,-0.025649789789379537,-0.0005633343216239149
Gradient Boosting,10,2026-04-21,-0.02266270487696291,0.00010885600637799807
Gradient Boosting,10,2026-04-22,0.02357991897934288,0.002334631656026121
Gradient Boosting,10,2026-04-23,-0.02442010447042988,-0.00010746478171749248
Gradient Boosting,10,2026-04-24,-0.0037646050166533977,-0.00011998270001108626
Gradient Boosting,10,2026-04-27,-0.01696696172399078,0.007180032775260589
Gradient Boosting,10,2026-04-28,-0.019779370679373517,0.007286057897841749
Gradient Boosting,10,2026-04-29,-0.029785877665489336,0.0026693263190632117
Gradient Boosting,10,2026-04-30,0.048504681290635995,0.008584159376434005
XGBoost,1,2025-07-02,0.05429789671784961,-0.008208759129047394
XGBoost,1,2025-07-03,-0.03509131981127006,-0.023218413814902306
XGBoost,1,2025-07-04,0.007623925110659366,-0.009282843209803104
XGBoost,1,2025-07-07,-0.015086064492047045,-0.006670478731393814
XGBoost,1,2025-07-08,0.010809283324776242,-0.0013229865580797195
XGBoost,1,2025-07-09,-0.004368090890178193,-1.0923467925749719e-05
XGBoost,1,2025-07-10,0.017574163261523414,-0.002275151666253805
XGBoost,1,2025-07-11,0.04011917078417733,-0.0014402265660464764
XGBoost,1,2025-07-14,-0.03668402334284926,-0.00506866117939353
XGBoost,1,2025-07-15,-0.003363477786426151,-0.0022754352539777756
XGBoost,1,2025-07-16,0.015718097347172576,0.006804964505136013
XGBoost,1,2025-07-17,0.025980948606922395,-0.002138718729838729
XGBoost,1,2025-07-18,-0.010992557217958275,-0.0006195031455717981
XGBoost,1,2025-07-21,0.026885887874657677,-0.002712047193199396
XGBoost,1,2025-07-22,-0.008290310715313134,-0.011698045767843723
XGBoost,1,2025-07-23,-0.019151900685067,-0.00309588760137558
XGBoost,1,2025-07-24,-0.009153525059112835,-0.002930003684014082
XGBoost,1,2025-07-25,-0.012147007527393778,-0.0007188476156443357
XGBoost,1,2025-07-28,-0.0023475371464720895,0.0018459002021700144
XGBoost,1,2025-07-29,-7.120514714500215e-05,-0.002844370435923338
XGBoost,1,2025-07-30,-0.03132606827350737,-0.006283522583544254
XGBoost,2,2025-07-31,-0.05615159890895396,0.0010109253926202655
XGBoost,2,2025-08-01,0.013588825083303219,-0.0065531195141375065
XGBoost,2,2025-08-04,0.017032060300691564,-0.00865135993808508
XGBoost,2,2025-08-05,-0.006960289354717568,0.0036546906922012568
XGBoost,2,2025-08-06,0.0066586573132357205,0.006667185574769974
XGBoost,2,2025-08-07,0.010428110769563709,0.006302909925580025
XGBoost,2,2025-08-08,-0.010729833820386165,-0.001113488688133657
XGBoost,2,2025-08-11,0.003238601081950239,-0.0015930217923596501
XGBoost,2,2025-08-12,0.008982768523628983,-0.0020507678855210543
XGBoost,2,2025-08-13,-0.007780412046577663,0.0029444347601383924
XGBoost,2,2025-08-14,0.014020699873954793,-0.0012533406261354685
XGBoost,2,2025-08-15,-0.011919979785004786,-0.002543013310059905
XGBoost,2,2025-08-18,-0.005938322555647232,-0.00179116555955261
XGBoost,2,2025-08-19,-0.018336554319871908,0.00147617282345891
XGBoost,2,2025-08-20,0.024049978008151045,-0.0006314435740932822
XGBoost,2,2025-08-21,0.012811102881160759,-0.0004487592959776521
XGBoost,2,2025-08-22,0.003103581357723482,-0.00037167518166825175
XGBoost,2,2025-08-25,-0.017715423347965248,-6.643842061748728e-05
XGBoost,2,2025-08-26,0.008077866533329543,0.00012931307719554752
XGBoost,2,2025-08-27,-0.0007452120337467954,0.00038297887658700347
XGBoost,2,2025-08-28,0.011120286384573762,-0.0016825073398649693
XGBoost,3,2025-08-29,0.00683293268054827,-0.001561969518661499
XGBoost,3,2025-09-02,0.0289394885439482,-0.0010906443931162357
XGBoost,3,2025-09-03,0.029990985432527387,-0.0029133507050573826
XGBoost,3,2025-09-04,-0.05491132267393003,-0.006644316483289003
XGBoost,3,2025-09-05,0.007628356489719208,0.005191044881939888
XGBoost,3,2025-09-08,-0.0006515130320953691,0.003568248124793172
XGBoost,3,2025-09-09,-0.009825048664979812,0.0048402477987110615
XGBoost,3,2025-09-10,0.01854989419510853,0.0023789333645254374
XGBoost,3,2025-09-11,0.0017932077797482102,0.003615429624915123
XGBoost,3,2025-09-12,0.008491879697597701,0.0009665810503065586
XGBoost,3,2025-09-15,0.003900575712101561,-0.001211981289088726
XGBoost,3,2025-09-16,-0.010173351768924196,-9.582124039297923e-05
XGBoost,3,2025-09-17,-0.018620665955265174,0.0007761970045976341
XGBoost,3,2025-09-18,0.017833816902663176,6.4721280068624765e-06
XGBoost,3,2025-09-19,0.01202135896162909,-0.00017756290617398918
XGBoost,3,2025-09-22,0.006624338772018788,-5.845037958351895e-05
XGBoost,3,2025-09-23,0.05500208060804961,-0.0013480536872521043
XGBoost,3,2025-09-24,-0.013183147727295738,0.007521025836467743
XGBoost,3,2025-09-25,0.030647099994633623,-0.0002973964437842369
XGBoost,3,2025-09-26,0.03340710328963251,-0.0030664887744933367
XGBoost,3,2025-09-29,0.016667113677587827,-0.000721897289622575
XGBoost,4,2025-09-30,-0.015467338041609338,0.004086191765964031
XGBoost,4,2025-10-01,-0.009320055526438638,-0.0007087443373166025
XGBoost,4,2025-10-02,-0.00389315068318572,0.0012368239695206285
XGBoost,4,2025-10-03,0.034875199318837216,-0.0017273554112762213
XGBoost,4,2025-10-06,0.00958766808115634,0.0007473869482055306
XGBoost,4,2025-10-07,-0.00508972359101377,0.0056815785355865955
XGBoost,4,2025-10-08,0.03111067630373697,0.0020190738141536713
XGBoost,4,2025-10-09,-0.026510428909785496,-0.0038642350118607283
XGBoost,4,2025-10-10,-0.020651176068947143,0.0033660035114735365
XGBoost,4,2025-10-13,0.04214305909187053,0.00039838021621108055
XGBoost,4,2025-10-14,-0.00872264694460278,0.009024090133607388
XGBoost,4,2025-10-15,0.008183435695993694,0.008546816185116768
XGBoost,4,2025-10-16,0.0389049380129188,0.006698189303278923
XGBoost,4,2025-10-17,-0.07950966141699312,-0.007132795639336109
XGBoost,4,2025-10-20,0.02014152782682235,-0.013741950504481792
XGBoost,4,2025-10-21,-0.0834534298046432,-0.00689581036567688
XGBoost,4,2025-10-22,0.021053409197832263,-0.0031615959014743567
XGBoost,4,2025-10-23,0.033041791823324326,-0.017419565469026566
XGBoost,4,2025-10-24,0.003960431911251035,-0.0028928963001817465
XGBoost,4,2025-10-27,-0.009772167266185813,-0.001199368853121996
XGBoost,4,2025-10-28,-0.0008873832129687246,0.0029088715091347694
XGBoost,5,2025-10-29,0.009027014937524084,-0.005128974560648203
XGBoost,5,2025-10-30,0.01062642796112413,-0.0010092000011354685
XGBoost,5,2025-10-31,-0.024229497064294635,0.0035749461967498064
XGBoost,5,2025-11-03,0.002671896179956862,0.00048698147293180227
XGBoost,5,2025-11-04,-0.020345309588489065,-0.00383899942971766
XGBoost,5,2025-11-05,0.0072356094442426605,-0.0007419612957164645
XGBoost,5,2025-11-06,-0.016354411350005513,-0.001345201744697988
XGBoost,5,2025-11-07,0.007171760853925076,7.707678014412522e-05
XGBoost,5,2025-11-10,0.033097786232648266,-0.0014544802252203226
XGBoost,5,2025-11-11,-0.0010689837030382371,-0.00306440657004714
XGBoost,5,2025-11-12,0.020488323647807144,-0.002016255399212241
XGBoost,5,2025-11-13,-0.011406746949420432,-0.0015255722682923079
XGBoost,5,2025-11-14,-0.030834055255529565,-0.0013962964294478297
XGBoost,5,2025-11-17,-0.006127272740868349,-0.0007961980300024152
XGBoost,5,2025-11-18,-0.00032353037636850476,-0.00051940354751423
XGBoost,5,2025-11-19,0.001099623832940347,6.021448643878102e-05
XGBoost,5,2025-11-20,-0.026663053776030093,0.00014530992484651506
XGBoost,5,2025-11-21,0.005033187881238608,0.0029229174833744764
XGBoost,5,2025-11-24,0.01878139864914207,-0.0011575249955058098
XGBoost,5,2025-11-25,0.009292203597287156,-0.0002541106950957328
XGBoost,5,2025-11-26,0.014031737113716202,-0.0011112085776403546
XGBoost,6,2025-11-28,0.06069536118160296,0.0012054559774696827
XGBoost,6,2025-12-01,-0.0045402884329013415,0.0029452405869960785
XGBoost,6,2025-12-02,-0.015751193623122647,0.005175136495381594
XGBoost,6,2025-12-03,0.007574646123825222,0.0029460317455232143
XGBoost,6,2025-12-04,-0.001268522668791291,0.002301521599292755
XGBoost,6,2025-12-05,0.00036258874000403614,-0.0012630070559680462
XGBoost,6,2025-12-08,0.0,0.0007825642824172974
XGBoost,6,2025-12-09,0.02394071291055024,0.0010239846305921674
XGBoost,6,2025-12-10,-0.031948491066943405,0.0003429123607929796
XGBoost,6,2025-12-11,0.03941279040997831,0.0007157685467973351
XGBoost,6,2025-12-12,0.028458687804576898,-0.0007838337915018201
XGBoost,6,2025-12-15,0.029938341336370397,-0.006600026972591877
XGBoost,6,2025-12-16,0.03238884209402803,0.002805971074849367
XGBoost,6,2025-12-17,0.03292607142749505,-0.0015317610232159495
XGBoost,6,2025-12-18,0.01172795146834991,-0.011891381815075874
XGBoost,6,2025-12-19,0.02907955645264974,-0.010967561043798923
XGBoost,6,2025-12-22,0.03456365222503906,-0.009760061278939247
XGBoost,6,2025-12-23,0.09076312754876349,-0.018321841955184937
XGBoost,6,2025-12-24,-0.01750557412132292,-0.0011976573150604963
XGBoost,6,2025-12-26,0.09573984563344325,-0.000807476113550365
XGBoost,6,2025-12-29,-0.15906604900959542,-0.0027561159804463387
XGBoost,7,2025-12-30,0.05881199202023939,0.01648966409265995
XGBoost,7,2025-12-31,-0.09278237750304041,-0.0627027153968811
XGBoost,7,2026-01-02,0.043851048466960564,0.005018166266381741
XGBoost,7,2026-01-05,0.06545840598781522,-0.039566271007061005
XGBoost,7,2026-01-06,0.06997645165095208,0.0016284751472994685
XGBoost,7,2026-01-07,-0.07709585115469823,-0.009938612580299377
XGBoost,7,2026-01-08,-0.0007546786121647461,0.018302369862794876
XGBoost,7,2026-01-09,0.011744107456218981,-0.014585151337087154
XGBoost,7,2026-01-12,0.035062582278872684,-0.0016226039733737707
XGBoost,7,2026-01-13,-0.010994293221539438,0.006370239425450563
XGBoost,7,2026-01-14,0.014167757153833019,0.017578260973095894
XGBoost,7,2026-01-15,0.009627747477561784,0.011284607462584972
XGBoost,7,2026-01-16,-0.0367334112385482,0.00010606719297356904
XGBoost,7,2026-01-20,0.053948396156832334,0.006733144633471966
XGBoost,7,2026-01-21,0.01991144726071155,-0.008300264365971088
XGBoost,7,2026-01-22,0.03229035735256819,0.00046656542690470815
XGBoost,7,2026-01-23,0.06069352164768608,-0.012016831897199154
XGBoost,7,2026-01-26,0.0467570338128215,-0.01856464333832264
XGBoost,7,2026-01-27,-0.12660388881750273,0.003523467807099223
XGBoost,7,2026-01-28,0.036144512262748285,0.001314860419370234
XGBoost,7,2026-01-29,-0.0031904272845780365,-0.018326234072446823
XGBoost,8,2026-01-30,-0.2112410939124752,0.026992805302143097
XGBoost,8,2026-02-02,-0.004432506706622088,0.005672536790370941
XGBoost,8,2026-02-03,0.047618095694695946,0.016960768029093742
XGBoost,8,2026-02-04,-0.015097983652643367,0.03517035394906998
XGBoost,8,2026-02-05,-0.04787499079394151,0.030835775658488274
XGBoost,8,2026-02-06,0.015259363719073696,-0.00020245015912223607
XGBoost,8,2026-02-09,0.0074246467846108746,0.01930203288793564
XGBoost,8,2026-02-10,-0.00823706820728417,0.011697125621140003
XGBoost,8,2026-02-11,0.021894623124065156,0.021400554105639458
XGBoost,8,2026-02-12,-0.05970119884926718,0.024157758802175522
XGBoost,8,2026-02-13,0.02800533158402034,-0.005480936728417873
XGBoost,8,2026-02-17,-0.02875039556980956,0.003939231391996145
XGBoost,8,2026-02-18,0.04560255252769679,0.011860058642923832
XGBoost,8,2026-02-19,-0.021158394333875803,-0.003618909977376461
XGBoost,8,2026-02-20,0.050766998138235125,0.0033428273163735867
XGBoost,8,2026-02-23,-0.010796912011054982,-0.00502022635191679
XGBoost,8,2026-02-24,0.01603740683793895,0.021950721740722656
XGBoost,8,2026-02-25,0.06414873078485848,0.009632883593440056
XGBoost,8,2026-02-26,-0.041662696582930044,0.010390667244791985
XGBoost,8,2026-02-27,0.05871631516648984,0.0001315815025009215
XGBoost,8,2026-03-02,-0.02296207579907521,-0.05706152319908142
XGBoost,9,2026-03-03,-0.10820486800986187,0.015428602695465088
XGBoost,9,2026-03-04,0.03778669303783018,-0.0065685780718922615
XGBoost,9,2026-03-05,-0.011529500345499094,0.0025856574065983295
XGBoost,9,2026-03-06,0.005804670650795252,0.0075731175020337105
XGBoost,9,2026-03-09,0.012616213402986435,0.006207288708537817
XGBoost,9,2026-03-10,0.029698364290416602,0.014502322301268578
XGBoost,9,2026-03-11,-0.01351371916672282,0.0015307995490729809
XGBoost,9,2026-03-12,-0.020619287202735703,0.010169914923608303
XGBoost,9,2026-03-13,-0.058826482928302934,0.007645840290933847
XGBoost,9,2026-03-16,0.025643064138062284,0.007971599698066711
XGBoost,9,2026-03-17,0.020041913271712362,0.005659074522554874
XGBoost,9,2026-03-18,-0.038151788869022284,0.013480554334819317
XGBoost,9,2026-03-19,-0.056539435595185046,0.010502859950065613
XGBoost,9,2026-03-20,0.01606256080374712,0.007585074286907911
XGBoost,9,2026-03-23,-0.057600261227833904,0.004989215172827244
XGBoost,9,2026-03-24,0.016896679340435386,0.012114206328988075
XGBoost,9,2026-03-25,0.01739536245450573,0.00244991946965456
XGBoost,9,2026-03-26,-0.0461885750159386,0.005744320340454578
XGBoost,9,2026-03-27,0.017417963898598975,0.009151523932814598
XGBoost,9,2026-03-30,0.007986837725295442,0.01399037055671215
XGBoost,9,2026-03-31,0.03358331288350735,0.012547534890472889
XGBoost,10,2026-04-01,0.009848801875018371,-0.0005042984848842025
XGBoost,10,2026-04-02,-0.002796777833518582,0.004936051554977894
XGBoost,10,2026-04-06,-0.002855737614529973,0.00022751839424017817
XGBoost,10,2026-04-07,-0.014972098746593778,-0.0014253975823521614
XGBoost,10,2026-04-08,0.06107892062107792,-0.0007005532388575375
XGBoost,10,2026-04-09,0.022184550737613697,0.004035601392388344
XGBoost,10,2026-04-10,-0.022916311595956054,0.0028342679142951965
XGBoost,10,2026-04-13,0.00617869134366017,-0.000809097196906805
XGBoost,10,2026-04-14,0.010997625807174088,0.0012498729629442096
XGBoost,10,2026-04-15,0.013484328048676006,-0.005453429184854031
XGBoost,10,2026-04-16,-0.00893745178431326,-0.0018396723316982388
XGBoost,10,2026-04-17,0.014412567138765195,-0.00198091147467494
XGBoost,10,2026-04-20,-0.025649789789379537,-0.0024260063655674458
XGBoost,10,2026-04-21,-0.02266270487696291,-0.0002639594895299524
XGBoost,10,2026-04-22,0.02357991897934288,0.0020433429162949324
XGBoost,10,2026-04-23,-0.02442010447042988,0.000365434359991923
XGBoost,10,2026-04-24,-0.0037646050166533977,0.0024424386210739613
XGBoost,10,2026-04-27,-0.01696696172399078,0.008227620273828506
XGBoost,10,2026-04-28,-0.019779370679373517,0.010414078831672668
XGBoost,10,2026-04-29,-0.029785877665489336,0.002512534148991108
XGBoost,10,2026-04-30,0.048504681290635995,0.008721479214727879
SVR,1,2025-07-02,0.05429789671784961,0.014273718251493405
SVR,1,2025-07-03,-0.03509131981127006,0.017096052866976845
SVR,1,2025-07-04,0.007623925110659366,-0.009616528563110549
SVR,1,2025-07-07,-0.015086064492047045,0.0020818438510664854
SVR,1,2025-07-08,0.010809283324776242,0.004785275590123612
SVR,1,2025-07-09,-0.004368090890178193,-0.0019498425137007272
SVR,1,2025-07-10,0.017574163261523414,-0.006455652134035989
SVR,1,2025-07-11,0.04011917078417733,-0.00480771542052184
SVR,1,2025-07-14,-0.03668402334284926,-0.006809682790240412
SVR,1,2025-07-15,-0.003363477786426151,-0.001727849390177795
SVR,1,2025-07-16,0.015718097347172576,0.004966181265759815
SVR,1,2025-07-17,0.025980948606922395,-0.007558941948815597
SVR,1,2025-07-18,-0.010992557217958275,0.010932079493083743
SVR,1,2025-07-21,0.026885887874657677,-0.01757483099700779
SVR,1,2025-07-22,-0.008290310715313134,-0.007720303748594411
SVR,1,2025-07-23,-0.019151900685067,-0.006317615773037402
SVR,1,2025-07-24,-0.009153525059112835,-0.0047523109685992885
SVR,1,2025-07-25,-0.012147007527393778,-0.0015433314226121113
SVR,1,2025-07-28,-0.0023475371464720895,0.007885338051975535
SVR,1,2025-07-29,-7.120514714500215e-05,-0.0033772789314019027
SVR,1,2025-07-30,-0.03132606827350737,-0.008991106789209755
SVR,2,2025-07-31,-0.05615159890895396,-0.021057848847891403
SVR,2,2025-08-01,0.013588825083303219,-0.0009797763764313372
SVR,2,2025-08-04,0.017032060300691564,0.005883575136671468
SVR,2,2025-08-05,-0.006960289354717568,0.01214136998504398
SVR,2,2025-08-06,0.0066586573132357205,-0.014973738060787901
SVR,2,2025-08-07,0.010428110769563709,0.001447739460949824
SVR,2,2025-08-08,-0.010729833820386165,-0.0022940132743581986
SVR,2,2025-08-11,0.003238601081950239,0.0018375861672336091
SVR,2,2025-08-12,0.008982768523628983,0.004756166907804723
SVR,2,2025-08-13,-0.007780412046577663,0.00017719903168073536
SVR,2,2025-08-14,0.014020699873954793,-0.010434124103902393
SVR,2,2025-08-15,-0.011919979785004786,-0.007953947657717517
SVR,2,2025-08-18,-0.005938322555647232,-0.006964968518253317
SVR,2,2025-08-19,-0.018336554319871908,-0.005593940827243399
SVR,2,2025-08-20,0.024049978008151045,-0.004552707499460481
SVR,2,2025-08-21,0.012811102881160759,-0.011012967337122658
SVR,2,2025-08-22,0.003103581357723482,-0.0003290393731150683
SVR,2,2025-08-25,-0.017715423347965248,-0.006787195813020968
SVR,2,2025-08-26,0.008077866533329543,-0.0020767543922164504
SVR,2,2025-08-27,-0.0007452120337467954,-0.007412726621103354
SVR,2,2025-08-28,0.011120286384573762,-0.015550677554941578
SVR,3,2025-08-29,0.00683293268054827,-0.0003109079807044531
SVR,3,2025-09-02,0.0289394885439482,-0.00015623573340018077
SVR,3,2025-09-03,0.029990985432527387,-0.0034428384004496723
SVR,3,2025-09-04,-0.05491132267393003,-0.0033653822076825366
SVR,3,2025-09-05,0.007628356489719208,0.008576972698251384
SVR,3,2025-09-08,-0.0006515130320953691,-0.003742684558354824
SVR,3,2025-09-09,-0.009825048664979812,0.0027509964352616773
SVR,3,2025-09-10,0.01854989419510853,-0.012716401586122273
SVR,3,2025-09-11,0.0017932077797482102,0.012451856408768643
SVR,3,2025-09-12,0.008491879697597701,-0.009010205002803242
SVR,3,2025-09-15,0.003900575712101561,-0.007296819730444311
SVR,3,2025-09-16,-0.010173351768924196,0.003480682117846774
SVR,3,2025-09-17,-0.018620665955265174,-0.0023510494030223234
SVR,3,2025-09-18,0.017833816902663176,-0.00017834799479150723
SVR,3,2025-09-19,0.01202135896162909,0.00021213395603127247
SVR,3,2025-09-22,0.006624338772018788,0.004913815924946365
SVR,3,2025-09-23,0.05500208060804961,-0.0027182642497639077
SVR,3,2025-09-24,-0.013183147727295738,0.006014076227734171
SVR,3,2025-09-25,0.030647099994633623,0.01823808361546238
SVR,3,2025-09-26,0.03340710328963251,-0.009291964983065983
SVR,3,2025-09-29,0.016667113677587827,-0.005501536422668085
SVR,4,2025-09-30,-0.015467338041609338,-0.0028266055321042737
SVR,4,2025-10-01,-0.009320055526438638,0.012381249950450198
SVR,4,2025-10-02,-0.00389315068318572,-0.0013773929510054812
SVR,4,2025-10-03,0.034875199318837216,-0.008894248076949798
SVR,4,2025-10-06,0.00958766808115634,-0.027360430456266217
SVR,4,2025-10-07,-0.00508972359101377,-0.006465814647623523
SVR,4,2025-10-08,0.03111067630373697,0.015119425934958554
SVR,4,2025-10-09,-0.026510428909785496,0.00989559687496438
SVR,4,2025-10-10,-0.020651176068947143,0.02072660632040944
SVR,4,2025-10-13,0.04214305909187053,-0.015195810098090918
SVR,4,2025-10-14,-0.00872264694460278,0.006301066800089761
SVR,4,2025-10-15,0.008183435695993694,0.008157126990894294
SVR,4,2025-10-16,0.0389049380129188,0.025350703810923587
SVR,4,2025-10-17,-0.07950966141699312,0.005297366716430314
SVR,4,2025-10-20,0.02014152782682235,0.008865554252035744
SVR,4,2025-10-21,-0.0834534298046432,0.006449731255843952
SVR,4,2025-10-22,0.021053409197832263,-0.0016692566019534298
SVR,4,2025-10-23,0.033041791823324326,0.00033073770231927565
SVR,4,2025-10-24,0.003960431911251035,3.686256291644276e-05
SVR,4,2025-10-27,-0.009772167266185813,0.009729181928222287
SVR,4,2025-10-28,-0.0008873832129687246,-0.0019164588236325322
SVR,5,2025-10-29,0.009027014937524084,0.001545087611476753
SVR,5,2025-10-30,0.01062642796112413,-0.0031330727450656574
SVR,5,2025-10-31,-0.024229497064294635,-0.009841453638031735
SVR,5,2025-11-03,0.002671896179956862,-0.004688370969498642
SVR,5,2025-11-04,-0.020345309588489065,-0.008211005783016007
SVR,5,2025-11-05,0.0072356094442426605,0.0032220055733903933
SVR,5,2025-11-06,-0.016354411350005513,-0.005212934707181788
SVR,5,2025-11-07,0.007171760853925076,0.008197711306484407
SVR,5,2025-11-10,0.033097786232648266,0.0020333774931465
SVR,5,2025-11-11,-0.0010689837030382371,0.009421181796675497
SVR,5,2025-11-12,0.020488323647807144,-0.018339537907628985
SVR,5,2025-11-13,-0.011406746949420432,-0.016344497827386853
SVR,5,2025-11-14,-0.030834055255529565,0.0012225486727579847
SVR,5,2025-11-17,-0.006127272740868349,0.009229821606072209
SVR,5,2025-11-18,-0.00032353037636850476,0.0130143511472747
SVR,5,2025-11-19,0.001099623832940347,0.017441067312847534
SVR,5,2025-11-20,-0.026663053776030093,-0.003080486932369654
SVR,5,2025-11-21,0.005033187881238608,0.0035647373934065228
SVR,5,2025-11-24,0.01878139864914207,-0.002930569522877914
SVR,5,2025-11-25,0.009292203597287156,0.0015647037442953781
SVR,5,2025-11-26,0.014031737113716202,-0.00785151131161601
SVR,6,2025-11-28,0.06069536118160296,-0.0003284153097509882
SVR,6,2025-12-01,-0.0045402884329013415,0.007895079209929743
SVR,6,2025-12-02,-0.015751193623122647,0.00521292769637004
SVR,6,2025-12-03,0.007574646123825222,0.007968651898569209
SVR,6,2025-12-04,-0.001268522668791291,0.00541696540378983
SVR,6,2025-12-05,0.00036258874000403614,-0.010960363639275928
SVR,6,2025-12-08,0.0,-0.005317751125429469
SVR,6,2025-12-09,0.02394071291055024,-0.006055409065204722
SVR,6,2025-12-10,-0.031948491066943405,-0.012976249714653061
SVR,6,2025-12-11,0.03941279040997831,-0.004908454985732177
SVR,6,2025-12-12,0.028458687804576898,-0.023381203031181
SVR,6,2025-12-15,0.029938341336370397,-0.00897878061155118
SVR,6,2025-12-16,0.03238884209402803,0.015118403134918863
SVR,6,2025-12-17,0.03292607142749505,-0.0008176239823595123
SVR,6,2025-12-18,0.01172795146834991,-0.011851129580893297
SVR,6,2025-12-19,0.02907955645264974,0.0025288535511045806
SVR,6,2025-12-22,0.03456365222503906,-0.0040507413000782375
SVR,6,2025-12-23,0.09076312754876349,-0.00652406732446066
SVR,6,2025-12-24,-0.01750557412132292,-0.0030630988682445936
SVR,6,2025-12-26,0.09573984563344325,-0.0015832074757112919
SVR,6,2025-12-29,-0.15906604900959542,-0.0013247733836160157
SVR,7,2025-12-30,0.05881199202023939,-0.0002406402565497505
SVR,7,2025-12-31,-0.09278237750304041,-0.00024518914079386576
SVR,7,2026-01-02,0.043851048466960564,-0.00024374911759233415
SVR,7,2026-01-05,0.06545840598781522,-0.0002400854088571335
SVR,7,2026-01-06,0.06997645165095208,-0.00024503606078314866
SVR,7,2026-01-07,-0.07709585115469823,-0.0002922541302684724
SVR,7,2026-01-08,-0.0007546786121647461,-0.00024458623945781375
SVR,7,2026-01-09,0.011744107456218981,-0.00029178426137213955
SVR,7,2026-01-12,0.035062582278872684,-0.00025774758779112817
SVR,7,2026-01-13,-0.010994293221539438,-0.00024495719170399135
SVR,7,2026-01-14,0.014167757153833019,1.585693412509923e-05
SVR,7,2026-01-15,0.009627747477561784,0.00013894220076244868
SVR,7,2026-01-16,-0.0367334112385482,-0.002119931894045625
SVR,7,2026-01-20,0.053948396156832334,0.0015293034855928655
SVR,7,2026-01-21,0.01991144726071155,-0.0009662661776305813
SVR,7,2026-01-22,0.03229035735256819,-0.00021918969260484184
SVR,7,2026-01-23,0.06069352164768608,-0.0020074631531079717
SVR,7,2026-01-26,0.0467570338128215,-0.002296349662566535
SVR,7,2026-01-27,-0.12660388881750273,-0.0002953752294500651
SVR,7,2026-01-28,0.036144512262748285,-0.00022134077389488653
SVR,7,2026-01-29,-0.0031904272845780365,-0.0004040565378852545
SVR,8,2026-01-30,-0.2112410939124752,0.0018043462653048804
SVR,8,2026-02-02,-0.004432506706622088,0.0011893928233999483
SVR,8,2026-02-03,0.047618095694695946,0.0011893499487402688
SVR,8,2026-02-04,-0.015097983652643367,0.0011906180248919865
SVR,8,2026-02-05,-0.04787499079394151,0.001192723926222715
SVR,8,2026-02-06,0.015259363719073696,0.0011893745041283272
SVR,8,2026-02-09,0.0074246467846108746,0.0012284739595766155
SVR,8,2026-02-10,-0.00823706820728417,0.001149821347195783
SVR,8,2026-02-11,0.021894623124065156,0.0009242205774484559
SVR,8,2026-02-12,-0.05970119884926718,0.0009773708972939386
SVR,8,2026-02-13,0.02800533158402034,0.0011860845738807175
SVR,8,2026-02-17,-0.02875039556980956,0.002179470136498394
SVR,8,2026-02-18,0.04560255252769679,0.0021462575904860805
SVR,8,2026-02-19,-0.021158394333875803,0.003439601110968588
SVR,8,2026-02-20,0.050766998138235125,0.0015890645646177391
SVR,8,2026-02-23,-0.010796912011054982,0.002190588312752338
SVR,8,2026-02-24,0.01603740683793895,0.0019950245922890526
SVR,8,2026-02-25,0.06414873078485848,0.0022554334692044308
SVR,8,2026-02-26,-0.041662696582930044,0.0007306421017132547
SVR,8,2026-02-27,0.05871631516648984,0.0014707297234762338
SVR,8,2026-03-02,-0.02296207579907521,0.001988358329494105
SVR,9,2026-03-03,-0.10820486800986187,0.01358892680620664
SVR,9,2026-03-04,0.03778669303783018,0.001685034391838429
SVR,9,2026-03-05,-0.011529500345499094,8.511393055384291e-05
SVR,9,2026-03-06,0.005804670650795252,-0.0051039218702753
SVR,9,2026-03-09,0.012616213402986435,-0.002559976412856489
SVR,9,2026-03-10,0.029698364290416602,0.0031570649842080313
SVR,9,2026-03-11,-0.01351371916672282,0.0028254956703509596
SVR,9,2026-03-12,-0.020619287202735703,-0.005143209343596417
SVR,9,2026-03-13,-0.058826482928302934,0.007635828665728856
SVR,9,2026-03-16,0.025643064138062284,-0.0011112916058071854
SVR,9,2026-03-17,0.020041913271712362,0.0032508967296337515
SVR,9,2026-03-18,-0.038151788869022284,0.011312511670893177
SVR,9,2026-03-19,-0.056539435595185046,-0.014644035558037269
SVR,9,2026-03-20,0.01606256080374712,0.00204129724839296
SVR,9,2026-03-23,-0.057600261227833904,0.004473642844969462
SVR,9,2026-03-24,0.016896679340435386,0.003890028909470564
SVR,9,2026-03-25,0.01739536245450573,-0.004332614650055987
SVR,9,2026-03-26,-0.0461885750159386,0.0075807896589463845
SVR,9,2026-03-27,0.017417963898598975,-0.000766890474646563
SVR,9,2026-03-30,0.007986837725295442,0.005517237124645718
SVR,9,2026-03-31,0.03358331288350735,-0.0004888492239306457
SVR,10,2026-04-01,0.009848801875018371,0.010312869954424885
SVR,10,2026-04-02,-0.002796777833518582,-0.002313406748002944
SVR,10,2026-04-06,-0.002855737614529973,0.011489143833167327
SVR,10,2026-04-07,-0.014972098746593778,0.0001772570045236833
SVR,10,2026-04-08,0.06107892062107792,0.00015727686467634672
SVR,10,2026-04-09,0.022184550737613697,0.0019451235682801087
SVR,10,2026-04-10,-0.022916311595956054,-0.008819730632019542
SVR,10,2026-04-13,0.00617869134366017,0.008461145156477282
SVR,10,2026-04-14,0.010997625807174088,0.011792334208286829
SVR,10,2026-04-15,0.013484328048676006,-0.001327453211372569
SVR,10,2026-04-16,-0.00893745178431326,-0.0011315403095282645
SVR,10,2026-04-17,0.014412567138765195,0.009737483056103906
SVR,10,2026-04-20,-0.025649789789379537,-0.008691044999273144
SVR,10,2026-04-21,-0.02266270487696291,-0.0014272528547815593
SVR,10,2026-04-22,0.02357991897934288,0.0015107460951018143
SVR,10,2026-04-23,-0.02442010447042988,-0.004777435041982782
SVR,10,2026-04-24,-0.0037646050166533977,-0.0031097585110940766
SVR,10,2026-04-27,-0.01696696172399078,-0.002010233006923498
SVR,10,2026-04-28,-0.019779370679373517,-0.007376992575262984
SVR,10,2026-04-29,-0.029785877665489336,-0.003121061346289741
SVR,10,2026-04-30,0.048504681290635995,0.011815725693282392
LSTM,1,2025-07-02,0.05429789671784961,0.004020338878035545
LSTM,1,2025-07-03,-0.03509131981127006,0.0030516753904521465
LSTM,1,2025-07-04,0.007623925110659366,0.0032158251851797104
LSTM,1,2025-07-07,-0.015086064492047045,0.0031037249136716127
LSTM,1,2025-07-08,0.010809283324776242,0.0041091665625572205
LSTM,1,2025-07-09,-0.004368090890178193,0.00548322219401598
LSTM,1,2025-07-10,0.017574163261523414,0.002972254529595375
LSTM,1,2025-07-11,0.04011917078417733,0.0017958609387278557
LSTM,1,2025-07-14,-0.03668402334284926,5.337456241250038e-05
LSTM,1,2025-07-15,-0.003363477786426151,0.0001850794069468975
LSTM,1,2025-07-16,0.015718097347172576,0.0002009207382798195
LSTM,1,2025-07-17,0.025980948606922395,-0.0018262481316924095
LSTM,1,2025-07-18,-0.010992557217958275,-0.002761898096650839
LSTM,1,2025-07-21,0.026885887874657677,-0.0019649704918265343
LSTM,1,2025-07-22,-0.008290310715313134,-0.0016970005817711353
LSTM,1,2025-07-23,-0.019151900685067,-0.0019539110362529755
LSTM,1,2025-07-24,-0.009153525059112835,-0.0020939724054187536
LSTM,1,2025-07-25,-0.012147007527393778,-0.0028873570263385773
LSTM,1,2025-07-28,-0.0023475371464720895,-0.002589634619653225
LSTM,1,2025-07-29,-7.120514714500215e-05,-0.0017965147271752357
LSTM,1,2025-07-30,-0.03132606827350737,-0.00035532470792531967
LSTM,2,2025-07-31,-0.05615159890895396,-0.003892024513334036
LSTM,2,2025-08-01,0.013588825083303219,0.00046452946844510734
LSTM,2,2025-08-04,0.017032060300691564,-0.001491498900577426
LSTM,2,2025-08-05,-0.006960289354717568,-0.002772599458694458
LSTM,2,2025-08-06,0.0066586573132357205,-0.005082737188786268
LSTM,2,2025-08-07,0.010428110769563709,-0.009484909474849701
LSTM,2,2025-08-08,-0.010729833820386165,-0.013112724758684635
LSTM,2,2025-08-11,0.003238601081950239,-0.014345735311508179
LSTM,2,2025-08-12,0.008982768523628983,-0.01325297076255083
LSTM,2,2025-08-13,-0.007780412046577663,-0.011377919465303421
LSTM,2,2025-08-14,0.014020699873954793,-0.010072234086692333
LSTM,2,2025-08-15,-0.011919979785004786,-0.010037354193627834
LSTM,2,2025-08-18,-0.005938322555647232,-0.0094957510009408
LSTM,2,2025-08-19,-0.018336554319871908,-0.008523429743945599
LSTM,2,2025-08-20,0.024049978008151045,-0.008741961792111397
LSTM,2,2025-08-21,0.012811102881160759,-0.008537671528756618
LSTM,2,2025-08-22,0.003103581357723482,-0.007645001169294119
LSTM,2,2025-08-25,-0.017715423347965248,-0.006410195492208004
LSTM,2,2025-08-26,0.008077866533329543,-0.00542792584747076
LSTM,2,2025-08-27,-0.0007452120337467954,-0.005715406034141779
LSTM,2,2025-08-28,0.011120286384573762,-0.006431397050619125
LSTM,3,2025-08-29,0.00683293268054827,-0.009022747166454792
LSTM,3,2025-09-02,0.0289394885439482,-0.008105365559458733
LSTM,3,2025-09-03,0.029990985432527387,-0.008308463729918003
LSTM,3,2025-09-04,-0.05491132267393003,-0.009427011013031006
LSTM,3,2025-09-05,0.007628356489719208,-0.009956670925021172
LSTM,3,2025-09-08,-0.0006515130320953691,-0.009597614407539368
LSTM,3,2025-09-09,-0.009825048664979812,-0.00862269289791584
LSTM,3,2025-09-10,0.01854989419510853,-0.009737210348248482
LSTM,3,2025-09-11,0.0017932077797482102,-0.009495940990746021
LSTM,3,2025-09-12,0.008491879697597701,-0.008391212671995163
LSTM,3,2025-09-15,0.003900575712101561,-0.006892730947583914
LSTM,3,2025-09-16,-0.010173351768924196,-0.004548100754618645
LSTM,3,2025-09-17,-0.018620665955265174,-0.0027656028978526592
LSTM,3,2025-09-18,0.017833816902663176,-0.0017342461505904794
LSTM,3,2025-09-19,0.01202135896162909,-0.0015706332633271813
LSTM,3,2025-09-22,0.006624338772018788,-0.0013246285961940885
LSTM,3,2025-09-23,0.05500208060804961,-0.00018785579595714808
LSTM,3,2025-09-24,-0.013183147727295738,-0.0031864787451922894
LSTM,3,2025-09-25,0.030647099994633623,-0.0033044186420738697
LSTM,3,2025-09-26,0.03340710328963251,-0.0034406022168695927
LSTM,3,2025-09-29,0.016667113677587827,-0.002029995433986187
LSTM,4,2025-09-30,-0.015467338041609338,-0.008053506724536419
LSTM,4,2025-10-01,-0.009320055526438638,-0.004476897418498993
LSTM,4,2025-10-02,-0.00389315068318572,-0.004331015050411224
LSTM,4,2025-10-03,0.034875199318837216,-0.0033028030302375555
LSTM,4,2025-10-06,0.00958766808115634,-0.0033092352095991373
LSTM,4,2025-10-07,-0.00508972359101377,-0.0023637462873011827
LSTM,4,2025-10-08,0.03111067630373697,-9.624520316720009e-06
LSTM,4,2025-10-09,-0.026510428909785496,-0.0032066304702311754
LSTM,4,2025-10-10,-0.020651176068947143,-0.000784383388236165
LSTM,4,2025-10-13,0.04214305909187053,0.00024340092204511166
LSTM,4,2025-10-14,-0.00872264694460278,0.002135896822437644
LSTM,4,2025-10-15,0.008183435695993694,0.0034174236934632063
LSTM,4,2025-10-16,0.0389049380129188,0.0029867521952837706
LSTM,4,2025-10-17,-0.07950966141699312,-0.001939430134370923
LSTM,4,2025-10-20,0.02014152782682235,0.004269955679774284
LSTM,4,2025-10-21,-0.0834534298046432,0.007912333123385906
LSTM,4,2025-10-22,0.021053409197832263,0.009607815183699131
LSTM,4,2025-10-23,0.033041791823324326,0.011689895763993263
LSTM,4,2025-10-24,0.003960431911251035,0.010451515205204487
LSTM,4,2025-10-27,-0.009772167266185813,0.007402409799396992
LSTM,4,2025-10-28,-0.0008873832129687246,0.006275885738432407
LSTM,5,2025-10-29,0.009027014937524084,-0.00028486631345003843
LSTM,5,2025-10-30,0.01062642796112413,-0.001398964668624103
LSTM,5,2025-10-31,-0.024229497064294635,-0.002439389005303383
LSTM,5,2025-11-03,0.002671896179956862,-0.001690397853963077
LSTM,5,2025-11-04,-0.020345309588489065,-0.0011761955684050918
LSTM,5,2025-11-05,0.0072356094442426605,-0.00023250316735357046
LSTM,5,2025-11-06,-0.016354411350005513,0.00120561255607754
LSTM,5,2025-11-07,0.007171760853925076,0.003442724235355854
LSTM,5,2025-11-10,0.033097786232648266,0.005038106348365545
LSTM,5,2025-11-11,-0.0010689837030382371,0.00507646007463336
LSTM,5,2025-11-12,0.020488323647807144,0.00407071178779006
LSTM,5,2025-11-13,-0.011406746949420432,0.0023867045529186726
LSTM,5,2025-11-14,-0.030834055255529565,0.0021012229844927788
LSTM,5,2025-11-17,-0.006127272740868349,0.002290399745106697
LSTM,5,2025-11-18,-0.00032353037636850476,0.002547591459006071
LSTM,5,2025-11-19,0.001099623832940347,0.0025961524806916714
LSTM,5,2025-11-20,-0.026663053776030093,0.0027847266755998135
LSTM,5,2025-11-21,0.005033187881238608,0.0027100672014057636
LSTM,5,2025-11-24,0.01878139864914207,0.0028516044840216637
LSTM,5,2025-11-25,0.009292203597287156,0.0026141302660107613
LSTM,5,2025-11-26,0.014031737113716202,0.0018005933379754424
LSTM,6,2025-11-28,0.06069536118160296,-5.224323831498623e-05
LSTM,6,2025-12-01,-0.0045402884329013415,-0.0011348917614668608
LSTM,6,2025-12-02,-0.015751193623122647,-0.00040362076833844185
LSTM,6,2025-12-03,0.007574646123825222,-0.00013716542162001133
LSTM,6,2025-12-04,-0.001268522668791291,-0.0011614661198109388
LSTM,6,2025-12-05,0.00036258874000403614,-0.003064529737457633
LSTM,6,2025-12-08,0.0,-0.0006675366312265396
LSTM,6,2025-12-09,0.02394071291055024,0.0009559877216815948
LSTM,6,2025-12-10,-0.031948491066943405,0.0015222684014588594
LSTM,6,2025-12-11,0.03941279040997831,0.0020884950645267963
LSTM,6,2025-12-12,0.028458687804576898,0.002070206683129072
LSTM,6,2025-12-15,0.029938341336370397,0.0001968606375157833
LSTM,6,2025-12-16,0.03238884209402803,0.0009349551983177662
LSTM,6,2025-12-17,0.03292607142749505,0.00046678585931658745
LSTM,6,2025-12-18,0.01172795146834991,-0.0010032439604401588
LSTM,6,2025-12-19,0.02907955645264974,-0.0017578515689820051
LSTM,6,2025-12-22,0.03456365222503906,-0.000538575928658247
LSTM,6,2025-12-23,0.09076312754876349,0.00019950233399868011
LSTM,6,2025-12-24,-0.01750557412132292,0.00021644728258252144
LSTM,6,2025-12-26,0.09573984563344325,0.003027672413736582
LSTM,6,2025-12-29,-0.15906604900959542,0.005163826514035463
LSTM,7,2025-12-30,0.05881199202023939,0.0003639374626800418
LSTM,7,2025-12-31,-0.09278237750304041,-0.0034190011210739613
LSTM,7,2026-01-02,0.043851048466960564,0.004263934679329395
LSTM,7,2026-01-05,0.06545840598781522,0.004443978890776634
LSTM,7,2026-01-06,0.06997645165095208,0.005771755240857601
LSTM,7,2026-01-07,-0.07709585115469823,0.0034048189409077168
LSTM,7,2026-01-08,-0.0007546786121647461,0.008104123175144196
LSTM,7,2026-01-09,0.011744107456218981,0.0034491559490561485
LSTM,7,2026-01-12,0.035062582278872684,0.0010793738765642047
LSTM,7,2026-01-13,-0.010994293221539438,-0.0012618816690519452
LSTM,7,2026-01-14,0.014167757153833019,0.002594386227428913
LSTM,7,2026-01-15,0.009627747477561784,-0.000607929308898747
LSTM,7,2026-01-16,-0.0367334112385482,-0.002224074210971594
LSTM,7,2026-01-20,0.053948396156832334,-0.000938654993660748
LSTM,7,2026-01-21,0.01991144726071155,-0.0042845699936151505
LSTM,7,2026-01-22,0.03229035735256819,-0.0032309619709849358
LSTM,7,2026-01-23,0.06069352164768608,-0.006733729969710112
LSTM,7,2026-01-26,0.0467570338128215,-0.008990663103759289
LSTM,7,2026-01-27,-0.12660388881750273,-0.015565057285130024
LSTM,7,2026-01-28,0.036144512262748285,0.0016050896374508739
LSTM,7,2026-01-29,-0.0031904272845780365,-0.0025441148318350315
LSTM,8,2026-01-30,-0.2112410939124752,0.015340512618422508
LSTM,8,2026-02-02,-0.004432506706622088,0.01461438462138176
LSTM,8,2026-02-03,0.047618095694695946,0.013701727613806725
LSTM,8,2026-02-04,-0.015097983652643367,0.015105774626135826
LSTM,8,2026-02-05,-0.04787499079394151,0.012164454907178879
LSTM,8,2026-02-06,0.015259363719073696,-0.0007676230743527412
LSTM,8,2026-02-09,0.0074246467846108746,0.00012438837438821793
LSTM,8,2026-02-10,-0.00823706820728417,-0.00024359626695513725
LSTM,8,2026-02-11,0.021894623124065156,-0.004308644682168961
LSTM,8,2026-02-12,-0.05970119884926718,-0.006583515089005232
LSTM,8,2026-02-13,0.02800533158402034,-0.0072875539772212505
LSTM,8,2026-02-17,-0.02875039556980956,-0.004015569109469652
LSTM,8,2026-02-18,0.04560255252769679,-0.005943091120570898
LSTM,8,2026-02-19,-0.021158394333875803,-0.00510910339653492
LSTM,8,2026-02-20,0.050766998138235125,-0.0032550222240388393
LSTM,8,2026-02-23,-0.010796912011054982,-0.008479373529553413
LSTM,8,2026-02-24,0.01603740683793895,-0.008384931832551956
LSTM,8,2026-02-25,0.06414873078485848,-0.010383795946836472
LSTM,8,2026-02-26,-0.041662696582930044,-0.012676538899540901
LSTM,8,2026-02-27,0.05871631516648984,0.0033637904562056065
LSTM,8,2026-03-02,-0.02296207579907521,-0.009347822517156601
LSTM,9,2026-03-03,-0.10820486800986187,-0.003952191211283207
LSTM,9,2026-03-04,0.03778669303783018,-0.0004360683960840106
LSTM,9,2026-03-05,-0.011529500345499094,-0.004525445401668549
LSTM,9,2026-03-06,0.005804670650795252,-0.005446629598736763
LSTM,9,2026-03-09,0.012616213402986435,-0.005010331980884075
LSTM,9,2026-03-10,0.029698364290416602,-0.0032108984887599945
LSTM,9,2026-03-11,-0.01351371916672282,-0.0065168654546141624
LSTM,9,2026-03-12,-0.020619287202735703,-0.004637706559151411
LSTM,9,2026-03-13,-0.058826482928302934,-0.00481136329472065
LSTM,9,2026-03-16,0.025643064138062284,-0.003130524419248104
LSTM,9,2026-03-17,0.020041913271712362,-0.002156585454940796
LSTM,9,2026-03-18,-0.038151788869022284,-0.002519924659281969
LSTM,9,2026-03-19,-0.056539435595185046,-0.0022484390065073967
LSTM,9,2026-03-20,0.01606256080374712,-0.0011530203046277165
LSTM,9,2026-03-23,-0.057600261227833904,-0.0009333627531304955
LSTM,9,2026-03-24,0.016896679340435386,0.0019654491916298866
LSTM,9,2026-03-25,0.01739536245450573,0.0030285166576504707
LSTM,9,2026-03-26,-0.0461885750159386,0.0035293661057949066
LSTM,9,2026-03-27,0.017417963898598975,0.0016328151104971766
LSTM,9,2026-03-30,0.007986837725295442,0.00369070190936327
LSTM,9,2026-03-31,0.03358331288350735,0.003766607493162155
LSTM,10,2026-04-01,0.009848801875018371,0.0011981143616139889
LSTM,10,2026-04-02,-0.002796777833518582,-0.00026587885804474354
LSTM,10,2026-04-06,-0.002855737614529973,-7.128645665943623e-05
LSTM,10,2026-04-07,-0.014972098746593778,-7.718335837125778e-07
LSTM,10,2026-04-08,0.06107892062107792,0.00013374933041632175
LSTM,10,2026-04-09,0.022184550737613697,-0.0017383003141731024
LSTM,10,2026-04-10,-0.022916311595956054,-0.0025982630904763937
LSTM,10,2026-04-13,0.00617869134366017,-0.0012517261784523726
LSTM,10,2026-04-14,0.010997625807174088,-0.0007974093314260244
LSTM,10,2026-04-15,0.013484328048676006,-0.002344026928767562
LSTM,10,2026-04-16,-0.00893745178431326,-0.0016988625284284353
LSTM,10,2026-04-17,0.014412567138765195,0.0006524475757032633
LSTM,10,2026-04-20,-0.025649789789379537,0.0009496586862951517
LSTM,10,2026-04-21,-0.02266270487696291,0.00461401604115963
LSTM,10,2026-04-22,0.02357991897934288,0.005826570093631744
LSTM,10,2026-04-23,-0.02442010447042988,0.004366032779216766
LSTM,10,2026-04-24,-0.0037646050166533977,0.00411865534260869
LSTM,10,2026-04-27,-0.01696696172399078,0.00529150664806366
LSTM,10,2026-04-28,-0.019779370679373517,0.0052314987406134605
LSTM,10,2026-04-29,-0.029785877665489336,0.00474796537309885
LSTM,10,2026-04-30,0.048504681290635995,0.004214615095406771
GRU,1,2025-07-02,0.05429789671784961,-0.00329770939424634
GRU,1,2025-07-03,-0.03509131981127006,-0.0040997667238116264
GRU,1,2025-07-04,0.007623925110659366,-0.001990246120840311
GRU,1,2025-07-07,-0.015086064492047045,-0.003377683460712433
GRU,1,2025-07-08,0.010809283324776242,-0.002836687956005335
GRU,1,2025-07-09,-0.004368090890178193,-0.0030885636806488037
GRU,1,2025-07-10,0.017574163261523414,-0.0009392650099471211
GRU,1,2025-07-11,0.04011917078417733,-0.0007474637823179364
GRU,1,2025-07-14,-0.03668402334284926,-0.0001198682002723217
GRU,1,2025-07-15,-0.003363477786426151,0.0020826412364840508
GRU,1,2025-07-16,0.015718097347172576,-0.0012250004801899195
GRU,1,2025-07-17,0.025980948606922395,-0.0037944349460303783
GRU,1,2025-07-18,-0.010992557217958275,-0.0037071621045470238
GRU,1,2025-07-21,0.026885887874657677,-0.002362995408475399
GRU,1,2025-07-22,-0.008290310715313134,-0.0013979655923321843
GRU,1,2025-07-23,-0.019151900685067,9.695428889244795e-05
GRU,1,2025-07-24,-0.009153525059112835,-0.0015529479132965207
GRU,1,2025-07-25,-0.012147007527393778,-0.004472824279218912
GRU,1,2025-07-28,-0.0023475371464720895,-0.0059913210570812225
GRU,1,2025-07-29,-7.120514714500215e-05,-0.0033671576529741287
GRU,1,2025-07-30,-0.03132606827350737,-0.0016938643530011177
GRU,2,2025-07-31,-0.05615159890895396,-0.00920377392321825
GRU,2,2025-08-01,0.013588825083303219,-0.01622217707335949
GRU,2,2025-08-04,0.017032060300691564,-0.02074749954044819
GRU,2,2025-08-05,-0.006960289354717568,-0.01853792555630207
GRU,2,2025-08-06,0.0066586573132357205,-0.014163261279463768
GRU,2,2025-08-07,0.010428110769563709,-0.010900627821683884
GRU,2,2025-08-08,-0.010729833820386165,-0.01335523184388876
GRU,2,2025-08-11,0.003238601081950239,-0.011381460353732109
GRU,2,2025-08-12,0.008982768523628983,-0.008923687040805817
GRU,2,2025-08-13,-0.007780412046577663,-0.0066664088517427444
GRU,2,2025-08-14,0.014020699873954793,-0.006521513685584068
GRU,2,2025-08-15,-0.011919979785004786,-0.010816949419677258
GRU,2,2025-08-18,-0.005938322555647232,-0.009745944291353226
GRU,2,2025-08-19,-0.018336554319871908,-0.00815637968480587
GRU,2,2025-08-20,0.024049978008151045,-0.00837920606136322
GRU,2,2025-08-21,0.012811102881160759,-0.01097171287983656
GRU,2,2025-08-22,0.003103581357723482,-0.010594680905342102
GRU,2,2025-08-25,-0.017715423347965248,-0.00841530691832304
GRU,2,2025-08-26,0.008077866533329543,-0.005241445265710354
GRU,2,2025-08-27,-0.0007452120337467954,-0.006791667081415653
GRU,2,2025-08-28,0.011120286384573762,-0.008884395472705364
GRU,3,2025-08-29,0.00683293268054827,-0.006989994086325169
GRU,3,2025-09-02,0.0289394885439482,-0.005295315757393837
GRU,3,2025-09-03,0.029990985432527387,-0.005125895142555237
GRU,3,2025-09-04,-0.05491132267393003,-0.006458412855863571
GRU,3,2025-09-05,0.007628356489719208,-0.004986902698874474
GRU,3,2025-09-08,-0.0006515130320953691,-0.008083678781986237
GRU,3,2025-09-09,-0.009825048664979812,-0.0074306027963757515
GRU,3,2025-09-10,0.01854989419510853,-0.006932157091796398
GRU,3,2025-09-11,0.0017932077797482102,-0.004927976988255978
GRU,3,2025-09-12,0.008491879697597701,-0.0037854143884032965
GRU,3,2025-09-15,0.003900575712101561,-0.0027441561687737703
GRU,3,2025-09-16,-0.010173351768924196,-0.001920175738632679
GRU,3,2025-09-17,-0.018620665955265174,-0.0005593020468950272
GRU,3,2025-09-18,0.017833816902663176,-0.0012792402412742376
GRU,3,2025-09-19,0.01202135896162909,-0.0027622340712696314
GRU,3,2025-09-22,0.006624338772018788,-0.002318859566003084
GRU,3,2025-09-23,0.05500208060804961,-0.00043659209040924907
GRU,3,2025-09-24,-0.013183147727295738,-0.003061506897211075
GRU,3,2025-09-25,0.030647099994633623,-0.0007796569261699915
GRU,3,2025-09-26,0.03340710328963251,-0.00255711586214602
GRU,3,2025-09-29,0.016667113677587827,-0.003632437204942107
GRU,4,2025-09-30,-0.015467338041609338,0.001948270364664495
GRU,4,2025-10-01,-0.009320055526438638,0.005544873885810375
GRU,4,2025-10-02,-0.00389315068318572,0.006633476819843054
GRU,4,2025-10-03,0.034875199318837216,0.0022194660268723965
GRU,4,2025-10-06,0.00958766808115634,-0.001951902057044208
GRU,4,2025-10-07,-0.00508972359101377,0.0010274142259731889
GRU,4,2025-10-08,0.03111067630373697,0.003461488988250494
GRU,4,2025-10-09,-0.026510428909785496,0.0018631693674251437
GRU,4,2025-10-10,-0.020651176068947143,0.005965435411781073
GRU,4,2025-10-13,0.04214305909187053,0.007554919924587011
GRU,4,2025-10-14,-0.00872264694460278,0.006301903165876865
GRU,4,2025-10-15,0.008183435695993694,0.008437806740403175
GRU,4,2025-10-16,0.0389049380129188,0.007057202514261007
GRU,4,2025-10-17,-0.07950966141699312,0.0011352599831297994
GRU,4,2025-10-20,0.02014152782682235,0.01163199171423912
GRU,4,2025-10-21,-0.0834534298046432,0.00817045383155346
GRU,4,2025-10-22,0.021053409197832263,0.01309119537472725
GRU,4,2025-10-23,0.033041791823324326,0.010064641013741493
GRU,4,2025-10-24,0.003960431911251035,0.0068531944416463375
GRU,4,2025-10-27,-0.009772167266185813,0.0081096813082695
GRU,4,2025-10-28,-0.0008873832129687246,0.008982726372778416
GRU,5,2025-10-29,0.009027014937524084,0.00044607839663513005
GRU,5,2025-10-30,0.01062642796112413,-0.00476304953917861
GRU,5,2025-10-31,-0.024229497064294635,-0.005068775732070208
GRU,5,2025-11-03,0.002671896179956862,-0.0021532366517931223
GRU,5,2025-11-04,-0.020345309588489065,-0.0018895056564360857
GRU,5,2025-11-05,0.0072356094442426605,0.00012097440776415169
GRU,5,2025-11-06,-0.016354411350005513,-0.0013959940988570452
GRU,5,2025-11-07,0.007171760853925076,0.0007037369068711996
GRU,5,2025-11-10,0.033097786232648266,0.0013116004411131144
GRU,5,2025-11-11,-0.0010689837030382371,0.0004919663770124316
GRU,5,2025-11-12,0.020488323647807144,0.0009855825919657946
GRU,5,2025-11-13,-0.011406746949420432,-0.0016498628538101912
GRU,5,2025-11-14,-0.030834055255529565,-0.0006865439936518669
GRU,5,2025-11-17,-0.006127272740868349,0.001666725380346179
GRU,5,2025-11-18,-0.00032353037636850476,0.0012689563445746899
GRU,5,2025-11-19,0.001099623832940347,0.0004966338165104389
GRU,5,2025-11-20,-0.026663053776030093,-0.0013566097477450967
GRU,5,2025-11-21,0.005033187881238608,0.00027144086197949946
GRU,5,2025-11-24,0.01878139864914207,1.9310100469738245e-06
GRU,5,2025-11-25,0.009292203597287156,0.0010787493083626032
GRU,5,2025-11-26,0.014031737113716202,0.0009056802373379469
GRU,6,2025-11-28,0.06069536118160296,0.005072188563644886
GRU,6,2025-12-01,-0.0045402884329013415,0.0037712363991886377
GRU,6,2025-12-02,-0.015751193623122647,0.0035351605620235205
GRU,6,2025-12-03,0.007574646123825222,-0.000760585768148303
GRU,6,2025-12-04,-0.001268522668791291,-0.004074498079717159
GRU,6,2025-12-05,0.00036258874000403614,-0.006919024512171745
GRU,6,2025-12-08,0.0,-0.0035056716296821833
GRU,6,2025-12-09,0.02394071291055024,0.0010800978634506464
GRU,6,2025-12-10,-0.031948491066943405,0.006951848976314068
GRU,6,2025-12-11,0.03941279040997831,0.008086048997938633
GRU,6,2025-12-12,0.028458687804576898,0.006367959082126617
GRU,6,2025-12-15,0.029938341336370397,-0.0030656547751277685
GRU,6,2025-12-16,0.03238884209402803,0.0016949542332440615
GRU,6,2025-12-17,0.03292607142749505,0.0028809194918721914
GRU,6,2025-12-18,0.01172795146834991,0.005902799777686596
GRU,6,2025-12-19,0.02907955645264974,0.0033703858498483896
GRU,6,2025-12-22,0.03456365222503906,0.005103913135826588
GRU,6,2025-12-23,0.09076312754876349,0.0038081894163042307
GRU,6,2025-12-24,-0.01750557412132292,0.006882216781377792
GRU,6,2025-12-26,0.09573984563344325,0.01672855019569397
GRU,6,2025-12-29,-0.15906604900959542,0.007141342386603355
GRU,7,2025-12-30,0.05881199202023939,0.00640047388151288
GRU,7,2025-12-31,-0.09278237750304041,-0.006197045557200909
GRU,7,2026-01-02,0.043851048466960564,0.0013794483384117484
GRU,7,2026-01-05,0.06545840598781522,-0.0049895476549863815
GRU,7,2026-01-06,0.06997645165095208,-0.006334176752716303
GRU,7,2026-01-07,-0.07709585115469823,0.0018696797778829932
GRU,7,2026-01-08,-0.0007546786121647461,0.013204698450863361
GRU,7,2026-01-09,0.011744107456218981,0.0052084908820688725
GRU,7,2026-01-12,0.035062582278872684,-0.00439637154340744
GRU,7,2026-01-13,-0.010994293221539438,-0.011588157154619694
GRU,7,2026-01-14,0.014167757153833019,-0.010345679707825184
GRU,7,2026-01-15,0.009627747477561784,-0.012472287751734257
GRU,7,2026-01-16,-0.0367334112385482,-0.011358973570168018
GRU,7,2026-01-20,0.053948396156832334,-0.00571913318708539
GRU,7,2026-01-21,0.01991144726071155,-0.012220893055200577
GRU,7,2026-01-22,0.03229035735256819,-0.009363665245473385
GRU,7,2026-01-23,0.06069352164768608,-0.00990247167646885
GRU,7,2026-01-26,0.0467570338128215,-0.014003155753016472
GRU,7,2026-01-27,-0.12660388881750273,-0.013749138452112675
GRU,7,2026-01-28,0.036144512262748285,0.0028663133271038532
GRU,7,2026-01-29,-0.0031904272845780365,-0.007677292916923761
GRU,8,2026-01-30,-0.2112410939124752,0.0001359810121357441
GRU,8,2026-02-02,-0.004432506706622088,0.00950542837381363
GRU,8,2026-02-03,0.047618095694695946,0.011423580348491669
GRU,8,2026-02-04,-0.015097983652643367,0.013947464525699615
GRU,8,2026-02-05,-0.04787499079394151,0.016465913504362106
GRU,8,2026-02-06,0.015259363719073696,0.012866215780377388
GRU,8,2026-02-09,0.0074246467846108746,0.007663737516850233
GRU,8,2026-02-10,-0.00823706820728417,-5.168793722987175e-05
GRU,8,2026-02-11,0.021894623124065156,-0.005158163141459227
GRU,8,2026-02-12,-0.05970119884926718,-0.007501733954995871
GRU,8,2026-02-13,0.02800533158402034,-0.005821866448968649
GRU,8,2026-02-17,-0.02875039556980956,-0.007342066150158644
GRU,8,2026-02-18,0.04560255252769679,-0.007381427567452192
GRU,8,2026-02-19,-0.021158394333875803,-0.008337259292602539
GRU,8,2026-02-20,0.050766998138235125,-0.006481465417891741
GRU,8,2026-02-23,-0.010796912011054982,-0.01175503060221672
GRU,8,2026-02-24,0.01603740683793895,-0.012076705694198608
GRU,8,2026-02-25,0.06414873078485848,-0.015626605600118637
GRU,8,2026-02-26,-0.041662696582930044,-0.021025869995355606
GRU,8,2026-02-27,0.05871631516648984,-0.014075219631195068
GRU,8,2026-03-02,-0.02296207579907521,-0.017124943435192108
GRU,9,2026-03-03,-0.10820486800986187,-0.01082571130245924
GRU,9,2026-03-04,0.03778669303783018,-0.0014560509007424116
GRU,9,2026-03-05,-0.011529500345499094,-0.00787551049143076
GRU,9,2026-03-06,0.005804670650795252,-0.004438147414475679
GRU,9,2026-03-09,0.012616213402986435,-0.00148494984023273
GRU,9,2026-03-10,0.029698364290416602,-0.0004888230469077826
GRU,9,2026-03-11,-0.01351371916672282,-0.005229709669947624
GRU,9,2026-03-12,-0.020619287202735703,-0.003359762718901038
GRU,9,2026-03-13,-0.058826482928302934,-0.0018898809794336557
GRU,9,2026-03-16,0.025643064138062284,0.0004547082644421607
GRU,9,2026-03-17,0.020041913271712362,-0.0042304606176912785
GRU,9,2026-03-18,-0.038151788869022284,-0.007610014174133539
GRU,9,2026-03-19,-0.056539435595185046,-0.003665236057713628
GRU,9,2026-03-20,0.01606256080374712,0.000506482319906354
GRU,9,2026-03-23,-0.057600261227833904,-0.004017670173197985
GRU,9,2026-03-24,0.016896679340435386,0.0007332221139222383
GRU,9,2026-03-25,0.01739536245450573,0.0017546054441481829
GRU,9,2026-03-26,-0.0461885750159386,0.001845305087044835
GRU,9,2026-03-27,0.017417963898598975,0.0026025923434644938
GRU,9,2026-03-30,0.007986837725295442,0.0017896268982440233
GRU,9,2026-03-31,0.03358331288350735,0.0012335367500782013
GRU,10,2026-04-01,0.009848801875018371,-0.003780307248234749
GRU,10,2026-04-02,-0.002796777833518582,-0.0028683501295745373
GRU,10,2026-04-06,-0.002855737614529973,-0.0019887923263013363
GRU,10,2026-04-07,-0.014972098746593778,-0.0008343472145497799
GRU,10,2026-04-08,0.06107892062107792,-0.0008014999330043793
GRU,10,2026-04-09,0.022184550737613697,-0.007457491476088762
GRU,10,2026-04-10,-0.022916311595956054,-0.0072746118530631065
GRU,10,2026-04-13,0.00617869134366017,-0.004080459009855986
GRU,10,2026-04-14,0.010997625807174088,-0.004327197093516588
GRU,10,2026-04-15,0.013484328048676006,-0.005606760736554861
GRU,10,2026-04-16,-0.00893745178431326,-0.005059027578681707
GRU,10,2026-04-17,0.014412567138765195,-0.0016445773653686047
GRU,10,2026-04-20,-0.025649789789379537,0.0006320357788354158
GRU,10,2026-04-21,-0.02266270487696291,0.004962460603564978
GRU,10,2026-04-22,0.02357991897934288,0.004886225331574678
GRU,10,2026-04-23,-0.02442010447042988,0.0003128244716208428
GRU,10,2026-04-24,-0.0037646050166533977,0.0008760476484894753
GRU,10,2026-04-27,-0.01696696172399078,0.001858674455434084
GRU,10,2026-04-28,-0.019779370679373517,0.002306466456502676
GRU,10,2026-04-29,-0.029785877665489336,0.0013199872337281704
GRU,10,2026-04-30,0.048504681290635995,0.0016554337926208973
BiLSTM,1,2025-07-02,0.05429789671784961,0.0028883086051791906
BiLSTM,1,2025-07-03,-0.03509131981127006,-0.0022474133875221014
BiLSTM,1,2025-07-04,0.007623925110659366,0.001632173778489232
BiLSTM,1,2025-07-07,-0.015086064492047045,0.0012675814796239138
BiLSTM,1,2025-07-08,0.010809283324776242,0.004853539168834686
BiLSTM,1,2025-07-09,-0.004368090890178193,0.007724609225988388
BiLSTM,1,2025-07-10,0.017574163261523414,0.006637520156800747
BiLSTM,1,2025-07-11,0.04011917078417733,0.006088653579354286
BiLSTM,1,2025-07-14,-0.03668402334284926,0.0020629873033612967
BiLSTM,1,2025-07-15,-0.003363477786426151,0.006496153771877289
BiLSTM,1,2025-07-16,0.015718097347172576,0.00439572986215353
BiLSTM,1,2025-07-17,0.025980948606922395,-0.00014927121810615063
BiLSTM,1,2025-07-18,-0.010992557217958275,-0.004220582544803619
BiLSTM,1,2025-07-21,0.026885887874657677,-0.0018017832189798355
BiLSTM,1,2025-07-22,-0.008290310715313134,-0.004372790455818176
BiLSTM,1,2025-07-23,-0.019151900685067,-0.0035611516796052456
BiLSTM,1,2025-07-24,-0.009153525059112835,-0.0011466467985883355
BiLSTM,1,2025-07-25,-0.012147007527393778,-0.00048724585212767124
BiLSTM,1,2025-07-28,-0.0023475371464720895,0.0001793715637177229
BiLSTM,1,2025-07-29,-7.120514714500215e-05,-0.00035584275610744953
BiLSTM,1,2025-07-30,-0.03132606827350737,-0.0020868380088359118
BiLSTM,2,2025-07-31,-0.05615159890895396,-0.0026316882576793432
BiLSTM,2,2025-08-01,0.013588825083303219,-0.0037121919449418783
BiLSTM,2,2025-08-04,0.017032060300691564,-0.006982393562793732
BiLSTM,2,2025-08-05,-0.006960289354717568,-0.011909212917089462
BiLSTM,2,2025-08-06,0.0066586573132357205,-0.010283222422003746
BiLSTM,2,2025-08-07,0.010428110769563709,-0.012519365176558495
BiLSTM,2,2025-08-08,-0.010729833820386165,-0.012470316141843796
BiLSTM,2,2025-08-11,0.003238601081950239,-0.008737469092011452
BiLSTM,2,2025-08-12,0.008982768523628983,-0.005447056144475937
BiLSTM,2,2025-08-13,-0.007780412046577663,-0.007111713290214539
BiLSTM,2,2025-08-14,0.014020699873954793,-0.009613420814275742
BiLSTM,2,2025-08-15,-0.011919979785004786,-0.010962031781673431
BiLSTM,2,2025-08-18,-0.005938322555647232,-0.010201636701822281
BiLSTM,2,2025-08-19,-0.018336554319871908,-0.010305177420377731
BiLSTM,2,2025-08-20,0.024049978008151045,-0.015619713813066483
BiLSTM,2,2025-08-21,0.012811102881160759,-0.013583563268184662
BiLSTM,2,2025-08-22,0.003103581357723482,-0.011351045221090317
BiLSTM,2,2025-08-25,-0.017715423347965248,-0.01235225424170494
BiLSTM,2,2025-08-26,0.008077866533329543,-0.009247496724128723
BiLSTM,2,2025-08-27,-0.0007452120337467954,-0.008525265380740166
BiLSTM,2,2025-08-28,0.011120286384573762,-0.00510760024189949
BiLSTM,3,2025-08-29,0.00683293268054827,-0.010856025852262974
BiLSTM,3,2025-09-02,0.0289394885439482,-0.01270127110183239
BiLSTM,3,2025-09-03,0.029990985432527387,-0.01577652432024479
BiLSTM,3,2025-09-04,-0.05491132267393003,-0.01912117190659046
BiLSTM,3,2025-09-05,0.007628356489719208,-0.015286826528608799
BiLSTM,3,2025-09-08,-0.0006515130320953691,-0.01462011132389307
BiLSTM,3,2025-09-09,-0.009825048664979812,-0.012705185450613499
BiLSTM,3,2025-09-10,0.01854989419510853,-0.012642140500247478
BiLSTM,3,2025-09-11,0.0017932077797482102,-0.013772687874734402
BiLSTM,3,2025-09-12,0.008491879697597701,-0.012335170991718769
BiLSTM,3,2025-09-15,0.003900575712101561,-0.011080288328230381
BiLSTM,3,2025-09-16,-0.010173351768924196,-0.008514982648193836
BiLSTM,3,2025-09-17,-0.018620665955265174,-0.005189545452594757
BiLSTM,3,2025-09-18,0.017833816902663176,-0.005808227229863405
BiLSTM,3,2025-09-19,0.01202135896162909,-0.009837918914854527
BiLSTM,3,2025-09-22,0.006624338772018788,-0.010447777807712555
BiLSTM,3,2025-09-23,0.05500208060804961,-0.008355126716196537
BiLSTM,3,2025-09-24,-0.013183147727295738,-0.011926996521651745
BiLSTM,3,2025-09-25,0.030647099994633623,-0.008852750062942505
BiLSTM,3,2025-09-26,0.03340710328963251,-0.013018968515098095
BiLSTM,3,2025-09-29,0.016667113677587827,-0.014128753915429115
BiLSTM,4,2025-09-30,-0.015467338041609338,0.0014155731769278646
BiLSTM,4,2025-10-01,-0.009320055526438638,0.004304584581404924
BiLSTM,4,2025-10-02,-0.00389315068318572,-0.0004937768680974841
BiLSTM,4,2025-10-03,0.034875199318837216,0.0016441905172541738
BiLSTM,4,2025-10-06,0.00958766808115634,-0.0012926951749250293
BiLSTM,4,2025-10-07,-0.00508972359101377,0.0002401737729087472
BiLSTM,4,2025-10-08,0.03111067630373697,0.0021631415002048016
BiLSTM,4,2025-10-09,-0.026510428909785496,-0.0018618468893691897
BiLSTM,4,2025-10-10,-0.020651176068947143,0.0016177102224901319
BiLSTM,4,2025-10-13,0.04214305909187053,0.001164409564808011
BiLSTM,4,2025-10-14,-0.00872264694460278,-6.896548438817263e-05
BiLSTM,4,2025-10-15,0.008183435695993694,0.002641112543642521
BiLSTM,4,2025-10-16,0.0389049380129188,0.0017202160088345408
BiLSTM,4,2025-10-17,-0.07950966141699312,-0.004159958567470312
BiLSTM,4,2025-10-20,0.02014152782682235,0.003380741458386183
BiLSTM,4,2025-10-21,-0.0834534298046432,0.0015273111639544368
BiLSTM,4,2025-10-22,0.021053409197832263,0.0027089505456387997
BiLSTM,4,2025-10-23,0.033041791823324326,0.0010527520207688212
BiLSTM,4,2025-10-24,0.003960431911251035,0.0017797596519812942
BiLSTM,4,2025-10-27,-0.009772167266185813,0.0020932150073349476
BiLSTM,4,2025-10-28,-0.0008873832129687246,0.0021642078645527363
BiLSTM,5,2025-10-29,0.009027014937524084,2.438254887238145e-05
BiLSTM,5,2025-10-30,0.01062642796112413,0.0007097364286892116
BiLSTM,5,2025-10-31,-0.024229497064294635,0.0012563494965434074
BiLSTM,5,2025-11-03,0.002671896179956862,0.0031707058660686016
BiLSTM,5,2025-11-04,-0.020345309588489065,0.0009007384651340544
BiLSTM,5,2025-11-05,0.0072356094442426605,0.0010219323448836803
BiLSTM,5,2025-11-06,-0.016354411350005513,-0.00010195438517257571
BiLSTM,5,2025-11-07,0.007171760853925076,0.005758378189057112
BiLSTM,5,2025-11-10,0.033097786232648266,0.008214387111365795
BiLSTM,5,2025-11-11,-0.0010689837030382371,0.007071367464959621
BiLSTM,5,2025-11-12,0.020488323647807144,0.006629914045333862
BiLSTM,5,2025-11-13,-0.011406746949420432,0.004803938791155815
BiLSTM,5,2025-11-14,-0.030834055255529565,0.0024947780184447765
BiLSTM,5,2025-11-17,-0.006127272740868349,0.004923920147120953
BiLSTM,5,2025-11-18,-0.00032353037636850476,0.0027539506554603577
BiLSTM,5,2025-11-19,0.001099623832940347,0.0027503524906933308
BiLSTM,5,2025-11-20,-0.026663053776030093,0.003305687103420496
BiLSTM,5,2025-11-21,0.005033187881238608,0.0038027307018637657
BiLSTM,5,2025-11-24,0.01878139864914207,0.002925095148384571
BiLSTM,5,2025-11-25,0.009292203597287156,0.002483987482264638
BiLSTM,5,2025-11-26,0.014031737113716202,0.0018627948593348265
BiLSTM,6,2025-11-28,0.06069536118160296,-0.0001795171992853284
BiLSTM,6,2025-12-01,-0.0045402884329013415,-0.0024651773273944855
BiLSTM,6,2025-12-02,-0.015751193623122647,-0.0006979551399126649
BiLSTM,6,2025-12-03,0.007574646123825222,-0.0011620207224041224
BiLSTM,6,2025-12-04,-0.001268522668791291,-0.0035529942251741886
BiLSTM,6,2025-12-05,0.00036258874000403614,-0.005679704714566469
BiLSTM,6,2025-12-08,0.0,-0.0005249961977824569
BiLSTM,6,2025-12-09,0.02394071291055024,0.002186169382184744
BiLSTM,6,2025-12-10,-0.031948491066943405,0.0008381303632631898
BiLSTM,6,2025-12-11,0.03941279040997831,0.0026059336960315704
BiLSTM,6,2025-12-12,0.028458687804576898,0.0012910676887258887
BiLSTM,6,2025-12-15,0.029938341336370397,-0.0010960543295368552
BiLSTM,6,2025-12-16,0.03238884209402803,-0.00016674643848091364
BiLSTM,6,2025-12-17,0.03292607142749505,-0.001973107922822237
BiLSTM,6,2025-12-18,0.01172795146834991,-0.0060011520981788635
BiLSTM,6,2025-12-19,0.02907955645264974,-0.007232401054352522
BiLSTM,6,2025-12-22,0.03456365222503906,-0.006667745765298605
BiLSTM,6,2025-12-23,0.09076312754876349,-0.007694012485444546
BiLSTM,6,2025-12-24,-0.01750557412132292,-0.011712676845490932
BiLSTM,6,2025-12-26,0.09573984563344325,-0.004362260457128286
BiLSTM,6,2025-12-29,-0.15906604900959542,-0.00855312030762434
BiLSTM,7,2025-12-30,0.05881199202023939,0.013069662265479565
BiLSTM,7,2025-12-31,-0.09278237750304041,-0.006877783685922623
BiLSTM,7,2026-01-02,0.043851048466960564,0.008808339945971966
BiLSTM,7,2026-01-05,0.06545840598781522,0.004482461139559746
BiLSTM,7,2026-01-06,0.06997645165095208,0.004484783858060837
BiLSTM,7,2026-01-07,-0.07709585115469823,0.0025082281790673733
BiLSTM,7,2026-01-08,-0.0007546786121647461,0.011543607339262962
BiLSTM,7,2026-01-09,0.011744107456218981,0.0029141874983906746
BiLSTM,7,2026-01-12,0.035062582278872684,-0.002006330993026495
BiLSTM,7,2026-01-13,-0.010994293221539438,-0.0038442895747721195
BiLSTM,7,2026-01-14,0.014167757153833019,-0.0030385716818273067
BiLSTM,7,2026-01-15,0.009627747477561784,-0.005820171907544136
BiLSTM,7,2026-01-16,-0.0367334112385482,-0.012937486171722412
BiLSTM,7,2026-01-20,0.053948396156832334,-0.004444337449967861
BiLSTM,7,2026-01-21,0.01991144726071155,-0.01149463839828968
BiLSTM,7,2026-01-22,0.03229035735256819,-0.006239389535039663
BiLSTM,7,2026-01-23,0.06069352164768608,-0.011366905644536018
BiLSTM,7,2026-01-26,0.0467570338128215,-0.022685790434479713
BiLSTM,7,2026-01-27,-0.12660388881750273,-0.025586241856217384
BiLSTM,7,2026-01-28,0.036144512262748285,0.0021620066836476326
BiLSTM,7,2026-01-29,-0.0031904272845780365,-0.003669971600174904
BiLSTM,8,2026-01-30,-0.2112410939124752,0.012059556320309639
BiLSTM,8,2026-02-02,-0.004432506706622088,0.010927884839475155
BiLSTM,8,2026-02-03,0.047618095694695946,0.011702182702720165
BiLSTM,8,2026-02-04,-0.015097983652643367,0.013443471863865852
BiLSTM,8,2026-02-05,-0.04787499079394151,0.01760062575340271
BiLSTM,8,2026-02-06,0.015259363719073696,0.006577848922461271
BiLSTM,8,2026-02-09,0.0074246467846108746,0.003945954609662294
BiLSTM,8,2026-02-10,-0.00823706820728417,0.0018624723888933659
BiLSTM,8,2026-02-11,0.021894623124065156,-0.003714705817401409
BiLSTM,8,2026-02-12,-0.05970119884926718,-0.009372478350996971
BiLSTM,8,2026-02-13,0.02800533158402034,-0.008452273905277252
BiLSTM,8,2026-02-17,-0.02875039556980956,-0.004456386435776949
BiLSTM,8,2026-02-18,0.04560255252769679,-0.006541550159454346
BiLSTM,8,2026-02-19,-0.021158394333875803,-0.005635918118059635
BiLSTM,8,2026-02-20,0.050766998138235125,-0.0034596463665366173
BiLSTM,8,2026-02-23,-0.010796912011054982,-0.012130562216043472
BiLSTM,8,2026-02-24,0.01603740683793895,-0.013241837732493877
BiLSTM,8,2026-02-25,0.06414873078485848,-0.012412709183990955
BiLSTM,8,2026-02-26,-0.041662696582930044,-0.017532747238874435
BiLSTM,8,2026-02-27,0.05871631516648984,0.0032778531312942505
BiLSTM,8,2026-03-02,-0.02296207579907521,-0.003916890826076269
BiLSTM,9,2026-03-03,-0.10820486800986187,-0.0057770609855651855
BiLSTM,9,2026-03-04,0.03778669303783018,0.0028682779520750046
BiLSTM,9,2026-03-05,-0.011529500345499094,-0.008044295012950897
BiLSTM,9,2026-03-06,0.005804670650795252,-0.006653705611824989
BiLSTM,9,2026-03-09,0.012616213402986435,-0.005446414463222027
BiLSTM,9,2026-03-10,0.029698364290416602,-0.002687204396352172
BiLSTM,9,2026-03-11,-0.01351371916672282,-0.004735901020467281
BiLSTM,9,2026-03-12,-0.020619287202735703,0.0007909811101853848
BiLSTM,9,2026-03-13,-0.058826482928302934,0.002427985891699791
BiLSTM,9,2026-03-16,0.025643064138062284,0.00046370411291718483
BiLSTM,9,2026-03-17,0.020041913271712362,-0.00235563050955534
BiLSTM,9,2026-03-18,-0.038151788869022284,-0.00652493117377162
BiLSTM,9,2026-03-19,-0.056539435595185046,-0.004616381600499153
BiLSTM,9,2026-03-20,0.01606256080374712,-0.004007810726761818
BiLSTM,9,2026-03-23,-0.057600261227833904,-0.009301924146711826
BiLSTM,9,2026-03-24,0.016896679340435386,0.002270784229040146
BiLSTM,9,2026-03-25,0.01739536245450573,0.0009623933583498001
BiLSTM,9,2026-03-26,-0.0461885750159386,0.0052664633840322495
BiLSTM,9,2026-03-27,0.017417963898598975,0.0030839978717267513
BiLSTM,9,2026-03-30,0.007986837725295442,0.0027643050998449326
BiLSTM,9,2026-03-31,0.03358331288350735,-0.0006467285566031933
BiLSTM,10,2026-04-01,0.009848801875018371,-0.001225423300638795
BiLSTM,10,2026-04-02,-0.002796777833518582,-0.0006428572814911604
BiLSTM,10,2026-04-06,-0.002855737614529973,0.004106115084141493
BiLSTM,10,2026-04-07,-0.014972098746593778,0.006770301144570112
BiLSTM,10,2026-04-08,0.06107892062107792,0.004142166581004858
BiLSTM,10,2026-04-09,0.022184550737613697,-0.0017678122967481613
BiLSTM,10,2026-04-10,-0.022916311595956054,0.0012513685505837202
BiLSTM,10,2026-04-13,0.00617869134366017,0.008186321705579758
BiLSTM,10,2026-04-14,0.010997625807174088,0.008595600724220276
BiLSTM,10,2026-04-15,0.013484328048676006,0.0053687854669988155
BiLSTM,10,2026-04-16,-0.00893745178431326,0.0050361198373138905
BiLSTM,10,2026-04-17,0.014412567138765195,0.007989699952304363
BiLSTM,10,2026-04-20,-0.025649789789379537,0.008471010252833366
BiLSTM,10,2026-04-21,-0.02266270487696291,0.01577160507440567
BiLSTM,10,2026-04-22,0.02357991897934288,0.011397432535886765
BiLSTM,10,2026-04-23,-0.02442010447042988,0.003509059315547347
BiLSTM,10,2026-04-24,-0.0037646050166533977,0.005003366153687239
BiLSTM,10,2026-04-27,-0.01696696172399078,0.003417311469092965
BiLSTM,10,2026-04-28,-0.019779370679373517,0.004778563976287842
BiLSTM,10,2026-04-29,-0.029785877665489336,0.00547465356066823
BiLSTM,10,2026-04-30,0.048504681290635995,0.0014673664700239897
Transformer,1,2025-07-02,0.05429789671784961,-0.0011051995679736137
Transformer,1,2025-07-03,-0.03509131981127006,-0.0017352718859910965
Transformer,1,2025-07-04,0.007623925110659366,0.0005095596425235271
Transformer,1,2025-07-07,-0.015086064492047045,0.007418425288051367
Transformer,1,2025-07-08,0.010809283324776242,0.012868447229266167
Transformer,1,2025-07-09,-0.004368090890178193,0.006363337393850088
Transformer,1,2025-07-10,0.017574163261523414,0.006259637419134378
Transformer,1,2025-07-11,0.04011917078417733,0.007360510062426329
Transformer,1,2025-07-14,-0.03668402334284926,0.008192181587219238
Transformer,1,2025-07-15,-0.003363477786426151,0.009355250746011734
Transformer,1,2025-07-16,0.015718097347172576,0.003974088467657566
Transformer,1,2025-07-17,0.025980948606922395,0.005783524364233017
Transformer,1,2025-07-18,-0.010992557217958275,0.006144256796687841
Transformer,1,2025-07-21,0.026885887874657677,0.007534772157669067
Transformer,1,2025-07-22,-0.008290310715313134,0.005722847301512957
Transformer,1,2025-07-23,-0.019151900685067,0.005801128689199686
Transformer,1,2025-07-24,-0.009153525059112835,0.005109547171741724
Transformer,1,2025-07-25,-0.012147007527393778,0.005328047554939985
Transformer,1,2025-07-28,-0.0023475371464720895,0.005922881420701742
Transformer,1,2025-07-29,-7.120514714500215e-05,0.0020074648782610893
Transformer,1,2025-07-30,-0.03132606827350737,0.004155874252319336
Transformer,2,2025-07-31,-0.05615159890895396,-0.003923163283616304
Transformer,2,2025-08-01,0.013588825083303219,-0.0020231602247804403
Transformer,2,2025-08-04,0.017032060300691564,-0.0012720248196274042
Transformer,2,2025-08-05,-0.006960289354717568,0.0009873190429061651
Transformer,2,2025-08-06,0.0066586573132357205,0.0007569770095869899
Transformer,2,2025-08-07,0.010428110769563709,0.0006030340446159244
Transformer,2,2025-08-08,-0.010729833820386165,-0.0010048460680991411
Transformer,2,2025-08-11,0.003238601081950239,-0.0011419323273003101
Transformer,2,2025-08-12,0.008982768523628983,0.000607950845733285
Transformer,2,2025-08-13,-0.007780412046577663,0.00032694509718567133
Transformer,2,2025-08-14,0.014020699873954793,0.0005042188568040729
Transformer,2,2025-08-15,-0.011919979785004786,0.00021564762573689222
Transformer,2,2025-08-18,-0.005938322555647232,0.0001433748984709382
Transformer,2,2025-08-19,-0.018336554319871908,0.00016742979642003775
Transformer,2,2025-08-20,0.024049978008151045,0.00019959989003837109
Transformer,2,2025-08-21,0.012811102881160759,-0.0009387768805027008
Transformer,2,2025-08-22,0.003103581357723482,5.8892183005809784e-05
Transformer,2,2025-08-25,-0.017715423347965248,-0.000502329203300178
Transformer,2,2025-08-26,0.008077866533329543,-0.0019313921220600605
Transformer,2,2025-08-27,-0.0007452120337467954,-0.0031073070131242275
Transformer,2,2025-08-28,0.011120286384573762,-0.00426814379170537
Transformer,3,2025-08-29,0.00683293268054827,-0.010010317899286747
Transformer,3,2025-09-02,0.0289394885439482,-0.013076112605631351
Transformer,3,2025-09-03,0.029990985432527387,-0.011352927424013615
Transformer,3,2025-09-04,-0.05491132267393003,-0.018918514251708984
Transformer,3,2025-09-05,0.007628356489719208,-0.016509372740983963
Transformer,3,2025-09-08,-0.0006515130320953691,-0.011584817431867123
Transformer,3,2025-09-09,-0.009825048664979812,-0.011820568703114986
Transformer,3,2025-09-10,0.01854989419510853,-0.015111752785742283
Transformer,3,2025-09-11,0.0017932077797482102,-0.016596004366874695
Transformer,3,2025-09-12,0.008491879697597701,-0.016446368768811226
Transformer,3,2025-09-15,0.003900575712101561,-0.010919167660176754
Transformer,3,2025-09-16,-0.010173351768924196,-0.007843970321118832
Transformer,3,2025-09-17,-0.018620665955265174,-0.009547383524477482
Transformer,3,2025-09-18,0.017833816902663176,-0.009809626266360283
Transformer,3,2025-09-19,0.01202135896162909,-0.008180500008165836
Transformer,3,2025-09-22,0.006624338772018788,-0.005477045197039843
Transformer,3,2025-09-23,0.05500208060804961,-0.00199583126232028
Transformer,3,2025-09-24,-0.013183147727295738,-0.0023722690530121326
Transformer,3,2025-09-25,0.030647099994633623,-0.0026873897295445204
Transformer,3,2025-09-26,0.03340710328963251,-0.0021101748570799828
Transformer,3,2025-09-29,0.016667113677587827,-0.0023272286634892225
Transformer,4,2025-09-30,-0.015467338041609338,0.0010966401314362884
Transformer,4,2025-10-01,-0.009320055526438638,0.0005265066865831614
Transformer,4,2025-10-02,-0.00389315068318572,0.0009972667321562767
Transformer,4,2025-10-03,0.034875199318837216,0.0014413914177566767
Transformer,4,2025-10-06,0.00958766808115634,0.0007704513845965266
Transformer,4,2025-10-07,-0.00508972359101377,0.0012020914582535625
Transformer,4,2025-10-08,0.03111067630373697,0.002687462605535984
Transformer,4,2025-10-09,-0.026510428909785496,0.002979000797495246
Transformer,4,2025-10-10,-0.020651176068947143,-0.0005049643805250525
Transformer,4,2025-10-13,0.04214305909187053,-0.0022083399817347527
Transformer,4,2025-10-14,-0.00872264694460278,-0.0010918696643784642
Transformer,4,2025-10-15,0.008183435695993694,-0.0015995026333257556
Transformer,4,2025-10-16,0.0389049380129188,-0.00116536149289459
Transformer,4,2025-10-17,-0.07950966141699312,-0.0002618696598801762
Transformer,4,2025-10-20,0.02014152782682235,-0.004128466360270977
Transformer,4,2025-10-21,-0.0834534298046432,-0.0025328844785690308
Transformer,4,2025-10-22,0.021053409197832263,-0.003416480263695121
Transformer,4,2025-10-23,0.033041791823324326,-0.0027439966797828674
Transformer,4,2025-10-24,0.003960431911251035,-0.0011629026848822832
Transformer,4,2025-10-27,-0.009772167266185813,0.00030747117125429213
Transformer,4,2025-10-28,-0.0008873832129687246,0.001503452192991972
Transformer,5,2025-10-29,0.009027014937524084,-0.0040455348789691925
Transformer,5,2025-10-30,0.01062642796112413,-0.005184359382838011
Transformer,5,2025-10-31,-0.024229497064294635,-0.002468417165800929
Transformer,5,2025-11-03,0.002671896179956862,-0.002077112440019846
Transformer,5,2025-11-04,-0.020345309588489065,-0.0012529747327789664
Transformer,5,2025-11-05,0.0072356094442426605,-0.0010583520634099841
Transformer,5,2025-11-06,-0.016354411350005513,-0.0008602794259786606
Transformer,5,2025-11-07,0.007171760853925076,-0.0015854508383199573
Transformer,5,2025-11-10,0.033097786232648266,-0.001128065399825573
Transformer,5,2025-11-11,-0.0010689837030382371,-0.0015594408614560962
Transformer,5,2025-11-12,0.020488323647807144,-0.0015210533747449517
Transformer,5,2025-11-13,-0.011406746949420432,-0.0015673242742195725
Transformer,5,2025-11-14,-0.030834055255529565,-0.0025799404829740524
Transformer,5,2025-11-17,-0.006127272740868349,-0.002249949611723423
Transformer,5,2025-11-18,-0.00032353037636850476,-0.0021365429274737835
Transformer,5,2025-11-19,0.001099623832940347,-0.0019059089245274663
Transformer,5,2025-11-20,-0.026663053776030093,-0.0022333350498229265
Transformer,5,2025-11-21,0.005033187881238608,0.0005302878562361002
Transformer,5,2025-11-24,0.01878139864914207,0.000833423575386405
Transformer,5,2025-11-25,0.009292203597287156,0.0012664644746109843
Transformer,5,2025-11-26,0.014031737113716202,0.002785239601507783
Transformer,6,2025-11-28,0.06069536118160296,0.013563632033765316
Transformer,6,2025-12-01,-0.0045402884329013415,0.01544347032904625
Transformer,6,2025-12-02,-0.015751193623122647,0.010702507570385933
Transformer,6,2025-12-03,0.007574646123825222,0.0018395482329651713
Transformer,6,2025-12-04,-0.001268522668791291,0.0018117747968062758
Transformer,6,2025-12-05,0.00036258874000403614,0.002886459231376648
Transformer,6,2025-12-08,0.0,0.006350300740450621
Transformer,6,2025-12-09,0.02394071291055024,0.00351231312379241
Transformer,6,2025-12-10,-0.031948491066943405,-0.000751910381950438
Transformer,6,2025-12-11,0.03941279040997831,-0.001963470596820116
Transformer,6,2025-12-12,0.028458687804576898,0.0017909667221829295
Transformer,6,2025-12-15,0.029938341336370397,0.002766168676316738
Transformer,6,2025-12-16,0.03238884209402803,0.001618694863282144
Transformer,6,2025-12-17,0.03292607142749505,-0.002613387070596218
Transformer,6,2025-12-18,0.01172795146834991,-0.0024588322266936302
Transformer,6,2025-12-19,0.02907955645264974,0.0013975383481010795
Transformer,6,2025-12-22,0.03456365222503906,0.003863220103085041
Transformer,6,2025-12-23,0.09076312754876349,0.002462670672684908
Transformer,6,2025-12-24,-0.01750557412132292,-0.0036103539168834686
Transformer,6,2025-12-26,0.09573984563344325,-0.003341612871736288
Transformer,6,2025-12-29,-0.15906604900959542,-0.0010062988149002194
Transformer,7,2025-12-30,0.05881199202023939,0.0001713605597615242
Transformer,7,2025-12-31,-0.09278237750304041,-0.0003614682937040925
Transformer,7,2026-01-02,0.043851048466960564,-0.0013617973309010267
Transformer,7,2026-01-05,0.06545840598781522,-0.000872348784469068
Transformer,7,2026-01-06,0.06997645165095208,-0.0008450380992144346
Transformer,7,2026-01-07,-0.07709585115469823,-0.003629420418292284
Transformer,7,2026-01-08,-0.0007546786121647461,-0.0031609872821718454
Transformer,7,2026-01-09,0.011744107456218981,-0.004983006976544857
Transformer,7,2026-01-12,0.035062582278872684,-0.0017500738613307476
Transformer,7,2026-01-13,-0.010994293221539438,-0.0035399594344198704
Transformer,7,2026-01-14,0.014167757153833019,-0.0013063275255262852
Transformer,7,2026-01-15,0.009627747477561784,-0.0016798239666968584
Transformer,7,2026-01-16,-0.0367334112385482,-0.00041025527752935886
Transformer,7,2026-01-20,0.053948396156832334,-0.00349749275483191
Transformer,7,2026-01-21,0.01991144726071155,-0.0017473576590418816
Transformer,7,2026-01-22,0.03229035735256819,-0.0015540793538093567
Transformer,7,2026-01-23,0.06069352164768608,0.0012878989800810814
Transformer,7,2026-01-26,0.0467570338128215,0.003054979257285595
Transformer,7,2026-01-27,-0.12660388881750273,0.004683660343289375
Transformer,7,2026-01-28,0.036144512262748285,0.004325754474848509
Transformer,7,2026-01-29,-0.0031904272845780365,0.002401231322437525
Transformer,8,2026-01-30,-0.2112410939124752,0.005468406248837709
Transformer,8,2026-02-02,-0.004432506706622088,0.015802878886461258
Transformer,8,2026-02-03,0.047618095694695946,0.019251566380262375
Transformer,8,2026-02-04,-0.015097983652643367,0.0216771699488163
Transformer,8,2026-02-05,-0.04787499079394151,0.02605466917157173
Transformer,8,2026-02-06,0.015259363719073696,0.02869720384478569
Transformer,8,2026-02-09,0.0074246467846108746,0.02551025152206421
Transformer,8,2026-02-10,-0.00823706820728417,0.02662736177444458
Transformer,8,2026-02-11,0.021894623124065156,0.02756764180958271
Transformer,8,2026-02-12,-0.05970119884926718,0.026128996163606644
Transformer,8,2026-02-13,0.02800533158402034,0.02872621640563011
Transformer,8,2026-02-17,-0.02875039556980956,0.025577213615179062
Transformer,8,2026-02-18,0.04560255252769679,0.023146532475948334
Transformer,8,2026-02-19,-0.021158394333875803,0.020156964659690857
Transformer,8,2026-02-20,0.050766998138235125,0.016667526215314865
Transformer,8,2026-02-23,-0.010796912011054982,0.012108680792152882
Transformer,8,2026-02-24,0.01603740683793895,0.008860844187438488
Transformer,8,2026-02-25,0.06414873078485848,0.010029804892838001
Transformer,8,2026-02-26,-0.041662696582930044,0.005965980235487223
Transformer,8,2026-02-27,0.05871631516648984,0.007750330027192831
Transformer,8,2026-03-02,-0.02296207579907521,0.00041427038377150893
Transformer,9,2026-03-03,-0.10820486800986187,0.0040815444663167
Transformer,9,2026-03-04,0.03778669303783018,-0.003236243035644293
Transformer,9,2026-03-05,-0.011529500345499094,-0.0072043780237436295
Transformer,9,2026-03-06,0.005804670650795252,-0.004053656943142414
Transformer,9,2026-03-09,0.012616213402986435,-0.002418124582618475
Transformer,9,2026-03-10,0.029698364290416602,-0.0009086939389817417
Transformer,9,2026-03-11,-0.01351371916672282,-0.003334642620757222
Transformer,9,2026-03-12,-0.020619287202735703,-0.004683956038206816
Transformer,9,2026-03-13,-0.058826482928302934,-0.005693344399333
Transformer,9,2026-03-16,0.025643064138062284,-0.001427425304427743
Transformer,9,2026-03-17,0.020041913271712362,0.0005381437949836254
Transformer,9,2026-03-18,-0.038151788869022284,-0.0006583294016309083
Transformer,9,2026-03-19,-0.056539435595185046,-0.0010409567039459944
Transformer,9,2026-03-20,0.01606256080374712,-0.0004953218158334494
Transformer,9,2026-03-23,-0.057600261227833904,0.00026716390857473016
Transformer,9,2026-03-24,0.016896679340435386,0.004902963526546955
Transformer,9,2026-03-25,0.01739536245450573,0.008403079584240913
Transformer,9,2026-03-26,-0.0461885750159386,0.008819213137030602
Transformer,9,2026-03-27,0.017417963898598975,0.00843594316393137
Transformer,9,2026-03-30,0.007986837725295442,0.008948570117354393
Transformer,9,2026-03-31,0.03358331288350735,0.006567074451595545
Transformer,10,2026-04-01,0.009848801875018371,0.0007023912621662021
Transformer,10,2026-04-02,-0.002796777833518582,0.0027774740010499954
Transformer,10,2026-04-06,-0.002855737614529973,0.002201240276917815
Transformer,10,2026-04-07,-0.014972098746593778,0.0051330095157027245
Transformer,10,2026-04-08,0.06107892062107792,0.005495075136423111
Transformer,10,2026-04-09,0.022184550737613697,0.004430246539413929
Transformer,10,2026-04-10,-0.022916311595956054,0.0017891261959448457
Transformer,10,2026-04-13,0.00617869134366017,0.00048480392433702946
Transformer,10,2026-04-14,0.010997625807174088,4.171549517195672e-05
Transformer,10,2026-04-15,0.013484328048676006,-0.0003937729634344578
Transformer,10,2026-04-16,-0.00893745178431326,-0.0007440967601723969
Transformer,10,2026-04-17,0.014412567138765195,5.053073982708156e-05
Transformer,10,2026-04-20,-0.025649789789379537,9.722870890982449e-05
Transformer,10,2026-04-21,-0.02266270487696291,-0.00025843101320788264
Transformer,10,2026-04-22,0.02357991897934288,-0.0008144791354425251
Transformer,10,2026-04-23,-0.02442010447042988,-0.0017843880923464894
Transformer,10,2026-04-24,-0.0037646050166533977,-0.0031586182303726673
Transformer,10,2026-04-27,-0.01696696172399078,-0.0008093990618363023
Transformer,10,2026-04-28,-0.019779370679373517,0.0008536839741282165
Transformer,10,2026-04-29,-0.029785877665489336,-0.0027035833336412907
Transformer,10,2026-04-30,0.048504681290635995,-0.0038414772134274244
TCN,1,2025-07-02,0.05429789671784961,0.0002856489736586809
TCN,1,2025-07-03,-0.03509131981127006,-0.0022182995453476906
TCN,1,2025-07-04,0.007623925110659366,-0.0007649345207028091
TCN,1,2025-07-07,-0.015086064492047045,-0.0029565549921244383
TCN,1,2025-07-08,0.010809283324776242,-0.0021231744904071093
TCN,1,2025-07-09,-0.004368090890178193,-0.005340617150068283
TCN,1,2025-07-10,0.017574163261523414,0.0010416039731353521
TCN,1,2025-07-11,0.04011917078417733,-0.0011255370918661356
TCN,1,2025-07-14,-0.03668402334284926,-0.001765483757480979
TCN,1,2025-07-15,-0.003363477786426151,-0.0012386860325932503
TCN,1,2025-07-16,0.015718097347172576,-0.00033844076097011566
TCN,1,2025-07-17,0.025980948606922395,0.0012574708089232445
TCN,1,2025-07-18,-0.010992557217958275,-6.319954991340637e-06
TCN,1,2025-07-21,0.026885887874657677,-0.0006171526620164514
TCN,1,2025-07-22,-0.008290310715313134,-0.0022038952447474003
TCN,1,2025-07-23,-0.019151900685067,0.003850597655400634
TCN,1,2025-07-24,-0.009153525059112835,0.0008318456821143627
TCN,1,2025-07-25,-0.012147007527393778,0.001532265916466713
TCN,1,2025-07-28,-0.0023475371464720895,-0.0009390302002429962
TCN,1,2025-07-29,-7.120514714500215e-05,0.0011394384782761335
TCN,1,2025-07-30,-0.03132606827350737,0.0018131525721400976
TCN,2,2025-07-31,-0.05615159890895396,-0.0011479806853458285
TCN,2,2025-08-01,0.013588825083303219,0.004140724427998066
TCN,2,2025-08-04,0.017032060300691564,-0.0008351295255124569
TCN,2,2025-08-05,-0.006960289354717568,0.006222580559551716
TCN,2,2025-08-06,0.0066586573132357205,0.0033598202280700207
TCN,2,2025-08-07,0.010428110769563709,-0.0015179048059508204
TCN,2,2025-08-08,-0.010729833820386165,0.0025377317797392607
TCN,2,2025-08-11,0.003238601081950239,0.001937276334501803
TCN,2,2025-08-12,0.008982768523628983,-0.0019789529033005238
TCN,2,2025-08-13,-0.007780412046577663,-0.002691456116735935
TCN,2,2025-08-14,0.014020699873954793,-0.0014872195897623897
TCN,2,2025-08-15,-0.011919979785004786,0.0015286232810467482
TCN,2,2025-08-18,-0.005938322555647232,-0.002646044362336397
TCN,2,2025-08-19,-0.018336554319871908,0.0025848285295069218
TCN,2,2025-08-20,0.024049978008151045,0.0011457313084974885
TCN,2,2025-08-21,0.012811102881160759,-0.0006853350205346942
TCN,2,2025-08-22,0.003103581357723482,-0.000940413330681622
TCN,2,2025-08-25,-0.017715423347965248,-0.0007367434445768595
TCN,2,2025-08-26,0.008077866533329543,-0.0013732067309319973
TCN,2,2025-08-27,-0.0007452120337467954,-0.0028805704787373543
TCN,2,2025-08-28,0.011120286384573762,-0.0021956744603812695
TCN,3,2025-08-29,0.00683293268054827,-0.000948605069424957
TCN,3,2025-09-02,0.0289394885439482,-0.0005829681758768857
TCN,3,2025-09-03,0.029990985432527387,-0.0015127446968108416
TCN,3,2025-09-04,-0.05491132267393003,-0.0002868922601919621
TCN,3,2025-09-05,0.007628356489719208,-0.0025507567916065454
TCN,3,2025-09-08,-0.0006515130320953691,-0.0005771230207756162
TCN,3,2025-09-09,-0.009825048664979812,-0.000961244513746351
TCN,3,2025-09-10,0.01854989419510853,0.0018650104757398367
TCN,3,2025-09-11,0.0017932077797482102,-8.068251190707088e-06
TCN,3,2025-09-12,0.008491879697597701,-0.004081919323652983
TCN,3,2025-09-15,0.003900575712101561,-0.000586972979363054
TCN,3,2025-09-16,-0.010173351768924196,-0.0016528922133147717
TCN,3,2025-09-17,-0.018620665955265174,-0.0008489018655382097
TCN,3,2025-09-18,0.017833816902663176,-0.000690639775712043
TCN,3,2025-09-19,0.01202135896162909,0.003181296167895198
TCN,3,2025-09-22,0.006624338772018788,0.0008011174504645169
TCN,3,2025-09-23,0.05500208060804961,-0.0006417282857000828
TCN,3,2025-09-24,-0.013183147727295738,-0.00015348807210102677
TCN,3,2025-09-25,0.030647099994633623,-0.0019056294113397598
TCN,3,2025-09-26,0.03340710328963251,-0.0009544708882458508
TCN,3,2025-09-29,0.016667113677587827,0.0014454422052949667
TCN,4,2025-09-30,-0.015467338041609338,0.0017614378593862057
TCN,4,2025-10-01,-0.009320055526438638,0.0010143567342311144
TCN,4,2025-10-02,-0.00389315068318572,-0.0011465217685326934
TCN,4,2025-10-03,0.034875199318837216,-0.005245211999863386
TCN,4,2025-10-06,0.00958766808115634,0.0006413364317268133
TCN,4,2025-10-07,-0.00508972359101377,-0.0035378311295062304
TCN,4,2025-10-08,0.03111067630373697,-0.0015511591918766499
TCN,4,2025-10-09,-0.026510428909785496,-0.0007918193005025387
TCN,4,2025-10-10,-0.020651176068947143,-0.0073359510861337185
TCN,4,2025-10-13,0.04214305909187053,-0.000879473052918911
TCN,4,2025-10-14,-0.00872264694460278,-0.0005506461020559072
TCN,4,2025-10-15,0.008183435695993694,-0.0005799805512651801
TCN,4,2025-10-16,0.0389049380129188,-0.0004831450351048261
TCN,4,2025-10-17,-0.07950966141699312,-0.002474559238180518
TCN,4,2025-10-20,0.02014152782682235,0.00012660244829021394
TCN,4,2025-10-21,-0.0834534298046432,0.0023736346047371626
TCN,4,2025-10-22,0.021053409197832263,-0.005529404152184725
TCN,4,2025-10-23,0.033041791823324326,-0.000104933773400262
TCN,4,2025-10-24,0.003960431911251035,0.003622186603024602
TCN,4,2025-10-27,-0.009772167266185813,0.0014117490500211716
TCN,4,2025-10-28,-0.0008873832129687246,-0.002513505984097719
TCN,5,2025-10-29,0.009027014937524084,-0.004256500396877527
TCN,5,2025-10-30,0.01062642796112413,0.001274889917112887
TCN,5,2025-10-31,-0.024229497064294635,-0.0021946150809526443
TCN,5,2025-11-03,0.002671896179956862,-0.0025554171297699213
TCN,5,2025-11-04,-0.020345309588489065,-0.0047503625974059105
TCN,5,2025-11-05,0.0072356094442426605,-0.001166192116215825
TCN,5,2025-11-06,-0.016354411350005513,-0.00023738481104373932
TCN,5,2025-11-07,0.007171760853925076,-8.031941251829267e-05
TCN,5,2025-11-10,0.033097786232648266,-0.0002725489903241396
TCN,5,2025-11-11,-0.0010689837030382371,-0.0019252323545515537
TCN,5,2025-11-12,0.020488323647807144,-0.0018127892399206758
TCN,5,2025-11-13,-0.011406746949420432,0.0005430435994639993
TCN,5,2025-11-14,-0.030834055255529565,0.0004829615354537964
TCN,5,2025-11-17,-0.006127272740868349,-0.0010802536271512508
TCN,5,2025-11-18,-0.00032353037636850476,-0.0029230345971882343
TCN,5,2025-11-19,0.001099623832940347,-0.0006397499819286168
TCN,5,2025-11-20,-0.026663053776030093,-0.0013875407166779041
TCN,5,2025-11-21,0.005033187881238608,0.00025531521532684565
TCN,5,2025-11-24,0.01878139864914207,-0.001360044232569635
TCN,5,2025-11-25,0.009292203597287156,-0.0005532935028895736
TCN,5,2025-11-26,0.014031737113716202,-0.0007177806692197919
TCN,6,2025-11-28,0.06069536118160296,0.0009146162774413824
TCN,6,2025-12-01,-0.0045402884329013415,0.006839572452008724
TCN,6,2025-12-02,-0.015751193623122647,-9.628900443203747e-06
TCN,6,2025-12-03,0.007574646123825222,-0.002982943318784237
TCN,6,2025-12-04,-0.001268522668791291,-0.0006728691514581442
TCN,6,2025-12-05,0.00036258874000403614,0.0017194461543112993
TCN,6,2025-12-08,0.0,-0.00016937988402787596
TCN,6,2025-12-09,0.02394071291055024,-0.0009585425141267478
TCN,6,2025-12-10,-0.031948491066943405,0.0017999032279476523
TCN,6,2025-12-11,0.03941279040997831,0.0016757644480094314
TCN,6,2025-12-12,0.028458687804576898,0.0046880487352609634
TCN,6,2025-12-15,0.029938341336370397,-0.0005166727933101356
TCN,6,2025-12-16,0.03238884209402803,-0.0022505270317196846
TCN,6,2025-12-17,0.03292607142749505,-0.00023706878710072488
TCN,6,2025-12-18,0.01172795146834991,0.005862242542207241
TCN,6,2025-12-19,0.02907955645264974,-0.00026042747776955366
TCN,6,2025-12-22,0.03456365222503906,-0.0022291478235274553
TCN,6,2025-12-23,0.09076312754876349,-0.0010569678852334619
TCN,6,2025-12-24,-0.01750557412132292,-0.003685919102281332
TCN,6,2025-12-26,0.09573984563344325,0.006450878921896219
TCN,6,2025-12-29,-0.15906604900959542,0.0021180156618356705
TCN,7,2025-12-30,0.05881199202023939,0.0057281386107206345
TCN,7,2025-12-31,-0.09278237750304041,0.010122228413820267
TCN,7,2026-01-02,0.043851048466960564,0.008797947317361832
TCN,7,2026-01-05,0.06545840598781522,0.016488708555698395
TCN,7,2026-01-06,0.06997645165095208,0.008645699359476566
TCN,7,2026-01-07,-0.07709585115469823,0.012216180562973022
TCN,7,2026-01-08,-0.0007546786121647461,0.009314242750406265
TCN,7,2026-01-09,0.011744107456218981,0.004970273934304714
TCN,7,2026-01-12,0.035062582278872684,0.012683120556175709
TCN,7,2026-01-13,-0.010994293221539438,0.013075106777250767
TCN,7,2026-01-14,0.014167757153833019,0.011275891214609146
TCN,7,2026-01-15,0.009627747477561784,0.004221520386636257
TCN,7,2026-01-16,-0.0367334112385482,0.01216069608926773
TCN,7,2026-01-20,0.053948396156832334,0.011328935623168945
TCN,7,2026-01-21,0.01991144726071155,0.00776494387537241
TCN,7,2026-01-22,0.03229035735256819,-0.00022995600011199713
TCN,7,2026-01-23,0.06069352164768608,0.010017752647399902
TCN,7,2026-01-26,0.0467570338128215,0.0077626025304198265
TCN,7,2026-01-27,-0.12660388881750273,0.007859433069825172
TCN,7,2026-01-28,0.036144512262748285,0.005369490012526512
TCN,7,2026-01-29,-0.0031904272845780365,0.00612282007932663
TCN,8,2026-01-30,-0.2112410939124752,0.008336502127349377
TCN,8,2026-02-02,-0.004432506706622088,0.02218061313033104
TCN,8,2026-02-03,0.047618095694695946,0.015603652223944664
TCN,8,2026-02-04,-0.015097983652643367,0.010930499993264675
TCN,8,2026-02-05,-0.04787499079394151,0.011158809065818787
TCN,8,2026-02-06,0.015259363719073696,0.008883190341293812
TCN,8,2026-02-09,0.0074246467846108746,0.006075028795748949
TCN,8,2026-02-10,-0.00823706820728417,0.011386129073798656
TCN,8,2026-02-11,0.021894623124065156,0.0033777260687202215
TCN,8,2026-02-12,-0.05970119884926718,-0.002866622293367982
TCN,8,2026-02-13,0.02800533158402034,0.006872618105262518
TCN,8,2026-02-17,-0.02875039556980956,0.004517776891589165
TCN,8,2026-02-18,0.04560255252769679,0.0037948486860841513
TCN,8,2026-02-19,-0.021158394333875803,0.0014371245633810759
TCN,8,2026-02-20,0.050766998138235125,0.0024268783163279295
TCN,8,2026-02-23,-0.010796912011054982,0.0018856485839933157
TCN,8,2026-02-24,0.01603740683793895,-0.0014167034532874823
TCN,8,2026-02-25,0.06414873078485848,0.004212301690131426
TCN,8,2026-02-26,-0.041662696582930044,-0.0014937552623450756
TCN,8,2026-02-27,0.05871631516648984,0.008412783965468407
TCN,8,2026-03-02,-0.02296207579907521,0.007322659250348806
TCN,9,2026-03-03,-0.10820486800986187,-0.0009131163242273033
TCN,9,2026-03-04,0.03778669303783018,-7.76999513618648e-05
TCN,9,2026-03-05,-0.011529500345499094,-0.00015236518811434507
TCN,9,2026-03-06,0.005804670650795252,0.00024170364486053586
TCN,9,2026-03-09,0.012616213402986435,-0.0023176558315753937
TCN,9,2026-03-10,0.029698364290416602,-0.0005076067172922194
TCN,9,2026-03-11,-0.01351371916672282,-0.0008682921179570258
TCN,9,2026-03-12,-0.020619287202735703,-0.0004248564946465194
TCN,9,2026-03-13,-0.058826482928302934,-0.0028492524288594723
TCN,9,2026-03-16,0.025643064138062284,-0.0011798965279012918
TCN,9,2026-03-17,0.020041913271712362,0.00017377326730638742
TCN,9,2026-03-18,-0.038151788869022284,-0.0009885926265269518
TCN,9,2026-03-19,-0.056539435595185046,0.00023743355995975435
TCN,9,2026-03-20,0.01606256080374712,0.0009150555124506354
TCN,9,2026-03-23,-0.057600261227833904,-0.00018272158922627568
TCN,9,2026-03-24,0.016896679340435386,0.0005300203338265419
TCN,9,2026-03-25,0.01739536245450573,-0.0003041418385691941
TCN,9,2026-03-26,-0.0461885750159386,-0.001295499736443162
TCN,9,2026-03-27,0.017417963898598975,-0.003512261202558875
TCN,9,2026-03-30,0.007986837725295442,-0.000788285571616143
TCN,9,2026-03-31,0.03358331288350735,-0.001337436493486166
TCN,10,2026-04-01,0.009848801875018371,0.0044487034901976585
TCN,10,2026-04-02,-0.002796777833518582,-0.0007736603729426861
TCN,10,2026-04-06,-0.002855737614529973,0.002972944173961878
TCN,10,2026-04-07,-0.014972098746593778,0.00017159082926809788
TCN,10,2026-04-08,0.06107892062107792,-0.0014758585020899773
TCN,10,2026-04-09,0.022184550737613697,0.003644323907792568
TCN,10,2026-04-10,-0.022916311595956054,-0.0009051579982042313
TCN,10,2026-04-13,0.00617869134366017,0.0011763593647629023
TCN,10,2026-04-14,0.010997625807174088,0.002518067602068186
TCN,10,2026-04-15,0.013484328048676006,0.0009031611843965948
TCN,10,2026-04-16,-0.00893745178431326,-0.0008990152273327112
TCN,10,2026-04-17,0.014412567138765195,-0.00021426554303616285
TCN,10,2026-04-20,-0.025649789789379537,0.0013202038826420903
TCN,10,2026-04-21,-0.02266270487696291,0.001976576866582036
TCN,10,2026-04-22,0.02357991897934288,0.0043656169436872005
TCN,10,2026-04-23,-0.02442010447042988,-0.0020314138382673264
TCN,10,2026-04-24,-0.0037646050166533977,0.002326267771422863
TCN,10,2026-04-27,-0.01696696172399078,0.0003820208366960287
TCN,10,2026-04-28,-0.019779370679373517,0.0019007406663149595
TCN,10,2026-04-29,-0.029785877665489336,0.0023420830257236958
TCN,10,2026-04-30,0.048504681290635995,0.00034685235004872084
CNN LSTM,1,2025-07-02,0.05429789671784961,-4.606509173754603e-05
CNN LSTM,1,2025-07-03,-0.03509131981127006,0.0018685095710679889
CNN LSTM,1,2025-07-04,0.007623925110659366,-0.00048786087427288294
CNN LSTM,1,2025-07-07,-0.015086064492047045,0.0012728625442832708
CNN LSTM,1,2025-07-08,0.010809283324776242,-0.00041867810068652034
CNN LSTM,1,2025-07-09,-0.004368090890178193,-0.001957518281415105
CNN LSTM,1,2025-07-10,0.017574163261523414,-0.004125996492803097
CNN LSTM,1,2025-07-11,0.04011917078417733,-0.0031615267507731915
CNN LSTM,1,2025-07-14,-0.03668402334284926,0.0008825559634715319
CNN LSTM,1,2025-07-15,-0.003363477786426151,-0.00025957898469641805
CNN LSTM,1,2025-07-16,0.015718097347172576,0.000778822461143136
CNN LSTM,1,2025-07-17,0.025980948606922395,-0.0006652707234025002
CNN LSTM,1,2025-07-18,-0.010992557217958275,-0.001696529216133058
CNN LSTM,1,2025-07-21,0.026885887874657677,-0.0014449977315962315
CNN LSTM,1,2025-07-22,-0.008290310715313134,-0.0016684627626091242
CNN LSTM,1,2025-07-23,-0.019151900685067,-0.0019836563151329756
CNN LSTM,1,2025-07-24,-0.009153525059112835,-0.0024659433402121067
CNN LSTM,1,2025-07-25,-0.012147007527393778,-0.003484714077785611
CNN LSTM,1,2025-07-28,-0.0023475371464720895,-0.0021965003106743097
CNN LSTM,1,2025-07-29,-7.120514714500215e-05,-0.0007533067837357521
CNN LSTM,1,2025-07-30,-0.03132606827350737,8.787063416093588e-05
CNN LSTM,2,2025-07-31,-0.05615159890895396,0.0034163258969783783
CNN LSTM,2,2025-08-01,0.013588825083303219,-5.4603093303740025e-05
CNN LSTM,2,2025-08-04,0.017032060300691564,0.0011784605449065566
CNN LSTM,2,2025-08-05,-0.006960289354717568,0.0031993547454476357
CNN LSTM,2,2025-08-06,0.0066586573132357205,0.0017677195137366652
CNN LSTM,2,2025-08-07,0.010428110769563709,0.0038489336147904396
CNN LSTM,2,2025-08-08,-0.010729833820386165,0.001928498619236052
CNN LSTM,2,2025-08-11,0.003238601081950239,0.001800831058062613
CNN LSTM,2,2025-08-12,0.008982768523628983,0.001390194403938949
CNN LSTM,2,2025-08-13,-0.007780412046577663,0.002443273551762104
CNN LSTM,2,2025-08-14,0.014020699873954793,0.0030247061513364315
CNN LSTM,2,2025-08-15,-0.011919979785004786,0.0028481469489634037
CNN LSTM,2,2025-08-18,-0.005938322555647232,0.002814019564539194
CNN LSTM,2,2025-08-19,-0.018336554319871908,0.0020524682477116585
CNN LSTM,2,2025-08-20,0.024049978008151045,0.0022515514865517616
CNN LSTM,2,2025-08-21,0.012811102881160759,0.002689288929104805
CNN LSTM,2,2025-08-22,0.003103581357723482,0.002250910270959139
CNN LSTM,2,2025-08-25,-0.017715423347965248,0.0018574657151475549
CNN LSTM,2,2025-08-26,0.008077866533329543,0.0017476935172453523
CNN LSTM,2,2025-08-27,-0.0007452120337467954,0.002199819777160883
CNN LSTM,2,2025-08-28,0.011120286384573762,0.002477806992828846
CNN LSTM,3,2025-08-29,0.00683293268054827,-0.00032382295466959476
CNN LSTM,3,2025-09-02,0.0289394885439482,-0.00017234799452126026
CNN LSTM,3,2025-09-03,0.029990985432527387,-0.0010175942443311214
CNN LSTM,3,2025-09-04,-0.05491132267393003,-0.00045366736594587564
CNN LSTM,3,2025-09-05,0.007628356489719208,-0.00023761286865919828
CNN LSTM,3,2025-09-08,-0.0006515130320953691,0.00011761859059333801
CNN LSTM,3,2025-09-09,-0.009825048664979812,-0.0006077403668314219
CNN LSTM,3,2025-09-10,0.01854989419510853,-0.00016684923321008682
CNN LSTM,3,2025-09-11,0.0017932077797482102,-0.0007643571589142084
CNN LSTM,3,2025-09-12,0.008491879697597701,-0.0016201385296881199
CNN LSTM,3,2025-09-15,0.003900575712101561,-0.0011945145670324564
CNN LSTM,3,2025-09-16,-0.010173351768924196,-0.0016460811020806432
CNN LSTM,3,2025-09-17,-0.018620665955265174,-0.001529844943434
CNN LSTM,3,2025-09-18,0.017833816902663176,-0.00176808366086334
CNN LSTM,3,2025-09-19,0.01202135896162909,-0.0018512706737965345
CNN LSTM,3,2025-09-22,0.006624338772018788,-0.0015970206586644053
CNN LSTM,3,2025-09-23,0.05500208060804961,-0.0015777717344462872
CNN LSTM,3,2025-09-24,-0.013183147727295738,-0.0014166258042678237
CNN LSTM,3,2025-09-25,0.030647099994633623,-0.0007888722466304898
CNN LSTM,3,2025-09-26,0.03340710328963251,-0.0008795519825071096
CNN LSTM,3,2025-09-29,0.016667113677587827,-0.0006437570555135608
CNN LSTM,4,2025-09-30,-0.015467338041609338,-0.0013866799417883158
CNN LSTM,4,2025-10-01,-0.009320055526438638,-0.0006354628130793571
CNN LSTM,4,2025-10-02,-0.00389315068318572,-0.00016707985196262598
CNN LSTM,4,2025-10-03,0.034875199318837216,0.00011069281026721
CNN LSTM,4,2025-10-06,0.00958766808115634,-0.00036702712532132864
CNN LSTM,4,2025-10-07,-0.00508972359101377,-0.0005353660671971738
CNN LSTM,4,2025-10-08,0.03111067630373697,-0.0002092079957947135
CNN LSTM,4,2025-10-09,-0.026510428909785496,0.0002877680817618966
CNN LSTM,4,2025-10-10,-0.020651176068947143,0.0006789533654227853
CNN LSTM,4,2025-10-13,0.04214305909187053,0.00021306786220520735
CNN LSTM,4,2025-10-14,-0.00872264694460278,0.0005433385958895087
CNN LSTM,4,2025-10-15,0.008183435695993694,0.0008706866065040231
CNN LSTM,4,2025-10-16,0.0389049380129188,0.0008532527135685086
CNN LSTM,4,2025-10-17,-0.07950966141699312,0.00024055084213614464
CNN LSTM,4,2025-10-20,0.02014152782682235,0.0016560152871534228
CNN LSTM,4,2025-10-21,-0.0834534298046432,0.0011827399721369147
CNN LSTM,4,2025-10-22,0.021053409197832263,0.0010028410470113158
CNN LSTM,4,2025-10-23,0.033041791823324326,0.0011532491771504283
CNN LSTM,4,2025-10-24,0.003960431911251035,0.0006153507856652141
CNN LSTM,4,2025-10-27,-0.009772167266185813,0.0009487556526437402
CNN LSTM,4,2025-10-28,-0.0008873832129687246,0.000774634419940412
CNN LSTM,5,2025-10-29,0.009027014937524084,-0.0018343754345551133
CNN LSTM,5,2025-10-30,0.01062642796112413,-0.0009398156544193625
CNN LSTM,5,2025-10-31,-0.024229497064294635,-0.001893647713586688
CNN LSTM,5,2025-11-03,0.002671896179956862,-0.001549779437482357
CNN LSTM,5,2025-11-04,-0.020345309588489065,-0.0020271451212465763
CNN LSTM,5,2025-11-05,0.0072356094442426605,-0.0016202488914132118
CNN LSTM,5,2025-11-06,-0.016354411350005513,-0.001215996453538537
CNN LSTM,5,2025-11-07,0.007171760853925076,-0.0012468580389395356
CNN LSTM,5,2025-11-10,0.033097786232648266,-0.0008794748573563993
CNN LSTM,5,2025-11-11,-0.0010689837030382371,-0.0010892836144194007
CNN LSTM,5,2025-11-12,0.020488323647807144,-0.0009354397188872099
CNN LSTM,5,2025-11-13,-0.011406746949420432,-0.0006913744146004319
CNN LSTM,5,2025-11-14,-0.030834055255529565,-0.0011447371216490865
CNN LSTM,5,2025-11-17,-0.006127272740868349,-0.0018268763087689877
CNN LSTM,5,2025-11-18,-0.00032353037636850476,-0.0019844090566039085
CNN LSTM,5,2025-11-19,0.001099623832940347,-0.000644509622361511
CNN LSTM,5,2025-11-20,-0.026663053776030093,-0.0009838714031502604
CNN LSTM,5,2025-11-21,0.005033187881238608,-0.0011769465636461973
CNN LSTM,5,2025-11-24,0.01878139864914207,-0.0006040831212885678
CNN LSTM,5,2025-11-25,0.009292203597287156,-0.000502464477904141
CNN LSTM,5,2025-11-26,0.014031737113716202,-0.0009891072986647487
CNN LSTM,6,2025-11-28,0.06069536118160296,-7.358670700341463e-05
CNN LSTM,6,2025-12-01,-0.0045402884329013415,-0.0010799801675602794
CNN LSTM,6,2025-12-02,-0.015751193623122647,-0.001899298164062202
CNN LSTM,6,2025-12-03,0.007574646123825222,0.0020714178681373596
CNN LSTM,6,2025-12-04,-0.001268522668791291,0.004785386845469475
CNN LSTM,6,2025-12-05,0.00036258874000403614,0.0009094278793781996
CNN LSTM,6,2025-12-08,0.0,0.002680852310732007
CNN LSTM,6,2025-12-09,0.02394071291055024,0.0035090192686766386
CNN LSTM,6,2025-12-10,-0.031948491066943405,0.004606514237821102
CNN LSTM,6,2025-12-11,0.03941279040997831,0.006995833478868008
CNN LSTM,6,2025-12-12,0.028458687804576898,0.003218882018700242
CNN LSTM,6,2025-12-15,0.029938341336370397,0.0028745525050908327
CNN LSTM,6,2025-12-16,0.03238884209402803,-0.0003012219676747918
CNN LSTM,6,2025-12-17,0.03292607142749505,0.0003637115005403757
CNN LSTM,6,2025-12-18,0.01172795146834991,0.0029715762939304113
CNN LSTM,6,2025-12-19,0.02907955645264974,0.0024077899288386106
CNN LSTM,6,2025-12-22,0.03456365222503906,-0.0008822993841022253
CNN LSTM,6,2025-12-23,0.09076312754876349,-0.0020206172484904528
CNN LSTM,6,2025-12-24,-0.01750557412132292,0.0017156789544969797
CNN LSTM,6,2025-12-26,0.09573984563344325,0.0039027801249176264
CNN LSTM,6,2025-12-29,-0.15906604900959542,0.0028595521580427885
CNN LSTM,7,2025-12-30,0.05881199202023939,-0.0029290698003023863
CNN LSTM,7,2025-12-31,-0.09278237750304041,-0.0020036937203258276
CNN LSTM,7,2026-01-02,0.043851048466960564,-0.0015453980304300785
CNN LSTM,7,2026-01-05,0.06545840598781522,-0.0004480993375182152
CNN LSTM,7,2026-01-06,0.06997645165095208,0.00031129224225878716
CNN LSTM,7,2026-01-07,-0.07709585115469823,0.0013408355880528688
CNN LSTM,7,2026-01-08,-0.0007546786121647461,-0.0005675561260432005
CNN LSTM,7,2026-01-09,0.011744107456218981,-0.002082211896777153
CNN LSTM,7,2026-01-12,0.035062582278872684,-0.00035455788020044565
CNN LSTM,7,2026-01-13,-0.010994293221539438,-0.0004428131505846977
CNN LSTM,7,2026-01-14,0.014167757153833019,0.0006897761486470699
CNN LSTM,7,2026-01-15,0.009627747477561784,-0.0010407534427940845
CNN LSTM,7,2026-01-16,-0.0367334112385482,9.943894110620022e-05
CNN LSTM,7,2026-01-20,0.053948396156832334,-0.0013952238950878382
CNN LSTM,7,2026-01-21,0.01991144726071155,-0.0012971030082553625
CNN LSTM,7,2026-01-22,0.03229035735256819,-0.0014847962884232402
CNN LSTM,7,2026-01-23,0.06069352164768608,-0.00151176901999861
CNN LSTM,7,2026-01-26,0.0467570338128215,-0.0012325504794716835
CNN LSTM,7,2026-01-27,-0.12660388881750273,-0.00041394622530788183
CNN LSTM,7,2026-01-28,0.036144512262748285,-0.0008095412631519139
CNN LSTM,7,2026-01-29,-0.0031904272845780365,-0.0024188593961298466
CNN LSTM,8,2026-01-30,-0.2112410939124752,0.0011393269523978233
CNN LSTM,8,2026-02-02,-0.004432506706622088,0.0046717263758182526
CNN LSTM,8,2026-02-03,0.047618095694695946,0.0018198408652096987
CNN LSTM,8,2026-02-04,-0.015097983652643367,0.0020614394452422857
CNN LSTM,8,2026-02-05,-0.04787499079394151,0.003027379745617509
CNN LSTM,8,2026-02-06,0.015259363719073696,0.002764464123174548
CNN LSTM,8,2026-02-09,0.0074246467846108746,0.002650997368618846
CNN LSTM,8,2026-02-10,-0.00823706820728417,0.00197195284999907
CNN LSTM,8,2026-02-11,0.021894623124065156,0.0029460012447088957
CNN LSTM,8,2026-02-12,-0.05970119884926718,0.0016224433202296495
CNN LSTM,8,2026-02-13,0.02800533158402034,0.0018489055801182985
CNN LSTM,8,2026-02-17,-0.02875039556980956,0.000238767359405756
CNN LSTM,8,2026-02-18,0.04560255252769679,4.2842933908104897e-05
CNN LSTM,8,2026-02-19,-0.021158394333875803,0.0005453506018966436
CNN LSTM,8,2026-02-20,0.050766998138235125,0.00033944123424589634
CNN LSTM,8,2026-02-23,-0.010796912011054982,-0.00038925744593143463
CNN LSTM,8,2026-02-24,0.01603740683793895,-0.0008331543067470193
CNN LSTM,8,2026-02-25,0.06414873078485848,-0.0010044100927188993
CNN LSTM,8,2026-02-26,-0.041662696582930044,-0.000718915369361639
CNN LSTM,8,2026-02-27,0.05871631516648984,-0.0001441529020667076
CNN LSTM,8,2026-03-02,-0.02296207579907521,-0.00034351262729614973
CNN LSTM,9,2026-03-03,-0.10820486800986187,-0.0007062999648042023
CNN LSTM,9,2026-03-04,0.03778669303783018,-0.0001226628664880991
CNN LSTM,9,2026-03-05,-0.011529500345499094,-0.012278557755053043
CNN LSTM,9,2026-03-06,0.005804670650795252,5.006114952266216e-05
CNN LSTM,9,2026-03-09,0.012616213402986435,0.0008903325069695711
CNN LSTM,9,2026-03-10,0.029698364290416602,0.0008597022388130426
CNN LSTM,9,2026-03-11,-0.01351371916672282,0.0012504186015576124
CNN LSTM,9,2026-03-12,-0.020619287202735703,0.0002247788943350315
CNN LSTM,9,2026-03-13,-0.058826482928302934,-0.0003921786556020379
CNN LSTM,9,2026-03-16,0.025643064138062284,-0.0004272405640222132
CNN LSTM,9,2026-03-17,0.020041913271712362,0.00035484693944454193
CNN LSTM,9,2026-03-18,-0.038151788869022284,0.0005318319890648127
CNN LSTM,9,2026-03-19,-0.056539435595185046,0.0005651849787682295
CNN LSTM,9,2026-03-20,0.01606256080374712,0.0010977459605783224
CNN LSTM,9,2026-03-23,-0.057600261227833904,0.0013279616832733154
CNN LSTM,9,2026-03-24,0.016896679340435386,0.001533928094431758
CNN LSTM,9,2026-03-25,0.01739536245450573,0.0004080117214471102
CNN LSTM,9,2026-03-26,-0.0461885750159386,0.0012987551745027304
CNN LSTM,9,2026-03-27,0.017417963898598975,0.0022194923367351294
CNN LSTM,9,2026-03-30,0.007986837725295442,0.0014710198156535625
CNN LSTM,9,2026-03-31,0.03358331288350735,0.0007692757062613964
CNN LSTM,10,2026-04-01,0.009848801875018371,-0.005072181113064289
CNN LSTM,10,2026-04-02,-0.002796777833518582,-0.0055321576073765755
CNN LSTM,10,2026-04-06,-0.002855737614529973,-0.0033346086274832487
CNN LSTM,10,2026-04-07,-0.014972098746593778,-0.002293997211381793
CNN LSTM,10,2026-04-08,0.06107892062107792,-0.005916380323469639
CNN LSTM,10,2026-04-09,0.022184550737613697,-0.008824818767607212
CNN LSTM,10,2026-04-10,-0.022916311595956054,-0.008228053338825703
CNN LSTM,10,2026-04-13,0.00617869134366017,-0.004217096604406834
CNN LSTM,10,2026-04-14,0.010997625807174088,-0.003407613141462207
CNN LSTM,10,2026-04-15,0.013484328048676006,-0.009813581593334675
CNN LSTM,10,2026-04-16,-0.00893745178431326,-0.00890637282282114
CNN LSTM,10,2026-04-17,0.014412567138765195,-0.006611050106585026
CNN LSTM,10,2026-04-20,-0.025649789789379537,-0.005125661380589008
CNN LSTM,10,2026-04-21,-0.02266270487696291,-0.004281328059732914
CNN LSTM,10,2026-04-22,0.02357991897934288,-0.00046805362217128277
CNN LSTM,10,2026-04-23,-0.02442010447042988,-0.0029266036581248045
CNN LSTM,10,2026-04-24,-0.0037646050166533977,-0.0037188183050602674
CNN LSTM,10,2026-04-27,-0.01696696172399078,-0.005417444743216038
CNN LSTM,10,2026-04-28,-0.019779370679373517,0.0007462233770638704
CNN LSTM,10,2026-04-29,-0.029785877665489336,-0.008095384575426579
CNN LSTM,10,2026-04-30,0.048504681290635995,-0.006296415813267231
