Model,Fold,Date,y_true,y_pred
Random Walk,1,2025-07-02,0.002951012602480181,0.0
Random Walk,1,2025-07-03,-0.005013005215195885,0.0
Random Walk,1,2025-07-04,0.0010763590326128834,0.0
Random Walk,1,2025-07-07,-0.0011062298064621076,0.0
Random Walk,1,2025-07-08,-0.007778211407505572,0.0
Random Walk,1,2025-07-09,0.0012353600500174169,0.0
Random Walk,1,2025-07-10,0.0014142211893828976,0.0
Random Walk,1,2025-07-11,0.011450578526709174,0.0
Random Walk,1,2025-07-14,-0.0014576320864308596,0.0
Random Walk,1,2025-07-15,-0.006690830038818713,0.0
Random Walk,1,2025-07-16,0.006690830038818678,0.0
Random Walk,1,2025-07-17,-0.00411671977094435,0.0
Random Walk,1,2025-07-18,0.003878517843275477,0.0
Random Walk,1,2025-07-21,0.014221078392013241,0.0
Random Walk,1,2025-07-22,0.010890474089836623,0.0
Random Walk,1,2025-07-23,-0.01347713181881251,0.0
Random Walk,1,2025-07-24,-0.0071185476742964245,0.0
Random Walk,1,2025-07-25,-0.011298178577683532,0.0
Random Walk,1,2025-07-28,-0.00770441311868792,0.0
Random Walk,1,2025-07-29,0.004220687604230213,0.0
Random Walk,1,2025-07-30,-0.008519931583451865,0.0
Random Walk,2,2025-07-31,-0.0007892237945701002,0.0
Random Walk,2,2025-08-01,0.0318568991094105,0.0
Random Walk,2,2025-08-04,0.007793498093309997,0.0
Random Walk,2,2025-08-05,0.002419452581713986,0.0
Random Walk,2,2025-08-06,-0.0003785759879383521,0.0
Random Walk,2,2025-08-07,0.005895110583368623,0.0
Random Walk,2,2025-08-08,0.010828067683390978,0.0
Random Walk,2,2025-08-11,-0.025117358026758067,0.0
Random Walk,2,2025-08-12,-0.0016755449376984748,0.0
Random Walk,2,2025-08-13,0.002732376874092824,0.0
Random Walk,2,2025-08-14,-0.007391654844456962,0.0
Random Walk,2,2025-08-15,-0.00017731931563673257,0.0
Random Walk,2,2025-08-18,-0.0013608550423696423,0.0
Random Walk,2,2025-08-19,-0.005729838577164113,0.0
Random Walk,2,2025-08-20,0.008833365785586416,0.0
Random Walk,2,2025-08-21,-0.0020383464448766497,0.0
Random Walk,2,2025-08-22,0.01085285922255761,0.0
Random Walk,2,2025-08-25,-0.00029256875574397255,0.0
Random Walk,2,2025-08-26,0.00452522485958744,0.0
Random Walk,2,2025-08-27,0.004533865425989448,0.0
Random Walk,2,2025-08-28,0.007424654028850121,0.0
Random Walk,3,2025-08-29,0.011959414672805504,0.0
Random Walk,3,2025-09-02,0.021412365981205005,0.0
Random Walk,3,2025-09-03,0.011981838523569367,0.0
Random Walk,3,2025-09-04,-0.007953439794451702,0.0
Random Walk,3,2025-09-05,0.012837668774505576,0.0
Random Walk,3,2025-09-08,0.006575072093788713,0.0
Random Walk,3,2025-09-09,0.001304432198567463,0.0
Random Walk,3,2025-09-10,-5.430356949830863e-05,0.0
Random Walk,3,2025-09-11,-0.002283948524574761,0.0
Random Walk,3,2025-09-12,0.003478211302115392,0.0
Random Walk,3,2025-09-15,0.008804469354506315,0.0
Random Walk,3,2025-09-16,0.0016389083815749595,0.0
Random Walk,3,2025-09-17,-0.0019616146999941143,0.0
Random Walk,3,2025-09-18,-0.010681406425555337,0.0
Random Walk,3,2025-09-19,0.007448470843354675,0.0
Random Walk,3,2025-09-22,0.01852772524256409,0.0
Random Walk,3,2025-09-23,0.010697223061897887,0.0
Random Walk,3,2025-09-24,-0.012553199790111593,0.0
Random Walk,3,2025-09-25,0.0007958404288577125,0.0
Random Walk,3,2025-09-26,0.009999925510945777,0.0
Random Walk,3,2025-09-29,0.012056186181995571,0.0
Random Walk,4,2025-09-30,0.004658152470113703,0.0
Random Walk,4,2025-10-01,0.006254295801218062,0.0
Random Walk,4,2025-10-02,-0.007571866292281061,0.0
Random Walk,4,2025-10-03,0.010492523852748951,0.0
Random Walk,4,2025-10-06,0.01709577143373889,0.0
Random Walk,4,2025-10-07,0.007041981231953469,0.0
Random Walk,4,2025-10-08,0.016372109855940637,0.0
Random Walk,4,2025-10-09,-0.02434502527272507,0.0
Random Walk,4,2025-10-10,0.006973514949432017,0.0
Random Walk,4,2025-10-13,0.032609203820993034,0.0
Random Walk,4,2025-10-14,0.007328489165936037,0.0
Random Walk,4,2025-10-15,0.009133403673442007,0.0
Random Walk,4,2025-10-16,0.024218812665454535,0.0
Random Walk,4,2025-10-17,-0.02143809876370929,0.0
Random Walk,4,2025-10-20,0.034088268540251064,0.0
Random Walk,4,2025-10-21,-0.05913036061837281,0.0
Random Walk,4,2025-10-22,-0.010691935071186633,0.0
Random Walk,4,2025-10-23,0.019535439260900275,0.0
Random Walk,4,2025-10-24,-0.0018833559568211852,0.0
Random Walk,4,2025-10-27,-0.02895693759216049,0.0
Random Walk,4,2025-10-28,-0.009146825727850414,0.0
Random Walk,5,2025-10-29,0.004408898498803126,0.0
Random Walk,5,2025-10-30,0.003792123759319021,0.0
Random Walk,5,2025-10-31,-0.004842479279663863,0.0
Random Walk,5,2025-11-03,0.0043692722902096805,0.0
Random Walk,5,2025-11-04,-0.013417970451949117,0.0
Random Walk,5,2025-11-05,0.008147479561113499,0.0
Random Walk,5,2025-11-06,-0.00047593341671400114,0.0
Random Walk,5,2025-11-07,0.004699550873542623,0.0
Random Walk,5,2025-11-10,0.027597105528127795,0.0
Random Walk,5,2025-11-11,-0.0013838283037244535,0.0
Random Walk,5,2025-11-12,0.023362758198939928,0.0
Random Walk,5,2025-11-13,-0.004543269059270653,0.0
Random Walk,5,2025-11-14,-0.02420281720599833,0.0
Random Walk,5,2025-11-17,-0.004823286320076406,0.0
Random Walk,5,2025-11-18,-0.0019653611534445575,0.0
Random Walk,5,2025-11-19,0.00400036088198349,0.0
Random Walk,5,2025-11-20,-0.005600065893035144,0.0
Random Walk,5,2025-11-21,0.004791458273076578,0.0
Random Walk,5,2025-11-24,0.0035968942114961056,0.0
Random Walk,5,2025-11-25,0.011124461739009153,0.0
Random Walk,5,2025-11-26,0.006068552727885582,0.0
Random Walk,6,2025-11-28,0.021306896469946157,0.0
Random Walk,6,2025-12-01,0.004666034944276696,0.0
Random Walk,6,2025-12-02,-0.012712634712284829,0.0
Random Walk,6,2025-12-03,0.002768197758106589,0.0
Random Walk,6,2025-12-04,0.0024777311950344304,0.0
Random Walk,6,2025-12-05,0.0,0.0
Random Walk,6,2025-12-08,-0.0059805641405327285,0.0
Random Walk,6,2025-12-09,0.0043766850036946565,0.0
Random Walk,6,2025-12-10,-0.002718388481319545,0.0
Random Walk,6,2025-12-11,0.02068541906367583,0.0
Random Walk,6,2025-12-12,0.003541092433026351,0.0
Random Walk,6,2025-12-15,0.0015929802237420196,0.0
Random Walk,6,2025-12-16,-0.0006692565868493225,0.0
Random Walk,6,2025-12-17,0.009556503562019045,0.0
Random Walk,6,2025-12-18,-0.0021514021043768814,0.0
Random Walk,6,2025-12-19,0.005210323996448743,0.0
Random Walk,6,2025-12-22,0.018540190388463378,0.0
Random Walk,6,2025-12-23,0.00808915566719769,0.0
Random Walk,6,2025-12-24,-0.0006439231226546872,0.0
Random Walk,6,2025-12-26,0.011021124337837926,0.0
Random Walk,6,2025-12-29,-0.04701698661716152,0.0
Random Walk,7,2025-12-30,0.009782482738117076,0.0
Random Walk,7,2025-12-31,-0.01035820786686775,0.0
Random Walk,7,2026-01-02,-0.002652613164826404,0.0
Random Walk,7,2026-01-05,0.027765936481767103,0.0
Random Walk,7,2026-01-06,0.009969258025547125,0.0
Random Walk,7,2026-01-07,-0.0075012289513783775,0.0
Random Walk,7,2026-01-08,-0.00040339893143997464,0.0
Random Walk,7,2026-01-09,0.008971606907573183,0.0
Random Walk,7,2026-01-12,0.024969547666848495,0.0
Random Walk,7,2026-01-13,-0.0033862493362126138,0.0
Random Walk,7,2026-01-14,0.007926601145667499,0.0
Random Walk,7,2026-01-15,-0.0025919619439755117,0.0
Random Walk,7,2026-01-16,-0.006139510703623363,0.0
Random Walk,7,2026-01-20,0.03640959099230665,0.0
Random Walk,7,2026-01-21,0.014932685452998438,0.0
Random Walk,7,2026-01-22,0.015568088290666629,0.0
Random Walk,7,2026-01-23,0.0134035408333191,0.0
Random Walk,7,2026-01-26,0.02043357904047868,0.0
Random Walk,7,2026-01-27,1.9694376895771874e-05,0.0
Random Walk,7,2026-01-28,0.04256289277436651,0.0
Random Walk,7,2026-01-29,0.0027866342053497763,0.0
Random Walk,8,2026-01-30,-0.11405996064112038,0.0
Random Walk,8,2026-02-02,-0.019686303122442145,0.0
Random Walk,8,2026-02-03,0.058926448772030716,0.0
Random Walk,8,2026-02-04,0.003196467347589788,0.0
Random Walk,8,2026-02-05,-0.01245909146284185,0.0
Random Walk,8,2026-02-06,0.018299641596384978,0.0
Random Walk,8,2026-02-09,0.019803434786086996,0.0
Random Walk,8,2026-02-10,-0.009574353643483177,0.0
Random Walk,8,2026-02-11,0.013327607312961768,0.0
Random Walk,8,2026-02-12,-0.029882106550518355,0.0
Random Walk,8,2026-02-13,0.019590990507983467,0.0
Random Walk,8,2026-02-17,-0.02821672026116965,0.0
Random Walk,8,2026-02-18,0.020897567198741928,0.0
Random Walk,8,2026-02-19,-0.0024183520713796174,0.0
Random Walk,8,2026-02-20,0.016570634386725833,0.0
Random Walk,8,2026-02-23,0.02808125044952713,0.0
Random Walk,8,2026-02-24,-0.009479164880599267,0.0
Random Walk,8,2026-02-25,0.009593996324003868,0.0
Random Walk,8,2026-02-26,-0.006141817855776584,0.0
Random Walk,8,2026-02-27,0.010285321903876413,0.0
Random Walk,8,2026-03-02,0.01206514854594433,0.0
Random Walk,9,2026-03-03,-0.03601625408895964,0.0
Random Walk,9,2026-03-04,0.0021445846910061257,0.0
Random Walk,9,2026-03-05,-0.01096609533518948,0.0
Random Walk,9,2026-03-06,0.015629285841707433,0.0
Random Walk,9,2026-03-09,-0.010718842473702186,0.0
Random Walk,9,2026-03-10,0.026756394882401557,0.0
Random Walk,9,2026-03-11,-0.012090885178727579,0.0
Random Walk,9,2026-03-12,-0.010344742558357102,0.0
Random Walk,9,2026-03-13,-0.012584138459255777,0.0
Random Walk,9,2026-03-16,-0.011824579132621192,0.0
Random Walk,9,2026-03-17,0.0011987533933456099,0.0
Random Walk,9,2026-03-18,-0.022617174161619544,0.0
Random Walk,9,2026-03-19,-0.06116472469150908,0.0
Random Walk,9,2026-03-20,-0.006709890029017639,0.0
Random Walk,9,2026-03-23,-0.03732260647233202,0.0
Random Walk,9,2026-03-24,-0.0012032296424023367,0.0
Random Walk,9,2026-03-25,0.033573573740637866,0.0
Random Walk,9,2026-03-26,-0.0394289829459794,0.0
Random Walk,9,2026-03-27,0.026205765776648658,0.0
Random Walk,9,2026-03-30,0.007429207535768564,0.0
Random Walk,9,2026-03-31,0.026512431127413087,0.0
Random Walk,10,2026-04-01,0.03499040911817492,0.0
Random Walk,10,2026-04-02,-0.02810734041002322,0.0
Random Walk,10,2026-04-06,0.0010678741332234593,0.0
Random Walk,10,2026-04-07,0.0,0.0
Random Walk,10,2026-04-08,0.01955272051630473,0.0
Random Walk,10,2026-04-09,0.00850426249624097,0.0
Random Walk,10,2026-04-10,-0.006371458031125033,0.0
Random Walk,10,2026-04-13,-0.004186383727236395,0.0
Random Walk,10,2026-04-14,0.017198280994109087,0.0
Random Walk,10,2026-04-15,-0.0054787859356153785,0.0
Random Walk,10,2026-04-16,-0.0031770068196661392,0.0
Random Walk,10,2026-04-17,0.014719718632466553,0.0
Random Walk,10,2026-04-20,-0.010465320161640049,0.0
Random Walk,10,2026-04-21,-0.02287387820870831,0.0
Random Walk,10,2026-04-22,0.0070519266966085035,0.0
Random Walk,10,2026-04-23,-0.0061200992967565026,0.0
Random Walk,10,2026-04-24,0.003571072167241396,0.0
Random Walk,10,2026-04-27,-0.010005744880541992,0.0
Random Walk,10,2026-04-28,-0.01834052163097715,0.0
Random Walk,10,2026-04-29,-0.010229187187446151,0.0
Random Walk,10,2026-04-30,0.014818975567984847,0.0
ARIMA,1,2025-07-02,0.002951012602480181,-0.00011017248225676313
ARIMA,1,2025-07-03,-0.005013005215195885,0.00028107384381421697
ARIMA,1,2025-07-04,0.0010763590326128834,0.00028107384381421697
ARIMA,1,2025-07-07,-0.0011062298064621076,0.00028107384381421697
ARIMA,1,2025-07-08,-0.007778211407505572,0.00028107384381421697
ARIMA,1,2025-07-09,0.0012353600500174169,0.00028107384381421697
ARIMA,1,2025-07-10,0.0014142211893828976,0.00028107384381421697
ARIMA,1,2025-07-11,0.011450578526709174,0.00028107384381421697
ARIMA,1,2025-07-14,-0.0014576320864308596,0.00028107384381421697
ARIMA,1,2025-07-15,-0.006690830038818713,0.00028107384381421697
ARIMA,1,2025-07-16,0.006690830038818678,0.00028107384381421697
ARIMA,1,2025-07-17,-0.00411671977094435,0.00028107384381421697
ARIMA,1,2025-07-18,0.003878517843275477,0.00028107384381421697
ARIMA,1,2025-07-21,0.014221078392013241,0.00028107384381421697
ARIMA,1,2025-07-22,0.010890474089836623,0.00028107384381421697
ARIMA,1,2025-07-23,-0.01347713181881251,0.00028107384381421697
ARIMA,1,2025-07-24,-0.0071185476742964245,0.00028107384381421697
ARIMA,1,2025-07-25,-0.011298178577683532,0.00028107384381421697
ARIMA,1,2025-07-28,-0.00770441311868792,0.00028107384381421697
ARIMA,1,2025-07-29,0.004220687604230213,0.00028107384381421697
ARIMA,1,2025-07-30,-0.008519931583451865,0.00028107384381421697
ARIMA,2,2025-07-31,-0.0007892237945701002,0.0005415030539199491
ARIMA,2,2025-08-01,0.0318568991094105,0.0002754449417932791
ARIMA,2,2025-08-04,0.007793498093309997,0.0002754449417932791
ARIMA,2,2025-08-05,0.002419452581713986,0.0002754449417932791
ARIMA,2,2025-08-06,-0.0003785759879383521,0.0002754449417932791
ARIMA,2,2025-08-07,0.005895110583368623,0.0002754449417932791
ARIMA,2,2025-08-08,0.010828067683390978,0.0002754449417932791
ARIMA,2,2025-08-11,-0.025117358026758067,0.0002754449417932791
ARIMA,2,2025-08-12,-0.0016755449376984748,0.0002754449417932791
ARIMA,2,2025-08-13,0.002732376874092824,0.0002754449417932791
ARIMA,2,2025-08-14,-0.007391654844456962,0.0002754449417932791
ARIMA,2,2025-08-15,-0.00017731931563673257,0.0002754449417932791
ARIMA,2,2025-08-18,-0.0013608550423696423,0.0002754449417932791
ARIMA,2,2025-08-19,-0.005729838577164113,0.0002754449417932791
ARIMA,2,2025-08-20,0.008833365785586416,0.0002754449417932791
ARIMA,2,2025-08-21,-0.0020383464448766497,0.0002754449417932791
ARIMA,2,2025-08-22,0.01085285922255761,0.0002754449417932791
ARIMA,2,2025-08-25,-0.00029256875574397255,0.0002754449417932791
ARIMA,2,2025-08-26,0.00452522485958744,0.0002754449417932791
ARIMA,2,2025-08-27,0.004533865425989448,0.0002754449417932791
ARIMA,2,2025-08-28,0.007424654028850121,0.0002754449417932791
ARIMA,3,2025-08-29,0.011959414672805504,6.566933204171083e-05
ARIMA,3,2025-09-02,0.021412365981205005,0.0002873478560074069
ARIMA,3,2025-09-03,0.011981838523569367,0.0002873478560074069
ARIMA,3,2025-09-04,-0.007953439794451702,0.0002873478560074069
ARIMA,3,2025-09-05,0.012837668774505576,0.0002873478560074069
ARIMA,3,2025-09-08,0.006575072093788713,0.0002873478560074069
ARIMA,3,2025-09-09,0.001304432198567463,0.0002873478560074069
ARIMA,3,2025-09-10,-5.430356949830863e-05,0.0002873478560074069
ARIMA,3,2025-09-11,-0.002283948524574761,0.0002873478560074069
ARIMA,3,2025-09-12,0.003478211302115392,0.0002873478560074069
ARIMA,3,2025-09-15,0.008804469354506315,0.0002873478560074069
ARIMA,3,2025-09-16,0.0016389083815749595,0.0002873478560074069
ARIMA,3,2025-09-17,-0.0019616146999941143,0.0002873478560074069
ARIMA,3,2025-09-18,-0.010681406425555337,0.0002873478560074069
ARIMA,3,2025-09-19,0.007448470843354675,0.0002873478560074069
ARIMA,3,2025-09-22,0.01852772524256409,0.0002873478560074069
ARIMA,3,2025-09-23,0.010697223061897887,0.0002873478560074069
ARIMA,3,2025-09-24,-0.012553199790111593,0.0002873478560074069
ARIMA,3,2025-09-25,0.0007958404288577125,0.0002873478560074069
ARIMA,3,2025-09-26,0.009999925510945777,0.0002873478560074069
ARIMA,3,2025-09-29,0.012056186181995571,0.0002873478560074069
ARIMA,4,2025-09-30,0.004658152470113703,-3.136460721604755e-05
ARIMA,4,2025-10-01,0.006254295801218062,0.00031210015315835264
ARIMA,4,2025-10-02,-0.007571866292281061,0.00031210015315835264
ARIMA,4,2025-10-03,0.010492523852748951,0.00031210015315835264
ARIMA,4,2025-10-06,0.01709577143373889,0.00031210015315835264
ARIMA,4,2025-10-07,0.007041981231953469,0.00031210015315835264
ARIMA,4,2025-10-08,0.016372109855940637,0.00031210015315835264
ARIMA,4,2025-10-09,-0.02434502527272507,0.00031210015315835264
ARIMA,4,2025-10-10,0.006973514949432017,0.00031210015315835264
ARIMA,4,2025-10-13,0.032609203820993034,0.00031210015315835264
ARIMA,4,2025-10-14,0.007328489165936037,0.00031210015315835264
ARIMA,4,2025-10-15,0.009133403673442007,0.00031210015315835264
ARIMA,4,2025-10-16,0.024218812665454535,0.00031210015315835264
ARIMA,4,2025-10-17,-0.02143809876370929,0.00031210015315835264
ARIMA,4,2025-10-20,0.034088268540251064,0.00031210015315835264
ARIMA,4,2025-10-21,-0.05913036061837281,0.00031210015315835264
ARIMA,4,2025-10-22,-0.010691935071186633,0.00031210015315835264
ARIMA,4,2025-10-23,0.019535439260900275,0.00031210015315835264
ARIMA,4,2025-10-24,-0.0018833559568211852,0.00031210015315835264
ARIMA,4,2025-10-27,-0.02895693759216049,0.00031210015315835264
ARIMA,4,2025-10-28,-0.009146825727850414,0.00031210015315835264
ARIMA,5,2025-10-29,0.004408898498803126,0.0006597242622524467
ARIMA,5,2025-10-30,0.003792123759319021,0.00031866915408268785
ARIMA,5,2025-10-31,-0.004842479279663863,0.00031866915408268785
ARIMA,5,2025-11-03,0.0043692722902096805,0.00031866915408268785
ARIMA,5,2025-11-04,-0.013417970451949117,0.00031866915408268785
ARIMA,5,2025-11-05,0.008147479561113499,0.00031866915408268785
ARIMA,5,2025-11-06,-0.00047593341671400114,0.00031866915408268785
ARIMA,5,2025-11-07,0.004699550873542623,0.00031866915408268785
ARIMA,5,2025-11-10,0.027597105528127795,0.00031866915408268785
ARIMA,5,2025-11-11,-0.0013838283037244535,0.00031866915408268785
ARIMA,5,2025-11-12,0.023362758198939928,0.00031866915408268785
ARIMA,5,2025-11-13,-0.004543269059270653,0.00031866915408268785
ARIMA,5,2025-11-14,-0.02420281720599833,0.00031866915408268785
ARIMA,5,2025-11-17,-0.004823286320076406,0.00031866915408268785
ARIMA,5,2025-11-18,-0.0019653611534445575,0.00031866915408268785
ARIMA,5,2025-11-19,0.00400036088198349,0.00031866915408268785
ARIMA,5,2025-11-20,-0.005600065893035144,0.00031866915408268785
ARIMA,5,2025-11-21,0.004791458273076578,0.00031866915408268785
ARIMA,5,2025-11-24,0.0035968942114961056,0.00031866915408268785
ARIMA,5,2025-11-25,0.011124461739009153,0.00031866915408268785
ARIMA,5,2025-11-26,0.006068552727885582,0.00031866915408268785
ARIMA,6,2025-11-28,0.021306896469946157,0.0001299637417451538
ARIMA,6,2025-12-01,0.004666034944276696,0.0003281313160934704
ARIMA,6,2025-12-02,-0.012712634712284829,0.0003281313160934704
ARIMA,6,2025-12-03,0.002768197758106589,0.0003281313160934704
ARIMA,6,2025-12-04,0.0024777311950344304,0.0003281313160934704
ARIMA,6,2025-12-05,0.0,0.0003281313160934704
ARIMA,6,2025-12-08,-0.0059805641405327285,0.0003281313160934704
ARIMA,6,2025-12-09,0.0043766850036946565,0.0003281313160934704
ARIMA,6,2025-12-10,-0.002718388481319545,0.0003281313160934704
ARIMA,6,2025-12-11,0.02068541906367583,0.0003281313160934704
ARIMA,6,2025-12-12,0.003541092433026351,0.0003281313160934704
ARIMA,6,2025-12-15,0.0015929802237420196,0.0003281313160934704
ARIMA,6,2025-12-16,-0.0006692565868493225,0.0003281313160934704
ARIMA,6,2025-12-17,0.009556503562019045,0.0003281313160934704
ARIMA,6,2025-12-18,-0.0021514021043768814,0.0003281313160934704
ARIMA,6,2025-12-19,0.005210323996448743,0.0003281313160934704
ARIMA,6,2025-12-22,0.018540190388463378,0.0003281313160934704
ARIMA,6,2025-12-23,0.00808915566719769,0.0003281313160934704
ARIMA,6,2025-12-24,-0.0006439231226546872,0.0003281313160934704
ARIMA,6,2025-12-26,0.011021124337837926,0.0003281313160934704
ARIMA,6,2025-12-29,-0.04701698661716152,0.0003281313160934704
ARIMA,7,2025-12-30,0.009782482738117076,0.0018846113151090335
ARIMA,7,2025-12-31,-0.01035820786686775,0.00033693121581879345
ARIMA,7,2026-01-02,-0.002652613164826404,0.00033693121581879345
ARIMA,7,2026-01-05,0.027765936481767103,0.00033693121581879345
ARIMA,7,2026-01-06,0.009969258025547125,0.00033693121581879345
ARIMA,7,2026-01-07,-0.0075012289513783775,0.00033693121581879345
ARIMA,7,2026-01-08,-0.00040339893143997464,0.00033693121581879345
ARIMA,7,2026-01-09,0.008971606907573183,0.00033693121581879345
ARIMA,7,2026-01-12,0.024969547666848495,0.00033693121581879345
ARIMA,7,2026-01-13,-0.0033862493362126138,0.00033693121581879345
ARIMA,7,2026-01-14,0.007926601145667499,0.00033693121581879345
ARIMA,7,2026-01-15,-0.0025919619439755117,0.00033693121581879345
ARIMA,7,2026-01-16,-0.006139510703623363,0.00033693121581879345
ARIMA,7,2026-01-20,0.03640959099230665,0.00033693121581879345
ARIMA,7,2026-01-21,0.014932685452998438,0.00033693121581879345
ARIMA,7,2026-01-22,0.015568088290666629,0.00033693121581879345
ARIMA,7,2026-01-23,0.0134035408333191,0.00033693121581879345
ARIMA,7,2026-01-26,0.02043357904047868,0.00033693121581879345
ARIMA,7,2026-01-27,1.9694376895771874e-05,0.00033693121581879345
ARIMA,7,2026-01-28,0.04256289277436651,0.00033693121581879345
ARIMA,7,2026-01-29,0.0027866342053497763,0.00033693121581879345
ARIMA,8,2026-01-30,-0.11405996064112038,0.00031175287051333665
ARIMA,8,2026-02-02,-0.019686303122442145,0.000387637702473333
ARIMA,8,2026-02-03,0.058926448772030716,0.0003853109211280862
ARIMA,8,2026-02-04,0.003196467347589788,0.0003853822649169404
ARIMA,8,2026-02-05,-0.01245909146284185,0.00038538007737309643
ARIMA,8,2026-02-06,0.018299641596384978,0.0003853801444475839
ARIMA,8,2026-02-09,0.019803434786086996,0.0003853801423909454
ARIMA,8,2026-02-10,-0.009574353643483177,0.00038538014245400606
ARIMA,8,2026-02-11,0.013327607312961768,0.0003853801424520725
ARIMA,8,2026-02-12,-0.029882106550518355,0.0003853801424521318
ARIMA,8,2026-02-13,0.019590990507983467,0.00038538014245212995
ARIMA,8,2026-02-17,-0.02821672026116965,0.00038538014245213
ARIMA,8,2026-02-18,0.020897567198741928,0.00038538014245213
ARIMA,8,2026-02-19,-0.0024183520713796174,0.00038538014245213
ARIMA,8,2026-02-20,0.016570634386725833,0.00038538014245213
ARIMA,8,2026-02-23,0.02808125044952713,0.00038538014245213
ARIMA,8,2026-02-24,-0.009479164880599267,0.00038538014245213
ARIMA,8,2026-02-25,0.009593996324003868,0.00038538014245213
ARIMA,8,2026-02-26,-0.006141817855776584,0.00038538014245213
ARIMA,8,2026-02-27,0.010285321903876413,0.00038538014245213
ARIMA,8,2026-03-02,0.01206514854594433,0.00038538014245213
ARIMA,9,2026-03-03,-0.03601625408895964,-8.35374130956425e-06
ARIMA,9,2026-03-04,0.0021445846910061257,0.0003826092296170228
ARIMA,9,2026-03-05,-0.01096609533518948,0.0003826092296170228
ARIMA,9,2026-03-06,0.015629285841707433,0.0003826092296170228
ARIMA,9,2026-03-09,-0.010718842473702186,0.0003826092296170228
ARIMA,9,2026-03-10,0.026756394882401557,0.0003826092296170228
ARIMA,9,2026-03-11,-0.012090885178727579,0.0003826092296170228
ARIMA,9,2026-03-12,-0.010344742558357102,0.0003826092296170228
ARIMA,9,2026-03-13,-0.012584138459255777,0.0003826092296170228
ARIMA,9,2026-03-16,-0.011824579132621192,0.0003826092296170228
ARIMA,9,2026-03-17,0.0011987533933456099,0.0003826092296170228
ARIMA,9,2026-03-18,-0.022617174161619544,0.0003826092296170228
ARIMA,9,2026-03-19,-0.06116472469150908,0.0003826092296170228
ARIMA,9,2026-03-20,-0.006709890029017639,0.0003826092296170228
ARIMA,9,2026-03-23,-0.03732260647233202,0.0003826092296170228
ARIMA,9,2026-03-24,-0.0012032296424023367,0.0003826092296170228
ARIMA,9,2026-03-25,0.033573573740637866,0.0003826092296170228
ARIMA,9,2026-03-26,-0.0394289829459794,0.0003826092296170228
ARIMA,9,2026-03-27,0.026205765776648658,0.0003826092296170228
ARIMA,9,2026-03-30,0.007429207535768564,0.0003826092296170228
ARIMA,9,2026-03-31,0.026512431127413087,0.0003826092296170228
ARIMA,10,2026-04-01,0.03499040911817492,-0.0005377772785483488
ARIMA,10,2026-04-02,-0.02810734041002322,0.00034781085447138177
ARIMA,10,2026-04-06,0.0010678741332234593,0.00034781085447138177
ARIMA,10,2026-04-07,0.0,0.00034781085447138177
ARIMA,10,2026-04-08,0.01955272051630473,0.00034781085447138177
ARIMA,10,2026-04-09,0.00850426249624097,0.00034781085447138177
ARIMA,10,2026-04-10,-0.006371458031125033,0.00034781085447138177
ARIMA,10,2026-04-13,-0.004186383727236395,0.00034781085447138177
ARIMA,10,2026-04-14,0.017198280994109087,0.00034781085447138177
ARIMA,10,2026-04-15,-0.0054787859356153785,0.00034781085447138177
ARIMA,10,2026-04-16,-0.0031770068196661392,0.00034781085447138177
ARIMA,10,2026-04-17,0.014719718632466553,0.00034781085447138177
ARIMA,10,2026-04-20,-0.010465320161640049,0.00034781085447138177
ARIMA,10,2026-04-21,-0.02287387820870831,0.00034781085447138177
ARIMA,10,2026-04-22,0.0070519266966085035,0.00034781085447138177
ARIMA,10,2026-04-23,-0.0061200992967565026,0.00034781085447138177
ARIMA,10,2026-04-24,0.003571072167241396,0.00034781085447138177
ARIMA,10,2026-04-27,-0.010005744880541992,0.00034781085447138177
ARIMA,10,2026-04-28,-0.01834052163097715,0.00034781085447138177
ARIMA,10,2026-04-29,-0.010229187187446151,0.00034781085447138177
ARIMA,10,2026-04-30,0.014818975567984847,0.00034781085447138177
Decision Tree,1,2025-07-02,-0.005013005215195885,0.0003029909273467584
Decision Tree,1,2025-07-03,0.0010763590326128834,0.0003029909273467584
Decision Tree,1,2025-07-04,-0.0011062298064621076,0.0003029909273467584
Decision Tree,1,2025-07-07,-0.007778211407505572,0.0003029909273467584
Decision Tree,1,2025-07-08,0.0012353600500174169,0.0003029909273467584
Decision Tree,1,2025-07-09,0.0014142211893828976,0.0003029909273467584
Decision Tree,1,2025-07-10,0.011450578526709174,0.0003029909273467584
Decision Tree,1,2025-07-11,-0.0014576320864308596,0.0003029909273467584
Decision Tree,1,2025-07-14,-0.006690830038818713,0.0003029909273467584
Decision Tree,1,2025-07-15,0.006690830038818678,0.0003029909273467584
Decision Tree,1,2025-07-16,-0.00411671977094435,0.0003029909273467584
Decision Tree,1,2025-07-17,0.003878517843275477,0.0003029909273467584
Decision Tree,1,2025-07-18,0.014221078392013241,0.0003029909273467584
Decision Tree,1,2025-07-21,0.010890474089836623,0.0003029909273467584
Decision Tree,1,2025-07-22,-0.01347713181881251,0.0003029909273467584
Decision Tree,1,2025-07-23,-0.0071185476742964245,0.0003029909273467584
Decision Tree,1,2025-07-24,-0.011298178577683532,0.0003029909273467584
Decision Tree,1,2025-07-25,-0.00770441311868792,0.0003029909273467584
Decision Tree,1,2025-07-28,0.004220687604230213,0.0003029909273467584
Decision Tree,1,2025-07-29,-0.008519931583451865,0.0003029909273467584
Decision Tree,1,2025-07-30,-0.0007892237945701002,0.0003029909273467584
Decision Tree,2,2025-07-31,0.0318568991094105,0.00029610439544180766
Decision Tree,2,2025-08-01,0.007793498093309997,0.00029610439544180766
Decision Tree,2,2025-08-04,0.002419452581713986,0.00029610439544180766
Decision Tree,2,2025-08-05,-0.0003785759879383521,0.00029610439544180766
Decision Tree,2,2025-08-06,0.005895110583368623,0.00029610439544180766
Decision Tree,2,2025-08-07,0.010828067683390978,0.00029610439544180766
Decision Tree,2,2025-08-08,-0.025117358026758067,0.00029610439544180766
Decision Tree,2,2025-08-11,-0.0016755449376984748,0.00029610439544180766
Decision Tree,2,2025-08-12,0.002732376874092824,0.00029610439544180766
Decision Tree,2,2025-08-13,-0.007391654844456962,0.00029610439544180766
Decision Tree,2,2025-08-14,-0.00017731931563673257,0.00029610439544180766
Decision Tree,2,2025-08-15,-0.0013608550423696423,0.00029610439544180766
Decision Tree,2,2025-08-18,-0.005729838577164113,0.00029610439544180766
Decision Tree,2,2025-08-19,0.008833365785586416,0.00029610439544180766
Decision Tree,2,2025-08-20,-0.0020383464448766497,0.00029610439544180766
Decision Tree,2,2025-08-21,0.01085285922255761,0.00029610439544180766
Decision Tree,2,2025-08-22,-0.00029256875574397255,0.00029610439544180766
Decision Tree,2,2025-08-25,0.00452522485958744,0.00029610439544180766
Decision Tree,2,2025-08-26,0.004533865425989448,0.00029610439544180766
Decision Tree,2,2025-08-27,0.007424654028850121,0.00029610439544180766
Decision Tree,2,2025-08-28,0.011959414672805504,0.00029610439544180766
Decision Tree,3,2025-08-29,0.021412365981205005,0.00031150838054673014
Decision Tree,3,2025-09-02,0.011981838523569367,0.00031150838054673014
Decision Tree,3,2025-09-03,-0.007953439794451702,0.00031150838054673014
Decision Tree,3,2025-09-04,0.012837668774505576,0.00031150838054673014
Decision Tree,3,2025-09-05,0.006575072093788713,0.00031150838054673014
Decision Tree,3,2025-09-08,0.001304432198567463,0.00031150838054673014
Decision Tree,3,2025-09-09,-5.430356949830863e-05,0.00031150838054673014
Decision Tree,3,2025-09-10,-0.002283948524574761,0.00031150838054673014
Decision Tree,3,2025-09-11,0.003478211302115392,0.00031150838054673014
Decision Tree,3,2025-09-12,0.008804469354506315,0.00031150838054673014
Decision Tree,3,2025-09-15,0.0016389083815749595,0.00031150838054673014
Decision Tree,3,2025-09-16,-0.0019616146999941143,0.00031150838054673014
Decision Tree,3,2025-09-17,-0.010681406425555337,0.00031150838054673014
Decision Tree,3,2025-09-18,0.007448470843354675,0.00031150838054673014
Decision Tree,3,2025-09-19,0.01852772524256409,0.00031150838054673014
Decision Tree,3,2025-09-22,0.010697223061897887,0.00031150838054673014
Decision Tree,3,2025-09-23,-0.012553199790111593,0.00031150838054673014
Decision Tree,3,2025-09-24,0.0007958404288577125,0.00031150838054673014
Decision Tree,3,2025-09-25,0.009999925510945777,0.00031150838054673014
Decision Tree,3,2025-09-26,0.012056186181995571,0.00031150838054673014
Decision Tree,3,2025-09-29,0.004658152470113703,0.00031150838054673014
Decision Tree,4,2025-09-30,0.006254295801218062,0.0003348185127653641
Decision Tree,4,2025-10-01,-0.007571866292281061,0.0003348185127653641
Decision Tree,4,2025-10-02,0.010492523852748951,0.0003348185127653641
Decision Tree,4,2025-10-03,0.01709577143373889,0.0003348185127653641
Decision Tree,4,2025-10-06,0.007041981231953469,0.0003348185127653641
Decision Tree,4,2025-10-07,0.016372109855940637,0.0003348185127653641
Decision Tree,4,2025-10-08,-0.02434502527272507,0.0003348185127653641
Decision Tree,4,2025-10-09,0.006973514949432017,0.0003348185127653641
Decision Tree,4,2025-10-10,0.032609203820993034,0.0003348185127653641
Decision Tree,4,2025-10-13,0.007328489165936037,0.0003348185127653641
Decision Tree,4,2025-10-14,0.009133403673442007,0.0003348185127653641
Decision Tree,4,2025-10-15,0.024218812665454535,0.0003348185127653641
Decision Tree,4,2025-10-16,-0.02143809876370929,0.0003348185127653641
Decision Tree,4,2025-10-17,0.034088268540251064,0.0003348185127653641
Decision Tree,4,2025-10-20,-0.05913036061837281,0.0003348185127653641
Decision Tree,4,2025-10-21,-0.010691935071186633,-0.030744888621453706
Decision Tree,4,2025-10-22,0.019535439260900275,0.0003348185127653641
Decision Tree,4,2025-10-23,-0.0018833559568211852,0.0003348185127653641
Decision Tree,4,2025-10-24,-0.02895693759216049,0.0003348185127653641
Decision Tree,4,2025-10-27,-0.009146825727850414,0.0003348185127653641
Decision Tree,4,2025-10-28,0.004408898498803126,0.0003348185127653641
Decision Tree,5,2025-10-29,0.003792123759319021,0.0003441740983327553
Decision Tree,5,2025-10-30,-0.004842479279663863,0.0003441740983327553
Decision Tree,5,2025-10-31,0.0043692722902096805,0.0003441740983327553
Decision Tree,5,2025-11-03,-0.013417970451949117,0.0003441740983327553
Decision Tree,5,2025-11-04,0.008147479561113499,0.0003441740983327553
Decision Tree,5,2025-11-05,-0.00047593341671400114,0.0003441740983327553
Decision Tree,5,2025-11-06,0.004699550873542623,0.0003441740983327553
Decision Tree,5,2025-11-07,0.027597105528127795,0.0003441740983327553
Decision Tree,5,2025-11-10,-0.0013838283037244535,0.0003441740983327553
Decision Tree,5,2025-11-11,0.023362758198939928,0.0003441740983327553
Decision Tree,5,2025-11-12,-0.004543269059270653,0.0003441740983327553
Decision Tree,5,2025-11-13,-0.02420281720599833,0.0003441740983327553
Decision Tree,5,2025-11-14,-0.004823286320076406,0.0003441740983327553
Decision Tree,5,2025-11-17,-0.0019653611534445575,0.0003441740983327553
Decision Tree,5,2025-11-18,0.00400036088198349,0.0003441740983327553
Decision Tree,5,2025-11-19,-0.005600065893035144,0.0003441740983327553
Decision Tree,5,2025-11-20,0.004791458273076578,0.0003441740983327553
Decision Tree,5,2025-11-21,0.0035968942114961056,0.0003441740983327553
Decision Tree,5,2025-11-24,0.011124461739009153,0.0003441740983327553
Decision Tree,5,2025-11-25,0.006068552727885582,0.0003441740983327553
Decision Tree,5,2025-11-26,0.021306896469946157,0.0003441740983327553
Decision Tree,6,2025-11-28,0.004666034944276696,0.0003718778783194277
Decision Tree,6,2025-12-01,-0.012712634712284829,0.0003718778783194277
Decision Tree,6,2025-12-02,0.002768197758106589,0.0003718778783194277
Decision Tree,6,2025-12-03,0.0024777311950344304,0.0003718778783194277
Decision Tree,6,2025-12-04,0.0,0.0003718778783194277
Decision Tree,6,2025-12-05,-0.0059805641405327285,0.0003718778783194277
Decision Tree,6,2025-12-08,0.0043766850036946565,0.0003718778783194277
Decision Tree,6,2025-12-09,-0.002718388481319545,0.0003718778783194277
Decision Tree,6,2025-12-10,0.02068541906367583,0.0003718778783194277
Decision Tree,6,2025-12-11,0.003541092433026351,0.0003718778783194277
Decision Tree,6,2025-12-12,0.0015929802237420196,0.0003718778783194277
Decision Tree,6,2025-12-15,-0.0006692565868493225,0.0003718778783194277
Decision Tree,6,2025-12-16,0.009556503562019045,0.0003718778783194277
Decision Tree,6,2025-12-17,-0.0021514021043768814,0.0003718778783194277
Decision Tree,6,2025-12-18,0.005210323996448743,0.0003718778783194277
Decision Tree,6,2025-12-19,0.018540190388463378,0.0003718778783194277
Decision Tree,6,2025-12-22,0.00808915566719769,0.0003718778783194277
Decision Tree,6,2025-12-23,-0.0006439231226546872,0.0003718778783194277
Decision Tree,6,2025-12-24,0.011021124337837926,0.0003718778783194277
Decision Tree,6,2025-12-26,-0.04701698661716152,0.0003718778783194277
Decision Tree,6,2025-12-29,0.009782482738117076,0.0003718778783194277
Decision Tree,7,2025-12-30,-0.01035820786686775,0.00037763426489996097
Decision Tree,7,2025-12-31,-0.002652613164826404,0.00037763426489996097
Decision Tree,7,2026-01-02,0.027765936481767103,-0.017343093460495885
Decision Tree,7,2026-01-05,0.009969258025547125,0.00037763426489996097
Decision Tree,7,2026-01-06,-0.0075012289513783775,0.00037763426489996097
Decision Tree,7,2026-01-07,-0.00040339893143997464,0.00037763426489996097
Decision Tree,7,2026-01-08,0.008971606907573183,0.00037763426489996097
Decision Tree,7,2026-01-09,0.024969547666848495,0.00037763426489996097
Decision Tree,7,2026-01-12,-0.0033862493362126138,0.00037763426489996097
Decision Tree,7,2026-01-13,0.007926601145667499,0.00037763426489996097
Decision Tree,7,2026-01-14,-0.0025919619439755117,0.00037763426489996097
Decision Tree,7,2026-01-15,-0.006139510703623363,0.00037763426489996097
Decision Tree,7,2026-01-16,0.03640959099230665,0.00037763426489996097
Decision Tree,7,2026-01-20,0.014932685452998438,0.00037763426489996097
Decision Tree,7,2026-01-21,0.015568088290666629,0.00037763426489996097
Decision Tree,7,2026-01-22,0.0134035408333191,0.00037763426489996097
Decision Tree,7,2026-01-23,0.02043357904047868,0.00037763426489996097
Decision Tree,7,2026-01-26,1.9694376895771874e-05,0.00037763426489996097
Decision Tree,7,2026-01-27,0.04256289277436651,0.00037763426489996097
Decision Tree,7,2026-01-28,0.0027866342053497763,-0.017343093460495885
Decision Tree,7,2026-01-29,-0.11405996064112038,-0.01942332772554673
Decision Tree,8,2026-01-30,-0.019686303122442145,-0.04967118515747196
Decision Tree,8,2026-02-02,0.058926448772030716,-0.01190653032648683
Decision Tree,8,2026-02-03,0.003196467347589788,0.0003985675521657935
Decision Tree,8,2026-02-04,-0.01245909146284185,0.0003985675521657935
Decision Tree,8,2026-02-05,0.018299641596384978,0.0003985675521657935
Decision Tree,8,2026-02-06,0.019803434786086996,-0.01190653032648683
Decision Tree,8,2026-02-09,-0.009574353643483177,0.0003985675521657935
Decision Tree,8,2026-02-10,0.013327607312961768,0.0003985675521657935
Decision Tree,8,2026-02-11,-0.029882106550518355,0.0003985675521657935
Decision Tree,8,2026-02-12,0.019590990507983467,0.0003985675521657935
Decision Tree,8,2026-02-13,-0.02821672026116965,-0.01190653032648683
Decision Tree,8,2026-02-17,0.020897567198741928,0.0003985675521657935
Decision Tree,8,2026-02-18,-0.0024183520713796174,0.0003985675521657935
Decision Tree,8,2026-02-19,0.016570634386725833,0.0003985675521657935
Decision Tree,8,2026-02-20,0.02808125044952713,0.0003985675521657935
Decision Tree,8,2026-02-23,-0.009479164880599267,0.0003985675521657935
Decision Tree,8,2026-02-24,0.009593996324003868,0.0003985675521657935
Decision Tree,8,2026-02-25,-0.006141817855776584,0.0003985675521657935
Decision Tree,8,2026-02-26,0.010285321903876413,0.0003985675521657935
Decision Tree,8,2026-02-27,0.01206514854594433,0.0003985675521657935
Decision Tree,8,2026-03-02,-0.03601625408895964,0.0003985675521657935
Decision Tree,9,2026-03-03,0.0021445846910061257,0.0003485307093814632
Decision Tree,9,2026-03-04,-0.01096609533518948,0.0003485307093814632
Decision Tree,9,2026-03-05,0.015629285841707433,0.0003485307093814632
Decision Tree,9,2026-03-06,-0.010718842473702186,0.0003485307093814632
Decision Tree,9,2026-03-09,0.026756394882401557,0.0003485307093814632
Decision Tree,9,2026-03-10,-0.012090885178727579,0.0003485307093814632
Decision Tree,9,2026-03-11,-0.010344742558357102,0.0003485307093814632
Decision Tree,9,2026-03-12,-0.012584138459255777,0.0003485307093814632
Decision Tree,9,2026-03-13,-0.011824579132621192,0.0003485307093814632
Decision Tree,9,2026-03-16,0.0011987533933456099,0.0003485307093814632
Decision Tree,9,2026-03-17,-0.022617174161619544,0.0003485307093814632
Decision Tree,9,2026-03-18,-0.06116472469150908,0.0003485307093814632
Decision Tree,9,2026-03-19,-0.006709890029017639,0.0003485307093814632
Decision Tree,9,2026-03-20,-0.03732260647233202,0.03171724272579898
Decision Tree,9,2026-03-23,-0.0012032296424023367,0.014538065600114381
Decision Tree,9,2026-03-24,0.033573573740637866,0.014538065600114381
Decision Tree,9,2026-03-25,-0.0394289829459794,0.014538065600114381
Decision Tree,9,2026-03-26,0.026205765776648658,0.014538065600114381
Decision Tree,9,2026-03-27,0.007429207535768564,0.014538065600114381
Decision Tree,9,2026-03-30,0.026512431127413087,0.014538065600114381
Decision Tree,9,2026-03-31,0.03499040911817492,0.0003485307093814632
Decision Tree,10,2026-04-02,-0.02810734041002322,0.00036096415302296043
Decision Tree,10,2026-04-06,0.0010678741332234593,0.00036096415302296043
Decision Tree,10,2026-04-07,0.0,0.00036096415302296043
Decision Tree,10,2026-04-08,0.01955272051630473,0.00036096415302296043
Decision Tree,10,2026-04-09,0.00850426249624097,0.00036096415302296043
Decision Tree,10,2026-04-10,-0.006371458031125033,0.00036096415302296043
Decision Tree,10,2026-04-13,-0.004186383727236395,0.00036096415302296043
Decision Tree,10,2026-04-14,0.017198280994109087,0.00036096415302296043
Decision Tree,10,2026-04-15,-0.0054787859356153785,0.00036096415302296043
Decision Tree,10,2026-04-16,-0.0031770068196661392,0.00036096415302296043
Decision Tree,10,2026-04-17,0.014719718632466553,0.00036096415302296043
Decision Tree,10,2026-04-20,-0.010465320161640049,0.00036096415302296043
Decision Tree,10,2026-04-21,-0.02287387820870831,0.00036096415302296043
Decision Tree,10,2026-04-22,0.0070519266966085035,0.00036096415302296043
Decision Tree,10,2026-04-23,-0.0061200992967565026,0.00036096415302296043
Decision Tree,10,2026-04-24,0.003571072167241396,0.00036096415302296043
Decision Tree,10,2026-04-27,-0.010005744880541992,0.00036096415302296043
Decision Tree,10,2026-04-28,-0.01834052163097715,0.00036096415302296043
Decision Tree,10,2026-04-29,-0.010229187187446151,0.00036096415302296043
Decision Tree,10,2026-04-30,0.014818975567984847,0.00036096415302296043
Random Forest,1,2025-07-02,-0.005013005215195885,0.0003067899137181791
Random Forest,1,2025-07-03,0.0010763590326128834,0.0003252925788955194
Random Forest,1,2025-07-04,-0.0011062298064621076,0.0003067899137181791
Random Forest,1,2025-07-07,-0.007778211407505572,0.0003252925788955194
Random Forest,1,2025-07-08,0.0012353600500174169,0.0003067899137181791
Random Forest,1,2025-07-09,0.0014142211893828976,0.0009826181412220933
Random Forest,1,2025-07-10,0.011450578526709174,0.0003252925788955194
Random Forest,1,2025-07-11,-0.0014576320864308596,0.0003252925788955194
Random Forest,1,2025-07-14,-0.006690830038818713,0.00035011336639082327
Random Forest,1,2025-07-15,0.006690830038818678,0.0003252925788955194
Random Forest,1,2025-07-16,-0.00411671977094435,0.0003252925788955194
Random Forest,1,2025-07-17,0.003878517843275477,0.0003252925788955194
Random Forest,1,2025-07-18,0.014221078392013241,0.0003252925788955194
Random Forest,1,2025-07-21,0.010890474089836623,0.0003252925788955194
Random Forest,1,2025-07-22,-0.01347713181881251,0.0003252925788955194
Random Forest,1,2025-07-23,-0.0071185476742964245,0.0003252925788955194
Random Forest,1,2025-07-24,-0.011298178577683532,0.0003252925788955194
Random Forest,1,2025-07-25,-0.00770441311868792,0.0003252925788955194
Random Forest,1,2025-07-28,0.004220687604230213,0.0003252925788955194
Random Forest,1,2025-07-29,-0.008519931583451865,0.0003067899137181791
Random Forest,1,2025-07-30,-0.0007892237945701002,0.0003252925788955194
Random Forest,2,2025-07-31,0.0318568991094105,0.00030289315427972494
Random Forest,2,2025-08-01,0.007793498093309997,-0.0006567081056290497
Random Forest,2,2025-08-04,0.002419452581713986,0.00025858894984161966
Random Forest,2,2025-08-05,-0.0003785759879383521,0.00032126830614424346
Random Forest,2,2025-08-06,0.005895110583368623,-0.0006123452139253616
Random Forest,2,2025-08-07,0.010828067683390978,0.00032126830614424346
Random Forest,2,2025-08-08,-0.025117358026758067,0.00032126830614424346
Random Forest,2,2025-08-11,-0.0016755449376984748,0.00032126830614424346
Random Forest,2,2025-08-12,0.002732376874092824,0.00032126830614424346
Random Forest,2,2025-08-13,-0.007391654844456962,0.00032126830614424346
Random Forest,2,2025-08-14,-0.00017731931563673257,0.00032126830614424346
Random Forest,2,2025-08-15,-0.0013608550423696423,0.00032126830614424346
Random Forest,2,2025-08-18,-0.005729838577164113,-0.0003871889213359346
Random Forest,2,2025-08-19,0.008833365785586416,0.00032126830614424346
Random Forest,2,2025-08-20,-0.0020383464448766497,0.00030289315427972494
Random Forest,2,2025-08-21,0.01085285922255761,0.00032126830614424346
Random Forest,2,2025-08-22,-0.00029256875574397255,0.00030289315427972494
Random Forest,2,2025-08-25,0.00452522485958744,0.00030289315427972494
Random Forest,2,2025-08-26,0.004533865425989448,0.00032126830614424346
Random Forest,2,2025-08-27,0.007424654028850121,0.00032126830614424346
Random Forest,2,2025-08-28,0.011959414672805504,0.00032126830614424346
Random Forest,3,2025-08-29,0.021412365981205005,0.0003416344901466265
Random Forest,3,2025-09-02,0.011981838523569367,0.0003416344901466265
Random Forest,3,2025-09-03,-0.007953439794451702,0.0003416344901466265
Random Forest,3,2025-09-04,0.012837668774505576,0.0003416344901466265
Random Forest,3,2025-09-05,0.006575072093788713,0.0003416344901466265
Random Forest,3,2025-09-08,0.001304432198567463,0.0003416344901466265
Random Forest,3,2025-09-09,-5.430356949830863e-05,0.0003416344901466265
Random Forest,3,2025-09-10,-0.002283948524574761,0.0003416344901466265
Random Forest,3,2025-09-11,0.003478211302115392,0.00038117152464714585
Random Forest,3,2025-09-12,0.008804469354506315,0.0003416344901466265
Random Forest,3,2025-09-15,0.0016389083815749595,0.00038117152464714585
Random Forest,3,2025-09-16,-0.0019616146999941143,0.00038117152464714585
Random Forest,3,2025-09-17,-0.010681406425555337,0.00038117152464714585
Random Forest,3,2025-09-18,0.007448470843354675,0.00038117152464714585
Random Forest,3,2025-09-19,0.01852772524256409,0.00038117152464714585
Random Forest,3,2025-09-22,0.010697223061897887,0.00038117152464714585
Random Forest,3,2025-09-23,-0.012553199790111593,0.00038117152464714585
Random Forest,3,2025-09-24,0.0007958404288577125,0.00038117152464714585
Random Forest,3,2025-09-25,0.009999925510945777,0.0007553972101906588
Random Forest,3,2025-09-26,0.012056186181995571,0.00038117152464714585
Random Forest,3,2025-09-29,0.004658152470113703,0.00038117152464714585
Random Forest,4,2025-09-30,0.006254295801218062,0.00039481714402984735
Random Forest,4,2025-10-01,-0.007571866292281061,0.0004066376555961033
Random Forest,4,2025-10-02,0.010492523852748951,0.00027075034811579866
Random Forest,4,2025-10-03,0.01709577143373889,0.0003300992344134289
Random Forest,4,2025-10-06,0.007041981231953469,0.00023902235865549663
Random Forest,4,2025-10-07,0.016372109855940637,-0.0003431571765413002
Random Forest,4,2025-10-08,-0.02434502527272507,-0.00012780764244798082
Random Forest,4,2025-10-09,0.006973514949432017,-0.0005390912801047758
Random Forest,4,2025-10-10,0.032609203820993034,-0.0006013138023434694
Random Forest,4,2025-10-13,0.007328489165936037,-0.00022442402296223772
Random Forest,4,2025-10-14,0.009133403673442007,-0.002929827397149421
Random Forest,4,2025-10-15,0.024218812665454535,-0.0067899448021865785
Random Forest,4,2025-10-16,-0.02143809876370929,-0.022353744101811096
Random Forest,4,2025-10-17,0.034088268540251064,-0.02466242521590714
Random Forest,4,2025-10-20,-0.05913036061837281,-0.0025161328170048613
Random Forest,4,2025-10-21,-0.010691935071186633,-0.028245012779349387
Random Forest,4,2025-10-22,0.019535439260900275,0.001209262990846756
Random Forest,4,2025-10-23,-0.0018833559568211852,-0.0016415901603173309
Random Forest,4,2025-10-24,-0.02895693759216049,-0.019247983360740774
Random Forest,4,2025-10-27,-0.009146825727850414,-0.02151955220501812
Random Forest,4,2025-10-28,0.004408898498803126,0.0007448240636429011
Random Forest,5,2025-10-29,0.003792123759319021,2.700889745727223e-05
Random Forest,5,2025-10-30,-0.004842479279663863,0.000266574163789053
Random Forest,5,2025-10-31,0.0043692722902096805,0.0003793263407126354
Random Forest,5,2025-11-03,-0.013417970451949117,0.0001368713589839583
Random Forest,5,2025-11-04,0.008147479561113499,0.00037690765964212245
Random Forest,5,2025-11-05,-0.00047593341671400114,0.0001340696292949188
Random Forest,5,2025-11-06,0.004699550873542623,0.0001340696292949188
Random Forest,5,2025-11-07,0.027597105528127795,8.904723966585745e-05
Random Forest,5,2025-11-10,-0.0013838283037244535,9.628656061050816e-05
Random Forest,5,2025-11-11,0.023362758198939928,-0.00011744393776766302
Random Forest,5,2025-11-12,-0.004543269059270653,0.0001394445642878946
Random Forest,5,2025-11-13,-0.02420281720599833,-0.009737385323973733
Random Forest,5,2025-11-14,-0.004823286320076406,-0.002704533273427108
Random Forest,5,2025-11-17,-0.0019653611534445575,-0.00012744146910262846
Random Forest,5,2025-11-18,0.00400036088198349,0.0003176371299955729
Random Forest,5,2025-11-19,-0.005600065893035144,-1.354367270718617e-06
Random Forest,5,2025-11-20,0.004791458273076578,-6.396760163286773e-05
Random Forest,5,2025-11-21,0.0035968942114961056,6.10580329965067e-05
Random Forest,5,2025-11-24,0.011124461739009153,7.336116652020434e-05
Random Forest,5,2025-11-25,0.006068552727885582,7.336116652020434e-05
Random Forest,5,2025-11-26,0.021306896469946157,-4.642117795711205e-05
Random Forest,6,2025-11-28,0.004666034944276696,0.0002850572427390155
Random Forest,6,2025-12-01,-0.012712634712284829,0.0003858226667190951
Random Forest,6,2025-12-02,0.002768197758106589,0.0002818130835923674
Random Forest,6,2025-12-03,0.0024777311950344304,0.0003498368869164547
Random Forest,6,2025-12-04,0.0,0.00036523111651356517
Random Forest,6,2025-12-05,-0.0059805641405327285,0.00035200094505852974
Random Forest,6,2025-12-08,0.0043766850036946565,0.00036523111651356517
Random Forest,6,2025-12-09,-0.002718388481319545,0.0003576481823129219
Random Forest,6,2025-12-10,0.02068541906367583,0.00038230237060240597
Random Forest,6,2025-12-11,0.003541092433026351,0.0003530810460631028
Random Forest,6,2025-12-12,0.0015929802237420196,0.00038230237060240597
Random Forest,6,2025-12-15,-0.0006692565868493225,0.00024944752023556564
Random Forest,6,2025-12-16,0.009556503562019045,0.0003376868164659923
Random Forest,6,2025-12-17,-0.0021514021043768814,0.0003530810460631028
Random Forest,6,2025-12-18,0.005210323996448743,0.0002685829121373319
Random Forest,6,2025-12-19,0.018540190388463378,0.0003530810460631028
Random Forest,6,2025-12-22,0.00808915566719769,0.00038230237060240597
Random Forest,6,2025-12-23,-0.0006439231226546872,0.0004062236906215681
Random Forest,6,2025-12-24,0.011021124337837926,0.0003381998872974809
Random Forest,6,2025-12-26,-0.04701698661716152,0.00032112863320864015
Random Forest,6,2025-12-29,0.009782482738117076,0.0006380869472338197
Random Forest,7,2025-12-30,-0.01035820786686775,0.002511350548022902
Random Forest,7,2025-12-31,-0.002652613164826404,0.0004992700258705386
Random Forest,7,2026-01-02,0.027765936481767103,-0.011514781169447201
Random Forest,7,2026-01-05,0.009969258025547125,0.00030665887465785533
Random Forest,7,2026-01-06,-0.0075012289513783775,0.00028868110049929606
Random Forest,7,2026-01-07,-0.00040339893143997464,0.0003349953611724975
Random Forest,7,2026-01-08,0.008971606907573183,-0.0005162288398839678
Random Forest,7,2026-01-09,0.024969547666848495,0.0003460296253385417
Random Forest,7,2026-01-12,-0.0033862493362126138,0.0002851830324540123
Random Forest,7,2026-01-13,0.007926601145667499,0.00031613154480282594
Random Forest,7,2026-01-14,-0.0025919619439755117,0.00037560206353345367
Random Forest,7,2026-01-15,-0.006139510703623363,0.0003102537378968186
Random Forest,7,2026-01-16,0.03640959099230665,0.000346760698704563
Random Forest,7,2026-01-20,0.014932685452998438,0.00034099919804959347
Random Forest,7,2026-01-21,0.015568088290666629,0.0004120060007741609
Random Forest,7,2026-01-22,0.0134035408333191,0.0003777092110533764
Random Forest,7,2026-01-23,0.02043357904047868,-0.00045463287362770014
Random Forest,7,2026-01-26,1.9694376895771874e-05,-0.001276378813145603
Random Forest,7,2026-01-27,0.04256289277436651,-0.0003299448839211968
Random Forest,7,2026-01-28,0.0027866342053497763,-0.01270382211149731
Random Forest,7,2026-01-29,-0.11405996064112038,-0.0062388106838924175
Random Forest,8,2026-01-30,-0.019686303122442145,-0.054554086873299934
Random Forest,8,2026-02-02,0.058926448772030716,-0.001251507650149486
Random Forest,8,2026-02-03,0.003196467347589788,0.00034448355546785577
Random Forest,8,2026-02-04,-0.01245909146284185,-0.0032327941895589486
Random Forest,8,2026-02-05,0.018299641596384978,-7.770177579090391e-05
Random Forest,8,2026-02-06,0.019803434786086996,-0.0050634367521438205
Random Forest,8,2026-02-09,-0.009574353643483177,-0.01098893516518589
Random Forest,8,2026-02-10,0.013327607312961768,-0.006712922332367275
Random Forest,8,2026-02-11,-0.029882106550518355,-0.010936392646191909
Random Forest,8,2026-02-12,0.019590990507983467,-0.0021023831861410147
Random Forest,8,2026-02-13,-0.02821672026116965,-0.0026514751957313776
Random Forest,8,2026-02-17,0.020897567198741928,0.000564904981723787
Random Forest,8,2026-02-18,-0.0024183520713796174,0.00040604016964073487
Random Forest,8,2026-02-19,0.016570634386725833,0.0008955102056357238
Random Forest,8,2026-02-20,0.02808125044952713,0.0008913528252661763
Random Forest,8,2026-02-23,-0.009479164880599267,-0.01108479186638413
Random Forest,8,2026-02-24,0.009593996324003868,-0.007911003262837472
Random Forest,8,2026-02-25,-0.006141817855776584,-0.007863881940669703
Random Forest,8,2026-02-26,0.010285321903876413,-0.008644541089170094
Random Forest,8,2026-02-27,0.01206514854594433,-0.010704476663997113
Random Forest,8,2026-03-02,-0.03601625408895964,-0.010102451911936726
Random Forest,9,2026-03-03,0.0021445846910061257,-0.00281031982298927
Random Forest,9,2026-03-04,-0.01096609533518948,0.00023731001868414832
Random Forest,9,2026-03-05,0.015629285841707433,0.00046237608570909056
Random Forest,9,2026-03-06,-0.010718842473702186,0.0004179418960098395
Random Forest,9,2026-03-09,0.026756394882401557,0.00046857799452987054
Random Forest,9,2026-03-10,-0.012090885178727579,0.00034069769258987087
Random Forest,9,2026-03-11,-0.010344742558357102,-0.00031854706543277316
Random Forest,9,2026-03-12,-0.012584138459255777,0.0009533149109951625
Random Forest,9,2026-03-13,-0.011824579132621192,0.0002582785878383954
Random Forest,9,2026-03-16,0.0011987533933456099,0.0003638146478363838
Random Forest,9,2026-03-17,-0.022617174161619544,0.0003533951207220517
Random Forest,9,2026-03-18,-0.06116472469150908,0.00041621826925906024
Random Forest,9,2026-03-19,-0.006709890029017639,0.00048603267279480686
Random Forest,9,2026-03-20,-0.03732260647233202,0.003401115604814332
Random Forest,9,2026-03-23,-0.0012032296424023367,0.009201268965540141
Random Forest,9,2026-03-24,0.033573573740637866,0.0035306513434935623
Random Forest,9,2026-03-25,-0.0394289829459794,0.0050948204522116725
Random Forest,9,2026-03-26,0.026205765776648658,0.005067655551370501
Random Forest,9,2026-03-27,0.007429207535768564,0.004771823609087734
Random Forest,9,2026-03-30,0.026512431127413087,0.004299888023075373
Random Forest,9,2026-03-31,0.03499040911817492,0.0013010780007472167
Random Forest,10,2026-04-02,-0.02810734041002322,0.0015948109657555947
Random Forest,10,2026-04-06,0.0010678741332234593,0.001215488385932703
Random Forest,10,2026-04-07,0.0,0.0011400434725941594
Random Forest,10,2026-04-08,0.01955272051630473,0.0006344926102454199
Random Forest,10,2026-04-09,0.00850426249624097,0.0009194459168397069
Random Forest,10,2026-04-10,-0.006371458031125033,0.0005376031787711676
Random Forest,10,2026-04-13,-0.004186383727236395,0.0007579724021493399
Random Forest,10,2026-04-14,0.017198280994109087,0.0005773948062657656
Random Forest,10,2026-04-15,-0.0054787859356153785,0.0005859002863141634
Random Forest,10,2026-04-16,-0.0031770068196661392,0.000521717989920398
Random Forest,10,2026-04-17,0.014719718632466553,0.000521717989920398
Random Forest,10,2026-04-20,-0.010465320161640049,0.0005302234699687959
Random Forest,10,2026-04-21,-0.02287387820870831,0.0005302234699687959
Random Forest,10,2026-04-22,0.0070519266966085035,0.00020885217338583887
Random Forest,10,2026-04-23,-0.0061200992967565026,0.00044179787248071605
Random Forest,10,2026-04-24,0.003571072167241396,0.00034396476417125946
Random Forest,10,2026-04-27,-0.010005744880541992,0.00034396476417125946
Random Forest,10,2026-04-28,-0.01834052163097715,0.00034396476417125946
Random Forest,10,2026-04-29,-0.010229187187446151,0.00034396476417125946
Random Forest,10,2026-04-30,0.014818975567984847,0.00034396476417125946
Gradient Boosting,1,2025-07-02,-0.005013005215195885,0.00037405858958482316
Gradient Boosting,1,2025-07-03,0.0010763590326128834,0.00037405858958482316
Gradient Boosting,1,2025-07-04,-0.0011062298064621076,0.00037405858958482316
Gradient Boosting,1,2025-07-07,-0.007778211407505572,0.00033958255658155054
Gradient Boosting,1,2025-07-08,0.0012353600500174169,0.00040687635945696243
Gradient Boosting,1,2025-07-09,0.0014142211893828976,-0.001741603704320091
Gradient Boosting,1,2025-07-10,0.011450578526709174,0.00029333115437415097
Gradient Boosting,1,2025-07-11,-0.0014576320864308596,0.00037405858958482316
Gradient Boosting,1,2025-07-14,-0.006690830038818713,0.00037405858958482316
Gradient Boosting,1,2025-07-15,0.006690830038818678,0.00037405858958482316
Gradient Boosting,1,2025-07-16,-0.00411671977094435,0.0004164824627047809
Gradient Boosting,1,2025-07-17,0.003878517843275477,0.00033958255658155054
Gradient Boosting,1,2025-07-18,0.014221078392013241,0.0002659274831824641
Gradient Boosting,1,2025-07-21,0.010890474089836623,0.00033958255658155054
Gradient Boosting,1,2025-07-22,-0.01347713181881251,0.00037405858958482316
Gradient Boosting,1,2025-07-23,-0.0071185476742964245,0.00031772263588862164
Gradient Boosting,1,2025-07-24,-0.011298178577683532,0.00037405858958482316
Gradient Boosting,1,2025-07-25,-0.00770441311868792,-0.00026706877320827776
Gradient Boosting,1,2025-07-28,0.004220687604230213,0.0003724003264536898
Gradient Boosting,1,2025-07-29,-0.008519931583451865,2.2259723026672867e-05
Gradient Boosting,1,2025-07-30,-0.0007892237945701002,0.000130390829429032
Gradient Boosting,2,2025-07-31,0.0318568991094105,0.0001608247868458183
Gradient Boosting,2,2025-08-01,0.007793498093309997,-0.0004971761171132492
Gradient Boosting,2,2025-08-04,0.002419452581713986,0.0003385716578212806
Gradient Boosting,2,2025-08-05,-0.0003785759879383521,0.0008438692322613316
Gradient Boosting,2,2025-08-06,0.005895110583368623,-0.003508969565101963
Gradient Boosting,2,2025-08-07,0.010828067683390978,0.0002835625305969118
Gradient Boosting,2,2025-08-08,-0.025117358026758067,-0.0007230551867302122
Gradient Boosting,2,2025-08-11,-0.0016755449376984748,0.0003520212063156632
Gradient Boosting,2,2025-08-12,0.002732376874092824,0.00016280032707486212
Gradient Boosting,2,2025-08-13,-0.007391654844456962,0.0001473752383514356
Gradient Boosting,2,2025-08-14,-0.00017731931563673257,-0.0007578678569121893
Gradient Boosting,2,2025-08-15,-0.0013608550423696423,0.00010898410762569014
Gradient Boosting,2,2025-08-18,-0.005729838577164113,-0.0006868466698380084
Gradient Boosting,2,2025-08-19,0.008833365785586416,0.00022971175942074887
Gradient Boosting,2,2025-08-20,-0.0020383464448766497,-0.0002976803171882786
Gradient Boosting,2,2025-08-21,0.01085285922255761,0.0003385716578212806
Gradient Boosting,2,2025-08-22,-0.00029256875574397255,-9.303434922405093e-05
Gradient Boosting,2,2025-08-25,0.00452522485958744,0.00012087810439227972
Gradient Boosting,2,2025-08-26,0.004533865425989448,0.0003520212063156632
Gradient Boosting,2,2025-08-27,0.007424654028850121,0.0002867309786011524
Gradient Boosting,2,2025-08-28,0.011959414672805504,0.0003520212063156632
Gradient Boosting,3,2025-08-29,0.021412365981205005,0.0003023251645202519
Gradient Boosting,3,2025-09-02,0.011981838523569367,0.000315085051814046
Gradient Boosting,3,2025-09-03,-0.007953439794451702,0.000315085051814046
Gradient Boosting,3,2025-09-04,0.012837668774505576,0.000315085051814046
Gradient Boosting,3,2025-09-05,0.006575072093788713,0.000315085051814046
Gradient Boosting,3,2025-09-08,0.001304432198567463,-0.0004213980690590102
Gradient Boosting,3,2025-09-09,-5.430356949830863e-05,0.0002049971936134756
Gradient Boosting,3,2025-09-10,-0.002283948524574761,0.0004368256158250156
Gradient Boosting,3,2025-09-11,0.003478211302115392,0.0004124130227208222
Gradient Boosting,3,2025-09-12,0.008804469354506315,0.00024055208031045308
Gradient Boosting,3,2025-09-15,0.0016389083815749595,0.0003506399385110235
Gradient Boosting,3,2025-09-16,-0.0019616146999941143,0.0004124130227208222
Gradient Boosting,3,2025-09-17,-0.010681406425555337,0.0004124130227208222
Gradient Boosting,3,2025-09-18,0.007448470843354675,0.0004124130227208222
Gradient Boosting,3,2025-09-19,0.01852772524256409,0.0003506399385110235
Gradient Boosting,3,2025-09-22,0.010697223061897887,-0.00029139534319210067
Gradient Boosting,3,2025-09-23,-0.012553199790111593,0.0004124130227208222
Gradient Boosting,3,2025-09-24,0.0007958404288577125,0.0004124130227208222
Gradient Boosting,3,2025-09-25,0.009999925510945777,0.0017897076467590569
Gradient Boosting,3,2025-09-26,0.012056186181995571,-0.00018130748499153027
Gradient Boosting,3,2025-09-29,0.004658152470113703,0.0002049971936134756
Gradient Boosting,4,2025-09-30,0.006254295801218062,0.0004001881624391143
Gradient Boosting,4,2025-10-01,-0.007571866292281061,0.0004001881624391143
Gradient Boosting,4,2025-10-02,0.010492523852748951,0.00034050267133201685
Gradient Boosting,4,2025-10-03,0.01709577143373889,0.0004001881624391143
Gradient Boosting,4,2025-10-06,0.007041981231953469,-4.715856473575069e-05
Gradient Boosting,4,2025-10-07,0.016372109855940637,-0.0009389563380848784
Gradient Boosting,4,2025-10-08,-0.02434502527272507,-0.0009389563380848784
Gradient Boosting,4,2025-10-09,0.006973514949432017,-0.0009658916965455659
Gradient Boosting,4,2025-10-10,0.032609203820993034,0.00034050267133201685
Gradient Boosting,4,2025-10-13,0.007328489165936037,-0.0006012357373816667
Gradient Boosting,4,2025-10-14,0.009133403673442007,0.003259045500654199
Gradient Boosting,4,2025-10-15,0.024218812665454535,0.003178350950734151
Gradient Boosting,4,2025-10-16,-0.02143809876370929,-0.027797894359267116
Gradient Boosting,4,2025-10-17,0.034088268540251064,-0.033639156863075184
Gradient Boosting,4,2025-10-20,-0.05913036061837281,0.003827178371303234
Gradient Boosting,4,2025-10-21,-0.010691935071186633,-0.03273417221793061
Gradient Boosting,4,2025-10-22,0.019535439260900275,0.004532124113902048
Gradient Boosting,4,2025-10-23,-0.0018833559568211852,0.0013567074553412657
Gradient Boosting,4,2025-10-24,-0.02895693759216049,-0.01964448617574801
Gradient Boosting,4,2025-10-27,-0.009146825727850414,-0.025351317766014608
Gradient Boosting,4,2025-10-28,0.004408898498803126,0.003083041511549342
Gradient Boosting,5,2025-10-29,0.003792123759319021,-0.0022017999593607262
Gradient Boosting,5,2025-10-30,-0.004842479279663863,-0.0012270197524547612
Gradient Boosting,5,2025-10-31,0.0043692722902096805,0.0025937439927826212
Gradient Boosting,5,2025-11-03,-0.013417970451949117,-0.0015029699198965956
Gradient Boosting,5,2025-11-04,0.008147479561113499,0.0014637567862145675
Gradient Boosting,5,2025-11-05,-0.00047593341671400114,6.257207094937018e-05
Gradient Boosting,5,2025-11-06,0.004699550873542623,-8.014439623935571e-05
Gradient Boosting,5,2025-11-07,0.027597105528127795,0.0004109638621625681
Gradient Boosting,5,2025-11-10,-0.0013838283037244535,-0.00021137030697188327
Gradient Boosting,5,2025-11-11,0.023362758198939928,-0.0008854951000635318
Gradient Boosting,5,2025-11-12,-0.004543269059270653,0.0036532869347989322
Gradient Boosting,5,2025-11-13,-0.02420281720599833,-0.010485491238012245
Gradient Boosting,5,2025-11-14,-0.004823286320076406,0.0037459113928696203
Gradient Boosting,5,2025-11-17,-0.0019653611534445575,-0.0004828347771679194
Gradient Boosting,5,2025-11-18,0.00400036088198349,-0.008342393024326603
Gradient Boosting,5,2025-11-19,-0.005600065893035144,-0.005661287492363742
Gradient Boosting,5,2025-11-20,0.004791458273076578,-0.0021599770391503613
Gradient Boosting,5,2025-11-21,0.0035968942114961056,-0.0034683189661528944
Gradient Boosting,5,2025-11-24,0.011124461739009153,-0.001182440695521997
Gradient Boosting,5,2025-11-25,0.006068552727885582,-0.0011205607684162773
Gradient Boosting,5,2025-11-26,0.021306896469946157,-1.077694984693421e-05
Gradient Boosting,6,2025-11-28,0.004666034944276696,0.00048812595778226014
Gradient Boosting,6,2025-12-01,-0.012712634712284829,0.0012052584201102396
Gradient Boosting,6,2025-12-02,0.002768197758106589,0.00033731977475647093
Gradient Boosting,6,2025-12-03,0.0024777311950344304,0.00033731977475647093
Gradient Boosting,6,2025-12-04,0.0,-0.00018837277160791772
Gradient Boosting,6,2025-12-05,-0.0059805641405327285,0.00048812595778226014
Gradient Boosting,6,2025-12-08,0.0043766850036946565,0.00048812595778226014
Gradient Boosting,6,2025-12-09,-0.002718388481319545,0.001108250189880826
Gradient Boosting,6,2025-12-10,0.02068541906367583,0.0005819473814406104
Gradient Boosting,6,2025-12-11,0.003541092433026351,0.00048812595778226014
Gradient Boosting,6,2025-12-12,0.0015929802237420196,0.0005819473814406104
Gradient Boosting,6,2025-12-15,-0.0006692565868493225,0.00048812595778226014
Gradient Boosting,6,2025-12-16,0.009556503562019045,0.00033731977475647093
Gradient Boosting,6,2025-12-17,-0.0021514021043768814,0.00045590776390175866
Gradient Boosting,6,2025-12-18,0.005210323996448743,0.0011029439061499085
Gradient Boosting,6,2025-12-19,0.018540190388463378,0.00045590776390175866
Gradient Boosting,6,2025-12-22,0.00808915566719769,0.00038581144382192876
Gradient Boosting,6,2025-12-23,-0.0006439231226546872,0.00030510158087596945
Gradient Boosting,6,2025-12-24,0.011021124337837926,0.00030510158087596945
Gradient Boosting,6,2025-12-26,-0.04701698661716152,-0.0004867671364323071
Gradient Boosting,6,2025-12-29,0.009782482738117076,0.001621332177707769
Gradient Boosting,7,2025-12-30,-0.01035820786686775,0.0056063512603173995
Gradient Boosting,7,2025-12-31,-0.002652613164826404,0.000621435369242251
Gradient Boosting,7,2026-01-02,0.027765936481767103,-0.01096455265730628
Gradient Boosting,7,2026-01-05,0.009969258025547125,-0.00045084059254096837
Gradient Boosting,7,2026-01-06,-0.0075012289513783775,-0.0005439941995375899
Gradient Boosting,7,2026-01-07,-0.00040339893143997464,0.0014128030768772715
Gradient Boosting,7,2026-01-08,0.008971606907573183,-0.003543376068588723
Gradient Boosting,7,2026-01-09,0.024969547666848495,0.0004324944565627753
Gradient Boosting,7,2026-01-12,-0.0033862493362126138,0.00027454144279547986
Gradient Boosting,7,2026-01-13,0.007926601145667499,0.0014247110315745606
Gradient Boosting,7,2026-01-14,-0.0025919619439755117,0.0004684406305605059
Gradient Boosting,7,2026-01-15,-0.006139510703623363,0.0013212062639199056
Gradient Boosting,7,2026-01-16,0.03640959099230665,0.00040792894594604806
Gradient Boosting,7,2026-01-20,0.014932685452998438,0.0004324944565627753
Gradient Boosting,7,2026-01-21,0.015568088290666629,0.0006846534019322125
Gradient Boosting,7,2026-01-22,0.0134035408333191,0.0013879360572824622
Gradient Boosting,7,2026-01-23,0.02043357904047868,-0.004578348065996749
Gradient Boosting,7,2026-01-26,1.9694376895771874e-05,0.0025346135818591453
Gradient Boosting,7,2026-01-27,0.04256289277436651,0.0013399386871470644
Gradient Boosting,7,2026-01-28,0.0027866342053497763,-0.014158693386428974
Gradient Boosting,7,2026-01-29,-0.11405996064112038,0.0014766697289409776
Gradient Boosting,8,2026-01-30,-0.019686303122442145,-0.04073601225802559
Gradient Boosting,8,2026-02-02,0.058926448772030716,-0.0072528719924205036
Gradient Boosting,8,2026-02-03,0.003196467347589788,-0.007267087962842099
Gradient Boosting,8,2026-02-04,-0.01245909146284185,-0.017676115582679102
Gradient Boosting,8,2026-02-05,0.018299641596384978,-0.0005725124276197518
Gradient Boosting,8,2026-02-06,0.019803434786086996,-0.01161283917644513
Gradient Boosting,8,2026-02-09,-0.009574353643483177,-0.01613388941124614
Gradient Boosting,8,2026-02-10,0.013327607312961768,-0.007357751616848069
Gradient Boosting,8,2026-02-11,-0.029882106550518355,-0.01677776389378138
Gradient Boosting,8,2026-02-12,0.019590990507983467,-0.009166723584214942
Gradient Boosting,8,2026-02-13,-0.02821672026116965,-0.014376449191919473
Gradient Boosting,8,2026-02-17,0.020897567198741928,-0.00635211732196902
Gradient Boosting,8,2026-02-18,-0.0024183520713796174,-0.006966664057060617
Gradient Boosting,8,2026-02-19,0.016570634386725833,-0.005518576715562612
Gradient Boosting,8,2026-02-20,0.02808125044952713,-0.00662220836440356
Gradient Boosting,8,2026-02-23,-0.009479164880599267,-0.01647803778256071
Gradient Boosting,8,2026-02-24,0.009593996324003868,-0.015654019277042953
Gradient Boosting,8,2026-02-25,-0.006141817855776584,-0.008286812441550401
Gradient Boosting,8,2026-02-26,0.010285321903876413,-0.0069959865917923105
Gradient Boosting,8,2026-02-27,0.01206514854594433,-0.019167275683249756
Gradient Boosting,8,2026-03-02,-0.03601625408895964,-0.016970135098520682
Gradient Boosting,9,2026-03-03,0.0021445846910061257,0.0012167127301395877
Gradient Boosting,9,2026-03-04,-0.01096609533518948,-0.0033960182175232765
Gradient Boosting,9,2026-03-05,0.015629285841707433,-6.915317155844659e-05
Gradient Boosting,9,2026-03-06,-0.010718842473702186,-0.0003744511893476734
Gradient Boosting,9,2026-03-09,0.026756394882401557,0.0016073170319395
Gradient Boosting,9,2026-03-10,-0.012090885178727579,-0.0009731392809252451
Gradient Boosting,9,2026-03-11,-0.010344742558357102,0.0018706321465002495
Gradient Boosting,9,2026-03-12,-0.012584138459255777,0.0036899352377414074
Gradient Boosting,9,2026-03-13,-0.011824579132621192,-0.0007498561106807239
Gradient Boosting,9,2026-03-16,0.0011987533933456099,-0.0002564536663420555
Gradient Boosting,9,2026-03-17,-0.022617174161619544,-0.002035278321159308
Gradient Boosting,9,2026-03-18,-0.06116472469150908,-0.0001820088424426392
Gradient Boosting,9,2026-03-19,-0.006709890029017639,0.0002147987759087408
Gradient Boosting,9,2026-03-20,-0.03732260647233202,0.009721695807533069
Gradient Boosting,9,2026-03-23,-0.0012032296424023367,0.017935678529175894
Gradient Boosting,9,2026-03-24,0.033573573740637866,-0.003925459472183234
Gradient Boosting,9,2026-03-25,-0.0394289829459794,0.016604746515827933
Gradient Boosting,9,2026-03-26,0.026205765776648658,0.0015171816582150441
Gradient Boosting,9,2026-03-27,0.007429207535768564,0.005403328877336113
Gradient Boosting,9,2026-03-30,0.026512431127413087,0.014065476766404166
Gradient Boosting,9,2026-03-31,0.03499040911817492,0.0013295968741780814
Gradient Boosting,10,2026-04-02,-0.02810734041002322,0.0005380647928623569
Gradient Boosting,10,2026-04-06,0.0010678741332234593,0.0028487827033877016
Gradient Boosting,10,2026-04-07,0.0,-0.0043496341617054405
Gradient Boosting,10,2026-04-08,0.01955272051630473,0.0003207398101482789
Gradient Boosting,10,2026-04-09,0.00850426249624097,-0.0008773869108087153
Gradient Boosting,10,2026-04-10,-0.006371458031125033,0.0017971871397258056
Gradient Boosting,10,2026-04-13,-0.004186383727236395,0.0018392849565112546
Gradient Boosting,10,2026-04-14,0.017198280994109087,0.0025563625797604653
Gradient Boosting,10,2026-04-15,-0.0054787859356153785,0.0023191858191055534
Gradient Boosting,10,2026-04-16,-0.0031770068196661392,0.0006954769277330499
Gradient Boosting,10,2026-04-17,0.014719718632466553,0.00123415582571935
Gradient Boosting,10,2026-04-20,-0.010465320161640049,0.0017368051188418035
Gradient Boosting,10,2026-04-21,-0.02287387820870831,0.002331345999501687
Gradient Boosting,10,2026-04-22,0.0070519266966085035,0.00041321015472103975
Gradient Boosting,10,2026-04-23,-0.0061200992967565026,0.0015692933850014093
Gradient Boosting,10,2026-04-24,0.003571072167241396,0.00025872266384083123
Gradient Boosting,10,2026-04-27,-0.010005744880541992,0.0002456984208806455
Gradient Boosting,10,2026-04-28,-0.01834052163097715,0.00020641045365850835
Gradient Boosting,10,2026-04-29,-0.010229187187446151,0.0002456984208806455
Gradient Boosting,10,2026-04-30,0.014818975567984847,0.00024130095354403912
XGBoost,1,2025-07-02,-0.005013005215195885,0.0004382215265650302
XGBoost,1,2025-07-03,0.0010763590326128834,0.0004768036014866084
XGBoost,1,2025-07-04,-0.0011062298064621076,0.0004768036014866084
XGBoost,1,2025-07-07,-0.007778211407505572,0.0005013719783164561
XGBoost,1,2025-07-08,0.0012353600500174169,0.0006949614617042243
XGBoost,1,2025-07-09,0.0014142211893828976,-0.001608323073014617
XGBoost,1,2025-07-10,0.011450578526709174,-4.490463106776588e-05
XGBoost,1,2025-07-11,-0.0014576320864308596,0.0004768036014866084
XGBoost,1,2025-07-14,-0.006690830038818713,0.00038642247091047466
XGBoost,1,2025-07-15,0.006690830038818678,0.0005286026862449944
XGBoost,1,2025-07-16,-0.00411671977094435,0.0006485212943516672
XGBoost,1,2025-07-17,0.003878517843275477,0.0004478170885704458
XGBoost,1,2025-07-18,0.014221078392013241,-2.3412858354276977e-05
XGBoost,1,2025-07-21,0.010890474089836623,0.0004478170885704458
XGBoost,1,2025-07-22,-0.01347713181881251,0.0007510707364417613
XGBoost,1,2025-07-23,-0.0071185476742964245,0.0001684359449427575
XGBoost,1,2025-07-24,-0.011298178577683532,0.0007036439492367208
XGBoost,1,2025-07-25,-0.00770441311868792,-0.0001341437455266714
XGBoost,1,2025-07-28,0.004220687604230213,0.0006563852075487375
XGBoost,1,2025-07-29,-0.008519931583451865,-0.00047920431825332344
XGBoost,1,2025-07-30,-0.0007892237945701002,-0.00014136615209281445
XGBoost,2,2025-07-31,0.0318568991094105,-2.2461248590843752e-05
XGBoost,2,2025-08-01,0.007793498093309997,1.491651164542418e-05
XGBoost,2,2025-08-04,0.002419452581713986,0.0022124149836599827
XGBoost,2,2025-08-05,-0.0003785759879383521,0.001023480435833335
XGBoost,2,2025-08-06,0.005895110583368623,-0.00011538180115167052
XGBoost,2,2025-08-07,0.010828067683390978,0.00016204750863835216
XGBoost,2,2025-08-08,-0.025117358026758067,-0.000188024525414221
XGBoost,2,2025-08-11,-0.0016755449376984748,0.0006202562944963574
XGBoost,2,2025-08-12,0.002732376874092824,9.617339856049512e-06
XGBoost,2,2025-08-13,-0.007391654844456962,-7.870344416005537e-05
XGBoost,2,2025-08-14,-0.00017731931563673257,0.00036395827191881835
XGBoost,2,2025-08-15,-0.0013608550423696423,0.0003238424542360008
XGBoost,2,2025-08-18,-0.005729838577164113,-0.0014199890429154038
XGBoost,2,2025-08-19,0.008833365785586416,0.0003579490876290947
XGBoost,2,2025-08-20,-0.0020383464448766497,-0.00043832435039803386
XGBoost,2,2025-08-21,0.01085285922255761,0.00048024553689174354
XGBoost,2,2025-08-22,-0.00029256875574397255,-0.000310766976326704
XGBoost,2,2025-08-25,0.00452522485958744,7.957881462061778e-05
XGBoost,2,2025-08-26,0.004533865425989448,0.0004531976883299649
XGBoost,2,2025-08-27,0.007424654028850121,0.0003595668822526932
XGBoost,2,2025-08-28,0.011959414672805504,0.00057549390476197
XGBoost,3,2025-08-29,0.021412365981205005,8.581312431488186e-05
XGBoost,3,2025-09-02,0.011981838523569367,0.0002949141780845821
XGBoost,3,2025-09-03,-0.007953439794451702,0.00013494075392372906
XGBoost,3,2025-09-04,0.012837668774505576,0.0012368898605927825
XGBoost,3,2025-09-05,0.006575072093788713,0.00044498988427221775
XGBoost,3,2025-09-08,0.001304432198567463,-0.0009903638856485486
XGBoost,3,2025-09-09,-5.430356949830863e-05,-0.00018939391884487122
XGBoost,3,2025-09-10,-0.002283948524574761,0.0011812833836302161
XGBoost,3,2025-09-11,0.003478211302115392,0.0013223893474787474
XGBoost,3,2025-09-12,0.008804469354506315,0.0009029836510308087
XGBoost,3,2025-09-15,0.0016389083815749595,0.0005530264461413026
XGBoost,3,2025-09-16,-0.0019616146999941143,0.0013790610246360302
XGBoost,3,2025-09-17,-0.010681406425555337,0.0006687659188173711
XGBoost,3,2025-09-18,0.007448470843354675,0.0005391433369368315
XGBoost,3,2025-09-19,0.01852772524256409,-0.00010778137220768258
XGBoost,3,2025-09-22,0.010697223061897887,-1.2385996342345607e-05
XGBoost,3,2025-09-23,-0.012553199790111593,0.0013236543163657188
XGBoost,3,2025-09-24,0.0007958404288577125,0.0007032070425339043
XGBoost,3,2025-09-25,0.009999925510945777,0.0017325563821941614
XGBoost,3,2025-09-26,0.012056186181995571,-0.00036916194949299097
XGBoost,3,2025-09-29,0.004658152470113703,0.0005260478937998414
XGBoost,4,2025-09-30,0.006254295801218062,0.0012762201949954033
XGBoost,4,2025-10-01,-0.007571866292281061,0.0005719239707104862
XGBoost,4,2025-10-02,0.010492523852748951,-0.0003601841162890196
XGBoost,4,2025-10-03,0.01709577143373889,0.0006354804500006139
XGBoost,4,2025-10-06,0.007041981231953469,-0.00047908566193655133
XGBoost,4,2025-10-07,0.016372109855940637,-0.0015517965657636523
XGBoost,4,2025-10-08,-0.02434502527272507,-0.002168813953176141
XGBoost,4,2025-10-09,0.006973514949432017,-0.0023142248392105103
XGBoost,4,2025-10-10,0.032609203820993034,-0.00310353166423738
XGBoost,4,2025-10-13,0.007328489165936037,-0.00043875319533981383
XGBoost,4,2025-10-14,0.009133403673442007,-0.005763558205217123
XGBoost,4,2025-10-15,0.024218812665454535,0.0014942997368052602
XGBoost,4,2025-10-16,-0.02143809876370929,-0.0009040228906087577
XGBoost,4,2025-10-17,0.034088268540251064,-0.012059185653924942
XGBoost,4,2025-10-20,-0.05913036061837281,-0.00934660341590643
XGBoost,4,2025-10-21,-0.010691935071186633,-0.015705429017543793
XGBoost,4,2025-10-22,0.019535439260900275,0.0027225895319133997
XGBoost,4,2025-10-23,-0.0018833559568211852,-0.005323655437678099
XGBoost,4,2025-10-24,-0.02895693759216049,-0.0017414711182937026
XGBoost,4,2025-10-27,-0.009146825727850414,-0.00329422764480114
XGBoost,4,2025-10-28,0.004408898498803126,-0.0009064551559276879
XGBoost,5,2025-10-29,0.003792123759319021,-0.00328928348608315
XGBoost,5,2025-10-30,-0.004842479279663863,-0.00043168070260435343
XGBoost,5,2025-10-31,0.0043692722902096805,-0.00031309452606365085
XGBoost,5,2025-11-03,-0.013417970451949117,-0.0013729267520830035
XGBoost,5,2025-11-04,0.008147479561113499,0.002157207578420639
XGBoost,5,2025-11-05,-0.00047593341671400114,0.00010947017290163785
XGBoost,5,2025-11-06,0.004699550873542623,-0.0004396130971144885
XGBoost,5,2025-11-07,0.027597105528127795,0.0001796908036340028
XGBoost,5,2025-11-10,-0.0013838283037244535,0.00040463946061208844
XGBoost,5,2025-11-11,0.023362758198939928,-0.0007111456943675876
XGBoost,5,2025-11-12,-0.004543269059270653,0.0015395231312140822
XGBoost,5,2025-11-13,-0.02420281720599833,-0.0048586116172373295
XGBoost,5,2025-11-14,-0.004823286320076406,0.0016501067439094186
XGBoost,5,2025-11-17,-0.0019653611534445575,-0.005221405997872353
XGBoost,5,2025-11-18,0.00400036088198349,-0.015228088945150375
XGBoost,5,2025-11-19,-0.005600065893035144,-0.010620467364788055
XGBoost,5,2025-11-20,0.004791458273076578,-0.01048259250819683
XGBoost,5,2025-11-21,0.0035968942114961056,-0.006742160767316818
XGBoost,5,2025-11-24,0.011124461739009153,-0.0027874226216226816
XGBoost,5,2025-11-25,0.006068552727885582,-0.00322520243935287
XGBoost,5,2025-11-26,0.021306896469946157,-0.001380803994834423
XGBoost,6,2025-11-28,0.004666034944276696,0.0005382645176723599
XGBoost,6,2025-12-01,-0.012712634712284829,0.0032775013241916895
XGBoost,6,2025-12-02,0.002768197758106589,0.0003289445594418794
XGBoost,6,2025-12-03,0.0024777311950344304,0.00025044288486242294
XGBoost,6,2025-12-04,0.0,0.0001299180876230821
XGBoost,6,2025-12-05,-0.0059805641405327285,0.0004847640229854733
XGBoost,6,2025-12-08,0.0043766850036946565,0.0006422547157853842
XGBoost,6,2025-12-09,-0.002718388481319545,0.0004532280727289617
XGBoost,6,2025-12-10,0.02068541906367583,0.0010189388412982225
XGBoost,6,2025-12-11,0.003541092433026351,0.0006367444875650108
XGBoost,6,2025-12-12,0.0015929802237420196,0.0007732791709713638
XGBoost,6,2025-12-15,-0.0006692565868493225,0.0005373228923417628
XGBoost,6,2025-12-16,0.009556503562019045,0.0002587194030638784
XGBoost,6,2025-12-17,-0.0021514021043768814,0.0005245942738838494
XGBoost,6,2025-12-18,0.005210323996448743,0.00011758225446101278
XGBoost,6,2025-12-19,0.018540190388463378,0.00031866683275438845
XGBoost,6,2025-12-22,0.00808915566719769,0.0007855512085370719
XGBoost,6,2025-12-23,-0.0006439231226546872,0.0007125836564227939
XGBoost,6,2025-12-24,0.011021124337837926,0.000392689136788249
XGBoost,6,2025-12-26,-0.04701698661716152,-0.000640532118268311
XGBoost,6,2025-12-29,0.009782482738117076,0.002086561406031251
XGBoost,7,2025-12-30,-0.01035820786686775,0.0028721161652356386
XGBoost,7,2025-12-31,-0.002652613164826404,0.006796999368816614
XGBoost,7,2026-01-02,0.027765936481767103,-0.00528720673173666
XGBoost,7,2026-01-05,0.009969258025547125,-0.0005405867705121636
XGBoost,7,2026-01-06,-0.0075012289513783775,0.0005874113412573934
XGBoost,7,2026-01-07,-0.00040339893143997464,-0.0005665721255354583
XGBoost,7,2026-01-08,0.008971606907573183,-0.0004742993914987892
XGBoost,7,2026-01-09,0.024969547666848495,0.0008336580358445644
XGBoost,7,2026-01-12,-0.0033862493362126138,0.0005209813825786114
XGBoost,7,2026-01-13,0.007926601145667499,-2.13150997296907e-05
XGBoost,7,2026-01-14,-0.0025919619439755117,0.00023272214457392693
XGBoost,7,2026-01-15,-0.006139510703623363,-0.0003803849103860557
XGBoost,7,2026-01-16,0.03640959099230665,0.0004611971671693027
XGBoost,7,2026-01-20,0.014932685452998438,0.00033029247424565256
XGBoost,7,2026-01-21,0.015568088290666629,0.0005516267265193164
XGBoost,7,2026-01-22,0.0134035408333191,-0.0003118437889497727
XGBoost,7,2026-01-23,0.02043357904047868,0.0002511080529075116
XGBoost,7,2026-01-26,1.9694376895771874e-05,-0.002570665441453457
XGBoost,7,2026-01-27,0.04256289277436651,-0.008569564670324326
XGBoost,7,2026-01-28,0.0027866342053497763,-0.019220784306526184
XGBoost,7,2026-01-29,-0.11405996064112038,-0.00445307232439518
XGBoost,8,2026-01-30,-0.019686303122442145,0.011439246125519276
XGBoost,8,2026-02-02,0.058926448772030716,0.000647296488750726
XGBoost,8,2026-02-03,0.003196467347589788,-0.0007726518088020384
XGBoost,8,2026-02-04,-0.01245909146284185,-0.01885908469557762
XGBoost,8,2026-02-05,0.018299641596384978,0.0010134262265637517
XGBoost,8,2026-02-06,0.019803434786086996,-0.0157922450453043
XGBoost,8,2026-02-09,-0.009574353643483177,-0.01090424694120884
XGBoost,8,2026-02-10,0.013327607312961768,0.006429023575037718
XGBoost,8,2026-02-11,-0.029882106550518355,-0.014884420670568943
XGBoost,8,2026-02-12,0.019590990507983467,-0.016338542103767395
XGBoost,8,2026-02-13,-0.02821672026116965,-0.006600703578442335
XGBoost,8,2026-02-17,0.020897567198741928,0.000591754331253469
XGBoost,8,2026-02-18,-0.0024183520713796174,-0.0014672297984361649
XGBoost,8,2026-02-19,0.016570634386725833,-0.0025152007583528757
XGBoost,8,2026-02-20,0.02808125044952713,-0.006639178842306137
XGBoost,8,2026-02-23,-0.009479164880599267,-0.04779823496937752
XGBoost,8,2026-02-24,0.009593996324003868,0.009653461165726185
XGBoost,8,2026-02-25,-0.006141817855776584,-0.04091935604810715
XGBoost,8,2026-02-26,0.010285321903876413,-0.01705000549554825
XGBoost,8,2026-02-27,0.01206514854594433,0.002338180784136057
XGBoost,8,2026-03-02,-0.03601625408895964,-0.04336496442556381
XGBoost,9,2026-03-03,0.0021445846910061257,0.002188433427363634
XGBoost,9,2026-03-04,-0.01096609533518948,-0.0032691580709069967
XGBoost,9,2026-03-05,0.015629285841707433,0.001047456287778914
XGBoost,9,2026-03-06,-0.010718842473702186,-0.0007422372000291944
XGBoost,9,2026-03-09,0.026756394882401557,-0.0009827938629314303
XGBoost,9,2026-03-10,-0.012090885178727579,-0.0027135363779962063
XGBoost,9,2026-03-11,-0.010344742558357102,-0.0002852339530363679
XGBoost,9,2026-03-12,-0.012584138459255777,0.001442486303858459
XGBoost,9,2026-03-13,-0.011824579132621192,-0.0017856191843748093
XGBoost,9,2026-03-16,0.0011987533933456099,-0.0012175156734883785
XGBoost,9,2026-03-17,-0.022617174161619544,-0.0020981356501579285
XGBoost,9,2026-03-18,-0.06116472469150908,4.346502464613877e-05
XGBoost,9,2026-03-19,-0.006709890029017639,0.0009699732181616127
XGBoost,9,2026-03-20,-0.03732260647233202,0.0074860695749521255
XGBoost,9,2026-03-23,-0.0012032296424023367,0.017010968178510666
XGBoost,9,2026-03-24,0.033573573740637866,0.0037468550726771355
XGBoost,9,2026-03-25,-0.0394289829459794,0.0107398247346282
XGBoost,9,2026-03-26,0.026205765776648658,1.877308386610821e-05
XGBoost,9,2026-03-27,0.007429207535768564,0.00628419267013669
XGBoost,9,2026-03-30,0.026512431127413087,0.0027289697900414467
XGBoost,9,2026-03-31,0.03499040911817492,0.0009492253302596509
XGBoost,10,2026-04-02,-0.02810734041002322,-0.0017467300640419126
XGBoost,10,2026-04-06,0.0010678741332234593,0.00029012453160248697
XGBoost,10,2026-04-07,0.0,-0.0032250306103378534
XGBoost,10,2026-04-08,0.01955272051630473,-0.002521238289773464
XGBoost,10,2026-04-09,0.00850426249624097,0.0009389430051669478
XGBoost,10,2026-04-10,-0.006371458031125033,-0.0002128878841176629
XGBoost,10,2026-04-13,-0.004186383727236395,0.0015395067166537046
XGBoost,10,2026-04-14,0.017198280994109087,0.003071385435760021
XGBoost,10,2026-04-15,-0.0054787859356153785,0.0008785275276750326
XGBoost,10,2026-04-16,-0.0031770068196661392,0.0014350924175232649
XGBoost,10,2026-04-17,0.014719718632466553,-0.0013178562512621284
XGBoost,10,2026-04-20,-0.010465320161640049,0.0018050257349386811
XGBoost,10,2026-04-21,-0.02287387820870831,0.004495714325457811
XGBoost,10,2026-04-22,0.0070519266966085035,-5.556998075917363e-05
XGBoost,10,2026-04-23,-0.0061200992967565026,0.000960848294198513
XGBoost,10,2026-04-24,0.003571072167241396,0.00011851266754092649
XGBoost,10,2026-04-27,-0.010005744880541992,0.0005977128748781979
XGBoost,10,2026-04-28,-0.01834052163097715,-0.0001789670786820352
XGBoost,10,2026-04-29,-0.010229187187446151,-0.0015121628530323505
XGBoost,10,2026-04-30,0.014818975567984847,-0.00010357958672102541
SVR,1,2025-07-02,-0.005013005215195885,0.0008464906912012889
SVR,1,2025-07-03,0.0010763590326128834,-0.002507452857562515
SVR,1,2025-07-04,-0.0011062298064621076,0.0007129872457302659
SVR,1,2025-07-07,-0.007778211407505572,0.0006146024073410164
SVR,1,2025-07-08,0.0012353600500174169,-0.0012746669277065
SVR,1,2025-07-09,0.0014142211893828976,0.0007277339762811973
SVR,1,2025-07-10,0.011450578526709174,-0.00296398373336659
SVR,1,2025-07-11,-0.0014576320864308596,-0.0028129938723459435
SVR,1,2025-07-14,-0.006690830038818713,-0.002550083844346396
SVR,1,2025-07-15,0.006690830038818678,0.002740628385173338
SVR,1,2025-07-16,-0.00411671977094435,0.0019692890024243267
SVR,1,2025-07-17,0.003878517843275477,0.0013309267776342943
SVR,1,2025-07-18,0.014221078392013241,-0.001536893984231973
SVR,1,2025-07-21,0.010890474089836623,-0.005151315584567436
SVR,1,2025-07-22,-0.01347713181881251,-0.004044883672339262
SVR,1,2025-07-23,-0.0071185476742964245,-0.0023805875923382834
SVR,1,2025-07-24,-0.011298178577683532,0.0012228556341742592
SVR,1,2025-07-25,-0.00770441311868792,0.004670640343300233
SVR,1,2025-07-28,0.004220687604230213,-0.0005709643266646288
SVR,1,2025-07-29,-0.008519931583451865,-0.0065845619437278485
SVR,1,2025-07-30,-0.0007892237945701002,-0.007466972378261492
SVR,2,2025-07-31,0.0318568991094105,-0.00045323875600270116
SVR,2,2025-08-01,0.007793498093309997,0.00042897045772851707
SVR,2,2025-08-04,0.002419452581713986,0.004971994803611225
SVR,2,2025-08-05,-0.0003785759879383521,0.00410739681444837
SVR,2,2025-08-06,0.005895110583368623,0.0001332483682764918
SVR,2,2025-08-07,0.010828067683390978,-0.0004724849895309245
SVR,2,2025-08-08,-0.025117358026758067,0.0039030303739123907
SVR,2,2025-08-11,-0.0016755449376984748,0.00574842573854746
SVR,2,2025-08-12,0.002732376874092824,0.005879352344250599
SVR,2,2025-08-13,-0.007391654844456962,0.0027549021891667518
SVR,2,2025-08-14,-0.00017731931563673257,0.0023033268558138482
SVR,2,2025-08-15,-0.0013608550423696423,0.006750032881486637
SVR,2,2025-08-18,-0.005729838577164113,-0.0031418198535031654
SVR,2,2025-08-19,0.008833365785586416,0.00661420676908081
SVR,2,2025-08-20,-0.0020383464448766497,0.003039606324994594
SVR,2,2025-08-21,0.01085285922255761,0.0015511773183831403
SVR,2,2025-08-22,-0.00029256875574397255,0.002477969573466403
SVR,2,2025-08-25,0.00452522485958744,-0.0006157909574934582
SVR,2,2025-08-26,0.004533865425989448,-0.0012055511623770344
SVR,2,2025-08-27,0.007424654028850121,0.0022706551881880154
SVR,2,2025-08-28,0.011959414672805504,0.0019810624965013388
SVR,3,2025-08-29,0.021412365981205005,-0.0020089573515806383
SVR,3,2025-09-02,0.011981838523569367,0.0048344398831390994
SVR,3,2025-09-03,-0.007953439794451702,0.0014942729354929622
SVR,3,2025-09-04,0.012837668774505576,0.004878754764113556
SVR,3,2025-09-05,0.006575072093788713,-0.010833583438466445
SVR,3,2025-09-08,0.001304432198567463,-0.005154083722699109
SVR,3,2025-09-09,-5.430356949830863e-05,0.006203802415654006
SVR,3,2025-09-10,-0.002283948524574761,-0.002089249500047626
SVR,3,2025-09-11,0.003478211302115392,-0.002087086841978442
SVR,3,2025-09-12,0.008804469354506315,-0.004499700234583612
SVR,3,2025-09-15,0.0016389083815749595,0.002148450477820793
SVR,3,2025-09-16,-0.0019616146999941143,0.0043520582814596965
SVR,3,2025-09-17,-0.010681406425555337,-0.0009869618316448517
SVR,3,2025-09-18,0.007448470843354675,0.00405523254658907
SVR,3,2025-09-19,0.01852772524256409,0.0018992075200464954
SVR,3,2025-09-22,0.010697223061897887,0.004347040409765104
SVR,3,2025-09-23,-0.012553199790111593,-0.0007693042949342629
SVR,3,2025-09-24,0.0007958404288577125,0.006390423151795284
SVR,3,2025-09-25,0.009999925510945777,0.008935426326363259
SVR,3,2025-09-26,0.012056186181995571,-0.0018810460323090486
SVR,3,2025-09-29,0.004658152470113703,0.007277507425477309
SVR,4,2025-09-30,0.006254295801218062,0.008746874464691783
SVR,4,2025-10-01,-0.007571866292281061,0.0019943162527162363
SVR,4,2025-10-02,0.010492523852748951,-0.0020520231300860895
SVR,4,2025-10-03,0.01709577143373889,-0.004508955918202563
SVR,4,2025-10-06,0.007041981231953469,-0.0005618618142817125
SVR,4,2025-10-07,0.016372109855940637,-0.0005631343338894086
SVR,4,2025-10-08,-0.02434502527272507,0.004565678159548314
SVR,4,2025-10-09,0.006973514949432017,0.0019989352966133635
SVR,4,2025-10-10,0.032609203820993034,0.0014199389387796071
SVR,4,2025-10-13,0.007328489165936037,-0.0018318461415791339
SVR,4,2025-10-14,0.009133403673442007,-3.896745243622932e-05
SVR,4,2025-10-15,0.024218812665454535,0.011884693010656169
SVR,4,2025-10-16,-0.02143809876370929,0.003132319065331641
SVR,4,2025-10-17,0.034088268540251064,-0.015381464542196984
SVR,4,2025-10-20,-0.05913036061837281,-0.01060161498588494
SVR,4,2025-10-21,-0.010691935071186633,-0.01421310075078089
SVR,4,2025-10-22,0.019535439260900275,0.0009944267732328945
SVR,4,2025-10-23,-0.0018833559568211852,3.090493740814449e-05
SVR,4,2025-10-24,-0.02895693759216049,0.004890215145650905
SVR,4,2025-10-27,-0.009146825727850414,0.0010570282459410733
SVR,4,2025-10-28,0.004408898498803126,0.0019359045982161442
SVR,5,2025-10-29,0.003792123759319021,-0.0030826418807823404
SVR,5,2025-10-30,-0.004842479279663863,0.005547646882423316
SVR,5,2025-10-31,0.0043692722902096805,0.0011137705412014715
SVR,5,2025-11-03,-0.013417970451949117,0.0007667318319725791
SVR,5,2025-11-04,0.008147479561113499,0.0014257952262206157
SVR,5,2025-11-05,-0.00047593341671400114,-0.0015147926512774884
SVR,5,2025-11-06,0.004699550873542623,0.009448960140821722
SVR,5,2025-11-07,0.027597105528127795,0.006732928838271187
SVR,5,2025-11-10,-0.0013838283037244535,0.0023002625350838873
SVR,5,2025-11-11,0.023362758198939928,-0.006928283990588185
SVR,5,2025-11-12,-0.004543269059270653,-0.0005208000764977237
SVR,5,2025-11-13,-0.02420281720599833,-0.0019912116584218146
SVR,5,2025-11-14,-0.004823286320076406,0.009430659819459609
SVR,5,2025-11-17,-0.0019653611534445575,-0.004205620127502111
SVR,5,2025-11-18,0.00400036088198349,0.002723888480458308
SVR,5,2025-11-19,-0.005600065893035144,0.006788864589174743
SVR,5,2025-11-20,0.004791458273076578,0.007448817582445592
SVR,5,2025-11-21,0.0035968942114961056,0.003269521467614717
SVR,5,2025-11-24,0.011124461739009153,0.0046907844965035595
SVR,5,2025-11-25,0.006068552727885582,0.004634240865299455
SVR,5,2025-11-26,0.021306896469946157,0.006179004088077902
SVR,6,2025-11-28,0.004666034944276696,-0.0015999612848813735
SVR,6,2025-12-01,-0.012712634712284829,-0.0034725712616202097
SVR,6,2025-12-02,0.002768197758106589,-0.004004677047721727
SVR,6,2025-12-03,0.0024777311950344304,-0.0038965489998915295
SVR,6,2025-12-04,0.0,0.0031188016221764476
SVR,6,2025-12-05,-0.0059805641405327285,0.0012313650090536221
SVR,6,2025-12-08,0.0043766850036946565,-0.006393799416560303
SVR,6,2025-12-09,-0.002718388481319545,-0.003990245378160367
SVR,6,2025-12-10,0.02068541906367583,-0.00045526107230775645
SVR,6,2025-12-11,0.003541092433026351,0.004303603805205188
SVR,6,2025-12-12,0.0015929802237420196,-0.001961712116737363
SVR,6,2025-12-15,-0.0006692565868493225,-0.0007638342191097241
SVR,6,2025-12-16,0.009556503562019045,-0.010587999985192218
SVR,6,2025-12-17,-0.0021514021043768814,-0.002606897388214807
SVR,6,2025-12-18,0.005210323996448743,-0.0011073603375431854
SVR,6,2025-12-19,0.018540190388463378,0.002329641534288101
SVR,6,2025-12-22,0.00808915566719769,-0.0007562489514952336
SVR,6,2025-12-23,-0.0006439231226546872,0.0035591195789023257
SVR,6,2025-12-24,0.011021124337837926,0.0011476431030297688
SVR,6,2025-12-26,-0.04701698661716152,-0.007268265465794846
SVR,6,2025-12-29,0.009782482738117076,0.0051943649247312
SVR,7,2025-12-30,-0.01035820786686775,-0.0033922508290834905
SVR,7,2025-12-31,-0.002652613164826404,-0.0005727480645874286
SVR,7,2026-01-02,0.027765936481767103,-0.0014073124459606425
SVR,7,2026-01-05,0.009969258025547125,-0.0003251937507458322
SVR,7,2026-01-06,-0.0075012289513783775,-0.005376765887017777
SVR,7,2026-01-07,-0.00040339893143997464,-0.001028320629645508
SVR,7,2026-01-08,0.008971606907573183,-0.0014908633831254372
SVR,7,2026-01-09,0.024969547666848495,-0.004668032146318697
SVR,7,2026-01-12,-0.0033862493362126138,-0.005631341773142027
SVR,7,2026-01-13,0.007926601145667499,0.0031399236804496564
SVR,7,2026-01-14,-0.0025919619439755117,0.0015841298574246407
SVR,7,2026-01-15,-0.006139510703623363,-0.007419535879052427
SVR,7,2026-01-16,0.03640959099230665,0.004024474295150625
SVR,7,2026-01-20,0.014932685452998438,0.0010168285207685652
SVR,7,2026-01-21,0.015568088290666629,-0.007694015298956205
SVR,7,2026-01-22,0.0134035408333191,0.0016635385290874958
SVR,7,2026-01-23,0.02043357904047868,0.0029963054398115412
SVR,7,2026-01-26,1.9694376895771874e-05,0.008082614994443483
SVR,7,2026-01-27,0.04256289277436651,0.0003095453357480189
SVR,7,2026-01-28,0.0027866342053497763,-0.008458318260167382
SVR,7,2026-01-29,-0.11405996064112038,0.01008523594437174
SVR,8,2026-01-30,-0.019686303122442145,0.001862188013989913
SVR,8,2026-02-02,0.058926448772030716,0.0001843884574649219
SVR,8,2026-02-03,0.003196467347589788,0.00018347220458674247
SVR,8,2026-02-04,-0.01245909146284185,0.00018325523793026277
SVR,8,2026-02-05,0.018299641596384978,0.0001772055238709129
SVR,8,2026-02-06,0.019803434786086996,0.00018455880602923641
SVR,8,2026-02-09,-0.009574353643483177,-0.0010099727149526039
SVR,8,2026-02-10,0.013327607312961768,0.00014118122421372903
SVR,8,2026-02-11,-0.029882106550518355,0.0010165152271126342
SVR,8,2026-02-12,0.019590990507983467,-0.0014083012380276282
SVR,8,2026-02-13,-0.02821672026116965,0.00017932253949514212
SVR,8,2026-02-17,0.020897567198741928,-0.006643082897856741
SVR,8,2026-02-18,-0.0024183520713796174,0.0003708773502114211
SVR,8,2026-02-19,0.016570634386725833,-0.003407483237663835
SVR,8,2026-02-20,0.02808125044952713,-0.0022854146516285536
SVR,8,2026-02-23,-0.009479164880599267,0.0012430080185573
SVR,8,2026-02-24,0.009593996324003868,-0.0003768091944079036
SVR,8,2026-02-25,-0.006141817855776584,0.013268835573502058
SVR,8,2026-02-26,0.010285321903876413,-0.004712839950997157
SVR,8,2026-02-27,0.01206514854594433,0.004248402686006326
SVR,8,2026-03-02,-0.03601625408895964,0.0013881083678818466
SVR,9,2026-03-03,0.0021445846910061257,0.0019465886625641663
SVR,9,2026-03-04,-0.01096609533518948,-0.005104393283712327
SVR,9,2026-03-05,0.015629285841707433,-0.017512371059059964
SVR,9,2026-03-06,-0.010718842473702186,0.012200877940758095
SVR,9,2026-03-09,0.026756394882401557,0.01415980194665303
SVR,9,2026-03-10,-0.012090885178727579,-0.008529897623952246
SVR,9,2026-03-11,-0.010344742558357102,-0.005525032071641809
SVR,9,2026-03-12,-0.012584138459255777,-0.0037799115849862777
SVR,9,2026-03-13,-0.011824579132621192,-0.01763358905545908
SVR,9,2026-03-16,0.0011987533933456099,0.003875493284307565
SVR,9,2026-03-17,-0.022617174161619544,-0.004731365431588732
SVR,9,2026-03-18,-0.06116472469150908,0.01499144914234498
SVR,9,2026-03-19,-0.006709890029017639,0.008860105552592423
SVR,9,2026-03-20,-0.03732260647233202,0.007675308692154548
SVR,9,2026-03-23,-0.0012032296424023367,0.0008343522593204475
SVR,9,2026-03-24,0.033573573740637866,-0.0008064588929150717
SVR,9,2026-03-25,-0.0394289829459794,0.0028674296365308978
SVR,9,2026-03-26,0.026205765776648658,0.0024027138417574926
SVR,9,2026-03-27,0.007429207535768564,0.0004298313316060358
SVR,9,2026-03-30,0.026512431127413087,0.004263816009286939
SVR,9,2026-03-31,0.03499040911817492,0.012160078489536204
SVR,10,2026-04-02,-0.02810734041002322,0.0019113454472982966
SVR,10,2026-04-06,0.0010678741332234593,-0.00015141569604502426
SVR,10,2026-04-07,0.0,0.0013261510692914769
SVR,10,2026-04-08,0.01955272051630473,-0.002356161541402032
SVR,10,2026-04-09,0.00850426249624097,0.002573383836612104
SVR,10,2026-04-10,-0.006371458031125033,-0.006539957189290559
SVR,10,2026-04-13,-0.004186383727236395,0.005405523323068244
SVR,10,2026-04-14,0.017198280994109087,-0.008971716307511014
SVR,10,2026-04-15,-0.0054787859356153785,-0.004360320942807467
SVR,10,2026-04-16,-0.0031770068196661392,-0.012082048310405047
SVR,10,2026-04-17,0.014719718632466553,0.0038873445765943214
SVR,10,2026-04-20,-0.010465320161640049,0.0105940375643329
SVR,10,2026-04-21,-0.02287387820870831,0.011020301258034226
SVR,10,2026-04-22,0.0070519266966085035,-0.0038193112562391928
SVR,10,2026-04-23,-0.0061200992967565026,-0.014161848834451003
SVR,10,2026-04-24,0.003571072167241396,0.0007414252026440747
SVR,10,2026-04-27,-0.010005744880541992,-0.007207894636272489
SVR,10,2026-04-28,-0.01834052163097715,0.010277304532654165
SVR,10,2026-04-29,-0.010229187187446151,-0.0006001584839284513
SVR,10,2026-04-30,0.014818975567984847,-0.0069287777754793965
LSTM,1,2025-07-02,0.002951012602480181,0.0018196199089288712
LSTM,1,2025-07-03,-0.005013005215195885,0.0015938440337777138
LSTM,1,2025-07-04,0.0010763590326128834,0.0019653956405818462
LSTM,1,2025-07-07,-0.0011062298064621076,0.0015637893229722977
LSTM,1,2025-07-08,-0.007778211407505572,0.0014488177839666605
LSTM,1,2025-07-09,0.0012353600500174169,0.0016868915408849716
LSTM,1,2025-07-10,0.0014142211893828976,0.0042390464805066586
LSTM,1,2025-07-11,0.011450578526709174,0.00429335655644536
LSTM,1,2025-07-14,-0.0014576320864308596,0.00393008254468441
LSTM,1,2025-07-15,-0.006690830038818713,0.003644184675067663
LSTM,1,2025-07-16,0.006690830038818678,0.0032994323410093784
LSTM,1,2025-07-17,-0.00411671977094435,0.001760091632604599
LSTM,1,2025-07-18,0.003878517843275477,0.002451747190207243
LSTM,1,2025-07-21,0.014221078392013241,0.00195643724873662
LSTM,1,2025-07-22,0.010890474089836623,0.001745462417602539
LSTM,1,2025-07-23,-0.01347713181881251,0.001916408073157072
LSTM,1,2025-07-24,-0.0071185476742964245,0.0032260362058877945
LSTM,1,2025-07-25,-0.011298178577683532,0.002349626272916794
LSTM,1,2025-07-28,-0.00770441311868792,0.0017842692323029041
LSTM,1,2025-07-29,0.004220687604230213,0.0010523311793804169
LSTM,1,2025-07-30,-0.008519931583451865,0.0008492287015542388
LSTM,2,2025-07-31,-0.0007892237945701002,0.0012728068977594376
LSTM,2,2025-08-01,0.0318568991094105,0.001229109475389123
LSTM,2,2025-08-04,0.007793498093309997,0.001004522666335106
LSTM,2,2025-08-05,0.002419452581713986,0.0038614789955317974
LSTM,2,2025-08-06,-0.0003785759879383521,0.004333730321377516
LSTM,2,2025-08-07,0.005895110583368623,0.004025743342936039
LSTM,2,2025-08-08,0.010828067683390978,0.0025248457677662373
LSTM,2,2025-08-11,-0.025117358026758067,-0.0004631322808563709
LSTM,2,2025-08-12,-0.0016755449376984748,-3.6422163248062134e-05
LSTM,2,2025-08-13,0.002732376874092824,-0.00029195076785981655
LSTM,2,2025-08-14,-0.007391654844456962,-0.0002346013206988573
LSTM,2,2025-08-15,-0.00017731931563673257,-0.0004536844789981842
LSTM,2,2025-08-18,-0.0013608550423696423,-0.0010540038347244263
LSTM,2,2025-08-19,-0.005729838577164113,-0.00100925681181252
LSTM,2,2025-08-20,0.008833365785586416,-0.001248654443770647
LSTM,2,2025-08-21,-0.0020383464448766497,-0.0018099062144756317
LSTM,2,2025-08-22,0.01085285922255761,-0.001378506887704134
LSTM,2,2025-08-25,-0.00029256875574397255,-0.0026637203991413116
LSTM,2,2025-08-26,0.00452522485958744,-0.002702786587178707
LSTM,2,2025-08-27,0.004533865425989448,-0.0023899576626718044
LSTM,2,2025-08-28,0.007424654028850121,-0.002448947634547949
LSTM,3,2025-08-29,0.011959414672805504,-0.0004335038538556546
LSTM,3,2025-09-02,0.021412365981205005,-0.001049240818247199
LSTM,3,2025-09-03,0.011981838523569367,-0.0012301044771447778
LSTM,3,2025-09-04,-0.007953439794451702,-0.0008919769898056984
LSTM,3,2025-09-05,0.012837668774505576,-0.00012970456737093627
LSTM,3,2025-09-08,0.006575072093788713,-7.760684820823371e-05
LSTM,3,2025-09-09,0.001304432198567463,-0.0004002961504738778
LSTM,3,2025-09-10,-5.430356949830863e-05,-0.00031813952955417335
LSTM,3,2025-09-11,-0.002283948524574761,0.0004103179380763322
LSTM,3,2025-09-12,0.003478211302115392,0.0009034420363605022
LSTM,3,2025-09-15,0.008804469354506315,0.0003542951599229127
LSTM,3,2025-09-16,0.0016389083815749595,-0.000870890449732542
LSTM,3,2025-09-17,-0.0019616146999941143,-0.0012411754578351974
LSTM,3,2025-09-18,-0.010681406425555337,-0.0009212972363457084
LSTM,3,2025-09-19,0.007448470843354675,-0.00040333575452677906
LSTM,3,2025-09-22,0.01852772524256409,-0.0013563514221459627
LSTM,3,2025-09-23,0.010697223061897887,-0.002233467297628522
LSTM,3,2025-09-24,-0.012553199790111593,-0.0022495463490486145
LSTM,3,2025-09-25,0.0007958404288577125,-0.0006812340579926968
LSTM,3,2025-09-26,0.009999925510945777,4.374401760287583e-05
LSTM,3,2025-09-29,0.012056186181995571,-0.0001879105984698981
LSTM,4,2025-09-30,0.004658152470113703,0.0005891317268833518
LSTM,4,2025-10-01,0.006254295801218062,0.000930862850509584
LSTM,4,2025-10-02,-0.007571866292281061,0.001096540130674839
LSTM,4,2025-10-03,0.010492523852748951,0.0016588923754170537
LSTM,4,2025-10-06,0.01709577143373889,0.0011297323508188128
LSTM,4,2025-10-07,0.007041981231953469,0.0008578819106332958
LSTM,4,2025-10-08,0.016372109855940637,0.0012564783683046699
LSTM,4,2025-10-09,-0.02434502527272507,0.0013261425774544477
LSTM,4,2025-10-10,0.006973514949432017,0.0025081411004066467
LSTM,4,2025-10-13,0.032609203820993034,0.0021486745681613684
LSTM,4,2025-10-14,0.007328489165936037,0.0007156707579270005
LSTM,4,2025-10-15,0.009133403673442007,0.0008503160206601024
LSTM,4,2025-10-16,0.024218812665454535,0.0008327559335157275
LSTM,4,2025-10-17,-0.02143809876370929,9.642902296036482e-05
LSTM,4,2025-10-20,0.034088268540251064,-0.0007196780061349273
LSTM,4,2025-10-21,-0.05913036061837281,-0.0011127906618639827
LSTM,4,2025-10-22,-0.010691935071186633,-0.00019255513325333595
LSTM,4,2025-10-23,0.019535439260900275,0.0015674340538680553
LSTM,4,2025-10-24,-0.0018833559568211852,0.0018033311935141683
LSTM,4,2025-10-27,-0.02895693759216049,0.001367715303786099
LSTM,4,2025-10-28,-0.009146825727850414,0.00046914827544242144
LSTM,5,2025-10-29,0.004408898498803126,-0.001874927431344986
LSTM,5,2025-10-30,0.003792123759319021,-0.0017097387462854385
LSTM,5,2025-10-31,-0.004842479279663863,-0.0017464680131524801
LSTM,5,2025-11-03,0.0043692722902096805,-0.001825887942686677
LSTM,5,2025-11-04,-0.013417970451949117,-0.0021865186281502247
LSTM,5,2025-11-05,0.008147479561113499,-0.002081037499010563
LSTM,5,2025-11-06,-0.00047593341671400114,-0.0019173328764736652
LSTM,5,2025-11-07,0.004699550873542623,-0.001740568783134222
LSTM,5,2025-11-10,0.027597105528127795,-0.001898246817290783
LSTM,5,2025-11-11,-0.0013838283037244535,-0.0027260598726570606
LSTM,5,2025-11-12,0.023362758198939928,-0.002709296066313982
LSTM,5,2025-11-13,-0.004543269059270653,-0.0031676837243139744
LSTM,5,2025-11-14,-0.02420281720599833,-0.0028395908884704113
LSTM,5,2025-11-17,-0.004823286320076406,-0.0024437992833554745
LSTM,5,2025-11-18,-0.0019653611534445575,-0.0022330062929540873
LSTM,5,2025-11-19,0.00400036088198349,-0.0017100186087191105
LSTM,5,2025-11-20,-0.005600065893035144,-0.0008549322374165058
LSTM,5,2025-11-21,0.004791458273076578,0.00019565224647521973
LSTM,5,2025-11-24,0.0035968942114961056,0.00027556915301829576
LSTM,5,2025-11-25,0.011124461739009153,-0.00026555906515568495
LSTM,5,2025-11-26,0.006068552727885582,-0.0006496027344837785
LSTM,6,2025-11-28,0.021306896469946157,0.0022015185095369816
LSTM,6,2025-12-01,0.004666034944276696,0.0016674334183335304
LSTM,6,2025-12-02,-0.012712634712284829,0.0011047027073800564
LSTM,6,2025-12-03,0.002768197758106589,0.001807487104088068
LSTM,6,2025-12-04,0.0024777311950344304,0.0031789042986929417
LSTM,6,2025-12-05,0.0,0.004369982983916998
LSTM,6,2025-12-08,-0.0059805641405327285,0.004380160477012396
LSTM,6,2025-12-09,0.0043766850036946565,0.0037199868820607662
LSTM,6,2025-12-10,-0.002718388481319545,0.003653904888778925
LSTM,6,2025-12-11,0.02068541906367583,0.003859287593513727
LSTM,6,2025-12-12,0.003541092433026351,0.004237753339111805
LSTM,6,2025-12-15,0.0015929802237420196,0.004174899309873581
LSTM,6,2025-12-16,-0.0006692565868493225,0.0032241973094642162
LSTM,6,2025-12-17,0.009556503562019045,0.003051594365388155
LSTM,6,2025-12-18,-0.0021514021043768814,0.0029147998429834843
LSTM,6,2025-12-19,0.005210323996448743,0.003595926333218813
LSTM,6,2025-12-22,0.018540190388463378,0.0033873096108436584
LSTM,6,2025-12-23,0.00808915566719769,0.0023878770880401134
LSTM,6,2025-12-24,-0.0006439231226546872,0.0020223730243742466
LSTM,6,2025-12-26,0.011021124337837926,0.002893769647926092
LSTM,6,2025-12-29,-0.04701698661716152,0.002586189191788435
LSTM,7,2025-12-30,0.009782482738117076,0.0024483436718583107
LSTM,7,2025-12-31,-0.01035820786686775,0.0018508803332224488
LSTM,7,2026-01-02,-0.002652613164826404,0.00268673337996006
LSTM,7,2026-01-05,0.027765936481767103,0.0024895519018173218
LSTM,7,2026-01-06,0.009969258025547125,0.0019931462593376637
LSTM,7,2026-01-07,-0.0075012289513783775,0.002721310593187809
LSTM,7,2026-01-08,-0.00040339893143997464,0.0029418491758406162
LSTM,7,2026-01-09,0.008971606907573183,0.0025499945040792227
LSTM,7,2026-01-12,0.024969547666848495,0.001919151865877211
LSTM,7,2026-01-13,-0.0033862493362126138,0.0012679179199039936
LSTM,7,2026-01-14,0.007926601145667499,0.002213860861957073
LSTM,7,2026-01-15,-0.0025919619439755117,0.0027832486666738987
LSTM,7,2026-01-16,-0.006139510703623363,0.002960009966045618
LSTM,7,2026-01-20,0.03640959099230665,0.0027891001664102077
LSTM,7,2026-01-21,0.014932685452998438,0.0018723978428170085
LSTM,7,2026-01-22,0.015568088290666629,0.002067672787234187
LSTM,7,2026-01-23,0.0134035408333191,0.0022196078207343817
LSTM,7,2026-01-26,0.02043357904047868,0.0016991902375593781
LSTM,7,2026-01-27,1.9694376895771874e-05,0.0010739468270912766
LSTM,7,2026-01-28,0.04256289277436651,0.0004920639330521226
LSTM,7,2026-01-29,0.0027866342053497763,0.001029929961077869
LSTM,8,2026-01-30,-0.11405996064112038,-0.0021930313669145107
LSTM,8,2026-02-02,-0.019686303122442145,0.004961482714861631
LSTM,8,2026-02-03,0.058926448772030716,0.00872065220028162
LSTM,8,2026-02-04,0.003196467347589788,0.01246665045619011
LSTM,8,2026-02-05,-0.01245909146284185,0.010906641371548176
LSTM,8,2026-02-06,0.018299641596384978,0.010329161770641804
LSTM,8,2026-02-09,0.019803434786086996,0.009126621298491955
LSTM,8,2026-02-10,-0.009574353643483177,0.0031866286881268024
LSTM,8,2026-02-11,0.013327607312961768,-0.0014066112926229835
LSTM,8,2026-02-12,-0.029882106550518355,-0.0032904832623898983
LSTM,8,2026-02-13,0.019590990507983467,-0.004345088731497526
LSTM,8,2026-02-17,-0.02821672026116965,-0.004067463334649801
LSTM,8,2026-02-18,0.020897567198741928,-0.0033047881443053484
LSTM,8,2026-02-19,-0.0024183520713796174,-0.0018745047273114324
LSTM,8,2026-02-20,0.016570634386725833,-0.0012886164477095008
LSTM,8,2026-02-23,0.02808125044952713,-0.0008039061794988811
LSTM,8,2026-02-24,-0.009479164880599267,-0.0032530571334064007
LSTM,8,2026-02-25,0.009593996324003868,-0.004771498031914234
LSTM,8,2026-02-26,-0.006141817855776584,-0.006108374800533056
LSTM,8,2026-02-27,0.010285321903876413,-0.006184815429151058
LSTM,8,2026-03-02,0.01206514854594433,-0.005318832118064165
LSTM,9,2026-03-03,-0.03601625408895964,-0.0034367754124104977
LSTM,9,2026-03-04,0.0021445846910061257,-0.0013905186206102371
LSTM,9,2026-03-05,-0.01096609533518948,0.00015628938854206353
LSTM,9,2026-03-06,0.015629285841707433,0.0019962689839303493
LSTM,9,2026-03-09,-0.010718842473702186,0.0021823635324835777
LSTM,9,2026-03-10,0.026756394882401557,0.002406658139079809
LSTM,9,2026-03-11,-0.012090885178727579,0.0018909880891442299
LSTM,9,2026-03-12,-0.010344742558357102,0.0019890516996383667
LSTM,9,2026-03-13,-0.012584138459255777,0.0021737366914749146
LSTM,9,2026-03-16,-0.011824579132621192,0.002329515293240547
LSTM,9,2026-03-17,0.0011987533933456099,0.0020874994806945324
LSTM,9,2026-03-18,-0.022617174161619544,0.00221596984192729
LSTM,9,2026-03-19,-0.06116472469150908,0.0029219905845820904
LSTM,9,2026-03-20,-0.006709890029017639,0.005445378366857767
LSTM,9,2026-03-23,-0.03732260647233202,0.0041925436817109585
LSTM,9,2026-03-24,-0.0012032296424023367,0.005376736167818308
LSTM,9,2026-03-25,0.033573573740637866,0.005051807034760714
LSTM,9,2026-03-26,-0.0394289829459794,0.004663519095629454
LSTM,9,2026-03-27,0.026205765776648658,0.0067970664240419865
LSTM,9,2026-03-30,0.007429207535768564,0.005359737668186426
LSTM,9,2026-03-31,0.026512431127413087,0.004918023943901062
LSTM,10,2026-04-01,0.03499040911817492,6.588798714801669e-05
LSTM,10,2026-04-02,-0.02810734041002322,-0.0017194871325045824
LSTM,10,2026-04-06,0.0010678741332234593,-0.00024967832723632455
LSTM,10,2026-04-07,0.0,-0.0002709476393647492
LSTM,10,2026-04-08,0.01955272051630473,-0.0001825932995416224
LSTM,10,2026-04-09,0.00850426249624097,-0.0007553704199381173
LSTM,10,2026-04-10,-0.006371458031125033,-0.0007842932245694101
LSTM,10,2026-04-13,-0.004186383727236395,-0.00016441784100607038
LSTM,10,2026-04-14,0.017198280994109087,-0.0003111523692496121
LSTM,10,2026-04-15,-0.0054787859356153785,-0.0012317716609686613
LSTM,10,2026-04-16,-0.0031770068196661392,-0.0007422143244184554
LSTM,10,2026-04-17,0.014719718632466553,-0.0004518117639236152
LSTM,10,2026-04-20,-0.010465320161640049,-0.0008800909272395074
LSTM,10,2026-04-21,-0.02287387820870831,-0.0002437996445223689
LSTM,10,2026-04-22,0.0070519266966085035,0.0007074328605085611
LSTM,10,2026-04-23,-0.0061200992967565026,0.0004593211051542312
LSTM,10,2026-04-24,0.003571072167241396,0.0012289183214306831
LSTM,10,2026-04-27,-0.010005744880541992,0.0014002267271280289
LSTM,10,2026-04-28,-0.01834052163097715,0.0019159470684826374
LSTM,10,2026-04-29,-0.010229187187446151,0.0021926010958850384
LSTM,10,2026-04-30,0.014818975567984847,0.0018301166128367186
GRU,1,2025-07-02,0.002951012602480181,0.00026181316934525967
GRU,1,2025-07-03,-0.005013005215195885,0.0011428848374634981
GRU,1,2025-07-04,0.0010763590326128834,0.002457741415128112
GRU,1,2025-07-07,-0.0011062298064621076,0.001885468140244484
GRU,1,2025-07-08,-0.007778211407505572,0.0006753380876034498
GRU,1,2025-07-09,0.0012353600500174169,0.0006289980374276638
GRU,1,2025-07-10,0.0014142211893828976,0.0011457446962594986
GRU,1,2025-07-11,0.011450578526709174,0.005395585671067238
GRU,1,2025-07-14,-0.0014576320864308596,0.004069682210683823
GRU,1,2025-07-15,-0.006690830038818713,0.0015778252854943275
GRU,1,2025-07-16,0.006690830038818678,0.000672551803290844
GRU,1,2025-07-17,-0.00411671977094435,0.0004540272057056427
GRU,1,2025-07-18,0.003878517843275477,0.0019685691222548485
GRU,1,2025-07-21,0.014221078392013241,0.0014751623384654522
GRU,1,2025-07-22,0.010890474089836623,0.0011102673597633839
GRU,1,2025-07-23,-0.01347713181881251,0.0018774080090224743
GRU,1,2025-07-24,-0.0071185476742964245,0.004101952537894249
GRU,1,2025-07-25,-0.011298178577683532,0.0032880413345992565
GRU,1,2025-07-28,-0.00770441311868792,0.0017685070633888245
GRU,1,2025-07-29,0.004220687604230213,0.0005812682211399078
GRU,1,2025-07-30,-0.008519931583451865,-0.00011314544826745987
GRU,2,2025-07-31,-0.0007892237945701002,0.001472959411330521
GRU,2,2025-08-01,0.0318568991094105,0.00205513508990407
GRU,2,2025-08-04,0.007793498093309997,0.0031787774059921503
GRU,2,2025-08-05,0.002419452581713986,0.0031161520164459944
GRU,2,2025-08-06,-0.0003785759879383521,0.002850454533472657
GRU,2,2025-08-07,0.005895110583368623,0.0017051899340003729
GRU,2,2025-08-08,0.010828067683390978,0.0001221394632011652
GRU,2,2025-08-11,-0.025117358026758067,-0.0014375827740877867
GRU,2,2025-08-12,-0.0016755449376984748,-0.0003744838759303093
GRU,2,2025-08-13,0.002732376874092824,0.000470608239993453
GRU,2,2025-08-14,-0.007391654844456962,0.0013333286624401808
GRU,2,2025-08-15,-0.00017731931563673257,0.0020500358659774065
GRU,2,2025-08-18,-0.0013608550423696423,0.0017065543215721846
GRU,2,2025-08-19,-0.005729838577164113,0.0017622256418690085
GRU,2,2025-08-20,0.008833365785586416,0.0024840913247317076
GRU,2,2025-08-21,-0.0020383464448766497,0.0027093123644590378
GRU,2,2025-08-22,0.01085285922255761,0.0033755674958229065
GRU,2,2025-08-25,-0.00029256875574397255,0.0030285646207630634
GRU,2,2025-08-26,0.00452522485958744,0.002629038877785206
GRU,2,2025-08-27,0.004533865425989448,0.002187744714319706
GRU,2,2025-08-28,0.007424654028850121,0.0021920157596468925
GRU,3,2025-08-29,0.011959414672805504,0.0005017333896830678
GRU,3,2025-09-02,0.021412365981205005,0.00011896889191120863
GRU,3,2025-09-03,0.011981838523569367,-0.0002778301713988185
GRU,3,2025-09-04,-0.007953439794451702,0.0007917365292087197
GRU,3,2025-09-05,0.012837668774505576,0.002204691059887409
GRU,3,2025-09-08,0.006575072093788713,0.0019270057091489434
GRU,3,2025-09-09,0.001304432198567463,0.0018957663560286164
GRU,3,2025-09-10,-5.430356949830863e-05,0.0021033412776887417
GRU,3,2025-09-11,-0.002283948524574761,0.002202719682827592
GRU,3,2025-09-12,0.003478211302115392,0.0023178569972515106
GRU,3,2025-09-15,0.008804469354506315,0.0014722300693392754
GRU,3,2025-09-16,0.0016389083815749595,9.829213377088308e-05
GRU,3,2025-09-17,-0.0019616146999941143,-0.00021485751494765282
GRU,3,2025-09-18,-0.010681406425555337,0.00024462875444442034
GRU,3,2025-09-19,0.007448470843354675,0.0006892732344567776
GRU,3,2025-09-22,0.01852772524256409,-0.0003077349392697215
GRU,3,2025-09-23,0.010697223061897887,-0.0014726485824212432
GRU,3,2025-09-24,-0.012553199790111593,-0.0008713846327736974
GRU,3,2025-09-25,0.0007958404288577125,0.000578035949729383
GRU,3,2025-09-26,0.009999925510945777,0.0006622786168009043
GRU,3,2025-09-29,0.012056186181995571,0.0003576193703338504
GRU,4,2025-09-30,0.004658152470113703,0.0010106046684086323
GRU,4,2025-10-01,0.006254295801218062,0.0007328733336180449
GRU,4,2025-10-02,-0.007571866292281061,0.0007174026686698198
GRU,4,2025-10-03,0.010492523852748951,0.001662492286413908
GRU,4,2025-10-06,0.01709577143373889,0.00043619031202979386
GRU,4,2025-10-07,0.007041981231953469,-0.00024676110479049385
GRU,4,2025-10-08,0.016372109855940637,-0.00010485571692697704
GRU,4,2025-10-09,-0.02434502527272507,-0.00015752154286019504
GRU,4,2025-10-10,0.006973514949432017,0.0013977597700431943
GRU,4,2025-10-13,0.032609203820993034,0.00069383904337883
GRU,4,2025-10-14,0.007328489165936037,-0.0001860269985627383
GRU,4,2025-10-15,0.009133403673442007,7.89955083746463e-05
GRU,4,2025-10-16,0.024218812665454535,0.00044547091238200665
GRU,4,2025-10-17,-0.02143809876370929,0.000534203602001071
GRU,4,2025-10-20,0.034088268540251064,0.00032924351398833096
GRU,4,2025-10-21,-0.05913036061837281,-0.0007559983059763908
GRU,4,2025-10-22,-0.010691935071186633,0.0011378615163266659
GRU,4,2025-10-23,0.019535439260900275,0.00256993155926466
GRU,4,2025-10-24,-0.0018833559568211852,0.0026963117998093367
GRU,4,2025-10-27,-0.02895693759216049,0.0015201792120933533
GRU,4,2025-10-28,-0.009146825727850414,0.0023682680912315845
GRU,5,2025-10-29,0.004408898498803126,0.0007098837522789836
GRU,5,2025-10-30,0.003792123759319021,-0.00014902709517627954
GRU,5,2025-10-31,-0.004842479279663863,0.00038216530811041594
GRU,5,2025-11-03,0.0043692722902096805,0.0009359515970572829
GRU,5,2025-11-04,-0.013417970451949117,0.0008142063161358237
GRU,5,2025-11-05,0.008147479561113499,0.0009225987596437335
GRU,5,2025-11-06,-0.00047593341671400114,0.0015191774582490325
GRU,5,2025-11-07,0.004699550873542623,0.0026094424538314342
GRU,5,2025-11-10,0.027597105528127795,0.0030560148879885674
GRU,5,2025-11-11,-0.0013838283037244535,0.002328564878553152
GRU,5,2025-11-12,0.023362758198939928,0.0020443424582481384
GRU,5,2025-11-13,-0.004543269059270653,0.0017967155436053872
GRU,5,2025-11-14,-0.02420281720599833,0.0021197404712438583
GRU,5,2025-11-17,-0.004823286320076406,0.002053570467978716
GRU,5,2025-11-18,-0.0019653611534445575,0.001964573748409748
GRU,5,2025-11-19,0.00400036088198349,0.0024520298466086388
GRU,5,2025-11-20,-0.005600065893035144,0.0034465063363313675
GRU,5,2025-11-21,0.004791458273076578,0.004343023523688316
GRU,5,2025-11-24,0.0035968942114961056,0.004379442892968655
GRU,5,2025-11-25,0.011124461739009153,0.003998440224677324
GRU,5,2025-11-26,0.006068552727885582,0.0033952267840504646
GRU,6,2025-11-28,0.021306896469946157,-0.00040822691516950727
GRU,6,2025-12-01,0.004666034944276696,-0.0010933236917480826
GRU,6,2025-12-02,-0.012712634712284829,-0.0012268949067220092
GRU,6,2025-12-03,0.002768197758106589,0.000242424473981373
GRU,6,2025-12-04,0.0024777311950344304,-0.0005294864531606436
GRU,6,2025-12-05,0.0,0.0009475533734075725
GRU,6,2025-12-08,-0.0059805641405327285,0.0009952291147783399
GRU,6,2025-12-09,0.0043766850036946565,-0.000130139131215401
GRU,6,2025-12-10,-0.002718388481319545,-0.0012335283681750298
GRU,6,2025-12-11,0.02068541906367583,-0.0010517883347347379
GRU,6,2025-12-12,0.003541092433026351,-0.0011277393205091357
GRU,6,2025-12-15,0.0015929802237420196,-7.368654769379646e-05
GRU,6,2025-12-16,-0.0006692565868493225,0.0008053706842474639
GRU,6,2025-12-17,0.009556503562019045,0.0009540045284666121
GRU,6,2025-12-18,-0.0021514021043768814,0.0007400982431136072
GRU,6,2025-12-19,0.005210323996448743,0.0014400711515918374
GRU,6,2025-12-22,0.018540190388463378,0.0009820631239563227
GRU,6,2025-12-23,0.00808915566719769,-0.0016100258799269795
GRU,6,2025-12-24,-0.0006439231226546872,-0.0005151432123966515
GRU,6,2025-12-26,0.011021124337837926,0.0006944459746591747
GRU,6,2025-12-29,-0.04701698661716152,-0.00010290004138369113
GRU,7,2025-12-30,0.009782482738117076,0.002872629091143608
GRU,7,2025-12-31,-0.01035820786686775,0.0032009780406951904
GRU,7,2026-01-02,-0.002652613164826404,0.0037237885408103466
GRU,7,2026-01-05,0.027765936481767103,0.004892067983746529
GRU,7,2026-01-06,0.009969258025547125,0.0032216189429163933
GRU,7,2026-01-07,-0.0075012289513783775,0.002229001373052597
GRU,7,2026-01-08,-0.00040339893143997464,0.0024936990812420845
GRU,7,2026-01-09,0.008971606907573183,0.0034760497510433197
GRU,7,2026-01-12,0.024969547666848495,0.0027710385620594025
GRU,7,2026-01-13,-0.0033862493362126138,0.00028715061489492655
GRU,7,2026-01-14,0.007926601145667499,7.989048026502132e-05
GRU,7,2026-01-15,-0.0025919619439755117,0.0006986775551922619
GRU,7,2026-01-16,-0.006139510703623363,0.0012177424505352974
GRU,7,2026-01-20,0.03640959099230665,0.002063667867332697
GRU,7,2026-01-21,0.014932685452998438,0.0006959909806028008
GRU,7,2026-01-22,0.015568088290666629,0.0013128472492098808
GRU,7,2026-01-23,0.0134035408333191,0.001679387642070651
GRU,7,2026-01-26,0.02043357904047868,0.0007387014338746667
GRU,7,2026-01-27,1.9694376895771874e-05,-0.001929559395648539
GRU,7,2026-01-28,0.04256289277436651,-0.0027683512307703495
GRU,7,2026-01-29,0.0027866342053497763,0.001610348466783762
GRU,8,2026-01-30,-0.11405996064112038,-0.0014260022435337305
GRU,8,2026-02-02,-0.019686303122442145,0.0039954534731805325
GRU,8,2026-02-03,0.058926448772030716,0.006433120463043451
GRU,8,2026-02-04,0.003196467347589788,0.003599269548431039
GRU,8,2026-02-05,-0.01245909146284185,0.0038863401859998703
GRU,8,2026-02-06,0.018299641596384978,0.005981944501399994
GRU,8,2026-02-09,0.019803434786086996,0.004584001377224922
GRU,8,2026-02-10,-0.009574353643483177,0.002029985887929797
GRU,8,2026-02-11,0.013327607312961768,0.0012165696825832129
GRU,8,2026-02-12,-0.029882106550518355,0.0006145797669887543
GRU,8,2026-02-13,0.019590990507983467,0.002528692129999399
GRU,8,2026-02-17,-0.02821672026116965,0.0015392327914014459
GRU,8,2026-02-18,0.020897567198741928,0.003110648598521948
GRU,8,2026-02-19,-0.0024183520713796174,0.002526453696191311
GRU,8,2026-02-20,0.016570634386725833,0.0030729081481695175
GRU,8,2026-02-23,0.02808125044952713,0.0025271873455494642
GRU,8,2026-02-24,-0.009479164880599267,0.0009641796350479126
GRU,8,2026-02-25,0.009593996324003868,0.001352416118606925
GRU,8,2026-02-26,-0.006141817855776584,0.0008162055164575577
GRU,8,2026-02-27,0.010285321903876413,0.0015614642761647701
GRU,8,2026-03-02,0.01206514854594433,0.0014406656846404076
GRU,9,2026-03-03,-0.03601625408895964,0.001093141152523458
GRU,9,2026-03-04,0.0021445846910061257,0.004564809612929821
GRU,9,2026-03-05,-0.01096609533518948,0.003804076462984085
GRU,9,2026-03-06,0.015629285841707433,0.004157266113907099
GRU,9,2026-03-09,-0.010718842473702186,0.003688282798975706
GRU,9,2026-03-10,0.026756394882401557,0.0038800761103630066
GRU,9,2026-03-11,-0.012090885178727579,0.002422697376459837
GRU,9,2026-03-12,-0.010344742558357102,0.002106380183249712
GRU,9,2026-03-13,-0.012584138459255777,0.0015404174337163568
GRU,9,2026-03-16,-0.011824579132621192,0.0022601885721087456
GRU,9,2026-03-17,0.0011987533933456099,0.0030136355198919773
GRU,9,2026-03-18,-0.022617174161619544,0.0029961441177874804
GRU,9,2026-03-19,-0.06116472469150908,0.004396893549710512
GRU,9,2026-03-20,-0.006709890029017639,0.005969940219074488
GRU,9,2026-03-23,-0.03732260647233202,0.005977356806397438
GRU,9,2026-03-24,-0.0012032296424023367,0.0077561065554618835
GRU,9,2026-03-25,0.033573573740637866,0.008888266049325466
GRU,9,2026-03-26,-0.0394289829459794,0.0063305627554655075
GRU,9,2026-03-27,0.026205765776648658,0.005666295066475868
GRU,9,2026-03-30,0.007429207535768564,0.0025613214820623398
GRU,9,2026-03-31,0.026512431127413087,0.0005228352965787053
GRU,10,2026-04-01,0.03499040911817492,-0.00020051808678545058
GRU,10,2026-04-02,-0.02810734041002322,-0.0007742057787254453
GRU,10,2026-04-06,0.0010678741332234593,0.0008856303757056594
GRU,10,2026-04-07,0.0,-0.0011805949034169316
GRU,10,2026-04-08,0.01955272051630473,-0.0020625707693398
GRU,10,2026-04-09,0.00850426249624097,-0.0025270653422921896
GRU,10,2026-04-10,-0.006371458031125033,-0.001849853084422648
GRU,10,2026-04-13,-0.004186383727236395,-0.0008666421053931117
GRU,10,2026-04-14,0.017198280994109087,-0.0006753188790753484
GRU,10,2026-04-15,-0.0054787859356153785,-0.0006080670282244682
GRU,10,2026-04-16,-0.0031770068196661392,-0.0006671064766123891
GRU,10,2026-04-17,0.014719718632466553,-8.298983448185027e-05
GRU,10,2026-04-20,-0.010465320161640049,4.79082518722862e-05
GRU,10,2026-04-21,-0.02287387820870831,6.239296635612845e-05
GRU,10,2026-04-22,0.0070519266966085035,0.00030240367050282657
GRU,10,2026-04-23,-0.0061200992967565026,-0.00044470388093031943
GRU,10,2026-04-24,0.003571072167241396,0.0004462917277123779
GRU,10,2026-04-27,-0.010005744880541992,0.0005489966133609414
GRU,10,2026-04-28,-0.01834052163097715,0.0013039951445534825
GRU,10,2026-04-29,-0.010229187187446151,0.0017105004517361522
GRU,10,2026-04-30,0.014818975567984847,0.0011114670196548104
BiLSTM,1,2025-07-02,0.002951012602480181,0.0013910623965784907
BiLSTM,1,2025-07-03,-0.005013005215195885,0.0008094526128843427
BiLSTM,1,2025-07-04,0.0010763590326128834,0.001194720040075481
BiLSTM,1,2025-07-07,-0.0011062298064621076,0.0007741892477497458
BiLSTM,1,2025-07-08,-0.007778211407505572,0.0004906728281639516
BiLSTM,1,2025-07-09,0.0012353600500174169,0.00021343177650123835
BiLSTM,1,2025-07-10,0.0014142211893828976,0.0030143181793391705
BiLSTM,1,2025-07-11,0.011450578526709174,0.003280595876276493
BiLSTM,1,2025-07-14,-0.0014576320864308596,0.0037741344422101974
BiLSTM,1,2025-07-15,-0.006690830038818713,0.004197406582534313
BiLSTM,1,2025-07-16,0.006690830038818678,0.002389191649854183
BiLSTM,1,2025-07-17,-0.00411671977094435,0.0019245066214352846
BiLSTM,1,2025-07-18,0.003878517843275477,0.003059935290366411
BiLSTM,1,2025-07-21,0.014221078392013241,0.0019280621781945229
BiLSTM,1,2025-07-22,0.010890474089836623,3.0105235055088997e-05
BiLSTM,1,2025-07-23,-0.01347713181881251,-9.140872862190008e-05
BiLSTM,1,2025-07-24,-0.0071185476742964245,0.001720637665130198
BiLSTM,1,2025-07-25,-0.011298178577683532,0.0023279276210814714
BiLSTM,1,2025-07-28,-0.00770441311868792,0.0017492513870820403
BiLSTM,1,2025-07-29,0.004220687604230213,0.00132804736495018
BiLSTM,1,2025-07-30,-0.008519931583451865,0.000864205532707274
BiLSTM,2,2025-07-31,-0.0007892237945701002,0.0009134889696724713
BiLSTM,2,2025-08-01,0.0318568991094105,0.0018126219511032104
BiLSTM,2,2025-08-04,0.007793498093309997,0.0010859265457838774
BiLSTM,2,2025-08-05,0.002419452581713986,0.0005030805477872491
BiLSTM,2,2025-08-06,-0.0003785759879383521,-2.9264367185533047e-05
BiLSTM,2,2025-08-07,0.005895110583368623,0.00206183735281229
BiLSTM,2,2025-08-08,0.010828067683390978,0.0010308856144547462
BiLSTM,2,2025-08-11,-0.025117358026758067,2.7649803087115288e-05
BiLSTM,2,2025-08-12,-0.0016755449376984748,6.160116754472256e-05
BiLSTM,2,2025-08-13,0.002732376874092824,2.2064195945858955e-05
BiLSTM,2,2025-08-14,-0.007391654844456962,0.0007850805995985866
BiLSTM,2,2025-08-15,-0.00017731931563673257,0.001876378315500915
BiLSTM,2,2025-08-18,-0.0013608550423696423,0.0010654644574970007
BiLSTM,2,2025-08-19,-0.005729838577164113,0.0011598061537370086
BiLSTM,2,2025-08-20,0.008833365785586416,0.001407011179253459
BiLSTM,2,2025-08-21,-0.0020383464448766497,0.0013352412497624755
BiLSTM,2,2025-08-22,0.01085285922255761,0.0026768632233142853
BiLSTM,2,2025-08-25,-0.00029256875574397255,0.0014803577214479446
BiLSTM,2,2025-08-26,0.00452522485958744,0.0011139579582959414
BiLSTM,2,2025-08-27,0.004533865425989448,0.0004746056511066854
BiLSTM,2,2025-08-28,0.007424654028850121,0.0014810631982982159
BiLSTM,3,2025-08-29,0.011959414672805504,-0.00020153488731011748
BiLSTM,3,2025-09-02,0.021412365981205005,-0.003521233331412077
BiLSTM,3,2025-09-03,0.011981838523569367,-0.004560803063213825
BiLSTM,3,2025-09-04,-0.007953439794451702,-0.005078451242297888
BiLSTM,3,2025-09-05,0.012837668774505576,-0.003043354721739888
BiLSTM,3,2025-09-08,0.006575072093788713,-0.0020277947187423706
BiLSTM,3,2025-09-09,0.001304432198567463,-0.002095852978527546
BiLSTM,3,2025-09-10,-5.430356949830863e-05,-0.0014948428142815828
BiLSTM,3,2025-09-11,-0.002283948524574761,-0.0006979044410400093
BiLSTM,3,2025-09-12,0.003478211302115392,0.001464868662878871
BiLSTM,3,2025-09-15,0.008804469354506315,0.0017684183549135923
BiLSTM,3,2025-09-16,0.0016389083815749595,0.00037455378333106637
BiLSTM,3,2025-09-17,-0.0019616146999941143,-0.0011826015543192625
BiLSTM,3,2025-09-18,-0.010681406425555337,-0.0016760204453021288
BiLSTM,3,2025-09-19,0.007448470843354675,-0.002526958007365465
BiLSTM,3,2025-09-22,0.01852772524256409,-0.0029564229771494865
BiLSTM,3,2025-09-23,0.010697223061897887,-0.00414609769359231
BiLSTM,3,2025-09-24,-0.012553199790111593,-0.004299501422792673
BiLSTM,3,2025-09-25,0.0007958404288577125,-0.003742130706086755
BiLSTM,3,2025-09-26,0.009999925510945777,-0.003353082574903965
BiLSTM,3,2025-09-29,0.012056186181995571,-0.003175370628014207
BiLSTM,4,2025-09-30,0.004658152470113703,-0.002071425784379244
BiLSTM,4,2025-10-01,0.006254295801218062,-0.0020739510655403137
BiLSTM,4,2025-10-02,-0.007571866292281061,-0.0016177661018446088
BiLSTM,4,2025-10-03,0.010492523852748951,0.0012597976019605994
BiLSTM,4,2025-10-06,0.01709577143373889,-0.0014445983106270432
BiLSTM,4,2025-10-07,0.007041981231953469,-0.0010211147600784898
BiLSTM,4,2025-10-08,0.016372109855940637,-0.0012224736856296659
BiLSTM,4,2025-10-09,-0.02434502527272507,0.00016138411592692137
BiLSTM,4,2025-10-10,0.006973514949432017,0.0021287421695888042
BiLSTM,4,2025-10-13,0.032609203820993034,0.0012872939696535468
BiLSTM,4,2025-10-14,0.007328489165936037,-0.004587701056152582
BiLSTM,4,2025-10-15,0.009133403673442007,-0.0017207764321938157
BiLSTM,4,2025-10-16,0.024218812665454535,-0.002377818338572979
BiLSTM,4,2025-10-17,-0.02143809876370929,-0.0016171071911230683
BiLSTM,4,2025-10-20,0.034088268540251064,-0.004077848047018051
BiLSTM,4,2025-10-21,-0.05913036061837281,-0.0032593137584626675
BiLSTM,4,2025-10-22,-0.010691935071186633,-0.0018458395497873425
BiLSTM,4,2025-10-23,0.019535439260900275,0.0007232961943373084
BiLSTM,4,2025-10-24,-0.0018833559568211852,0.003398862201720476
BiLSTM,4,2025-10-27,-0.02895693759216049,0.0019120838260278106
BiLSTM,4,2025-10-28,-0.009146825727850414,0.00248210271820426
BiLSTM,5,2025-10-29,0.004408898498803126,0.001240259618498385
BiLSTM,5,2025-10-30,0.003792123759319021,0.0014361693756654859
BiLSTM,5,2025-10-31,-0.004842479279663863,0.0010799510637298226
BiLSTM,5,2025-11-03,0.0043692722902096805,0.0007454567821696401
BiLSTM,5,2025-11-04,-0.013417970451949117,0.0002771528670564294
BiLSTM,5,2025-11-05,0.008147479561113499,0.0002783938543871045
BiLSTM,5,2025-11-06,-0.00047593341671400114,0.00021954206749796867
BiLSTM,5,2025-11-07,0.004699550873542623,-0.00018879154231399298
BiLSTM,5,2025-11-10,0.027597105528127795,-0.0010476874886080623
BiLSTM,5,2025-11-11,-0.0013838283037244535,-0.0022545484825968742
BiLSTM,5,2025-11-12,0.023362758198939928,-0.0018518433207646012
BiLSTM,5,2025-11-13,-0.004543269059270653,-0.002450704574584961
BiLSTM,5,2025-11-14,-0.02420281720599833,-0.0013749360805377364
BiLSTM,5,2025-11-17,-0.004823286320076406,-0.0013784331968054175
BiLSTM,5,2025-11-18,-0.0019653611534445575,-0.0013497007312253118
BiLSTM,5,2025-11-19,0.00400036088198349,-0.000998956267721951
BiLSTM,5,2025-11-20,-0.005600065893035144,0.00012402725405991077
BiLSTM,5,2025-11-21,0.004791458273076578,0.0032225833274424076
BiLSTM,5,2025-11-24,0.0035968942114961056,0.0030627641826868057
BiLSTM,5,2025-11-25,0.011124461739009153,0.0013845409266650677
BiLSTM,5,2025-11-26,0.006068552727885582,0.0006318717496469617
BiLSTM,6,2025-11-28,0.021306896469946157,-0.0007988463039509952
BiLSTM,6,2025-12-01,0.004666034944276696,-0.0003576098824851215
BiLSTM,6,2025-12-02,-0.012712634712284829,-0.00040728942258283496
BiLSTM,6,2025-12-03,0.002768197758106589,0.0007440115441568196
BiLSTM,6,2025-12-04,0.0024777311950344304,0.0015212241560220718
BiLSTM,6,2025-12-05,0.0,0.0019825459457933903
BiLSTM,6,2025-12-08,-0.0059805641405327285,0.0005130495992489159
BiLSTM,6,2025-12-09,0.0043766850036946565,0.002838285407051444
BiLSTM,6,2025-12-10,-0.002718388481319545,0.003136249491944909
BiLSTM,6,2025-12-11,0.02068541906367583,0.004856897052377462
BiLSTM,6,2025-12-12,0.003541092433026351,0.0032330702524632215
BiLSTM,6,2025-12-15,0.0015929802237420196,0.0046780607663095
BiLSTM,6,2025-12-16,-0.0006692565868493225,0.0035266384948045015
BiLSTM,6,2025-12-17,0.009556503562019045,0.004218226298689842
BiLSTM,6,2025-12-18,-0.0021514021043768814,0.002530361758545041
BiLSTM,6,2025-12-19,0.005210323996448743,0.003064329968765378
BiLSTM,6,2025-12-22,0.018540190388463378,0.0013231572229415178
BiLSTM,6,2025-12-23,0.00808915566719769,0.0007600535755045712
BiLSTM,6,2025-12-24,-0.0006439231226546872,0.00019054842414334416
BiLSTM,6,2025-12-26,0.011021124337837926,0.002136238617822528
BiLSTM,6,2025-12-29,-0.04701698661716152,0.0023302475456148386
BiLSTM,7,2025-12-30,0.009782482738117076,0.0037273489870131016
BiLSTM,7,2025-12-31,-0.01035820786686775,0.0016343704191967845
BiLSTM,7,2026-01-02,-0.002652613164826404,0.004050079733133316
BiLSTM,7,2026-01-05,0.027765936481767103,0.0039919400587677956
BiLSTM,7,2026-01-06,0.009969258025547125,0.0035063684917986393
BiLSTM,7,2026-01-07,-0.0075012289513783775,0.004349857568740845
BiLSTM,7,2026-01-08,-0.00040339893143997464,0.0035271805245429277
BiLSTM,7,2026-01-09,0.008971606907573183,0.0018202462233603
BiLSTM,7,2026-01-12,0.024969547666848495,0.0014734123833477497
BiLSTM,7,2026-01-13,-0.0033862493362126138,0.0018042119918391109
BiLSTM,7,2026-01-14,0.007926601145667499,0.0027833529748022556
BiLSTM,7,2026-01-15,-0.0025919619439755117,0.00155992794316262
BiLSTM,7,2026-01-16,-0.006139510703623363,0.0017482169205322862
BiLSTM,7,2026-01-20,0.03640959099230665,0.0016398639418184757
BiLSTM,7,2026-01-21,0.014932685452998438,0.0005378088098950684
BiLSTM,7,2026-01-22,0.015568088290666629,0.0006670565344393253
BiLSTM,7,2026-01-23,0.0134035408333191,0.0005844033439643681
BiLSTM,7,2026-01-26,0.02043357904047868,-4.185293801128864e-05
BiLSTM,7,2026-01-27,1.9694376895771874e-05,0.00022439018357545137
BiLSTM,7,2026-01-28,0.04256289277436651,-0.0016406865324825048
BiLSTM,7,2026-01-29,0.0027866342053497763,-0.005263230763375759
BiLSTM,8,2026-01-30,-0.11405996064112038,-0.006500550080090761
BiLSTM,8,2026-02-02,-0.019686303122442145,0.00013360768207348883
BiLSTM,8,2026-02-03,0.058926448772030716,0.010430797934532166
BiLSTM,8,2026-02-04,0.003196467347589788,0.006484798155725002
BiLSTM,8,2026-02-05,-0.01245909146284185,0.005239245481789112
BiLSTM,8,2026-02-06,0.018299641596384978,0.006997581571340561
BiLSTM,8,2026-02-09,0.019803434786086996,0.007437671534717083
BiLSTM,8,2026-02-10,-0.009574353643483177,0.0032687548082321882
BiLSTM,8,2026-02-11,0.013327607312961768,-0.0006085798377171159
BiLSTM,8,2026-02-12,-0.029882106550518355,-0.0021439972333610058
BiLSTM,8,2026-02-13,0.019590990507983467,-0.00043389954953454435
BiLSTM,8,2026-02-17,-0.02821672026116965,-3.029999788850546e-07
BiLSTM,8,2026-02-18,0.020897567198741928,0.0003397089021746069
BiLSTM,8,2026-02-19,-0.0024183520713796174,0.0005689196987077594
BiLSTM,8,2026-02-20,0.016570634386725833,-4.753455868922174e-05
BiLSTM,8,2026-02-23,0.02808125044952713,0.0002588363422546536
BiLSTM,8,2026-02-24,-0.009479164880599267,-0.0020334641449153423
BiLSTM,8,2026-02-25,0.009593996324003868,-0.0046523879282176495
BiLSTM,8,2026-02-26,-0.006141817855776584,-0.004499258939176798
BiLSTM,8,2026-02-27,0.010285321903876413,-0.00233526062220335
BiLSTM,8,2026-03-02,0.01206514854594433,-0.003571910783648491
BiLSTM,9,2026-03-03,-0.03601625408895964,-0.0046319905668497086
BiLSTM,9,2026-03-04,0.0021445846910061257,-0.00581158883869648
BiLSTM,9,2026-03-05,-0.01096609533518948,-0.002072516828775406
BiLSTM,9,2026-03-06,0.015629285841707433,0.0019224954303354025
BiLSTM,9,2026-03-09,-0.010718842473702186,0.002414821181446314
BiLSTM,9,2026-03-10,0.026756394882401557,0.002238471992313862
BiLSTM,9,2026-03-11,-0.012090885178727579,-1.8512597307562828e-05
BiLSTM,9,2026-03-12,-0.010344742558357102,0.0005823078099638224
BiLSTM,9,2026-03-13,-0.012584138459255777,0.0006247020792216063
BiLSTM,9,2026-03-16,-0.011824579132621192,0.00117168587166816
BiLSTM,9,2026-03-17,0.0011987533933456099,0.0009685991099104285
BiLSTM,9,2026-03-18,-0.022617174161619544,0.0007177046500146389
BiLSTM,9,2026-03-19,-0.06116472469150908,0.0030381144024431705
BiLSTM,9,2026-03-20,-0.006709890029017639,0.00671520596370101
BiLSTM,9,2026-03-23,-0.03732260647233202,0.005831582471728325
BiLSTM,9,2026-03-24,-0.0012032296424023367,0.0068087223917245865
BiLSTM,9,2026-03-25,0.033573573740637866,0.005243364721536636
BiLSTM,9,2026-03-26,-0.0394289829459794,0.004938989877700806
BiLSTM,9,2026-03-27,0.026205765776648658,0.007555919699370861
BiLSTM,9,2026-03-30,0.007429207535768564,0.004958780016750097
BiLSTM,9,2026-03-31,0.026512431127413087,0.00432841619476676
BiLSTM,10,2026-04-01,0.03499040911817492,0.00017694535199552774
BiLSTM,10,2026-04-02,-0.02810734041002322,-0.00041459815111011267
BiLSTM,10,2026-04-06,0.0010678741332234593,0.0010739132994785905
BiLSTM,10,2026-04-07,0.0,-0.00025650474708527327
BiLSTM,10,2026-04-08,0.01955272051630473,-0.0012697301572188735
BiLSTM,10,2026-04-09,0.00850426249624097,-0.002479913178831339
BiLSTM,10,2026-04-10,-0.006371458031125033,-0.0003803892759606242
BiLSTM,10,2026-04-13,-0.004186383727236395,-0.0001436177408322692
BiLSTM,10,2026-04-14,0.017198280994109087,0.0001670211786404252
BiLSTM,10,2026-04-15,-0.0054787859356153785,-0.0024224198423326015
BiLSTM,10,2026-04-16,-0.0031770068196661392,-0.001662453985773027
BiLSTM,10,2026-04-17,0.014719718632466553,-0.001534880488179624
BiLSTM,10,2026-04-20,-0.010465320161640049,-0.00028551032301038504
BiLSTM,10,2026-04-21,-0.02287387820870831,0.0007463420042768121
BiLSTM,10,2026-04-22,0.0070519266966085035,0.004557215608656406
BiLSTM,10,2026-04-23,-0.0061200992967565026,0.004756648559123278
BiLSTM,10,2026-04-24,0.003571072167241396,0.0056403581984341145
BiLSTM,10,2026-04-27,-0.010005744880541992,0.007973314262926579
BiLSTM,10,2026-04-28,-0.01834052163097715,0.007275753188878298
BiLSTM,10,2026-04-29,-0.010229187187446151,0.008561542257666588
BiLSTM,10,2026-04-30,0.014818975567984847,0.006553004961460829
Transformer,1,2025-07-02,0.002951012602480181,0.0010366817004978657
Transformer,1,2025-07-03,-0.005013005215195885,0.0009979349561035633
Transformer,1,2025-07-04,0.0010763590326128834,0.001096583204343915
Transformer,1,2025-07-07,-0.0011062298064621076,0.001223139581270516
Transformer,1,2025-07-08,-0.007778211407505572,0.0012242634547874331
Transformer,1,2025-07-09,0.0012353600500174169,0.001077531953342259
Transformer,1,2025-07-10,0.0014142211893828976,0.0010686824098229408
Transformer,1,2025-07-11,0.011450578526709174,0.001120904227718711
Transformer,1,2025-07-14,-0.0014576320864308596,0.0011447814758867025
Transformer,1,2025-07-15,-0.006690830038818713,0.0012024927418679
Transformer,1,2025-07-16,0.006690830038818678,0.0009293869370594621
Transformer,1,2025-07-17,-0.00411671977094435,0.0010321103036403656
Transformer,1,2025-07-18,0.003878517843275477,0.0010950866853818297
Transformer,1,2025-07-21,0.014221078392013241,0.0010950866853818297
Transformer,1,2025-07-22,0.010890474089836623,0.0010950866853818297
Transformer,1,2025-07-23,-0.01347713181881251,0.0010950866853818297
Transformer,1,2025-07-24,-0.0071185476742964245,0.001084543066099286
Transformer,1,2025-07-25,-0.011298178577683532,0.0010912037687376142
Transformer,1,2025-07-28,-0.00770441311868792,0.0010853017447516322
Transformer,1,2025-07-29,0.004220687604230213,0.0010872278362512589
Transformer,1,2025-07-30,-0.008519931583451865,0.0010950866853818297
Transformer,2,2025-07-31,-0.0007892237945701002,0.0024214857257902622
Transformer,2,2025-08-01,0.0318568991094105,0.002154597779735923
Transformer,2,2025-08-04,0.007793498093309997,0.0012520208256319165
Transformer,2,2025-08-05,0.002419452581713986,0.002205413766205311
Transformer,2,2025-08-06,-0.0003785759879383521,0.0019706443417817354
Transformer,2,2025-08-07,0.005895110583368623,0.0007295181276276708
Transformer,2,2025-08-08,0.010828067683390978,0.0010001942282542586
Transformer,2,2025-08-11,-0.025117358026758067,0.0005904620047658682
Transformer,2,2025-08-12,-0.0016755449376984748,0.0011446605203673244
Transformer,2,2025-08-13,0.002732376874092824,-0.0018515991978347301
Transformer,2,2025-08-14,-0.007391654844456962,0.0005396929336711764
Transformer,2,2025-08-15,-0.00017731931563673257,0.0007902993820607662
Transformer,2,2025-08-18,-0.0013608550423696423,0.0008706536027602851
Transformer,2,2025-08-19,-0.005729838577164113,0.0020203785970807076
Transformer,2,2025-08-20,0.008833365785586416,0.00296819768846035
Transformer,2,2025-08-21,-0.0020383464448766497,-0.002047713613137603
Transformer,2,2025-08-22,0.01085285922255761,-0.0008363008964806795
Transformer,2,2025-08-25,-0.00029256875574397255,-0.006435866467654705
Transformer,2,2025-08-26,0.00452522485958744,0.00045235909055918455
Transformer,2,2025-08-27,0.004533865425989448,0.0017950966721400619
Transformer,2,2025-08-28,0.007424654028850121,0.002654298208653927
Transformer,3,2025-08-29,0.011959414672805504,-0.0025727031752467155
Transformer,3,2025-09-02,0.021412365981205005,-0.00028065405786037445
Transformer,3,2025-09-03,0.011981838523569367,-0.00033855042420327663
Transformer,3,2025-09-04,-0.007953439794451702,-0.00023557971871923655
Transformer,3,2025-09-05,0.012837668774505576,-0.000222297603613697
Transformer,3,2025-09-08,0.006575072093788713,-0.00012915438855998218
Transformer,3,2025-09-09,0.001304432198567463,5.983955634292215e-05
Transformer,3,2025-09-10,-5.430356949830863e-05,-0.00034093670547008514
Transformer,3,2025-09-11,-0.002283948524574761,-0.00035075441701337695
Transformer,3,2025-09-12,0.003478211302115392,-0.0003702961257658899
Transformer,3,2025-09-15,0.008804469354506315,-0.00030201644403859973
Transformer,3,2025-09-16,0.0016389083815749595,-0.00031070958357304335
Transformer,3,2025-09-17,-0.0019616146999941143,-0.0003174760495312512
Transformer,3,2025-09-18,-0.010681406425555337,-0.00036605511559173465
Transformer,3,2025-09-19,0.007448470843354675,-0.0004285828908905387
Transformer,3,2025-09-22,0.01852772524256409,-0.0004850825062021613
Transformer,3,2025-09-23,0.010697223061897887,-0.00037769711343571544
Transformer,3,2025-09-24,-0.012553199790111593,-0.000412602792493999
Transformer,3,2025-09-25,0.0007958404288577125,-0.00028834305703639984
Transformer,3,2025-09-26,0.009999925510945777,-0.00024613720597699285
Transformer,3,2025-09-29,0.012056186181995571,-0.00030994374537840486
Transformer,4,2025-09-30,0.004658152470113703,0.004328981041908264
Transformer,4,2025-10-01,0.006254295801218062,0.002214463660493493
Transformer,4,2025-10-02,-0.007571866292281061,0.002200345741584897
Transformer,4,2025-10-03,0.010492523852748951,0.0020857974886894226
Transformer,4,2025-10-06,0.01709577143373889,0.002824594732373953
Transformer,4,2025-10-07,0.007041981231953469,0.00387918041087687
Transformer,4,2025-10-08,0.016372109855940637,0.0014248816296458244
Transformer,4,2025-10-09,-0.02434502527272507,0.0031575444154441357
Transformer,4,2025-10-10,0.006973514949432017,0.0035462426021695137
Transformer,4,2025-10-13,0.032609203820993034,0.00020426791161298752
Transformer,4,2025-10-14,0.007328489165936037,0.002575929742306471
Transformer,4,2025-10-15,0.009133403673442007,0.004013922996819019
Transformer,4,2025-10-16,0.024218812665454535,0.003327028825879097
Transformer,4,2025-10-17,-0.02143809876370929,-0.0018439395353198051
Transformer,4,2025-10-20,0.034088268540251064,-0.0018918740097433329
Transformer,4,2025-10-21,-0.05913036061837281,-0.007791346870362759
Transformer,4,2025-10-22,-0.010691935071186633,0.007153554819524288
Transformer,4,2025-10-23,0.019535439260900275,0.013046886771917343
Transformer,4,2025-10-24,-0.0018833559568211852,0.012518582865595818
Transformer,4,2025-10-27,-0.02895693759216049,0.008818450383841991
Transformer,4,2025-10-28,-0.009146825727850414,0.0017267034854739904
Transformer,5,2025-10-29,0.004408898498803126,-0.0006097704172134399
Transformer,5,2025-10-30,0.003792123759319021,-0.0004731507215183228
Transformer,5,2025-10-31,-0.004842479279663863,-0.003934664186090231
Transformer,5,2025-11-03,0.0043692722902096805,-0.000847260351292789
Transformer,5,2025-11-04,-0.013417970451949117,0.00011921500117750838
Transformer,5,2025-11-05,0.008147479561113499,7.017915777396411e-05
Transformer,5,2025-11-06,-0.00047593341671400114,5.332156433723867e-05
Transformer,5,2025-11-07,0.004699550873542623,-0.004312600940465927
Transformer,5,2025-11-10,0.027597105528127795,-0.0003904284967575222
Transformer,5,2025-11-11,-0.0013838283037244535,-0.00034291043994016945
Transformer,5,2025-11-12,0.023362758198939928,-0.0005059443647041917
Transformer,5,2025-11-13,-0.004543269059270653,-0.0015959389274939895
Transformer,5,2025-11-14,-0.02420281720599833,-0.0006148028187453747
Transformer,5,2025-11-17,-0.004823286320076406,-0.00035290149389766157
Transformer,5,2025-11-18,-0.0019653611534445575,-0.00039694804581813514
Transformer,5,2025-11-19,0.00400036088198349,-0.0006846963660791516
Transformer,5,2025-11-20,-0.005600065893035144,-0.0017254619160667062
Transformer,5,2025-11-21,0.004791458273076578,-0.0022771258372813463
Transformer,5,2025-11-24,0.0035968942114961056,-0.002511746948584914
Transformer,5,2025-11-25,0.011124461739009153,-0.0022568777203559875
Transformer,5,2025-11-26,0.006068552727885582,-0.001328628626652062
Transformer,6,2025-11-28,0.021306896469946157,-0.0014428844442591071
Transformer,6,2025-12-01,0.004666034944276696,-0.0013960080686956644
Transformer,6,2025-12-02,-0.012712634712284829,0.0018784446874633431
Transformer,6,2025-12-03,0.002768197758106589,0.004716025665402412
Transformer,6,2025-12-04,0.0024777311950344304,0.0004392546834424138
Transformer,6,2025-12-05,0.0,-0.0008920248947106302
Transformer,6,2025-12-08,-0.0059805641405327285,-0.0004788735241163522
Transformer,6,2025-12-09,0.0043766850036946565,3.588723484426737e-05
Transformer,6,2025-12-10,-0.002718388481319545,0.0020052939653396606
Transformer,6,2025-12-11,0.02068541906367583,0.0002117848489433527
Transformer,6,2025-12-12,0.003541092433026351,-0.0004383561899885535
Transformer,6,2025-12-15,0.0015929802237420196,-0.00044862047070637345
Transformer,6,2025-12-16,-0.0006692565868493225,-0.0006480971933342516
Transformer,6,2025-12-17,0.009556503562019045,-0.0016407869989052415
Transformer,6,2025-12-18,-0.0021514021043768814,-0.0009775458602234721
Transformer,6,2025-12-19,0.005210323996448743,-0.00048035773215815425
Transformer,6,2025-12-22,0.018540190388463378,-0.0004558265209197998
Transformer,6,2025-12-23,0.00808915566719769,-0.0017411785665899515
Transformer,6,2025-12-24,-0.0006439231226546872,-0.002555722836405039
Transformer,6,2025-12-26,0.011021124337837926,-0.0004583934787660837
Transformer,6,2025-12-29,-0.04701698661716152,-0.0004097070195712149
Transformer,7,2025-12-30,0.009782482738117076,0.000511953083332628
Transformer,7,2025-12-31,-0.01035820786686775,-0.0001441121130483225
Transformer,7,2026-01-02,-0.002652613164826404,-7.231566996779293e-05
Transformer,7,2026-01-05,0.027765936481767103,-0.0006402071448974311
Transformer,7,2026-01-06,0.009969258025547125,-0.0017434259643778205
Transformer,7,2026-01-07,-0.0075012289513783775,-0.0016798988217487931
Transformer,7,2026-01-08,-0.00040339893143997464,-0.0012088355142623186
Transformer,7,2026-01-09,0.008971606907573183,-0.0007809025119058788
Transformer,7,2026-01-12,0.024969547666848495,-0.0011856118217110634
Transformer,7,2026-01-13,-0.0033862493362126138,-0.0020943654235452414
Transformer,7,2026-01-14,0.007926601145667499,-0.0023847119882702827
Transformer,7,2026-01-15,-0.0025919619439755117,-0.001190032227896154
Transformer,7,2026-01-16,-0.006139510703623363,-0.0021158938761800528
Transformer,7,2026-01-20,0.03640959099230665,-0.0021736137568950653
Transformer,7,2026-01-21,0.014932685452998438,-0.0032463795505464077
Transformer,7,2026-01-22,0.015568088290666629,-0.002876445883885026
Transformer,7,2026-01-23,0.0134035408333191,-0.0012727387947961688
Transformer,7,2026-01-26,0.02043357904047868,-0.0022583873942494392
Transformer,7,2026-01-27,1.9694376895771874e-05,-0.003204038832336664
Transformer,7,2026-01-28,0.04256289277436651,-0.004142074380069971
Transformer,7,2026-01-29,0.0027866342053497763,-0.0044206492602825165
Transformer,8,2026-01-30,-0.11405996064112038,0.00023639650316908956
Transformer,8,2026-02-02,-0.019686303122442145,0.000388758082408458
Transformer,8,2026-02-03,0.058926448772030716,0.01676943339407444
Transformer,8,2026-02-04,0.003196467347589788,0.012680251151323318
Transformer,8,2026-02-05,-0.01245909146284185,0.008657872676849365
Transformer,8,2026-02-06,0.018299641596384978,0.005890330299735069
Transformer,8,2026-02-09,0.019803434786086996,0.0038271925877779722
Transformer,8,2026-02-10,-0.009574353643483177,0.004434887319803238
Transformer,8,2026-02-11,0.013327607312961768,0.006945765111595392
Transformer,8,2026-02-12,-0.029882106550518355,0.003041620133444667
Transformer,8,2026-02-13,0.019590990507983467,0.007558301091194153
Transformer,8,2026-02-17,-0.02821672026116965,0.0013092972803860903
Transformer,8,2026-02-18,0.020897567198741928,0.0016104194801300764
Transformer,8,2026-02-19,-0.0024183520713796174,0.002184049692004919
Transformer,8,2026-02-20,0.016570634386725833,0.003098280867561698
Transformer,8,2026-02-23,0.02808125044952713,0.004005870781838894
Transformer,8,2026-02-24,-0.009479164880599267,0.002740944270044565
Transformer,8,2026-02-25,0.009593996324003868,0.005686969496309757
Transformer,8,2026-02-26,-0.006141817855776584,0.0038150118198245764
Transformer,8,2026-02-27,0.010285321903876413,0.017722219228744507
Transformer,8,2026-03-02,0.01206514854594433,0.014533611945807934
Transformer,9,2026-03-03,-0.03601625408895964,0.01125431526452303
Transformer,9,2026-03-04,0.0021445846910061257,0.0003426942275837064
Transformer,9,2026-03-05,-0.01096609533518948,0.0008063192362897098
Transformer,9,2026-03-06,0.015629285841707433,0.0012558569433167577
Transformer,9,2026-03-09,-0.010718842473702186,0.0016648765886202455
Transformer,9,2026-03-10,0.026756394882401557,0.0015860619023442268
Transformer,9,2026-03-11,-0.012090885178727579,0.0013225754955783486
Transformer,9,2026-03-12,-0.010344742558357102,0.0011122095165774226
Transformer,9,2026-03-13,-0.012584138459255777,0.001488350797444582
Transformer,9,2026-03-16,-0.011824579132621192,0.0012085825437679887
Transformer,9,2026-03-17,0.0011987533933456099,0.0013283357257023454
Transformer,9,2026-03-18,-0.022617174161619544,0.0012467311462387443
Transformer,9,2026-03-19,-0.06116472469150908,0.0011325535597279668
Transformer,9,2026-03-20,-0.006709890029017639,0.0013982971431687474
Transformer,9,2026-03-23,-0.03732260647233202,0.0013791256351396441
Transformer,9,2026-03-24,-0.0012032296424023367,0.005761138629168272
Transformer,9,2026-03-25,0.033573573740637866,0.0034390208311378956
Transformer,9,2026-03-26,-0.0394289829459794,0.0022188012953847647
Transformer,9,2026-03-27,0.026205765776648658,0.004299957305192947
Transformer,9,2026-03-30,0.007429207535768564,0.0012546111829578876
Transformer,9,2026-03-31,0.026512431127413087,0.002045814413577318
Transformer,10,2026-04-01,0.03499040911817492,0.004567255266010761
Transformer,10,2026-04-02,-0.02810734041002322,0.005276548210531473
Transformer,10,2026-04-06,0.0010678741332234593,0.008275204338133335
Transformer,10,2026-04-07,0.0,0.008398079313337803
Transformer,10,2026-04-08,0.01955272051630473,0.001143937581218779
Transformer,10,2026-04-09,0.00850426249624097,-0.001221087179146707
Transformer,10,2026-04-10,-0.006371458031125033,-0.004372315481305122
Transformer,10,2026-04-13,-0.004186383727236395,-0.00015758269000798464
Transformer,10,2026-04-14,0.017198280994109087,-0.002330121584236622
Transformer,10,2026-04-15,-0.0054787859356153785,-0.007866567932069302
Transformer,10,2026-04-16,-0.0031770068196661392,-0.002771505620330572
Transformer,10,2026-04-17,0.014719718632466553,-0.010938934050500393
Transformer,10,2026-04-20,-0.010465320161640049,-0.0005647883517667651
Transformer,10,2026-04-21,-0.02287387820870831,-0.004847074393182993
Transformer,10,2026-04-22,0.0070519266966085035,-0.006821394897997379
Transformer,10,2026-04-23,-0.0061200992967565026,-0.004446175880730152
Transformer,10,2026-04-24,0.003571072167241396,-0.009270419366657734
Transformer,10,2026-04-27,-0.010005744880541992,-0.003956157248467207
Transformer,10,2026-04-28,-0.01834052163097715,-0.003190432209521532
Transformer,10,2026-04-29,-0.010229187187446151,0.00028135732281953096
Transformer,10,2026-04-30,0.014818975567984847,0.0013608556473627687
TCN,1,2025-07-02,0.002951012602480181,0.0010348871583119035
TCN,1,2025-07-03,-0.005013005215195885,0.0010877264430746436
TCN,1,2025-07-04,0.0010763590326128834,0.000959890428930521
TCN,1,2025-07-07,-0.0011062298064621076,0.0012271297164261341
TCN,1,2025-07-08,-0.007778211407505572,0.0012494062539190054
TCN,1,2025-07-09,0.0012353600500174169,0.0010819885646924376
TCN,1,2025-07-10,0.0014142211893828976,0.0010650134645402431
TCN,1,2025-07-11,0.011450578526709174,0.0010380116291344166
TCN,1,2025-07-14,-0.0014576320864308596,0.0010772895766422153
TCN,1,2025-07-15,-0.006690830038818713,0.0011967301834374666
TCN,1,2025-07-16,0.006690830038818678,0.0010805337224155664
TCN,1,2025-07-17,-0.00411671977094435,0.0011353930458426476
TCN,1,2025-07-18,0.003878517843275477,0.0011471642646938562
TCN,1,2025-07-21,0.014221078392013241,0.0014727507950738072
TCN,1,2025-07-22,0.010890474089836623,0.0015302870888262987
TCN,1,2025-07-23,-0.01347713181881251,0.0012885438045486808
TCN,1,2025-07-24,-0.0071185476742964245,0.001277733827009797
TCN,1,2025-07-25,-0.011298178577683532,0.001476195058785379
TCN,1,2025-07-28,-0.00770441311868792,0.00155702605843544
TCN,1,2025-07-29,0.004220687604230213,0.0013339027063921094
TCN,1,2025-07-30,-0.008519931583451865,0.001261978643015027
TCN,2,2025-07-31,-0.0007892237945701002,0.0010441011982038617
TCN,2,2025-08-01,0.0318568991094105,0.0012975195422768593
TCN,2,2025-08-04,0.007793498093309997,0.0015269404975697398
TCN,2,2025-08-05,0.002419452581713986,0.001440315623767674
TCN,2,2025-08-06,-0.0003785759879383521,0.0009849285706877708
TCN,2,2025-08-07,0.005895110583368623,0.0010479532647877932
TCN,2,2025-08-08,0.010828067683390978,0.0010804272023960948
TCN,2,2025-08-11,-0.025117358026758067,0.0013196951476857066
TCN,2,2025-08-12,-0.0016755449376984748,0.0009728511795401573
TCN,2,2025-08-13,0.002732376874092824,0.0010871302802115679
TCN,2,2025-08-14,-0.007391654844456962,0.0017079750541597605
TCN,2,2025-08-15,-0.00017731931563673257,0.0016611752798780799
TCN,2,2025-08-18,-0.0013608550423696423,0.0017774241277948022
TCN,2,2025-08-19,-0.005729838577164113,0.0018964175833389163
TCN,2,2025-08-20,0.008833365785586416,-0.0012833342188969254
TCN,2,2025-08-21,-0.0020383464448766497,-0.0022223759442567825
TCN,2,2025-08-22,0.01085285922255761,0.0013917206088081002
TCN,2,2025-08-25,-0.00029256875574397255,0.0013693622313439846
TCN,2,2025-08-26,0.00452522485958744,0.001487733912654221
TCN,2,2025-08-27,0.004533865425989448,0.001540787285193801
TCN,2,2025-08-28,0.007424654028850121,0.0014010487357154489
TCN,3,2025-08-29,0.011959414672805504,0.0005270183901302516
TCN,3,2025-09-02,0.021412365981205005,-0.0006046180496923625
TCN,3,2025-09-03,0.011981838523569367,-0.0005180619191378355
TCN,3,2025-09-04,-0.007953439794451702,-0.00024679367197677493
TCN,3,2025-09-05,0.012837668774505576,8.588863420300186e-05
TCN,3,2025-09-08,0.006575072093788713,0.00020144034351687878
TCN,3,2025-09-09,0.001304432198567463,0.00028216958162374794
TCN,3,2025-09-10,-5.430356949830863e-05,-8.027251169551164e-05
TCN,3,2025-09-11,-0.002283948524574761,5.069435792393051e-05
TCN,3,2025-09-12,0.003478211302115392,-8.815830369712785e-06
TCN,3,2025-09-15,0.008804469354506315,-0.0002285910159116611
TCN,3,2025-09-16,0.0016389083815749595,-0.00020605327154044062
TCN,3,2025-09-17,-0.0019616146999941143,-0.0003028872306458652
TCN,3,2025-09-18,-0.010681406425555337,2.6461766537977383e-05
TCN,3,2025-09-19,0.007448470843354675,-5.404306648415513e-05
TCN,3,2025-09-22,0.01852772524256409,-0.00020023084653075784
TCN,3,2025-09-23,0.010697223061897887,-0.0018931113881990314
TCN,3,2025-09-24,-0.012553199790111593,-0.001975785009562969
TCN,3,2025-09-25,0.0007958404288577125,-0.001987184165045619
TCN,3,2025-09-26,0.009999925510945777,-0.002317446283996105
TCN,3,2025-09-29,0.012056186181995571,-0.002496184315532446
TCN,4,2025-09-30,0.004658152470113703,-7.085985271260142e-05
TCN,4,2025-10-01,0.006254295801218062,-0.00030686560785397887
TCN,4,2025-10-02,-0.007571866292281061,3.6354176700115204e-05
TCN,4,2025-10-03,0.010492523852748951,7.654109504073858e-05
TCN,4,2025-10-06,0.01709577143373889,0.00015960424207150936
TCN,4,2025-10-07,0.007041981231953469,0.00027165765641257167
TCN,4,2025-10-08,0.016372109855940637,0.000445900164777413
TCN,4,2025-10-09,-0.02434502527272507,0.0006403799052350223
TCN,4,2025-10-10,0.006973514949432017,0.0004435940063558519
TCN,4,2025-10-13,0.032609203820993034,0.0004988462897017598
TCN,4,2025-10-14,0.007328489165936037,0.00010767474304884672
TCN,4,2025-10-15,0.009133403673442007,0.00038764922646805644
TCN,4,2025-10-16,0.024218812665454535,0.00038410525303334
TCN,4,2025-10-17,-0.02143809876370929,0.00027270737336948514
TCN,4,2025-10-20,0.034088268540251064,-0.00030475814128294587
TCN,4,2025-10-21,-0.05913036061837281,-0.000579068495426327
TCN,4,2025-10-22,-0.010691935071186633,-9.255134500563145e-05
TCN,4,2025-10-23,0.019535439260900275,0.00040159435593523085
TCN,4,2025-10-24,-0.0018833559568211852,-0.00021150411339476705
TCN,4,2025-10-27,-0.02895693759216049,-0.00023649813374504447
TCN,4,2025-10-28,-0.009146825727850414,-0.00024390232283622026
TCN,5,2025-10-29,0.004408898498803126,0.0005366900586523116
TCN,5,2025-10-30,0.003792123759319021,0.000536688428837806
TCN,5,2025-10-31,-0.004842479279663863,0.0005242009647190571
TCN,5,2025-11-03,0.0043692722902096805,0.0005355802713893354
TCN,5,2025-11-04,-0.013417970451949117,0.0004901635693386197
TCN,5,2025-11-05,0.008147479561113499,0.000507707241922617
TCN,5,2025-11-06,-0.00047593341671400114,0.0005155694088898599
TCN,5,2025-11-07,0.004699550873542623,0.0005300931516103446
TCN,5,2025-11-10,0.027597105528127795,0.0005633228574879467
TCN,5,2025-11-11,-0.0013838283037244535,0.0005513515789061785
TCN,5,2025-11-12,0.023362758198939928,0.000573604425881058
TCN,5,2025-11-13,-0.004543269059270653,0.0005839611985720694
TCN,5,2025-11-14,-0.02420281720599833,0.0006003413582220674
TCN,5,2025-11-17,-0.004823286320076406,0.0005577389965765178
TCN,5,2025-11-18,-0.0019653611534445575,0.0006171982968226075
TCN,5,2025-11-19,0.00400036088198349,0.0006223348318599164
TCN,5,2025-11-20,-0.005600065893035144,0.0004979803343303502
TCN,5,2025-11-21,0.004791458273076578,0.000523778551723808
TCN,5,2025-11-24,0.0035968942114961056,0.0004922557855024934
TCN,5,2025-11-25,0.011124461739009153,0.0005883995327167213
TCN,5,2025-11-26,0.006068552727885582,0.000550185504835099
TCN,6,2025-11-28,0.021306896469946157,0.00012846634490415454
TCN,6,2025-12-01,0.004666034944276696,0.0002392298774793744
TCN,6,2025-12-02,-0.012712634712284829,0.0004143263795413077
TCN,6,2025-12-03,0.002768197758106589,0.00048694084398448467
TCN,6,2025-12-04,0.0024777311950344304,0.00043664051918312907
TCN,6,2025-12-05,0.0,0.00022931076819077134
TCN,6,2025-12-08,-0.0059805641405327285,0.00023812378640286624
TCN,6,2025-12-09,0.0043766850036946565,0.00022712780628353357
TCN,6,2025-12-10,-0.002718388481319545,0.0003060969465877861
TCN,6,2025-12-11,0.02068541906367583,0.00025038712192326784
TCN,6,2025-12-12,0.003541092433026351,0.00033713033189997077
TCN,6,2025-12-15,0.0015929802237420196,0.0003797316749114543
TCN,6,2025-12-16,-0.0006692565868493225,0.0005822120583616197
TCN,6,2025-12-17,0.009556503562019045,0.0004865907831117511
TCN,6,2025-12-18,-0.0021514021043768814,0.0005567976040765643
TCN,6,2025-12-19,0.005210323996448743,2.9905932024121284e-06
TCN,6,2025-12-22,0.018540190388463378,0.000467462872620672
TCN,6,2025-12-23,0.00808915566719769,0.0004317280254326761
TCN,6,2025-12-24,-0.0006439231226546872,0.00038548180600628257
TCN,6,2025-12-26,0.011021124337837926,0.00038205477176234126
TCN,6,2025-12-29,-0.04701698661716152,0.00037027226062491536
TCN,7,2025-12-30,0.009782482738117076,0.0023852214217185974
TCN,7,2025-12-31,-0.01035820786686775,0.0009350393083877861
TCN,7,2026-01-02,-0.002652613164826404,0.0018674993189051747
TCN,7,2026-01-05,0.027765936481767103,0.0009511103853583336
TCN,7,2026-01-06,0.009969258025547125,0.00192629627417773
TCN,7,2026-01-07,-0.0075012289513783775,0.002162464428693056
TCN,7,2026-01-08,-0.00040339893143997464,0.002159229014068842
TCN,7,2026-01-09,0.008971606907573183,0.0018876472022384405
TCN,7,2026-01-12,0.024969547666848495,0.0022409309167414904
TCN,7,2026-01-13,-0.0033862493362126138,0.0017149241175502539
TCN,7,2026-01-14,0.007926601145667499,0.001829056185670197
TCN,7,2026-01-15,-0.0025919619439755117,0.0015620243502780795
TCN,7,2026-01-16,-0.006139510703623363,0.0016966229304671288
TCN,7,2026-01-20,0.03640959099230665,0.00128474785014987
TCN,7,2026-01-21,0.014932685452998438,0.0016254086513072252
TCN,7,2026-01-22,0.015568088290666629,0.0009812931530177593
TCN,7,2026-01-23,0.0134035408333191,0.0010191133478656411
TCN,7,2026-01-26,0.02043357904047868,0.0008097710669972003
TCN,7,2026-01-27,1.9694376895771874e-05,0.0006521376199088991
TCN,7,2026-01-28,0.04256289277436651,0.000569478259421885
TCN,7,2026-01-29,0.0027866342053497763,0.0005827055429108441
TCN,8,2026-01-30,-0.11405996064112038,0.0008656441932544112
TCN,8,2026-02-02,-0.019686303122442145,0.0007469363044947386
TCN,8,2026-02-03,0.058926448772030716,0.0008053508354350924
TCN,8,2026-02-04,0.003196467347589788,0.0007492364384233952
TCN,8,2026-02-05,-0.01245909146284185,0.0007224553264677525
TCN,8,2026-02-06,0.018299641596384978,0.0007436892483383417
TCN,8,2026-02-09,0.019803434786086996,0.0008029737509787083
TCN,8,2026-02-10,-0.009574353643483177,0.000751358806155622
TCN,8,2026-02-11,0.013327607312961768,0.0007487438851967454
TCN,8,2026-02-12,-0.029882106550518355,0.0007795306155458093
TCN,8,2026-02-13,0.019590990507983467,0.0008874981431290507
TCN,8,2026-02-17,-0.02821672026116965,0.0008410584414377809
TCN,8,2026-02-18,0.020897567198741928,0.002599103609099984
TCN,8,2026-02-19,-0.0024183520713796174,0.001192216295748949
TCN,8,2026-02-20,0.016570634386725833,0.0023832092992961407
TCN,8,2026-02-23,0.02808125044952713,0.001818683696910739
TCN,8,2026-02-24,-0.009479164880599267,0.003255487186834216
TCN,8,2026-02-25,0.009593996324003868,0.0048149568028748035
TCN,8,2026-02-26,-0.006141817855776584,0.006504010874778032
TCN,8,2026-02-27,0.010285321903876413,0.00395300192758441
TCN,8,2026-03-02,0.01206514854594433,0.00558956153690815
TCN,9,2026-03-03,-0.03601625408895964,0.0035090423189103603
TCN,9,2026-03-04,0.0021445846910061257,0.004700220189988613
TCN,9,2026-03-05,-0.01096609533518948,0.003805653192102909
TCN,9,2026-03-06,0.015629285841707433,0.0024999533779919147
TCN,9,2026-03-09,-0.010718842473702186,0.003093823790550232
TCN,9,2026-03-10,0.026756394882401557,0.0033960100263357162
TCN,9,2026-03-11,-0.012090885178727579,0.0035979440435767174
TCN,9,2026-03-12,-0.010344742558357102,0.0031502735801041126
TCN,9,2026-03-13,-0.012584138459255777,0.003154656384140253
TCN,9,2026-03-16,-0.011824579132621192,0.002376091666519642
TCN,9,2026-03-17,0.0011987533933456099,0.002953621093183756
TCN,9,2026-03-18,-0.022617174161619544,0.003089487086981535
TCN,9,2026-03-19,-0.06116472469150908,0.0031911907717585564
TCN,9,2026-03-20,-0.006709890029017639,0.0027100350707769394
TCN,9,2026-03-23,-0.03732260647233202,0.00248234486207366
TCN,9,2026-03-24,-0.0012032296424023367,0.0037686722353100777
TCN,9,2026-03-25,0.033573573740637866,0.002887218724936247
TCN,9,2026-03-26,-0.0394289829459794,0.003976080566644669
TCN,9,2026-03-27,0.026205765776648658,0.0027673058211803436
TCN,9,2026-03-30,0.007429207535768564,0.002329243579879403
TCN,9,2026-03-31,0.026512431127413087,0.0010187916923314333
TCN,10,2026-04-01,0.03499040911817492,0.00016491650603711605
TCN,10,2026-04-02,-0.02810734041002322,0.00022938483743928373
TCN,10,2026-04-06,0.0010678741332234593,0.0009217066108249128
TCN,10,2026-04-07,0.0,0.0008498681127093732
TCN,10,2026-04-08,0.01955272051630473,0.0012412418145686388
TCN,10,2026-04-09,0.00850426249624097,0.0010742126032710075
TCN,10,2026-04-10,-0.006371458031125033,0.0006566457450389862
TCN,10,2026-04-13,-0.004186383727236395,0.0006017187843099236
TCN,10,2026-04-14,0.017198280994109087,0.0005812440649606287
TCN,10,2026-04-15,-0.0054787859356153785,0.0006115099531598389
TCN,10,2026-04-16,-0.0031770068196661392,0.0006699572550132871
TCN,10,2026-04-17,0.014719718632466553,0.0009750653407536447
TCN,10,2026-04-20,-0.010465320161640049,-6.227599806152284e-05
TCN,10,2026-04-21,-0.02287387820870831,-0.0003522003535181284
TCN,10,2026-04-22,0.0070519266966085035,-0.00013580688391812146
TCN,10,2026-04-23,-0.0061200992967565026,0.000380843470338732
TCN,10,2026-04-24,0.003571072167241396,0.0005954400403425097
TCN,10,2026-04-27,-0.010005744880541992,0.0007062096265144646
TCN,10,2026-04-28,-0.01834052163097715,0.0004191980406176299
TCN,10,2026-04-29,-0.010229187187446151,0.0005437030922621489
TCN,10,2026-04-30,0.014818975567984847,-0.00043440068839117885
CNN LSTM,1,2025-07-02,0.002951012602480181,0.0017066590953618288
CNN LSTM,1,2025-07-03,-0.005013005215195885,0.0012776305666193366
CNN LSTM,1,2025-07-04,0.0010763590326128834,0.0010376288555562496
CNN LSTM,1,2025-07-07,-0.0011062298064621076,0.0009052592213265598
CNN LSTM,1,2025-07-08,-0.007778211407505572,0.0009399884147569537
CNN LSTM,1,2025-07-09,0.0012353600500174169,0.0010347648058086634
CNN LSTM,1,2025-07-10,0.0014142211893828976,0.0013198041124269366
CNN LSTM,1,2025-07-11,0.011450578526709174,0.0018687553238123655
CNN LSTM,1,2025-07-14,-0.0014576320864308596,0.0012191323330625892
CNN LSTM,1,2025-07-15,-0.006690830038818713,0.0013038775650784373
CNN LSTM,1,2025-07-16,0.006690830038818678,0.0016064082738012075
CNN LSTM,1,2025-07-17,-0.00411671977094435,0.001958390697836876
CNN LSTM,1,2025-07-18,0.003878517843275477,0.0017383525846526027
CNN LSTM,1,2025-07-21,0.014221078392013241,0.002003950532525778
CNN LSTM,1,2025-07-22,0.010890474089836623,0.0016578994691371918
CNN LSTM,1,2025-07-23,-0.01347713181881251,0.0018806809093803167
CNN LSTM,1,2025-07-24,-0.0071185476742964245,0.001651793485507369
CNN LSTM,1,2025-07-25,-0.011298178577683532,0.001889626495540142
CNN LSTM,1,2025-07-28,-0.00770441311868792,0.002366508822888136
CNN LSTM,1,2025-07-29,0.004220687604230213,0.002092135138809681
CNN LSTM,1,2025-07-30,-0.008519931583451865,0.001911021419800818
CNN LSTM,2,2025-07-31,-0.0007892237945701002,0.0013206055155023932
CNN LSTM,2,2025-08-01,0.0318568991094105,0.0013206055155023932
CNN LSTM,2,2025-08-04,0.007793498093309997,0.0013206055155023932
CNN LSTM,2,2025-08-05,0.002419452581713986,0.0013206055155023932
CNN LSTM,2,2025-08-06,-0.0003785759879383521,0.0013740655267611146
CNN LSTM,2,2025-08-07,0.005895110583368623,0.0013507531257346272
CNN LSTM,2,2025-08-08,0.010828067683390978,0.0013206055155023932
CNN LSTM,2,2025-08-11,-0.025117358026758067,0.0013206055155023932
CNN LSTM,2,2025-08-12,-0.0016755449376984748,0.0013206055155023932
CNN LSTM,2,2025-08-13,0.002732376874092824,0.0013264724984765053
CNN LSTM,2,2025-08-14,-0.007391654844456962,0.0013206055155023932
CNN LSTM,2,2025-08-15,-0.00017731931563673257,0.0013326354091987014
CNN LSTM,2,2025-08-18,-0.0013608550423696423,0.0013325022300705314
CNN LSTM,2,2025-08-19,-0.005729838577164113,0.0013206055155023932
CNN LSTM,2,2025-08-20,0.008833365785586416,0.0013206055155023932
CNN LSTM,2,2025-08-21,-0.0020383464448766497,0.0013206055155023932
CNN LSTM,2,2025-08-22,0.01085285922255761,0.0013206055155023932
CNN LSTM,2,2025-08-25,-0.00029256875574397255,0.0013206055155023932
CNN LSTM,2,2025-08-26,0.00452522485958744,0.0013206055155023932
CNN LSTM,2,2025-08-27,0.004533865425989448,0.0013206055155023932
CNN LSTM,2,2025-08-28,0.007424654028850121,0.0013206055155023932
CNN LSTM,3,2025-08-29,0.011959414672805504,0.0003915060660801828
CNN LSTM,3,2025-09-02,0.021412365981205005,0.0004065763496328145
CNN LSTM,3,2025-09-03,0.011981838523569367,0.0004418783646542579
CNN LSTM,3,2025-09-04,-0.007953439794451702,0.00040381914004683495
CNN LSTM,3,2025-09-05,0.012837668774505576,0.00039942876901477575
CNN LSTM,3,2025-09-08,0.006575072093788713,0.0004274517996236682
CNN LSTM,3,2025-09-09,0.001304432198567463,0.0004221276321914047
CNN LSTM,3,2025-09-10,-5.430356949830863e-05,0.0003411115612834692
CNN LSTM,3,2025-09-11,-0.002283948524574761,0.0003525905485730618
CNN LSTM,3,2025-09-12,0.003478211302115392,0.00039839179953560233
CNN LSTM,3,2025-09-15,0.008804469354506315,0.00038114795461297035
CNN LSTM,3,2025-09-16,0.0016389083815749595,0.00039959113928489387
CNN LSTM,3,2025-09-17,-0.0019616146999941143,0.0005138891283422709
CNN LSTM,3,2025-09-18,-0.010681406425555337,0.0005748646799474955
CNN LSTM,3,2025-09-19,0.007448470843354675,0.0003786572196986526
CNN LSTM,3,2025-09-22,0.01852772524256409,0.00036020096740685403
CNN LSTM,3,2025-09-23,0.010697223061897887,0.0003973750863224268
CNN LSTM,3,2025-09-24,-0.012553199790111593,0.0003635970060713589
CNN LSTM,3,2025-09-25,0.0007958404288577125,0.00037212876486591995
CNN LSTM,3,2025-09-26,0.009999925510945777,0.0003850766515824944
CNN LSTM,3,2025-09-29,0.012056186181995571,0.0003761655534617603
CNN LSTM,4,2025-09-30,0.004658152470113703,0.0010689336340874434
CNN LSTM,4,2025-10-01,0.006254295801218062,0.0009610922425054014
CNN LSTM,4,2025-10-02,-0.007571866292281061,0.0002978199627250433
CNN LSTM,4,2025-10-03,0.010492523852748951,0.0004450453561730683
CNN LSTM,4,2025-10-06,0.01709577143373889,0.0004826975637115538
CNN LSTM,4,2025-10-07,0.007041981231953469,0.0006405873573385179
CNN LSTM,4,2025-10-08,0.016372109855940637,0.0010942702647298574
CNN LSTM,4,2025-10-09,-0.02434502527272507,0.0010343845933675766
CNN LSTM,4,2025-10-10,0.006973514949432017,0.0003274282207712531
CNN LSTM,4,2025-10-13,0.032609203820993034,0.0006011520163156092
CNN LSTM,4,2025-10-14,0.007328489165936037,0.0007894888403825462
CNN LSTM,4,2025-10-15,0.009133403673442007,0.001073563238605857
CNN LSTM,4,2025-10-16,0.024218812665454535,0.0011948333121836185
CNN LSTM,4,2025-10-17,-0.02143809876370929,0.0006684366962872446
CNN LSTM,4,2025-10-20,0.034088268540251064,0.0006259350338950753
CNN LSTM,4,2025-10-21,-0.05913036061837281,0.0010305806063115597
CNN LSTM,4,2025-10-22,-0.010691935071186633,0.000802112219389528
CNN LSTM,4,2025-10-23,0.019535439260900275,0.0009942783508449793
CNN LSTM,4,2025-10-24,-0.0018833559568211852,0.0012570444960147142
CNN LSTM,4,2025-10-27,-0.02895693759216049,0.0008166047628037632
CNN LSTM,4,2025-10-28,-0.009146825727850414,0.0014977524988353252
CNN LSTM,5,2025-10-29,0.004408898498803126,0.00033895636443048716
CNN LSTM,5,2025-10-30,0.003792123759319021,0.00033895636443048716
CNN LSTM,5,2025-10-31,-0.004842479279663863,0.00033895636443048716
CNN LSTM,5,2025-11-03,0.0043692722902096805,0.00033895636443048716
CNN LSTM,5,2025-11-04,-0.013417970451949117,0.00033895636443048716
CNN LSTM,5,2025-11-05,0.008147479561113499,0.00033895636443048716
CNN LSTM,5,2025-11-06,-0.00047593341671400114,0.00033895636443048716
CNN LSTM,5,2025-11-07,0.004699550873542623,0.00033895636443048716
CNN LSTM,5,2025-11-10,0.027597105528127795,0.00033895636443048716
CNN LSTM,5,2025-11-11,-0.0013838283037244535,0.00033895636443048716
CNN LSTM,5,2025-11-12,0.023362758198939928,0.00033895636443048716
CNN LSTM,5,2025-11-13,-0.004543269059270653,0.00033895636443048716
CNN LSTM,5,2025-11-14,-0.02420281720599833,0.00033895636443048716
CNN LSTM,5,2025-11-17,-0.004823286320076406,0.00033895636443048716
CNN LSTM,5,2025-11-18,-0.0019653611534445575,0.00033895636443048716
CNN LSTM,5,2025-11-19,0.00400036088198349,0.00033895636443048716
CNN LSTM,5,2025-11-20,-0.005600065893035144,9.003395098261535e-05
CNN LSTM,5,2025-11-21,0.004791458273076578,0.0002084213338093832
CNN LSTM,5,2025-11-24,0.0035968942114961056,0.00017304453649558127
CNN LSTM,5,2025-11-25,0.011124461739009153,0.00033895636443048716
CNN LSTM,5,2025-11-26,0.006068552727885582,0.00033895636443048716
CNN LSTM,6,2025-11-28,0.021306896469946157,-0.00030311220325529575
CNN LSTM,6,2025-12-01,0.004666034944276696,-0.001400018809363246
CNN LSTM,6,2025-12-02,-0.012712634712284829,-0.001986441435292363
CNN LSTM,6,2025-12-03,0.002768197758106589,-0.002587902592495084
CNN LSTM,6,2025-12-04,0.0024777311950344304,-0.0020085007417947054
CNN LSTM,6,2025-12-05,0.0,-0.00077102892100811
CNN LSTM,6,2025-12-08,-0.0059805641405327285,-0.0018582039047032595
CNN LSTM,6,2025-12-09,0.0043766850036946565,-0.000970394816249609
CNN LSTM,6,2025-12-10,-0.002718388481319545,-0.00097916298545897
CNN LSTM,6,2025-12-11,0.02068541906367583,-0.0016359861474484205
CNN LSTM,6,2025-12-12,0.003541092433026351,-0.002520687645301223
CNN LSTM,6,2025-12-15,0.0015929802237420196,-0.0007801151368767023
CNN LSTM,6,2025-12-16,-0.0006692565868493225,-0.0007366805803030729
CNN LSTM,6,2025-12-17,0.009556503562019045,-0.0015218860935419798
CNN LSTM,6,2025-12-18,-0.0021514021043768814,-0.0004633399657905102
CNN LSTM,6,2025-12-19,0.005210323996448743,-0.0004088892601430416
CNN LSTM,6,2025-12-22,0.018540190388463378,-0.0018822976853698492
CNN LSTM,6,2025-12-23,0.00808915566719769,-0.0009560501202940941
CNN LSTM,6,2025-12-24,-0.0006439231226546872,-0.0013600422535091639
CNN LSTM,6,2025-12-26,0.011021124337837926,-0.0011522124987095594
CNN LSTM,6,2025-12-29,-0.04701698661716152,-0.0015509400982409716
CNN LSTM,7,2025-12-30,0.009782482738117076,-0.00011042936239391565
CNN LSTM,7,2025-12-31,-0.01035820786686775,5.765981040894985e-05
CNN LSTM,7,2026-01-02,-0.002652613164826404,-6.980833131819963e-05
CNN LSTM,7,2026-01-05,0.027765936481767103,-0.00038601108826696873
CNN LSTM,7,2026-01-06,0.009969258025547125,0.0001369936508126557
CNN LSTM,7,2026-01-07,-0.0075012289513783775,0.000803106464445591
CNN LSTM,7,2026-01-08,-0.00040339893143997464,0.00015426508616656065
CNN LSTM,7,2026-01-09,0.008971606907573183,3.983487840741873e-05
CNN LSTM,7,2026-01-12,0.024969547666848495,0.0002346617984585464
CNN LSTM,7,2026-01-13,-0.0033862493362126138,-7.468531839549541e-05
CNN LSTM,7,2026-01-14,0.007926601145667499,4.566216375678778e-05
CNN LSTM,7,2026-01-15,-0.0025919619439755117,0.0001264018937945366
CNN LSTM,7,2026-01-16,-0.006139510703623363,0.000308226328343153
CNN LSTM,7,2026-01-20,0.03640959099230665,0.00037231313763186336
CNN LSTM,7,2026-01-21,0.014932685452998438,0.0003503332263790071
CNN LSTM,7,2026-01-22,0.015568088290666629,0.0002563254674896598
CNN LSTM,7,2026-01-23,0.0134035408333191,-6.552675040438771e-05
CNN LSTM,7,2026-01-26,0.02043357904047868,-6.389908958226442e-05
CNN LSTM,7,2026-01-27,1.9694376895771874e-05,0.00020773860160261393
CNN LSTM,7,2026-01-28,0.04256289277436651,0.00027750496519729495
CNN LSTM,7,2026-01-29,0.0027866342053497763,0.00023414561292156577
CNN LSTM,8,2026-01-30,-0.11405996064112038,-0.00034681905526667833
CNN LSTM,8,2026-02-02,-0.019686303122442145,0.0005351510480977595
CNN LSTM,8,2026-02-03,0.058926448772030716,0.0005316610913723707
CNN LSTM,8,2026-02-04,0.003196467347589788,0.0006286660209298134
CNN LSTM,8,2026-02-05,-0.01245909146284185,0.0006448548519983888
CNN LSTM,8,2026-02-06,0.018299641596384978,0.0006448548519983888
CNN LSTM,8,2026-02-09,0.019803434786086996,0.00046797291724942625
CNN LSTM,8,2026-02-10,-0.009574353643483177,0.0006448548519983888
CNN LSTM,8,2026-02-11,0.013327607312961768,0.0006831800565123558
CNN LSTM,8,2026-02-12,-0.029882106550518355,0.0006448548519983888
CNN LSTM,8,2026-02-13,0.019590990507983467,-0.0001782590989023447
CNN LSTM,8,2026-02-17,-0.02821672026116965,0.0005981845897622406
CNN LSTM,8,2026-02-18,0.020897567198741928,0.0006448548519983888
CNN LSTM,8,2026-02-19,-0.0024183520713796174,0.0006448548519983888
CNN LSTM,8,2026-02-20,0.016570634386725833,0.0006448548519983888
CNN LSTM,8,2026-02-23,0.02808125044952713,0.0006448548519983888
CNN LSTM,8,2026-02-24,-0.009479164880599267,0.0006513612461276352
CNN LSTM,8,2026-02-25,0.009593996324003868,0.0006448548519983888
CNN LSTM,8,2026-02-26,-0.006141817855776584,0.00017290777759626508
CNN LSTM,8,2026-02-27,0.010285321903876413,-0.00030513876117765903
CNN LSTM,8,2026-03-02,0.01206514854594433,-0.00033106375485658646
CNN LSTM,9,2026-03-03,-0.03601625408895964,0.001631057122722268
CNN LSTM,9,2026-03-04,0.0021445846910061257,0.001631057122722268
CNN LSTM,9,2026-03-05,-0.01096609533518948,0.001631057122722268
CNN LSTM,9,2026-03-06,0.015629285841707433,0.001631057122722268
CNN LSTM,9,2026-03-09,-0.010718842473702186,0.001631057122722268
CNN LSTM,9,2026-03-10,0.026756394882401557,0.001631057122722268
CNN LSTM,9,2026-03-11,-0.012090885178727579,0.001631057122722268
CNN LSTM,9,2026-03-12,-0.010344742558357102,0.001631057122722268
CNN LSTM,9,2026-03-13,-0.012584138459255777,0.001631057122722268
CNN LSTM,9,2026-03-16,-0.011824579132621192,0.001631057122722268
CNN LSTM,9,2026-03-17,0.0011987533933456099,0.001631057122722268
CNN LSTM,9,2026-03-18,-0.022617174161619544,0.001631057122722268
CNN LSTM,9,2026-03-19,-0.06116472469150908,0.001631057122722268
CNN LSTM,9,2026-03-20,-0.006709890029017639,0.001631057122722268
CNN LSTM,9,2026-03-23,-0.03732260647233202,0.0016600789967924356
CNN LSTM,9,2026-03-24,-0.0012032296424023367,0.001631057122722268
CNN LSTM,9,2026-03-25,0.033573573740637866,0.001631057122722268
CNN LSTM,9,2026-03-26,-0.0394289829459794,0.001631057122722268
CNN LSTM,9,2026-03-27,0.026205765776648658,0.001631057122722268
CNN LSTM,9,2026-03-30,0.007429207535768564,0.001631057122722268
CNN LSTM,9,2026-03-31,0.026512431127413087,0.001631057122722268
CNN LSTM,10,2026-04-01,0.03499040911817492,0.0003254478797316551
CNN LSTM,10,2026-04-02,-0.02810734041002322,0.00032602809369564056
CNN LSTM,10,2026-04-06,0.0010678741332234593,0.0005581486038863659
CNN LSTM,10,2026-04-07,0.0,0.0007211895426735282
CNN LSTM,10,2026-04-08,0.01955272051630473,0.0006148072425276041
CNN LSTM,10,2026-04-09,0.00850426249624097,0.0006276958156377077
CNN LSTM,10,2026-04-10,-0.006371458031125033,0.0008685615612193942
CNN LSTM,10,2026-04-13,-0.004186383727236395,0.0012099529849365354
CNN LSTM,10,2026-04-14,0.017198280994109087,0.0013015514705330133
CNN LSTM,10,2026-04-15,-0.0054787859356153785,0.0008873996557667851
CNN LSTM,10,2026-04-16,-0.0031770068196661392,0.0009238547645509243
CNN LSTM,10,2026-04-17,0.014719718632466553,0.000779841560870409
CNN LSTM,10,2026-04-20,-0.010465320161640049,0.0011368648847565055
CNN LSTM,10,2026-04-21,-0.02287387820870831,0.001137036131694913
CNN LSTM,10,2026-04-22,0.0070519266966085035,0.0009805832523852587
CNN LSTM,10,2026-04-23,-0.0061200992967565026,0.000778698013164103
CNN LSTM,10,2026-04-24,0.003571072167241396,0.0009354264475405216
CNN LSTM,10,2026-04-27,-0.010005744880541992,0.0008179278811439872
CNN LSTM,10,2026-04-28,-0.01834052163097715,0.0009422459406778216
CNN LSTM,10,2026-04-29,-0.010229187187446151,0.0007307997439056635
CNN LSTM,10,2026-04-30,0.014818975567984847,0.0008489683968946338
