Model,Fold,Date,y_true,y_pred
Random Walk,1,2025-07-02,0.019810456383350664,0.0
Random Walk,1,2025-07-03,-0.010150398354574054,0.0
Random Walk,1,2025-07-04,-0.015521100680582477,0.0
Random Walk,1,2025-07-07,-0.006797970921758149,0.0
Random Walk,1,2025-07-08,0.12443711051778991,0.0
Random Walk,1,2025-07-09,-0.03634795017511664,0.0
Random Walk,1,2025-07-10,0.01901523296442158,0.0
Random Walk,1,2025-07-11,0.002520242449624556,0.0
Random Walk,1,2025-07-14,-0.008486090965581885,0.0
Random Walk,1,2025-07-15,0.0056053193852702386,0.0
Random Walk,1,2025-07-16,-0.008965419068541565,0.0
Random Walk,1,2025-07-17,-0.0019121251718409395,0.0
Random Walk,1,2025-07-18,0.016630897874152062,0.0
Random Walk,1,2025-07-21,0.005809515450518906,0.0
Random Walk,1,2025-07-22,0.01529990821973815,0.0
Random Walk,1,2025-07-23,0.01705576477175168,0.0
Random Walk,1,2025-07-24,-0.003110981742288766,0.0
Random Walk,1,2025-07-25,-0.0023395420911621516,0.0
Random Walk,1,2025-07-28,-0.02967166185911239,0.0
Random Walk,1,2025-07-29,0.0015180785029724258,0.0
Random Walk,1,2025-07-30,-0.005996298009491309,0.0
Random Walk,2,2025-07-31,-0.25171204689975507,0.0
Random Walk,2,2025-08-01,0.018758362788043485,0.0
Random Walk,2,2025-08-04,0.0005664247692132296,0.0
Random Walk,2,2025-08-05,-0.011618793284061735,0.0
Random Walk,2,2025-08-06,0.006167912535331675,0.0
Random Walk,2,2025-08-07,-0.002850748171675486,0.0
Random Walk,2,2025-08-08,0.017433119829275943,0.0
Random Walk,2,2025-08-11,-0.00720806458524645,0.0
Random Walk,2,2025-08-12,0.019033274217507272,0.0
Random Walk,2,2025-08-13,-0.005895178664802649,0.0
Random Walk,2,2025-08-14,-0.0039121324246721165,0.0
Random Walk,2,2025-08-15,0.0030193399399282292,0.0
Random Walk,2,2025-08-18,-0.00470071048434155,0.0
Random Walk,2,2025-08-19,-0.010827956116400377,0.0
Random Walk,2,2025-08-20,0.003848380140796914,0.0
Random Walk,2,2025-08-21,0.0012418493801091871,0.0
Random Walk,2,2025-08-22,0.003604074293522632,0.0
Random Walk,2,2025-08-25,0.004262868581374833,0.0
Random Walk,2,2025-08-26,-0.0035886086139926654,0.0
Random Walk,2,2025-08-27,-0.00812182105277228,0.0
Random Walk,2,2025-08-28,0.011038585829641259,0.0
Random Walk,3,2025-08-29,0.0122468306693877,0.0
Random Walk,3,2025-09-02,0.0112237356170585,0.0
Random Walk,3,2025-09-03,-0.0024102020135148045,0.0
Random Walk,3,2025-09-04,-0.015586431517168008,0.0
Random Walk,3,2025-09-05,-0.0012262060033473832,0.0
Random Walk,3,2025-09-08,0.001783104664788798,0.0
Random Walk,3,2025-09-09,0.0023355300255342216,0.0
Random Walk,3,2025-09-10,0.010827696674733928,0.0
Random Walk,3,2025-09-11,0.008861649127066629,0.0
Random Walk,3,2025-09-12,-0.00043574574458165135,0.0
Random Walk,3,2025-09-15,0.014496124151625057,0.0
Random Walk,3,2025-09-16,-0.004844718213337427,0.0
Random Walk,3,2025-09-17,-0.01347256315564885,0.0
Random Walk,3,2025-09-18,-0.00658479329356115,0.0
Random Walk,3,2025-09-19,0.006147083897539443,0.0
Random Walk,3,2025-09-22,0.0008751230140683835,0.0
Random Walk,3,2025-09-23,0.0025115780623503393,0.0
Random Walk,3,2025-09-24,0.0359897946923935,0.0
Random Walk,3,2025-09-25,-0.011108339286396362,0.0
Random Walk,3,2025-09-26,0.0032924609806411808,0.0
Random Walk,3,2025-09-29,0.026266398390743108,0.0
Random Walk,4,2025-09-30,-0.007464320808828171,0.0
Random Walk,4,2025-10-01,0.005293001339195736,0.0
Random Walk,4,2025-10-02,0.013876902206789601,0.0
Random Walk,4,2025-10-03,0.03214425535149481,0.0
Random Walk,4,2025-10-06,-0.014136641324961854,0.0
Random Walk,4,2025-10-07,0.012157573009370483,0.0
Random Walk,4,2025-10-08,-0.00039624630372070505,0.0
Random Walk,4,2025-10-09,0.005829193522269696,0.0
Random Walk,4,2025-10-10,-0.045755712154609496,0.0
Random Walk,4,2025-10-13,0.050669262739308656,0.0
Random Walk,4,2025-10-14,-0.023808263054996025,0.0
Random Walk,4,2025-10-15,-0.0017081338268076546,0.0
Random Walk,4,2025-10-16,-0.002819727655700685,0.0
Random Walk,4,2025-10-17,-0.005359277641309777,0.0
Random Walk,4,2025-10-20,0.013394668513055687,0.0
Random Walk,4,2025-10-21,-0.013698908181214555,0.0
Random Walk,4,2025-10-22,0.0062683731636311866,0.0
Random Walk,4,2025-10-23,0.024097514963004135,0.0
Random Walk,4,2025-10-24,0.002260402648139722,0.0
Random Walk,4,2025-10-27,0.009185120348577347,0.0
Random Walk,4,2025-10-28,0.0,0.0
Random Walk,5,2025-10-29,0.01792990668350266,0.0
Random Walk,5,2025-10-30,-0.03016277423724716,0.0
Random Walk,5,2025-10-31,-0.002464690218088246,0.0
Random Walk,5,2025-11-03,-0.003658812833263493,0.0
Random Walk,5,2025-11-04,-0.024266670048338407,0.0
Random Walk,5,2025-11-05,0.007483036775056278,0.0
Random Walk,5,2025-11-06,-0.0035323091084347048,0.0
Random Walk,5,2025-11-07,-0.0015176195049082092,0.0
Random Walk,5,2025-11-10,0.029727812977192947,0.0
Random Walk,5,2025-11-11,-0.007597063291670923,0.0
Random Walk,5,2025-11-12,0.00808840261445958,0.0
Random Walk,5,2025-11-13,-0.00039301465230442604,0.0
Random Walk,5,2025-11-14,-0.007497343296060943,0.0
Random Walk,5,2025-11-17,-0.009851313783992953,0.0
Random Walk,5,2025-11-18,-0.007528247203173337,0.0
Random Walk,5,2025-11-19,0.009126948000411297,0.0
Random Walk,5,2025-11-20,-0.009731717101725797,0.0
Random Walk,5,2025-11-21,0.009831592742830271,0.0
Random Walk,5,2025-11-24,-0.009327625128735287,0.0
Random Walk,5,2025-11-25,0.007529003250223698,0.0
Random Walk,5,2025-11-26,0.02078460076161925,0.0
Random Walk,6,2025-11-28,0.015743829246684975,0.0
Random Walk,6,2025-12-01,0.006439489345742295,0.0
Random Walk,6,2025-12-02,-0.011175470790599912,0.0
Random Walk,6,2025-12-03,0.028084817441979566,0.0
Random Walk,6,2025-12-04,-0.003113356145866483,0.0
Random Walk,6,2025-12-05,0.016958269780918606,0.0
Random Walk,6,2025-12-08,-0.0032568630065428986,0.0
Random Walk,6,2025-12-09,-0.023386275095255215,0.0
Random Walk,6,2025-12-10,0.006656519081847274,0.0
Random Walk,6,2025-12-11,0.028313075901739357,0.0
Random Walk,6,2025-12-12,-0.02679770979515132,0.0
Random Walk,6,2025-12-15,0.01035592520255418,0.0
Random Walk,6,2025-12-16,-0.009693707758661334,0.0
Random Walk,6,2025-12-17,0.014365757938624598,0.0
Random Walk,6,2025-12-18,0.0005591393541615224,0.0
Random Walk,6,2025-12-19,0.013511209772042312,0.0
Random Walk,6,2025-12-22,-0.0003677218149657127,0.0
Random Walk,6,2025-12-23,0.00705548036007015,0.0
Random Walk,6,2025-12-24,0.0041004274057811025,0.0
Random Walk,6,2025-12-26,0.04759000584167537,0.0
Random Walk,6,2025-12-29,-0.04904598883016795,0.0
Random Walk,7,2025-12-30,0.042259807493034214,0.0
Random Walk,7,2025-12-31,-0.017169666206612835,0.0
Random Walk,7,2026-01-02,0.0017745793586180468,0.0
Random Walk,7,2026-01-05,0.049212251505801795,0.0
Random Walk,7,2026-01-06,0.014411638803103236,0.0
Random Walk,7,2026-01-07,-0.03409949050896024,0.0
Random Walk,7,2026-01-08,-0.010817465155150153,0.0
Random Walk,7,2026-01-09,0.018790451803464538,0.0
Random Walk,7,2026-01-12,0.021874933032647856,0.0
Random Walk,7,2026-01-13,-0.002509469057374457,0.0
Random Walk,7,2026-01-14,0.006511423888848364,0.0
Random Walk,7,2026-01-15,-0.01020329524776686,0.0
Random Walk,7,2026-01-16,-0.0271818592347448,0.0
Random Walk,7,2026-01-20,-0.002681326556787939,0.0
Random Walk,7,2026-01-21,-0.007563600184284361,0.0
Random Walk,7,2026-01-22,0.0022663907619747447,0.0
Random Walk,7,2026-01-23,0.028920358078275955,0.0
Random Walk,7,2026-01-26,0.012274291330000235,0.0
Random Walk,7,2026-01-27,-0.026329633060980427,0.0
Random Walk,7,2026-01-28,0.010920700845244964,0.0
Random Walk,7,2026-01-29,0.046909494425695066,0.0
Random Walk,8,2026-01-30,-0.04614611810401607,0.0
Random Walk,8,2026-02-02,-0.01632724135572056,0.0
Random Walk,8,2026-02-03,0.04400577841713017,0.0
Random Walk,8,2026-02-04,-0.0397915610591698,0.0
Random Walk,8,2026-02-05,-0.004645243148040119,0.0
Random Walk,8,2026-02-06,0.011061263030683612,0.0
Random Walk,8,2026-02-09,0.013803843930585742,0.0
Random Walk,8,2026-02-10,-0.008276419658565643,0.0
Random Walk,8,2026-02-11,0.00894897896843896,0.0
Random Walk,8,2026-02-12,-0.030377758462980523,0.0
Random Walk,8,2026-02-13,0.0037186207526305258,0.0
Random Walk,8,2026-02-17,-0.02792183898914965,0.0
Random Walk,8,2026-02-18,0.028094448608724638,0.0
Random Walk,8,2026-02-19,-0.01102105618140487,0.0
Random Walk,8,2026-02-20,0.01747295267048268,0.0
Random Walk,8,2026-02-23,-0.009996651615555126,0.0
Random Walk,8,2026-02-24,0.02565121835476392,0.0
Random Walk,8,2026-02-25,0.009493868339474848,0.0
Random Walk,8,2026-02-26,-0.005450026589920928,0.0
Random Walk,8,2026-02-27,0.009622278291953983,0.0
Random Walk,8,2026-03-02,-0.018489498291913743,0.0
Random Walk,9,2026-03-03,-0.020741198751393842,0.0
Random Walk,9,2026-03-04,0.01401752384407531,0.0
Random Walk,9,2026-03-05,-0.01757458022170611,0.0
Random Walk,9,2026-03-06,0.0006950803071056875,0.0
Random Walk,9,2026-03-09,0.007527605872309206,0.0
Random Walk,9,2026-03-10,0.01768594808097934,0.0
Random Walk,9,2026-03-11,-0.00995792118644709,0.0
Random Walk,9,2026-03-12,-0.003598959893190912,0.0
Random Walk,9,2026-03-13,-0.019066377588966833,0.0
Random Walk,9,2026-03-16,0.013211876292665282,0.0
Random Walk,9,2026-03-17,-0.011114142119103089,0.0
Random Walk,9,2026-03-18,-0.030586158824142798,0.0
Random Walk,9,2026-03-19,-0.0220268873083426,0.0
Random Walk,9,2026-03-20,-0.016797736235749178,0.0
Random Walk,9,2026-03-23,0.017993370747035806,0.0
Random Walk,9,2026-03-24,-0.003130129888579305,0.0
Random Walk,9,2026-03-25,0.019449943827491212,0.0
Random Walk,9,2026-03-26,-0.015033763846452861,0.0
Random Walk,9,2026-03-27,0.0037568529861707256,0.0
Random Walk,9,2026-03-30,0.001644855466474539,0.0
Random Walk,9,2026-03-31,0.020157100232811233,0.0
Random Walk,10,2026-04-01,0.006511190388170775,0.0
Random Walk,10,2026-04-02,-0.010905599959187336,0.0
Random Walk,10,2026-04-06,0.003678236070027349,0.0
Random Walk,10,2026-04-07,-0.00700938080004491,0.0
Random Walk,10,2026-04-08,0.03804424731409376,0.0
Random Walk,10,2026-04-09,-0.001998676585020025,0.0
Random Walk,10,2026-04-10,0.021087830597987828,0.0
Random Walk,10,2026-04-13,0.01781159571001089,0.0
Random Walk,10,2026-04-14,0.015689537291392698,0.0
Random Walk,10,2026-04-15,0.00024708745592178015,0.0
Random Walk,10,2026-04-16,-0.0009061811693833574,0.0
Random Walk,10,2026-04-17,0.0060804956810176485,0.0
Random Walk,10,2026-04-20,-0.011120855384533909,0.0
Random Walk,10,2026-04-21,-0.005732044023659669,0.0
Random Walk,10,2026-04-22,0.019552618230260894,0.0
Random Walk,10,2026-04-23,-0.007297785574562695,0.0
Random Walk,10,2026-04-24,-0.00859581222512715,0.0
Random Walk,10,2026-04-27,-0.0009134808991143975,0.0
Random Walk,10,2026-04-28,-0.01734799613390739,0.0
Random Walk,10,2026-04-29,-0.006105378262062169,0.0
Random Walk,10,2026-04-30,0.008047844376794507,0.0
ARMA,1,2025-07-02,0.019810456383350664,5.777456866836271e-05
ARMA,1,2025-07-03,-0.010150398354574054,-0.0001478338134743623
ARMA,1,2025-07-04,-0.015521100680582477,0.00023152675087099195
ARMA,1,2025-07-07,-0.006797970921758149,0.0002995299064267132
ARMA,1,2025-07-08,0.12443711051778991,0.00018907873748938238
ARMA,1,2025-07-09,-0.03634795017511664,-0.0014726033137171424
ARMA,1,2025-07-10,0.01901523296442158,0.0005632368482644313
ARMA,1,2025-07-11,0.002520242449624556,-0.00013776479482905258
ARMA,1,2025-07-14,-0.008486090965581885,7.10926948954913e-05
ARMA,1,2025-07-15,0.0056053193852702386,0.00021045350059642568
ARMA,1,2025-07-16,-0.008965419068541565,3.202983979363287e-05
ARMA,1,2025-07-17,-0.0019121251718409395,0.00021652269258830834
ARMA,1,2025-07-18,0.016630897874152062,0.0001272147747551427
ARMA,1,2025-07-21,0.005809515450518906,-0.000107574644603194
ARMA,1,2025-07-22,0.01529990821973815,2.9444334966503182e-05
ARMA,1,2025-07-23,0.01705576477175168,-9.07218214493488e-05
ARMA,1,2025-07-24,-0.003110981742288766,-0.00011295425568087896
ARMA,1,2025-07-25,-0.0023395420911621516,0.0001423945454630369
ARMA,1,2025-07-28,-0.02967166185911239,0.00013262667388628475
ARMA,1,2025-07-29,0.0015180785029724258,0.0004787025275500851
ARMA,1,2025-07-30,-0.005996298009491309,8.378196840567866e-05
ARMA,2,2025-07-31,-0.25171204689975507,0.00024338364126364113
ARMA,2,2025-08-01,0.018758362788043485,0.004942447066221903
ARMA,2,2025-08-04,0.0005664247692132296,-0.00023002403275115656
ARMA,2,2025-08-05,-0.011618793284061735,0.00011787825254993909
ARMA,2,2025-08-06,0.006167912535331675,0.0003509081366248802
ARMA,2,2025-08-07,-0.002850748171675486,1.0755504390749695e-05
ARMA,2,2025-08-08,0.017433119829275943,0.0001832282044997365
ARMA,2,2025-08-11,-0.00720806458524645,-0.00020468011098442776
ARMA,2,2025-08-12,0.019033274217507272,0.0002665574427860698
ARMA,2,2025-08-13,-0.005895178664802649,-0.00023528143382996658
ARMA,2,2025-08-14,-0.0039121324246721165,0.0002414498367910819
ARMA,2,2025-08-15,0.0030193399399282292,0.0002035260972705842
ARMA,2,2025-08-18,-0.00470071048434155,7.096874831470271e-05
ARMA,2,2025-08-19,-0.010827956116400377,0.00021860684945945627
ARMA,2,2025-08-20,0.003848380140796914,0.0003357841812966658
ARMA,2,2025-08-21,0.0012418493801091871,5.5114198887909954e-05
ARMA,2,2025-08-22,0.003604074293522632,0.00010496144481697077
ARMA,2,2025-08-25,0.004262868581374833,5.9786299380510915e-05
ARMA,2,2025-08-26,-0.0035886086139926654,4.718752963702066e-05
ARMA,2,2025-08-27,-0.00812182105277228,0.00019733903391492655
ARMA,2,2025-08-28,0.011038585829641259,0.0002840321045253435
ARMA,3,2025-08-29,0.0122468306693877,-0.00026861872631892073
ARMA,3,2025-09-02,0.0112237356170585,0.0012442633415842518
ARMA,3,2025-09-03,-0.0024102020135148045,0.0004982055804694002
ARMA,3,2025-09-04,-0.015586431517168008,-0.0008939647618800538
ARMA,3,2025-09-05,-0.0012262060033473832,-0.00030411271573453153
ARMA,3,2025-09-08,0.001783104664788798,0.000853890191502892
ARMA,3,2025-09-09,0.0023355300255342216,0.0005218611141264314
ARMA,3,2025-09-10,0.010827696674733928,-0.0006362240766857746
ARMA,3,2025-09-11,0.008861649127066629,-0.0006273921628004203
ARMA,3,2025-09-12,-0.00043574574458165135,0.0005628409028065105
ARMA,3,2025-09-15,0.014496124151625057,0.0008729332431922318
ARMA,3,2025-09-16,-0.004844718213337427,-0.0004815689610619031
ARMA,3,2025-09-17,-0.01347256315564885,-0.0006483419401837433
ARMA,3,2025-09-18,-0.00658479329356115,0.0006342002345942075
ARMA,3,2025-09-19,0.006147083897539443,0.0008625919338496443
ARMA,3,2025-09-22,0.0008751230140683835,-0.0004699963203534172
ARMA,3,2025-09-23,0.0025115780623503393,-0.0007649763448319955
ARMA,3,2025-09-24,0.0359897946923935,0.00041198436201046973
ARMA,3,2025-09-25,-0.011108339286396362,0.00043144884637120936
ARMA,3,2025-09-26,0.0032924609806411808,0.00015914985261744494
ARMA,3,2025-09-29,0.026266398390743108,-0.00037905273759880983
ARMA,4,2025-09-30,-0.007464320808828171,-0.00034955245208900506
ARMA,4,2025-10-01,0.005293001339195736,0.0006315440915920358
ARMA,4,2025-10-02,0.013876902206789601,0.0004738571524989945
ARMA,4,2025-10-03,0.03214425535149481,-0.0005645725801105101
ARMA,4,2025-10-06,-0.014136641324961854,-0.0008236526444640197
ARMA,4,2025-10-07,0.012157573009370483,0.0009116418114889589
ARMA,4,2025-10-08,-0.00039624630372070505,0.00083574577951416
ARMA,4,2025-10-09,0.005829193522269696,-0.0005264344637303474
ARMA,4,2025-10-10,-0.045755712154609496,-0.0008145241498597116
ARMA,4,2025-10-13,0.050669262739308656,0.0012569320446867557
ARMA,4,2025-10-14,-0.023808263054996025,0.00015857736579074583
ARMA,4,2025-10-15,-0.0017081338268076546,-0.0004430663691654571
ARMA,4,2025-10-16,-0.002819727655700685,-0.00013644462206928998
ARMA,4,2025-10-17,-0.005359277641309777,0.0005911606239589795
ARMA,4,2025-10-20,0.013394668513055687,0.00044791572537697995
ARMA,4,2025-10-21,-0.013698908181214555,-0.0005661929677670007
ARMA,4,2025-10-22,0.0062683731636311866,-9.453016594582282e-05
ARMA,4,2025-10-23,0.024097514963004135,0.000525902561395805
ARMA,4,2025-10-24,0.002260402648139722,-1.9202834083693426e-05
ARMA,4,2025-10-27,0.009185120348577347,-0.0002855157937200407
ARMA,4,2025-10-28,0.0,-4.314699906328017e-06
ARMA,5,2025-10-29,0.01792990668350266,0.0009043193198740099
ARMA,5,2025-10-30,-0.03016277423724716,-0.0009293181317171926
ARMA,5,2025-10-31,-0.002464690218088246,8.373648972040431e-05
ARMA,5,2025-11-03,-0.003658812833263493,0.0013123410072676952
ARMA,5,2025-11-04,-0.024266670048338407,0.0002739826157301673
ARMA,5,2025-11-05,0.007483036775056278,-0.0002127512346444006
ARMA,5,2025-11-06,-0.0035323091084347048,-5.529318677750145e-05
ARMA,5,2025-11-07,-0.0015176195049082092,0.00040144776090197124
ARMA,5,2025-11-10,0.029727812977192947,0.00031733284817147894
ARMA,5,2025-11-11,-0.007597063291670923,-0.0009733002870616224
ARMA,5,2025-11-12,0.00808840261445958,-0.0001535223900473408
ARMA,5,2025-11-13,-0.00039301465230442604,0.0008514645510528368
ARMA,5,2025-11-14,-0.007497343296060943,0.0002813564651953166
ARMA,5,2025-11-17,-0.009851313783992953,-0.00031944371381442346
ARMA,5,2025-11-18,-0.007528247203173337,0.00027941727557332345
ARMA,5,2025-11-19,0.009126948000411297,0.0007637678940599889
ARMA,5,2025-11-20,-0.009731717101725797,-0.00022459336673112548
ARMA,5,2025-11-21,0.009831592742830271,-0.00027717568351125107
ARMA,5,2025-11-24,-0.009327625128735287,0.0001775215624170138
ARMA,5,2025-11-25,0.007529003250223698,0.000605805615352535
ARMA,5,2025-11-26,0.02078460076161925,-8.11620794584912e-05
ARMA,6,2025-11-28,0.015743829246684975,-0.0008098794933933659
ARMA,6,2025-12-01,0.006439489345742295,-9.590773044868354e-05
ARMA,6,2025-12-02,-0.011175470790599912,0.0007294651734616227
ARMA,6,2025-12-03,0.028084817441979566,0.0007624284285045487
ARMA,6,2025-12-04,-0.003113356145866483,-0.001328435303343419
ARMA,6,2025-12-05,0.016958269780918606,-0.00024750556775556345
ARMA,6,2025-12-08,-0.0032568630065428986,0.0006076822190370542
ARMA,6,2025-12-09,-0.023386275095255215,0.0007018596094284326
ARMA,6,2025-12-10,0.006656519081847274,0.0005152234180335122
ARMA,6,2025-12-11,0.028313075901739357,-0.0007459212892360676
ARMA,6,2025-12-12,-0.02679770979515132,-0.0011980620442112887
ARMA,6,2025-12-15,0.01035592520255418,0.0017392020766429865
ARMA,6,2025-12-16,-0.009693707758661334,0.0007604902230899742
ARMA,6,2025-12-17,0.014365757938624598,-0.0006987644652527595
ARMA,6,2025-12-18,0.0005591393541615224,-0.0010759114867693498
ARMA,6,2025-12-19,0.013511209772042312,0.0006975247981883094
ARMA,6,2025-12-22,-0.0003677218149657127,0.0006732561541257066
ARMA,6,2025-12-23,0.00705548036007015,-0.00016274972125698882
ARMA,6,2025-12-24,0.0041004274057811025,-0.0006164288627090245
ARMA,6,2025-12-26,0.04759000584167537,0.00015048224886564653
ARMA,6,2025-12-29,-0.04904598883016795,-0.0008429476404396768
ARMA,7,2025-12-30,0.042259807493034214,0.0016236622366056408
ARMA,7,2025-12-31,-0.017169666206612835,-0.001169761739340407
ARMA,7,2026-01-02,0.0017745793586180468,0.0006484329798952114
ARMA,7,2026-01-05,0.049212251505801795,6.88497343715322e-05
ARMA,7,2026-01-06,0.014411638803103236,-0.001382465911241401
ARMA,7,2026-01-07,-0.03409949050896024,-0.00031777046126997874
ARMA,7,2026-01-08,-0.010817465155150153,0.0011663867026504191
ARMA,7,2026-01-09,0.018790451803464538,0.0004540927361019877
ARMA,7,2026-01-12,0.021874933032647856,-0.00045173655886684305
ARMA,7,2026-01-13,-0.002509469057374457,-0.0005461036655120396
ARMA,7,2026-01-14,0.006511423888848364,0.00019991658928385407
ARMA,7,2026-01-15,-0.01020329524776686,-7.607003648546661e-05
ARMA,7,2026-01-16,-0.0271818592347448,0.0004353027248028575
ARMA,7,2026-01-20,-0.002681326556787939,0.0009547475971795529
ARMA,7,2026-01-21,-0.007563600184284361,0.00020517442480623877
ARMA,7,2026-01-22,0.0022663907619747447,0.0003545434764697409
ARMA,7,2026-01-23,0.028920358078275955,5.380317849990724e-05
ARMA,7,2026-01-26,0.012274291330000235,-0.0007616525138405997
ARMA,7,2026-01-27,-0.026329633060980427,-0.0002523801145809326
ARMA,7,2026-01-28,0.010920700845244964,0.0009286744548097602
ARMA,7,2026-01-29,0.046909494425695066,-0.00021096815317222454
ARMA,8,2026-01-30,-0.04614611810401607,-0.001326759026716143
ARMA,8,2026-02-02,-0.01632724135572056,0.0015531859985411713
ARMA,8,2026-02-03,0.04400577841713017,0.0007089082692405402
ARMA,8,2026-02-04,-0.0397915610591698,-0.0012084145983063518
ARMA,8,2026-02-05,-0.004645243148040119,0.0013577404076999342
ARMA,8,2026-02-06,0.011061263030683612,0.0003366640621127604
ARMA,8,2026-02-09,0.013803843930585742,-0.00018758558280676573
ARMA,8,2026-02-10,-0.008276419658565643,-0.000289969459893964
ARMA,8,2026-02-11,0.00894897896843896,0.0003988267614601047
ARMA,8,2026-02-12,-0.030377758462980523,-0.00011943748423936807
ARMA,8,2026-02-13,0.0037186207526305258,0.0010968367895783778
ARMA,8,2026-02-17,-0.02792183898914965,6.63601313045315e-05
ARMA,8,2026-02-18,0.028094448608724638,0.0010256901922502007
ARMA,8,2026-02-19,-0.01102105618140487,-0.0006998185832788138
ARMA,8,2026-02-20,0.01747295267048268,0.0004720000047155263
ARMA,8,2026-02-23,-0.009996651615555126,-0.0003842892124174684
ARMA,8,2026-02-24,0.02565121835476392,0.0004497835506209298
ARMA,8,2026-02-25,0.009493868339474848,-0.0006412958565613179
ARMA,8,2026-02-26,-0.005450026589920928,-0.00016911244302368996
ARMA,8,2026-02-27,0.009622278291953983,0.00031403409567003367
ARMA,8,2026-03-02,-0.018489498291913743,-0.00014319641387740343
ARMA,9,2026-03-03,-0.020741198751393842,0.00041253242257758313
ARMA,9,2026-03-04,0.01401752384407531,0.0015881355902726709
ARMA,9,2026-03-05,-0.01757458022170611,-0.0003212306233253714
ARMA,9,2026-03-06,0.0006950803071056875,-0.0004057893196255392
ARMA,9,2026-03-09,0.007527605872309206,0.0006032683843555954
ARMA,9,2026-03-10,0.01768594808097934,0.000490001601969581
ARMA,9,2026-03-11,-0.00995792118644709,-0.0008817982665026967
ARMA,9,2026-03-12,-0.003598959893190912,9.214690306879052e-07
ARMA,9,2026-03-13,-0.019066377588966833,0.0010732162292923584
ARMA,9,2026-03-16,0.013211876292665282,0.0010228729223884622
ARMA,9,2026-03-17,-0.011114142119103089,-0.0009687196141687975
ARMA,9,2026-03-18,-0.030586158824142798,-0.00022228617462279794
ARMA,9,2026-03-19,-0.0220268873083426,0.0022641531661415503
ARMA,9,2026-03-20,-0.016797736235749178,0.0016503201013753955
ARMA,9,2026-03-23,0.017993370747035806,-0.0006093741996730322
ARMA,9,2026-03-24,-0.003130129888579305,-0.0014601364854572594
ARMA,9,2026-03-25,0.019449943827491212,0.000998178677571042
ARMA,9,2026-03-26,-0.015033763846452861,0.0009170985952131604
ARMA,9,2026-03-27,0.0037568529861707256,-0.00011325096757890587
ARMA,9,2026-03-30,0.001644855466474539,-0.000722616967777967
ARMA,9,2026-03-31,0.020157100232811233,0.000267068771272547
ARMA,10,2026-04-01,0.006511190388170775,0.00011542809013364696
ARMA,10,2026-04-02,-0.010905599959187336,-0.00010064391956194779
ARMA,10,2026-04-06,0.003678236070027349,0.0004030440382650897
ARMA,10,2026-04-07,-0.00700938080004491,4.5107874303646164e-05
ARMA,10,2026-04-08,0.03804424731409376,0.000145828288243866
ARMA,10,2026-04-09,-0.001998676585020025,-0.0012526516438441354
ARMA,10,2026-04-10,0.021087830597987828,0.00024146120655247906
ARMA,10,2026-04-13,0.01781159571001089,0.0003324390441624149
ARMA,10,2026-04-14,0.015689537291392698,-0.0006236154271875452
ARMA,10,2026-04-15,0.00024708745592178015,-0.0008214354141213311
ARMA,10,2026-04-16,-0.0009061811693833574,0.0005173306320905281
ARMA,10,2026-04-17,0.0060804956810176485,0.0007956893830069016
ARMA,10,2026-04-20,-0.011120855384533909,-0.0005058724831922778
ARMA,10,2026-04-21,-0.005732044023659669,-0.0001601676274574533
ARMA,10,2026-04-22,0.019552618230260894,0.0007213780243396011
ARMA,10,2026-04-23,-0.007297785574562695,-0.00028576056926044095
ARMA,10,2026-04-24,-0.00859581222512715,-3.2698073449246865e-05
ARMA,10,2026-04-27,-0.0009134808991143975,0.0006488436424453539
ARMA,10,2026-04-28,-0.01734799613390739,0.00029738599446683364
ARMA,10,2026-04-29,-0.006105378262062169,0.0003613622323118832
ARMA,10,2026-04-30,0.008047844376794507,0.00017060875610705342
Decision Tree,1,2025-07-02,0.019810456383350664,3.5426751943079345e-05
Decision Tree,1,2025-07-03,-0.010150398354574054,3.5426751943079345e-05
Decision Tree,1,2025-07-04,-0.015521100680582477,3.5426751943079345e-05
Decision Tree,1,2025-07-07,-0.006797970921758149,3.5426751943079345e-05
Decision Tree,1,2025-07-08,0.12443711051778991,3.5426751943079345e-05
Decision Tree,1,2025-07-09,-0.03634795017511664,3.5426751943079345e-05
Decision Tree,1,2025-07-10,0.01901523296442158,3.5426751943079345e-05
Decision Tree,1,2025-07-11,0.002520242449624556,3.5426751943079345e-05
Decision Tree,1,2025-07-14,-0.008486090965581885,3.5426751943079345e-05
Decision Tree,1,2025-07-15,0.0056053193852702386,3.5426751943079345e-05
Decision Tree,1,2025-07-16,-0.008965419068541565,3.5426751943079345e-05
Decision Tree,1,2025-07-17,-0.0019121251718409395,3.5426751943079345e-05
Decision Tree,1,2025-07-18,0.016630897874152062,3.5426751943079345e-05
Decision Tree,1,2025-07-21,0.005809515450518906,3.5426751943079345e-05
Decision Tree,1,2025-07-22,0.01529990821973815,3.5426751943079345e-05
Decision Tree,1,2025-07-23,0.01705576477175168,3.5426751943079345e-05
Decision Tree,1,2025-07-24,-0.003110981742288766,3.5426751943079345e-05
Decision Tree,1,2025-07-25,-0.0023395420911621516,3.5426751943079345e-05
Decision Tree,1,2025-07-28,-0.02967166185911239,3.5426751943079345e-05
Decision Tree,1,2025-07-29,0.0015180785029724258,3.5426751943079345e-05
Decision Tree,1,2025-07-30,-0.005996298009491309,3.5426751943079345e-05
Decision Tree,2,2025-07-31,-0.25171204689975507,6.114680084714465e-05
Decision Tree,2,2025-08-01,0.018758362788043485,0.03522480554899073
Decision Tree,2,2025-08-04,0.0005664247692132296,0.03522480554899073
Decision Tree,2,2025-08-05,-0.011618793284061735,0.03522480554899073
Decision Tree,2,2025-08-06,0.006167912535331675,0.03522480554899073
Decision Tree,2,2025-08-07,-0.002850748171675486,0.03522480554899073
Decision Tree,2,2025-08-08,0.017433119829275943,0.03522480554899073
Decision Tree,2,2025-08-11,-0.00720806458524645,0.03522480554899073
Decision Tree,2,2025-08-12,0.019033274217507272,0.03522480554899073
Decision Tree,2,2025-08-13,-0.005895178664802649,0.03522480554899073
Decision Tree,2,2025-08-14,-0.0039121324246721165,0.03522480554899073
Decision Tree,2,2025-08-15,0.0030193399399282292,0.03522480554899073
Decision Tree,2,2025-08-18,-0.00470071048434155,0.03522480554899073
Decision Tree,2,2025-08-19,-0.010827956116400377,0.03522480554899073
Decision Tree,2,2025-08-20,0.003848380140796914,0.03522480554899073
Decision Tree,2,2025-08-21,0.0012418493801091871,0.03522480554899073
Decision Tree,2,2025-08-22,0.003604074293522632,0.03522480554899073
Decision Tree,2,2025-08-25,0.004262868581374833,0.03522480554899073
Decision Tree,2,2025-08-26,-0.0035886086139926654,0.03522480554899073
Decision Tree,2,2025-08-27,-0.00812182105277228,0.03522480554899073
Decision Tree,2,2025-08-28,0.011038585829641259,0.03522480554899073
Decision Tree,3,2025-08-29,0.0122468306693877,6.45321211482448e-05
Decision Tree,3,2025-09-02,0.0112237356170585,6.45321211482448e-05
Decision Tree,3,2025-09-03,-0.0024102020135148045,6.45321211482448e-05
Decision Tree,3,2025-09-04,-0.015586431517168008,6.45321211482448e-05
Decision Tree,3,2025-09-05,-0.0012262060033473832,6.45321211482448e-05
Decision Tree,3,2025-09-08,0.001783104664788798,6.45321211482448e-05
Decision Tree,3,2025-09-09,0.0023355300255342216,6.45321211482448e-05
Decision Tree,3,2025-09-10,0.010827696674733928,6.45321211482448e-05
Decision Tree,3,2025-09-11,0.008861649127066629,6.45321211482448e-05
Decision Tree,3,2025-09-12,-0.00043574574458165135,6.45321211482448e-05
Decision Tree,3,2025-09-15,0.014496124151625057,6.45321211482448e-05
Decision Tree,3,2025-09-16,-0.004844718213337427,6.45321211482448e-05
Decision Tree,3,2025-09-17,-0.01347256315564885,6.45321211482448e-05
Decision Tree,3,2025-09-18,-0.00658479329356115,6.45321211482448e-05
Decision Tree,3,2025-09-19,0.006147083897539443,6.45321211482448e-05
Decision Tree,3,2025-09-22,0.0008751230140683835,6.45321211482448e-05
Decision Tree,3,2025-09-23,0.0025115780623503393,6.45321211482448e-05
Decision Tree,3,2025-09-24,0.0359897946923935,6.45321211482448e-05
Decision Tree,3,2025-09-25,-0.011108339286396362,6.45321211482448e-05
Decision Tree,3,2025-09-26,0.0032924609806411808,6.45321211482448e-05
Decision Tree,3,2025-09-29,0.026266398390743108,6.45321211482448e-05
Decision Tree,4,2025-09-30,-0.007464320808828171,1.2939663695086505e-05
Decision Tree,4,2025-10-01,0.005293001339195736,1.2939663695086505e-05
Decision Tree,4,2025-10-02,0.013876902206789601,1.2939663695086505e-05
Decision Tree,4,2025-10-03,0.03214425535149481,1.2939663695086505e-05
Decision Tree,4,2025-10-06,-0.014136641324961854,1.2939663695086505e-05
Decision Tree,4,2025-10-07,0.012157573009370483,1.2939663695086505e-05
Decision Tree,4,2025-10-08,-0.00039624630372070505,1.2939663695086505e-05
Decision Tree,4,2025-10-09,0.005829193522269696,1.2939663695086505e-05
Decision Tree,4,2025-10-10,-0.045755712154609496,1.2939663695086505e-05
Decision Tree,4,2025-10-13,0.050669262739308656,1.2939663695086505e-05
Decision Tree,4,2025-10-14,-0.023808263054996025,1.2939663695086505e-05
Decision Tree,4,2025-10-15,-0.0017081338268076546,1.2939663695086505e-05
Decision Tree,4,2025-10-16,-0.002819727655700685,1.2939663695086505e-05
Decision Tree,4,2025-10-17,-0.005359277641309777,1.2939663695086505e-05
Decision Tree,4,2025-10-20,0.013394668513055687,1.2939663695086505e-05
Decision Tree,4,2025-10-21,-0.013698908181214555,1.2939663695086505e-05
Decision Tree,4,2025-10-22,0.0062683731636311866,1.2939663695086505e-05
Decision Tree,4,2025-10-23,0.024097514963004135,1.2939663695086505e-05
Decision Tree,4,2025-10-24,0.002260402648139722,1.2939663695086505e-05
Decision Tree,4,2025-10-27,0.009185120348577347,1.2939663695086505e-05
Decision Tree,4,2025-10-28,0.0,1.2939663695086505e-05
Decision Tree,5,2025-10-29,0.01792990668350266,0.00010023895242043799
Decision Tree,5,2025-10-30,-0.03016277423724716,0.00010023895242043799
Decision Tree,5,2025-10-31,-0.002464690218088246,0.00010023895242043799
Decision Tree,5,2025-11-03,-0.003658812833263493,0.00010023895242043799
Decision Tree,5,2025-11-04,-0.024266670048338407,0.00010023895242043799
Decision Tree,5,2025-11-05,0.007483036775056278,0.00010023895242043799
Decision Tree,5,2025-11-06,-0.0035323091084347048,0.00010023895242043799
Decision Tree,5,2025-11-07,-0.0015176195049082092,0.00010023895242043799
Decision Tree,5,2025-11-10,0.029727812977192947,0.00010023895242043799
Decision Tree,5,2025-11-11,-0.007597063291670923,0.00010023895242043799
Decision Tree,5,2025-11-12,0.00808840261445958,0.00010023895242043799
Decision Tree,5,2025-11-13,-0.00039301465230442604,0.00010023895242043799
Decision Tree,5,2025-11-14,-0.007497343296060943,0.00010023895242043799
Decision Tree,5,2025-11-17,-0.009851313783992953,0.00010023895242043799
Decision Tree,5,2025-11-18,-0.007528247203173337,0.00010023895242043799
Decision Tree,5,2025-11-19,0.009126948000411297,0.00010023895242043799
Decision Tree,5,2025-11-20,-0.009731717101725797,0.00010023895242043799
Decision Tree,5,2025-11-21,0.009831592742830271,0.00010023895242043799
Decision Tree,5,2025-11-24,-0.009327625128735287,0.00010023895242043799
Decision Tree,5,2025-11-25,0.007529003250223698,0.00010023895242043799
Decision Tree,5,2025-11-26,0.02078460076161925,0.00010023895242043799
Decision Tree,6,2025-11-28,0.015743829246684975,6.368912521533255e-05
Decision Tree,6,2025-12-01,0.006439489345742295,6.368912521533255e-05
Decision Tree,6,2025-12-02,-0.011175470790599912,6.368912521533255e-05
Decision Tree,6,2025-12-03,0.028084817441979566,6.368912521533255e-05
Decision Tree,6,2025-12-04,-0.003113356145866483,6.368912521533255e-05
Decision Tree,6,2025-12-05,0.016958269780918606,6.368912521533255e-05
Decision Tree,6,2025-12-08,-0.0032568630065428986,6.368912521533255e-05
Decision Tree,6,2025-12-09,-0.023386275095255215,6.368912521533255e-05
Decision Tree,6,2025-12-10,0.006656519081847274,6.368912521533255e-05
Decision Tree,6,2025-12-11,0.028313075901739357,6.368912521533255e-05
Decision Tree,6,2025-12-12,-0.02679770979515132,6.368912521533255e-05
Decision Tree,6,2025-12-15,0.01035592520255418,6.368912521533255e-05
Decision Tree,6,2025-12-16,-0.009693707758661334,6.368912521533255e-05
Decision Tree,6,2025-12-17,0.014365757938624598,6.368912521533255e-05
Decision Tree,6,2025-12-18,0.0005591393541615224,6.368912521533255e-05
Decision Tree,6,2025-12-19,0.013511209772042312,6.368912521533255e-05
Decision Tree,6,2025-12-22,-0.0003677218149657127,6.368912521533255e-05
Decision Tree,6,2025-12-23,0.00705548036007015,6.368912521533255e-05
Decision Tree,6,2025-12-24,0.0041004274057811025,6.368912521533255e-05
Decision Tree,6,2025-12-26,0.04759000584167537,6.368912521533255e-05
Decision Tree,6,2025-12-29,-0.04904598883016795,6.368912521533255e-05
Decision Tree,7,2025-12-30,0.042259807493034214,0.00011596425740189783
Decision Tree,7,2025-12-31,-0.017169666206612835,0.00011596425740189783
Decision Tree,7,2026-01-02,0.0017745793586180468,-0.004601366477007989
Decision Tree,7,2026-01-05,0.049212251505801795,0.00011596425740189783
Decision Tree,7,2026-01-06,0.014411638803103236,0.00011596425740189783
Decision Tree,7,2026-01-07,-0.03409949050896024,0.00011596425740189783
Decision Tree,7,2026-01-08,-0.010817465155150153,0.00011596425740189783
Decision Tree,7,2026-01-09,0.018790451803464538,0.00011596425740189783
Decision Tree,7,2026-01-12,0.021874933032647856,0.00011596425740189783
Decision Tree,7,2026-01-13,-0.002509469057374457,0.00011596425740189783
Decision Tree,7,2026-01-14,0.006511423888848364,0.00011596425740189783
Decision Tree,7,2026-01-15,-0.01020329524776686,0.00011596425740189783
Decision Tree,7,2026-01-16,-0.0271818592347448,0.00011596425740189783
Decision Tree,7,2026-01-20,-0.002681326556787939,0.00011596425740189783
Decision Tree,7,2026-01-21,-0.007563600184284361,0.00011596425740189783
Decision Tree,7,2026-01-22,0.0022663907619747447,0.00011596425740189783
Decision Tree,7,2026-01-23,0.028920358078275955,0.00011596425740189783
Decision Tree,7,2026-01-26,0.012274291330000235,0.00011596425740189783
Decision Tree,7,2026-01-27,-0.026329633060980427,0.00011596425740189783
Decision Tree,7,2026-01-28,0.010920700845244964,-0.004601366477007989
Decision Tree,7,2026-01-29,0.046909494425695066,0.00011596425740189783
Decision Tree,8,2026-01-30,-0.04614611810401607,0.00011112480861813488
Decision Tree,8,2026-02-02,-0.01632724135572056,-0.003448839468698568
Decision Tree,8,2026-02-03,0.04400577841713017,0.00011112480861813488
Decision Tree,8,2026-02-04,-0.0397915610591698,0.00011112480861813488
Decision Tree,8,2026-02-05,-0.004645243148040119,0.00011112480861813488
Decision Tree,8,2026-02-06,0.011061263030683612,-0.003448839468698568
Decision Tree,8,2026-02-09,0.013803843930585742,0.00011112480861813488
Decision Tree,8,2026-02-10,-0.008276419658565643,0.00011112480861813488
Decision Tree,8,2026-02-11,0.00894897896843896,0.00011112480861813488
Decision Tree,8,2026-02-12,-0.030377758462980523,0.00011112480861813488
Decision Tree,8,2026-02-13,0.0037186207526305258,-0.003448839468698568
Decision Tree,8,2026-02-17,-0.02792183898914965,0.00011112480861813488
Decision Tree,8,2026-02-18,0.028094448608724638,0.00011112480861813488
Decision Tree,8,2026-02-19,-0.01102105618140487,0.00011112480861813488
Decision Tree,8,2026-02-20,0.01747295267048268,0.00011112480861813488
Decision Tree,8,2026-02-23,-0.009996651615555126,0.00011112480861813488
Decision Tree,8,2026-02-24,0.02565121835476392,0.00011112480861813488
Decision Tree,8,2026-02-25,0.009493868339474848,0.00011112480861813488
Decision Tree,8,2026-02-26,-0.005450026589920928,0.00011112480861813488
Decision Tree,8,2026-02-27,0.009622278291953983,0.00011112480861813488
Decision Tree,8,2026-03-02,-0.018489498291913743,0.00011112480861813488
Decision Tree,9,2026-03-03,-0.020741198751393842,-0.036606120000157776
Decision Tree,9,2026-03-04,0.01401752384407531,0.0002140831714706027
Decision Tree,9,2026-03-05,-0.01757458022170611,0.0002140831714706027
Decision Tree,9,2026-03-06,0.0006950803071056875,0.0002140831714706027
Decision Tree,9,2026-03-09,0.007527605872309206,0.0002140831714706027
Decision Tree,9,2026-03-10,0.01768594808097934,0.0002140831714706027
Decision Tree,9,2026-03-11,-0.00995792118644709,0.0002140831714706027
Decision Tree,9,2026-03-12,-0.003598959893190912,0.0002140831714706027
Decision Tree,9,2026-03-13,-0.019066377588966833,0.0002140831714706027
Decision Tree,9,2026-03-16,0.013211876292665282,0.0002140831714706027
Decision Tree,9,2026-03-17,-0.011114142119103089,0.0002140831714706027
Decision Tree,9,2026-03-18,-0.030586158824142798,0.0002140831714706027
Decision Tree,9,2026-03-19,-0.0220268873083426,0.0002140831714706027
Decision Tree,9,2026-03-20,-0.016797736235749178,0.0002140831714706027
Decision Tree,9,2026-03-23,0.017993370747035806,0.0002140831714706027
Decision Tree,9,2026-03-24,-0.003130129888579305,0.0002140831714706027
Decision Tree,9,2026-03-25,0.019449943827491212,0.0002140831714706027
Decision Tree,9,2026-03-26,-0.015033763846452861,0.0002140831714706027
Decision Tree,9,2026-03-27,0.0037568529861707256,0.0002140831714706027
Decision Tree,9,2026-03-30,0.001644855466474539,0.0002140831714706027
Decision Tree,9,2026-03-31,0.020157100232811233,0.0002140831714706027
Decision Tree,10,2026-04-01,0.006511190388170775,0.00020470420417450987
Decision Tree,10,2026-04-02,-0.010905599959187336,0.00020470420417450987
Decision Tree,10,2026-04-06,0.003678236070027349,0.00020470420417450987
Decision Tree,10,2026-04-07,-0.00700938080004491,0.00020470420417450987
Decision Tree,10,2026-04-08,0.03804424731409376,0.00020470420417450987
Decision Tree,10,2026-04-09,-0.001998676585020025,0.00020470420417450987
Decision Tree,10,2026-04-10,0.021087830597987828,0.00020470420417450987
Decision Tree,10,2026-04-13,0.01781159571001089,0.00020470420417450987
Decision Tree,10,2026-04-14,0.015689537291392698,0.00020470420417450987
Decision Tree,10,2026-04-15,0.00024708745592178015,0.00020470420417450987
Decision Tree,10,2026-04-16,-0.0009061811693833574,0.00020470420417450987
Decision Tree,10,2026-04-17,0.0060804956810176485,0.00020470420417450987
Decision Tree,10,2026-04-20,-0.011120855384533909,0.00020470420417450987
Decision Tree,10,2026-04-21,-0.005732044023659669,0.00020470420417450987
Decision Tree,10,2026-04-22,0.019552618230260894,0.00020470420417450987
Decision Tree,10,2026-04-23,-0.007297785574562695,0.00020470420417450987
Decision Tree,10,2026-04-24,-0.00859581222512715,0.00020470420417450987
Decision Tree,10,2026-04-27,-0.0009134808991143975,0.00020470420417450987
Decision Tree,10,2026-04-28,-0.01734799613390739,0.00020470420417450987
Decision Tree,10,2026-04-29,-0.006105378262062169,0.00020470420417450987
Decision Tree,10,2026-04-30,0.008047844376794507,0.00020470420417450987
Random Forest,1,2025-07-02,0.019810456383350664,7.416819352349292e-05
Random Forest,1,2025-07-03,-0.010150398354574054,2.8547110013300725e-05
Random Forest,1,2025-07-04,-0.015521100680582477,8.61920243625946e-05
Random Forest,1,2025-07-07,-0.006797970921758149,0.00013752352701564528
Random Forest,1,2025-07-08,0.12443711051778991,0.00014566943350691785
Random Forest,1,2025-07-09,-0.03634795017511664,-0.006879973597855463
Random Forest,1,2025-07-10,0.01901523296442158,-0.0040825906438844185
Random Forest,1,2025-07-11,0.002520242449624556,-0.0023068256820394256
Random Forest,1,2025-07-14,-0.008486090965581885,-0.0010371931931022287
Random Forest,1,2025-07-15,0.0056053193852702386,-0.00012523124115364386
Random Forest,1,2025-07-16,-0.008965419068541565,1.7772554694536417e-06
Random Forest,1,2025-07-17,-0.0019121251718409395,0.0003179970899794906
Random Forest,1,2025-07-18,0.016630897874152062,0.00025464175648733827
Random Forest,1,2025-07-21,0.005809515450518906,0.00019824264036455235
Random Forest,1,2025-07-22,0.01529990821973815,-0.001904339122642497
Random Forest,1,2025-07-23,0.01705576477175168,-0.00014531858936445006
Random Forest,1,2025-07-24,-0.003110981742288766,-0.00014531858936445006
Random Forest,1,2025-07-25,-0.0023395420911621516,-0.00014531858936445006
Random Forest,1,2025-07-28,-0.02967166185911239,0.00012886170666764885
Random Forest,1,2025-07-29,0.0015180785029724258,0.00019221704015980116
Random Forest,1,2025-07-30,-0.005996298009491309,0.00012886170666764885
Random Forest,2,2025-07-31,-0.25171204689975507,0.00018362167384197053
Random Forest,2,2025-08-01,0.018758362788043485,0.02181988408950476
Random Forest,2,2025-08-04,0.0005664247692132296,0.023472336397642617
Random Forest,2,2025-08-05,-0.011618793284061735,0.019683936806331265
Random Forest,2,2025-08-06,0.006167912535331675,0.021641058092961095
Random Forest,2,2025-08-07,-0.002850748171675486,0.029243191258539886
Random Forest,2,2025-08-08,0.017433119829275943,0.023179870141708324
Random Forest,2,2025-08-11,-0.00720806458524645,0.023500456360288424
Random Forest,2,2025-08-12,0.019033274217507272,0.02149668531604998
Random Forest,2,2025-08-13,-0.005895178664802649,0.02064559567278952
Random Forest,2,2025-08-14,-0.0039121324246721165,0.023228327068706683
Random Forest,2,2025-08-15,0.0030193399399282292,0.02281990771099965
Random Forest,2,2025-08-18,-0.00470071048434155,0.023021910914810997
Random Forest,2,2025-08-19,-0.010827956116400377,0.021290269162154294
Random Forest,2,2025-08-20,0.003848380140796914,0.019021625311498036
Random Forest,2,2025-08-21,0.0012418493801091871,0.02141320174878563
Random Forest,2,2025-08-22,0.003604074293522632,0.02121119854497428
Random Forest,2,2025-08-25,0.004262868581374833,0.021858338771779107
Random Forest,2,2025-08-26,-0.0035886086139926654,0.019121302789702956
Random Forest,2,2025-08-27,-0.00812182105277228,0.019768443016507785
Random Forest,2,2025-08-28,0.011038585829641259,0.021858338771779107
Random Forest,3,2025-08-29,0.0122468306693877,-0.0007053122323701455
Random Forest,3,2025-09-02,0.0112237356170585,0.00012215613474690547
Random Forest,3,2025-09-03,-0.0024102020135148045,0.0001474198277064169
Random Forest,3,2025-09-04,-0.015586431517168008,0.0001763789162790888
Random Forest,3,2025-09-05,-0.0012262060033473832,0.00013637348742228777
Random Forest,3,2025-09-08,0.001783104664788798,0.0001763789162790888
Random Forest,3,2025-09-09,0.0023355300255342216,0.00012215613474690547
Random Forest,3,2025-09-10,0.010827696674733928,0.00012215613474690547
Random Forest,3,2025-09-11,0.008861649127066629,0.00012215613474690547
Random Forest,3,2025-09-12,-0.00043574574458165135,0.00010072615413571622
Random Forest,3,2025-09-15,0.014496124151625057,0.00010072615413571622
Random Forest,3,2025-09-16,-0.004844718213337427,0.00010072615413571622
Random Forest,3,2025-09-17,-0.01347256315564885,0.00012215613474690547
Random Forest,3,2025-09-18,-0.00658479329356115,0.0001616371803817992
Random Forest,3,2025-09-19,0.006147083897539443,0.00013637348742228777
Random Forest,3,2025-09-22,0.0008751230140683835,0.00012215613474690547
Random Forest,3,2025-09-23,0.0025115780623503393,0.0001763789162790888
Random Forest,3,2025-09-24,0.0359897946923935,0.0001474198277064169
Random Forest,3,2025-09-25,-0.011108339286396362,0.00016101412915270436
Random Forest,3,2025-09-26,0.0032924609806411808,0.00010252245365494922
Random Forest,3,2025-09-29,0.026266398390743108,0.00012215613474690547
Random Forest,4,2025-09-30,-0.007464320808828171,0.00018276255582223855
Random Forest,4,2025-10-01,0.005293001339195736,0.00012504291321058637
Random Forest,4,2025-10-02,0.013876902206789601,0.00014404725161104072
Random Forest,4,2025-10-03,0.03214425535149481,0.00014404725161104072
Random Forest,4,2025-10-06,-0.014136641324961854,6.979248761174764e-05
Random Forest,4,2025-10-07,0.012157573009370483,3.989140054831537e-05
Random Forest,4,2025-10-08,-0.00039624630372070505,0.00010966848650203032
Random Forest,4,2025-10-09,0.005829193522269696,8.466514528639639e-05
Random Forest,4,2025-10-10,-0.045755712154609496,3.107718340054987e-05
Random Forest,4,2025-10-13,0.050669262739308656,0.0010384303647559437
Random Forest,4,2025-10-14,-0.023808263054996025,-0.002832978540935935
Random Forest,4,2025-10-15,-0.0017081338268076546,-0.00020603627448891122
Random Forest,4,2025-10-16,-0.002819727655700685,0.00021636315051373298
Random Forest,4,2025-10-17,-0.005359277641309777,0.001384149958128157
Random Forest,4,2025-10-20,0.013394668513055687,1.6791647899943347e-06
Random Forest,4,2025-10-21,-0.013698908181214555,0.00021352630032085904
Random Forest,4,2025-10-22,0.0062683731636311866,0.0002709957889431106
Random Forest,4,2025-10-23,0.024097514963004135,0.0002022244550694973
Random Forest,4,2025-10-24,0.002260402648139722,0.0002839097538341389
Random Forest,4,2025-10-27,0.009185120348577347,-0.0015663722105596209
Random Forest,4,2025-10-28,0.0,0.0001226652482027329
Random Forest,5,2025-10-29,0.01792990668350266,0.00011854834790103525
Random Forest,5,2025-10-30,-0.03016277423724716,0.00021650620167477642
Random Forest,5,2025-10-31,-0.002464690218088246,0.0002927596358675907
Random Forest,5,2025-11-03,-0.003658812833263493,0.0002004370093751703
Random Forest,5,2025-11-04,-0.024266670048338407,6.666413682590163e-05
Random Forest,5,2025-11-05,0.007483036775056278,0.00023893977845999798
Random Forest,5,2025-11-06,-0.0035323091084347048,0.0002463726753545934
Random Forest,5,2025-11-07,-0.0015176195049082092,0.0001789938955092156
Random Forest,5,2025-11-10,0.029727812977192947,0.0001789938955092156
Random Forest,5,2025-11-11,-0.007597063291670923,0.00023794931554073113
Random Forest,5,2025-11-12,0.00808840261445958,0.0001597892023917014
Random Forest,5,2025-11-13,-0.00039301465230442604,0.0002781130922920213
Random Forest,5,2025-11-14,-0.007497343296060943,0.0002004370093751703
Random Forest,5,2025-11-17,-0.009851313783992953,0.00021508355295073983
Random Forest,5,2025-11-18,-0.007528247203173337,0.00019364043908478513
Random Forest,5,2025-11-19,0.009126948000411297,0.00019364043908478513
Random Forest,5,2025-11-20,-0.009731717101725797,0.0001789938955092156
Random Forest,5,2025-11-21,0.009831592742830271,0.00019364043908478513
Random Forest,5,2025-11-24,-0.009327625128735287,0.0001789938955092156
Random Forest,5,2025-11-25,0.007529003250223698,0.00021749666459404328
Random Forest,5,2025-11-26,0.02078460076161925,0.0001789938955092156
Random Forest,6,2025-11-28,0.015743829246684975,0.0002288031702126093
Random Forest,6,2025-12-01,0.006439489345742295,0.00017217625331108002
Random Forest,6,2025-12-02,-0.011175470790599912,0.00019294807622393127
Random Forest,6,2025-12-03,0.028084817441979566,0.0002652009307883785
Random Forest,6,2025-12-04,-0.003113356145866483,0.0002288031702126093
Random Forest,6,2025-12-05,0.016958269780918606,0.00013961232421957028
Random Forest,6,2025-12-08,-0.0032568630065428986,0.00019294807622393127
Random Forest,6,2025-12-09,-0.023386275095255215,0.00019294807622393127
Random Forest,6,2025-12-10,0.006656519081847274,0.00034843446964741265
Random Forest,6,2025-12-11,0.028313075901739357,0.00019294807622393127
Random Forest,6,2025-12-12,-0.02679770979515132,0.0002288031702126093
Random Forest,6,2025-12-15,0.01035592520255418,-0.005593238303683393
Random Forest,6,2025-12-16,-0.009693707758661334,0.00019294807622393127
Random Forest,6,2025-12-17,0.014365757938624598,0.00028910451076728094
Random Forest,6,2025-12-18,0.0005591393541615224,0.00019294807622393127
Random Forest,6,2025-12-19,0.013511209772042312,0.00019294807622393127
Random Forest,6,2025-12-22,-0.0003677218149657127,0.00017217625331108002
Random Forest,6,2025-12-23,0.00705548036007015,0.0002554097921701141
Random Forest,6,2025-12-24,0.0041004274057811025,0.00017217625331108002
Random Forest,6,2025-12-26,0.04759000584167537,7.997240961587278e-05
Random Forest,6,2025-12-29,-0.04904598883016795,-0.0031691100778056293
Random Forest,7,2025-12-30,0.042259807493034214,-0.002649942260428053
Random Forest,7,2025-12-31,-0.017169666206612835,-0.0003799988808468684
Random Forest,7,2026-01-02,0.0017745793586180468,-0.007317101632677497
Random Forest,7,2026-01-05,0.049212251505801795,0.0006986648179158008
Random Forest,7,2026-01-06,0.014411638803103236,-0.005228211349115558
Random Forest,7,2026-01-07,-0.03409949050896024,0.0003178123731573361
Random Forest,7,2026-01-08,-0.010817465155150153,0.0001703889701987149
Random Forest,7,2026-01-09,0.018790451803464538,0.00018510395297775088
Random Forest,7,2026-01-12,0.021874933032647856,-0.0007039458693305434
Random Forest,7,2026-01-13,-0.002509469057374457,0.00034149984583619746
Random Forest,7,2026-01-14,0.006511423888848364,0.0004952416454989339
Random Forest,7,2026-01-15,-0.01020329524776686,2.5310554338536147e-05
Random Forest,7,2026-01-16,-0.0271818592347448,0.000250401832987999
Random Forest,7,2026-01-20,-0.002681326556787939,-0.0010167864223465275
Random Forest,7,2026-01-21,-0.007563600184284361,0.00026491977828689334
Random Forest,7,2026-01-22,0.0022663907619747447,-0.0001040028685815295
Random Forest,7,2026-01-23,0.028920358078275955,0.00026491977828689334
Random Forest,7,2026-01-26,0.012274291330000235,0.00022499704909665136
Random Forest,7,2026-01-27,-0.026329633060980427,-0.00027927053064005856
Random Forest,7,2026-01-28,0.010920700845244964,-0.01981785009435723
Random Forest,7,2026-01-29,0.046909494425695066,0.00026491977828689334
Random Forest,8,2026-01-30,-0.04614611810401607,-0.004080224788315608
Random Forest,8,2026-02-02,-0.01632724135572056,-0.004551835147717121
Random Forest,8,2026-02-03,0.04400577841713017,0.0002918527557187983
Random Forest,8,2026-02-04,-0.0397915610591698,-0.0026488949065574118
Random Forest,8,2026-02-05,-0.004645243148040119,0.0036271837438365496
Random Forest,8,2026-02-06,0.011061263030683612,-0.00242995086938581
Random Forest,8,2026-02-09,0.013803843930585742,-4.628714945091926e-05
Random Forest,8,2026-02-10,-0.008276419658565643,3.558715758151984e-07
Random Forest,8,2026-02-11,0.00894897896843896,0.0008402365836475894
Random Forest,8,2026-02-12,-0.030377758462980523,-0.00032634337307212396
Random Forest,8,2026-02-13,0.0037186207526305258,-0.0061168083879672664
Random Forest,8,2026-02-17,-0.02792183898914965,0.00023877157948077148
Random Forest,8,2026-02-18,0.028094448608724638,0.0006042941556188753
Random Forest,8,2026-02-19,-0.01102105618140487,0.00018087871296544093
Random Forest,8,2026-02-20,0.01747295267048268,0.0003648211784483177
Random Forest,8,2026-02-23,-0.009996651615555126,0.00018087871296544093
Random Forest,8,2026-02-24,0.02565121835476392,0.00032384397378688537
Random Forest,8,2026-02-25,0.009493868339474848,0.000246692271691254
Random Forest,8,2026-02-26,-0.005450026589920928,0.00022748586654710703
Random Forest,8,2026-02-27,0.009622278291953983,0.00018392548583460653
Random Forest,8,2026-03-02,-0.018489498291913743,-6.147492961174674e-05
Random Forest,9,2026-03-03,-0.020741198751393842,-0.016965545792549074
Random Forest,9,2026-03-04,0.01401752384407531,0.00037937742995639267
Random Forest,9,2026-03-05,-0.01757458022170611,0.0002261856036294646
Random Forest,9,2026-03-06,0.0006950803071056875,0.0002982717788185586
Random Forest,9,2026-03-09,0.007527605872309206,0.00026699102982911537
Random Forest,9,2026-03-10,0.01768594808097934,0.00025283631539733893
Random Forest,9,2026-03-11,-0.00995792118644709,0.0001369779508502423
Random Forest,9,2026-03-12,-0.003598959893190912,0.00018463311841754153
Random Forest,9,2026-03-13,-0.019066377588966833,0.0002261856036294646
Random Forest,9,2026-03-16,0.013211876292665282,0.00015605438996372316
Random Forest,9,2026-03-17,-0.011114142119103089,0.00019408440685383585
Random Forest,9,2026-03-18,-0.030586158824142798,0.00021233252199679656
Random Forest,9,2026-03-19,-0.0220268873083426,0.0002920020615231539
Random Forest,9,2026-03-20,-0.016797736235749178,0.00036634479610991015
Random Forest,9,2026-03-23,0.017993370747035806,0.00019331050028948874
Random Forest,9,2026-03-24,-0.003130129888579305,9.293974225072688e-05
Random Forest,9,2026-03-25,0.019449943827491212,0.00033402546823735145
Random Forest,9,2026-03-26,-0.015033763846452861,0.00022266313530765417
Random Forest,9,2026-03-27,0.0037568529861707256,0.0002862658043629842
Random Forest,9,2026-03-30,0.001644855466474539,0.00019408440685383585
Random Forest,9,2026-03-31,0.020157100232811233,0.00019408440685383585
Random Forest,10,2026-04-01,0.006511190388170775,1.1337161558969397e-05
Random Forest,10,2026-04-02,-0.010905599959187336,0.00023034135063447714
Random Forest,10,2026-04-06,0.003678236070027349,0.00021891462200338203
Random Forest,10,2026-04-07,-0.00700938080004491,0.00020304900916269134
Random Forest,10,2026-04-08,0.03804424731409376,0.00026696117506162044
Random Forest,10,2026-04-09,-0.001998676585020025,0.00011116152277975025
Random Forest,10,2026-04-10,0.021087830597987828,0.00020304900916269134
Random Forest,10,2026-04-13,0.01781159571001089,0.00020304900916269134
Random Forest,10,2026-04-14,0.015689537291392698,0.00020304900916269134
Random Forest,10,2026-04-15,0.00024708745592178015,2.7914430130202842e-05
Random Forest,10,2026-04-16,-0.0009061811693833574,0.00020304900916269134
Random Forest,10,2026-04-17,0.0060804956810176485,0.00020304900916269134
Random Forest,10,2026-04-20,-0.011120855384533909,0.00014828739297630957
Random Forest,10,2026-04-21,-0.005732044023659669,-1.5574893909046012e-07
Random Forest,10,2026-04-22,0.019552618230260894,-1.602136177978117e-05
Random Forest,10,2026-04-23,-0.007297785574562695,-1.602136177978117e-05
Random Forest,10,2026-04-24,-0.00859581222512715,8.184098853200215e-05
Random Forest,10,2026-04-27,-0.0009134808991143975,0.00021891462200338203
Random Forest,10,2026-04-28,-0.01734799613390739,-1.602136177978117e-05
Random Forest,10,2026-04-29,-0.006105378262062169,0.0002544323878182631
Random Forest,10,2026-04-30,0.008047844376794507,0.00021891462200338203
Gradient Boosting,1,2025-07-02,0.019810456383350664,-0.00019719983748396852
Gradient Boosting,1,2025-07-03,-0.010150398354574054,2.5219356426560253e-05
Gradient Boosting,1,2025-07-04,-0.015521100680582477,0.00048492420117476914
Gradient Boosting,1,2025-07-07,-0.006797970921758149,0.00022951438817964384
Gradient Boosting,1,2025-07-08,0.12443711051778991,0.000491552734401292
Gradient Boosting,1,2025-07-09,-0.03634795017511664,-0.029687653740103306
Gradient Boosting,1,2025-07-10,0.01901523296442158,-0.024538043291167298
Gradient Boosting,1,2025-07-11,0.002520242449624556,-0.004658765493630493
Gradient Boosting,1,2025-07-14,-0.008486090965581885,-0.008602320038929941
Gradient Boosting,1,2025-07-15,0.0056053193852702386,0.012641168643292863
Gradient Boosting,1,2025-07-16,-0.008965419068541565,-0.0006268502795072073
Gradient Boosting,1,2025-07-17,-0.0019121251718409395,0.003367331264219729
Gradient Boosting,1,2025-07-18,0.016630897874152062,0.004298554601056082
Gradient Boosting,1,2025-07-21,0.005809515450518906,0.004101340496321385
Gradient Boosting,1,2025-07-22,0.01529990821973815,0.009331497329959929
Gradient Boosting,1,2025-07-23,0.01705576477175168,-0.0040281825297877345
Gradient Boosting,1,2025-07-24,-0.003110981742288766,-0.004080643452838609
Gradient Boosting,1,2025-07-25,-0.0023395420911621516,-0.00416859065862667
Gradient Boosting,1,2025-07-28,-0.02967166185911239,0.0010798301741122306
Gradient Boosting,1,2025-07-29,0.0015180785029724258,0.0008474508684295005
Gradient Boosting,1,2025-07-30,-0.005996298009491309,5.130658372305779e-05
Gradient Boosting,2,2025-07-31,-0.25171204689975507,0.0021766676184897366
Gradient Boosting,2,2025-08-01,0.018758362788043485,0.041602646652602424
Gradient Boosting,2,2025-08-04,0.0005664247692132296,0.037571935522971944
Gradient Boosting,2,2025-08-05,-0.011618793284061735,0.02551449628733209
Gradient Boosting,2,2025-08-06,0.006167912535331675,0.02945657990178968
Gradient Boosting,2,2025-08-07,-0.002850748171675486,0.03273018886487724
Gradient Boosting,2,2025-08-08,0.017433119829275943,0.03321193674771947
Gradient Boosting,2,2025-08-11,-0.00720806458524645,0.037658516216561855
Gradient Boosting,2,2025-08-12,0.019033274217507272,0.03069941023722428
Gradient Boosting,2,2025-08-13,-0.005895178664802649,0.031078423321021727
Gradient Boosting,2,2025-08-14,-0.0039121324246721165,0.03825531245027261
Gradient Boosting,2,2025-08-15,0.0030193399399282292,0.033801281918004814
Gradient Boosting,2,2025-08-18,-0.00470071048434155,0.037861409446983685
Gradient Boosting,2,2025-08-19,-0.010827956116400377,0.03025147892513863
Gradient Boosting,2,2025-08-20,0.003848380140796914,0.022779860694379088
Gradient Boosting,2,2025-08-21,0.0012418493801091871,0.025259426509824427
Gradient Boosting,2,2025-08-22,0.003604074293522632,0.030392240530531262
Gradient Boosting,2,2025-08-25,0.004262868581374833,0.041375387218756846
Gradient Boosting,2,2025-08-26,-0.0035886086139926654,0.03321956381704945
Gradient Boosting,2,2025-08-27,-0.00812182105277228,0.032018673328886554
Gradient Boosting,2,2025-08-28,0.011038585829641259,0.03391410453140889
Gradient Boosting,3,2025-08-29,0.0122468306693877,0.0013062636416451556
Gradient Boosting,3,2025-09-02,0.0112237356170585,0.0009306314604561669
Gradient Boosting,3,2025-09-03,-0.0024102020135148045,-0.00036660480687409025
Gradient Boosting,3,2025-09-04,-0.015586431517168008,-0.00048177986751316487
Gradient Boosting,3,2025-09-05,-0.0012262060033473832,0.0006851581149451492
Gradient Boosting,3,2025-09-08,0.001783104664788798,0.00020864982784664978
Gradient Boosting,3,2025-09-09,0.0023355300255342216,-0.0007489909002853426
Gradient Boosting,3,2025-09-10,0.010827696674733928,-1.6067929969302453e-05
Gradient Boosting,3,2025-09-11,0.008861649127066629,0.0001810279266839273
Gradient Boosting,3,2025-09-12,-0.00043574574458165135,0.00048691561538736225
Gradient Boosting,3,2025-09-15,0.014496124151625057,0.0009485291794101082
Gradient Boosting,3,2025-09-16,-0.004844718213337427,-2.942106561796583e-05
Gradient Boosting,3,2025-09-17,-0.01347256315564885,7.037459988535001e-05
Gradient Boosting,3,2025-09-18,-0.00658479329356115,0.000368464430459672
Gradient Boosting,3,2025-09-19,0.006147083897539443,0.0011523191618412686
Gradient Boosting,3,2025-09-22,0.0008751230140683835,-0.00020536710053968465
Gradient Boosting,3,2025-09-23,0.0025115780623503393,0.0003660668623047781
Gradient Boosting,3,2025-09-24,0.0359897946923935,-1.6067929969302453e-05
Gradient Boosting,3,2025-09-25,-0.011108339286396362,-0.0014248945820130121
Gradient Boosting,3,2025-09-26,0.0032924609806411808,0.0011004712005088003
Gradient Boosting,3,2025-09-29,0.026266398390743108,0.0002896132931860759
Gradient Boosting,4,2025-09-30,-0.007464320808828171,3.931440526736168e-05
Gradient Boosting,4,2025-10-01,0.005293001339195736,0.00040101506466323365
Gradient Boosting,4,2025-10-02,0.013876902206789601,0.0007534731283574392
Gradient Boosting,4,2025-10-03,0.03214425535149481,-0.0002987497215001286
Gradient Boosting,4,2025-10-06,-0.014136641324961854,-0.00014606156621544775
Gradient Boosting,4,2025-10-07,0.012157573009370483,0.0001315548081178918
Gradient Boosting,4,2025-10-08,-0.00039624630372070505,9.524735049891695e-05
Gradient Boosting,4,2025-10-09,0.005829193522269696,0.0003970010855587561
Gradient Boosting,4,2025-10-10,-0.045755712154609496,0.0002590564515948526
Gradient Boosting,4,2025-10-13,0.050669262739308656,0.0005889017547297499
Gradient Boosting,4,2025-10-14,-0.023808263054996025,-0.004744870462662491
Gradient Boosting,4,2025-10-15,-0.0017081338268076546,-0.000646849820746813
Gradient Boosting,4,2025-10-16,-0.002819727655700685,-5.20209593492576e-05
Gradient Boosting,4,2025-10-17,-0.005359277641309777,0.0038374726458509844
Gradient Boosting,4,2025-10-20,0.013394668513055687,0.0009787940138792839
Gradient Boosting,4,2025-10-21,-0.013698908181214555,0.0006762001578046093
Gradient Boosting,4,2025-10-22,0.0062683731636311866,0.0011354932557105753
Gradient Boosting,4,2025-10-23,0.024097514963004135,0.0009627806756769609
Gradient Boosting,4,2025-10-24,0.002260402648139722,-4.729431566477382e-05
Gradient Boosting,4,2025-10-27,0.009185120348577347,-0.011730324931608695
Gradient Boosting,4,2025-10-28,0.0,0.00013865294171202096
Gradient Boosting,5,2025-10-29,0.01792990668350266,-0.001322078251194448
Gradient Boosting,5,2025-10-30,-0.03016277423724716,0.0002461900469465313
Gradient Boosting,5,2025-10-31,-0.002464690218088246,0.002260968679499867
Gradient Boosting,5,2025-11-03,-0.003658812833263493,0.00043525339991014783
Gradient Boosting,5,2025-11-04,-0.024266670048338407,2.638513587748906e-05
Gradient Boosting,5,2025-11-05,0.007483036775056278,0.0013752719311999136
Gradient Boosting,5,2025-11-06,-0.0035323091084347048,0.0006572943853983484
Gradient Boosting,5,2025-11-07,-0.0015176195049082092,0.00014974789170151052
Gradient Boosting,5,2025-11-10,0.029727812977192947,-0.000831313669656613
Gradient Boosting,5,2025-11-11,-0.007597063291670923,0.0009938119919094207
Gradient Boosting,5,2025-11-12,0.00808840261445958,0.000587658193500131
Gradient Boosting,5,2025-11-13,-0.00039301465230442604,0.0009019426832333322
Gradient Boosting,5,2025-11-14,-0.007497343296060943,0.0003566830122232392
Gradient Boosting,5,2025-11-17,-0.009851313783992953,0.0013185912293750008
Gradient Boosting,5,2025-11-18,-0.007528247203173337,0.0006715517453463239
Gradient Boosting,5,2025-11-19,0.009126948000411297,0.0008115840452960517
Gradient Boosting,5,2025-11-20,-0.009731717101725797,-0.0005062231543203033
Gradient Boosting,5,2025-11-21,0.009831592742830271,0.000957283659454766
Gradient Boosting,5,2025-11-24,-0.009327625128735287,0.00035369849228657197
Gradient Boosting,5,2025-11-25,0.007529003250223698,7.463762873794076e-05
Gradient Boosting,5,2025-11-26,0.02078460076161925,-2.2013837220061715e-05
Gradient Boosting,6,2025-11-28,0.015743829246684975,0.001858445433934798
Gradient Boosting,6,2025-12-01,0.006439489345742295,-0.0021430523648786016
Gradient Boosting,6,2025-12-02,-0.011175470790599912,0.0009382395023903261
Gradient Boosting,6,2025-12-03,0.028084817441979566,0.0006404521364036631
Gradient Boosting,6,2025-12-04,-0.003113356145866483,0.0002886163771857211
Gradient Boosting,6,2025-12-05,0.016958269780918606,0.0004829355476393934
Gradient Boosting,6,2025-12-08,-0.0032568630065428986,0.00022849725517986279
Gradient Boosting,6,2025-12-09,-0.023386275095255215,0.0003962612177063958
Gradient Boosting,6,2025-12-10,0.006656519081847274,0.002022138642892445
Gradient Boosting,6,2025-12-11,0.028313075901739357,0.0004627940552843595
Gradient Boosting,6,2025-12-12,-0.02679770979515132,-0.0008538360960070877
Gradient Boosting,6,2025-12-15,0.01035592520255418,-0.025755325639451352
Gradient Boosting,6,2025-12-16,-0.009693707758661334,0.0009382395023903261
Gradient Boosting,6,2025-12-17,0.014365757938624598,0.000944182502092528
Gradient Boosting,6,2025-12-18,0.0005591393541615224,0.0012188665072933634
Gradient Boosting,6,2025-12-19,0.013511209772042312,0.00032498409906296796
Gradient Boosting,6,2025-12-22,-0.0003677218149657127,0.0001255659642296523
Gradient Boosting,6,2025-12-23,0.00705548036007015,0.0001268346902500709
Gradient Boosting,6,2025-12-24,0.0041004274057811025,0.0002450009980653758
Gradient Boosting,6,2025-12-26,0.04759000584167537,0.0008435639691555492
Gradient Boosting,6,2025-12-29,-0.04904598883016795,-0.008417981239065947
Gradient Boosting,7,2025-12-30,0.042259807493034214,-0.0038816198354535737
Gradient Boosting,7,2025-12-31,-0.017169666206612835,-0.003510119536304977
Gradient Boosting,7,2026-01-02,0.0017745793586180468,-0.0046234899668855
Gradient Boosting,7,2026-01-05,0.049212251505801795,0.0007658145548877982
Gradient Boosting,7,2026-01-06,0.014411638803103236,-0.007391251343289905
Gradient Boosting,7,2026-01-07,-0.03409949050896024,0.0008052203847040206
Gradient Boosting,7,2026-01-08,-0.010817465155150153,0.0018257456252780907
Gradient Boosting,7,2026-01-09,0.018790451803464538,0.0026680394165394085
Gradient Boosting,7,2026-01-12,0.021874933032647856,-0.0016071476389974233
Gradient Boosting,7,2026-01-13,-0.002509469057374457,-0.001657224391461369
Gradient Boosting,7,2026-01-14,0.006511423888848364,0.0006350234967687339
Gradient Boosting,7,2026-01-15,-0.01020329524776686,-0.0013950406416170637
Gradient Boosting,7,2026-01-16,-0.0271818592347448,0.0020420817654389334
Gradient Boosting,7,2026-01-20,-0.002681326556787939,-0.009268436447883374
Gradient Boosting,7,2026-01-21,-0.007563600184284361,0.0009775027964972621
Gradient Boosting,7,2026-01-22,0.0022663907619747447,0.000968794082189858
Gradient Boosting,7,2026-01-23,0.028920358078275955,0.002144613856767184
Gradient Boosting,7,2026-01-26,0.012274291330000235,-0.0010558914622024755
Gradient Boosting,7,2026-01-27,-0.026329633060980427,-0.0008584660751367354
Gradient Boosting,7,2026-01-28,0.010920700845244964,-0.018235281454333573
Gradient Boosting,7,2026-01-29,0.046909494425695066,0.0010561991991026674
Gradient Boosting,8,2026-01-30,-0.04614611810401607,-0.004821813851992335
Gradient Boosting,8,2026-02-02,-0.01632724135572056,0.0027843410313630845
Gradient Boosting,8,2026-02-03,0.04400577841713017,-0.0013984693840271563
Gradient Boosting,8,2026-02-04,-0.0397915610591698,-0.004077060333234107
Gradient Boosting,8,2026-02-05,-0.004645243148040119,0.008098455702320768
Gradient Boosting,8,2026-02-06,0.011061263030683612,-0.001925646667158068
Gradient Boosting,8,2026-02-09,0.013803843930585742,0.0009993826178060757
Gradient Boosting,8,2026-02-10,-0.008276419658565643,-0.0012384997014025425
Gradient Boosting,8,2026-02-11,0.00894897896843896,0.0015871168322261465
Gradient Boosting,8,2026-02-12,-0.030377758462980523,0.00017995184576246215
Gradient Boosting,8,2026-02-13,0.0037186207526305258,0.002821483037684429
Gradient Boosting,8,2026-02-17,-0.02792183898914965,0.00042992438890526497
Gradient Boosting,8,2026-02-18,0.028094448608724638,-0.011856188808301221
Gradient Boosting,8,2026-02-19,-0.01102105618140487,6.098084544280851e-05
Gradient Boosting,8,2026-02-20,0.01747295267048268,0.0005051934327680754
Gradient Boosting,8,2026-02-23,-0.009996651615555126,0.0003354638475474872
Gradient Boosting,8,2026-02-24,0.02565121835476392,0.0022653383974477756
Gradient Boosting,8,2026-02-25,0.009493868339474848,0.0005178243750248402
Gradient Boosting,8,2026-02-26,-0.005450026589920928,0.0011488321632407176
Gradient Boosting,8,2026-02-27,0.009622278291953983,0.0010428584677954298
Gradient Boosting,8,2026-03-02,-0.018489498291913743,-0.0002980650630731271
Gradient Boosting,9,2026-03-03,-0.020741198751393842,-0.02019677062010255
Gradient Boosting,9,2026-03-04,0.01401752384407531,0.002137974355164648
Gradient Boosting,9,2026-03-05,-0.01757458022170611,0.00039418594058450657
Gradient Boosting,9,2026-03-06,0.0006950803071056875,0.0016707549132021667
Gradient Boosting,9,2026-03-09,0.007527605872309206,0.0006454503094231981
Gradient Boosting,9,2026-03-10,0.01768594808097934,0.0006454503094231981
Gradient Boosting,9,2026-03-11,-0.00995792118644709,-0.00011178679584407406
Gradient Boosting,9,2026-03-12,-0.003598959893190912,0.0004782908939060148
Gradient Boosting,9,2026-03-13,-0.019066377588966833,-0.00042868205095093493
Gradient Boosting,9,2026-03-16,0.013211876292665282,0.0004782908939060148
Gradient Boosting,9,2026-03-17,-0.011114142119103089,-0.00045202408239399157
Gradient Boosting,9,2026-03-18,-0.030586158824142798,-1.4998161457904702e-05
Gradient Boosting,9,2026-03-19,-0.0220268873083426,0.0004782908939060148
Gradient Boosting,9,2026-03-20,-0.016797736235749178,0.0007206278341307256
Gradient Boosting,9,2026-03-23,0.017993370747035806,0.0004782908939060148
Gradient Boosting,9,2026-03-24,-0.003130129888579305,-2.6734079698362237e-05
Gradient Boosting,9,2026-03-25,0.019449943827491212,-0.00014204487316996507
Gradient Boosting,9,2026-03-26,-0.015033763846452861,-6.851603702366193e-05
Gradient Boosting,9,2026-03-27,0.0037568529861707256,0.0007206278341307256
Gradient Boosting,9,2026-03-30,0.001644855466474539,-0.00043896046661018887
Gradient Boosting,9,2026-03-31,0.020157100232811233,-0.0005018132971618357
Gradient Boosting,10,2026-04-01,0.006511190388170775,-0.0014786674351494826
Gradient Boosting,10,2026-04-02,-0.010905599959187336,0.00014399313299721093
Gradient Boosting,10,2026-04-06,0.003678236070027349,-8.459450910603517e-05
Gradient Boosting,10,2026-04-07,-0.00700938080004491,-0.00014447464624874518
Gradient Boosting,10,2026-04-08,0.03804424731409376,0.00047761324470717986
Gradient Boosting,10,2026-04-09,-0.001998676585020025,-0.0014965607555765372
Gradient Boosting,10,2026-04-10,0.021087830597987828,-0.00048561137158718837
Gradient Boosting,10,2026-04-13,0.01781159571001089,0.00048774845950930596
Gradient Boosting,10,2026-04-14,0.015689537291392698,-3.058267885169508e-05
Gradient Boosting,10,2026-04-15,0.00024708745592178015,-0.0023229787910716213
Gradient Boosting,10,2026-04-16,-0.0009061811693833574,7.2816326141443e-05
Gradient Boosting,10,2026-04-17,0.0060804956810176485,-0.0003660411165097992
Gradient Boosting,10,2026-04-20,-0.011120855384533909,-0.0005557791037847697
Gradient Boosting,10,2026-04-21,-0.005732044023659669,-0.0006688282945196309
Gradient Boosting,10,2026-04-22,0.019552618230260894,-0.0012503512141074243
Gradient Boosting,10,2026-04-23,-0.007297785574562695,0.00048774845950930596
Gradient Boosting,10,2026-04-24,-0.00859581222512715,-2.7146844996657007e-05
Gradient Boosting,10,2026-04-27,-0.0009134808991143975,0.0008094652882561492
Gradient Boosting,10,2026-04-28,-0.01734799613390739,-0.00024283476295783307
Gradient Boosting,10,2026-04-29,-0.006105378262062169,0.00041599585539459576
Gradient Boosting,10,2026-04-30,0.008047844376794507,0.0007981983832057622
XGBoost,1,2025-07-02,0.019810456383350664,-0.0008954910445027053
XGBoost,1,2025-07-03,-0.010150398354574054,0.000737013469915837
XGBoost,1,2025-07-04,-0.015521100680582477,0.0005233888514339924
XGBoost,1,2025-07-07,-0.006797970921758149,-0.0001623831776669249
XGBoost,1,2025-07-08,0.12443711051778991,0.000238092165091075
XGBoost,1,2025-07-09,-0.03634795017511664,-0.022329986095428467
XGBoost,1,2025-07-10,0.01901523296442158,-0.0025832713581621647
XGBoost,1,2025-07-11,0.002520242449624556,-0.003899171482771635
XGBoost,1,2025-07-14,-0.008486090965581885,-0.005799309816211462
XGBoost,1,2025-07-15,0.0056053193852702386,-0.0038084553088992834
XGBoost,1,2025-07-16,-0.008965419068541565,0.0009766354924067855
XGBoost,1,2025-07-17,-0.0019121251718409395,0.0018856087699532509
XGBoost,1,2025-07-18,0.016630897874152062,0.0037980375345796347
XGBoost,1,2025-07-21,0.005809515450518906,0.0032601659186184406
XGBoost,1,2025-07-22,0.01529990821973815,0.003535994328558445
XGBoost,1,2025-07-23,0.01705576477175168,0.002339655766263604
XGBoost,1,2025-07-24,-0.003110981742288766,0.0002110822533722967
XGBoost,1,2025-07-25,-0.0023395420911621516,-0.0007326896884478629
XGBoost,1,2025-07-28,-0.02967166185911239,-0.0005576673429459333
XGBoost,1,2025-07-29,0.0015180785029724258,-0.0003824546583928168
XGBoost,1,2025-07-30,-0.005996298009491309,8.081791747827083e-06
XGBoost,2,2025-07-31,-0.25171204689975507,0.0008820527582429349
XGBoost,2,2025-08-01,0.018758362788043485,0.0207806546241045
XGBoost,2,2025-08-04,0.0005664247692132296,0.016018493101000786
XGBoost,2,2025-08-05,-0.011618793284061735,0.0036839968524873257
XGBoost,2,2025-08-06,0.006167912535331675,0.011658732779324055
XGBoost,2,2025-08-07,-0.002850748171675486,0.007484895177185535
XGBoost,2,2025-08-08,0.017433119829275943,0.005914771463721991
XGBoost,2,2025-08-11,-0.00720806458524645,0.014623156748712063
XGBoost,2,2025-08-12,0.019033274217507272,0.005262227263301611
XGBoost,2,2025-08-13,-0.005895178664802649,0.015023181214928627
XGBoost,2,2025-08-14,-0.0039121324246721165,0.007707576267421246
XGBoost,2,2025-08-15,0.0030193399399282292,0.005623715929687023
XGBoost,2,2025-08-18,-0.00470071048434155,0.0037176075857132673
XGBoost,2,2025-08-19,-0.010827956116400377,0.0025182191748172045
XGBoost,2,2025-08-20,0.003848380140796914,0.0015071190427988768
XGBoost,2,2025-08-21,0.0012418493801091871,0.0005308316904120147
XGBoost,2,2025-08-22,0.003604074293522632,0.004356690216809511
XGBoost,2,2025-08-25,0.004262868581374833,0.004461231641471386
XGBoost,2,2025-08-26,-0.0035886086139926654,0.003252854570746422
XGBoost,2,2025-08-27,-0.00812182105277228,0.003004176542162895
XGBoost,2,2025-08-28,0.011038585829641259,0.0034414909314364195
XGBoost,3,2025-08-29,0.0122468306693877,0.0011863684048876166
XGBoost,3,2025-09-02,0.0112237356170585,0.0016028822865337133
XGBoost,3,2025-09-03,-0.0024102020135148045,-0.00039610042585991323
XGBoost,3,2025-09-04,-0.015586431517168008,-0.00043320166878402233
XGBoost,3,2025-09-05,-0.0012262060033473832,0.000601187814027071
XGBoost,3,2025-09-08,0.001783104664788798,-7.642889977432787e-05
XGBoost,3,2025-09-09,0.0023355300255342216,-0.0006640314240939915
XGBoost,3,2025-09-10,0.010827696674733928,-0.00014081528934184462
XGBoost,3,2025-09-11,0.008861649127066629,-0.0002232306869700551
XGBoost,3,2025-09-12,-0.00043574574458165135,0.0009838570840656757
XGBoost,3,2025-09-15,0.014496124151625057,0.0010517049813643098
XGBoost,3,2025-09-16,-0.004844718213337427,-0.0002988904598169029
XGBoost,3,2025-09-17,-0.01347256315564885,-0.00016751153452787548
XGBoost,3,2025-09-18,-0.00658479329356115,0.00030073110247030854
XGBoost,3,2025-09-19,0.006147083897539443,0.0017641490558162332
XGBoost,3,2025-09-22,0.0008751230140683835,-0.0001474294695071876
XGBoost,3,2025-09-23,0.0025115780623503393,0.00021657958859577775
XGBoost,3,2025-09-24,0.0359897946923935,-9.611423593014479e-05
XGBoost,3,2025-09-25,-0.011108339286396362,-0.0011781638022512197
XGBoost,3,2025-09-26,0.0032924609806411808,0.001275518094189465
XGBoost,3,2025-09-29,0.026266398390743108,0.00039687741082161665
XGBoost,4,2025-09-30,-0.007464320808828171,-3.201296931365505e-05
XGBoost,4,2025-10-01,0.005293001339195736,-0.00198285561054945
XGBoost,4,2025-10-02,0.013876902206789601,0.0008411876624450088
XGBoost,4,2025-10-03,0.03214425535149481,-1.8168964743381366e-05
XGBoost,4,2025-10-06,-0.014136641324961854,-3.6628771340474486e-05
XGBoost,4,2025-10-07,0.012157573009370483,-0.0009324874263256788
XGBoost,4,2025-10-08,-0.00039624630372070505,0.0007650647312402725
XGBoost,4,2025-10-09,0.005829193522269696,0.000587178161367774
XGBoost,4,2025-10-10,-0.045755712154609496,2.915075674536638e-05
XGBoost,4,2025-10-13,0.050669262739308656,0.0006570587283931673
XGBoost,4,2025-10-14,-0.023808263054996025,-0.0117490254342556
XGBoost,4,2025-10-15,-0.0017081338268076546,0.00122125877533108
XGBoost,4,2025-10-16,-0.002819727655700685,0.0002536371466703713
XGBoost,4,2025-10-17,-0.005359277641309777,0.007546067703515291
XGBoost,4,2025-10-20,0.013394668513055687,0.0009437401313334703
XGBoost,4,2025-10-21,-0.013698908181214555,0.00016429918468929827
XGBoost,4,2025-10-22,0.0062683731636311866,0.002370028290897608
XGBoost,4,2025-10-23,0.024097514963004135,0.0010508811101317406
XGBoost,4,2025-10-24,0.002260402648139722,0.0005905593279749155
XGBoost,4,2025-10-27,0.009185120348577347,-0.009739137254655361
XGBoost,4,2025-10-28,0.0,0.00010682259016903117
XGBoost,5,2025-10-29,0.01792990668350266,-0.00010668493632692844
XGBoost,5,2025-10-30,-0.03016277423724716,4.678091863752343e-05
XGBoost,5,2025-10-31,-0.002464690218088246,0.001893916865810752
XGBoost,5,2025-11-03,-0.003658812833263493,-0.00010648513853084296
XGBoost,5,2025-11-04,-0.024266670048338407,0.0013905938249081373
XGBoost,5,2025-11-05,0.007483036775056278,0.0016464033396914601
XGBoost,5,2025-11-06,-0.0035323091084347048,0.0014577977126464248
XGBoost,5,2025-11-07,-0.0015176195049082092,0.0018346067517995834
XGBoost,5,2025-11-10,0.029727812977192947,0.00019328645430505276
XGBoost,5,2025-11-11,-0.007597063291670923,0.0014502836856991053
XGBoost,5,2025-11-12,0.00808840261445958,0.0009042296442203224
XGBoost,5,2025-11-13,-0.00039301465230442604,0.0020313693676143885
XGBoost,5,2025-11-14,-0.007497343296060943,0.0003980547480750829
XGBoost,5,2025-11-17,-0.009851313783992953,0.0013374191476032138
XGBoost,5,2025-11-18,-0.007528247203173337,0.0014262814074754715
XGBoost,5,2025-11-19,0.009126948000411297,0.0019810348749160767
XGBoost,5,2025-11-20,-0.009731717101725797,0.00019773711392190307
XGBoost,5,2025-11-21,0.009831592742830271,0.00230544270016253
XGBoost,5,2025-11-24,-0.009327625128735287,1.6498936020070687e-05
XGBoost,5,2025-11-25,0.007529003250223698,0.0019813452381640673
XGBoost,5,2025-11-26,0.02078460076161925,2.6816869649337605e-05
XGBoost,6,2025-11-28,0.015743829246684975,0.0007403634954243898
XGBoost,6,2025-12-01,0.006439489345742295,0.0007385498029179871
XGBoost,6,2025-12-02,-0.011175470790599912,0.00030785767012275755
XGBoost,6,2025-12-03,0.028084817441979566,0.000539833796210587
XGBoost,6,2025-12-04,-0.003113356145866483,0.00020070845494046807
XGBoost,6,2025-12-05,0.016958269780918606,0.0009809784824028611
XGBoost,6,2025-12-08,-0.0032568630065428986,0.0003863134188577533
XGBoost,6,2025-12-09,-0.023386275095255215,0.00030189467361196876
XGBoost,6,2025-12-10,0.006656519081847274,0.0023722616024315357
XGBoost,6,2025-12-11,0.028313075901739357,0.00019748852355405688
XGBoost,6,2025-12-12,-0.02679770979515132,-0.00020353963191155344
XGBoost,6,2025-12-15,0.01035592520255418,-0.003543818835169077
XGBoost,6,2025-12-16,-0.009693707758661334,0.000762402662076056
XGBoost,6,2025-12-17,0.014365757938624598,0.0024887959007173777
XGBoost,6,2025-12-18,0.0005591393541615224,0.0003355449007358402
XGBoost,6,2025-12-19,0.013511209772042312,0.00016539815987925977
XGBoost,6,2025-12-22,-0.0003677218149657127,0.000664699706248939
XGBoost,6,2025-12-23,0.00705548036007015,0.0004859567852690816
XGBoost,6,2025-12-24,0.0041004274057811025,0.0016825415659695864
XGBoost,6,2025-12-26,0.04759000584167537,0.00032103844569064677
XGBoost,6,2025-12-29,-0.04904598883016795,-0.008008506149053574
XGBoost,7,2025-12-30,0.042259807493034214,-0.004428816959261894
XGBoost,7,2025-12-31,-0.017169666206612835,-0.004020057152956724
XGBoost,7,2026-01-02,0.0017745793586180468,0.0035508908331394196
XGBoost,7,2026-01-05,0.049212251505801795,0.0010242556454613805
XGBoost,7,2026-01-06,0.014411638803103236,-0.0042033568024635315
XGBoost,7,2026-01-07,-0.03409949050896024,0.002380172722041607
XGBoost,7,2026-01-08,-0.010817465155150153,0.00585535354912281
XGBoost,7,2026-01-09,0.018790451803464538,0.007538616191595793
XGBoost,7,2026-01-12,0.021874933032647856,-0.004192452412098646
XGBoost,7,2026-01-13,-0.002509469057374457,0.0024411058984696865
XGBoost,7,2026-01-14,0.006511423888848364,0.003948800731450319
XGBoost,7,2026-01-15,-0.01020329524776686,-0.002736962866038084
XGBoost,7,2026-01-16,-0.0271818592347448,0.0017816356848925352
XGBoost,7,2026-01-20,-0.002681326556787939,-0.00587601400911808
XGBoost,7,2026-01-21,-0.007563600184284361,0.002559768036007881
XGBoost,7,2026-01-22,0.0022663907619747447,-0.002987179672345519
XGBoost,7,2026-01-23,0.028920358078275955,0.0033091651275753975
XGBoost,7,2026-01-26,0.012274291330000235,-0.0013474210863932967
XGBoost,7,2026-01-27,-0.026329633060980427,5.3845760703552514e-06
XGBoost,7,2026-01-28,0.010920700845244964,-0.006971579045057297
XGBoost,7,2026-01-29,0.046909494425695066,0.0026302027981728315
XGBoost,8,2026-01-30,-0.04614611810401607,-0.0015937986318022013
XGBoost,8,2026-02-02,-0.01632724135572056,0.005570299923419952
XGBoost,8,2026-02-03,0.04400577841713017,0.002916863886639476
XGBoost,8,2026-02-04,-0.0397915610591698,-0.004941574763506651
XGBoost,8,2026-02-05,-0.004645243148040119,0.011872079223394394
XGBoost,8,2026-02-06,0.011061263030683612,0.001297329436056316
XGBoost,8,2026-02-09,0.013803843930585742,0.005732170771807432
XGBoost,8,2026-02-10,-0.008276419658565643,-0.0024372206535190344
XGBoost,8,2026-02-11,0.00894897896843896,0.005418937187641859
XGBoost,8,2026-02-12,-0.030377758462980523,0.005199420731514692
XGBoost,8,2026-02-13,0.0037186207526305258,0.0011916318908333778
XGBoost,8,2026-02-17,-0.02792183898914965,0.0008809435530565679
XGBoost,8,2026-02-18,0.028094448608724638,-0.0012369304895401
XGBoost,8,2026-02-19,-0.01102105618140487,-0.0018714842153713107
XGBoost,8,2026-02-20,0.01747295267048268,0.0020151841454207897
XGBoost,8,2026-02-23,-0.009996651615555126,-0.0020254659466445446
XGBoost,8,2026-02-24,0.02565121835476392,0.003965956624597311
XGBoost,8,2026-02-25,0.009493868339474848,8.304326183861122e-05
XGBoost,8,2026-02-26,-0.005450026589920928,0.001193577190861106
XGBoost,8,2026-02-27,0.009622278291953983,-0.0012556381989270449
XGBoost,8,2026-03-02,-0.018489498291913743,-0.001575844595208764
XGBoost,9,2026-03-03,-0.020741198751393842,-0.008566632866859436
XGBoost,9,2026-03-04,0.01401752384407531,0.002162169897928834
XGBoost,9,2026-03-05,-0.01757458022170611,0.0007028740365058184
XGBoost,9,2026-03-06,0.0006950803071056875,0.0031968781258910894
XGBoost,9,2026-03-09,0.007527605872309206,0.0007576312636956573
XGBoost,9,2026-03-10,0.01768594808097934,0.0005521572893485427
XGBoost,9,2026-03-11,-0.00995792118644709,-0.0012578180758282542
XGBoost,9,2026-03-12,-0.003598959893190912,7.338073191931471e-05
XGBoost,9,2026-03-13,-0.019066377588966833,0.0007726334733888507
XGBoost,9,2026-03-16,0.013211876292665282,0.0012520573800429702
XGBoost,9,2026-03-17,-0.011114142119103089,-0.0010913903824985027
XGBoost,9,2026-03-18,-0.030586158824142798,0.0005261190235614777
XGBoost,9,2026-03-19,-0.0220268873083426,0.0005423180991783738
XGBoost,9,2026-03-20,-0.016797736235749178,0.00042990874499082565
XGBoost,9,2026-03-23,0.017993370747035806,-0.0006645416142418981
XGBoost,9,2026-03-24,-0.003130129888579305,-0.0007474873564206064
XGBoost,9,2026-03-25,0.019449943827491212,-0.0004492705629672855
XGBoost,9,2026-03-26,-0.015033763846452861,0.000520339235663414
XGBoost,9,2026-03-27,0.0037568529861707256,0.0003151374985463917
XGBoost,9,2026-03-30,0.001644855466474539,0.0002505018492229283
XGBoost,9,2026-03-31,0.020157100232811233,-0.000574205070734024
XGBoost,10,2026-04-01,0.006511190388170775,-0.0038398203905671835
XGBoost,10,2026-04-02,-0.010905599959187336,-0.0005768470000475645
XGBoost,10,2026-04-06,0.003678236070027349,8.449408778687939e-05
XGBoost,10,2026-04-07,-0.00700938080004491,-0.0004709556815214455
XGBoost,10,2026-04-08,0.03804424731409376,-0.0002817932690959424
XGBoost,10,2026-04-09,-0.001998676585020025,-0.00015647053078282624
XGBoost,10,2026-04-10,0.021087830597987828,-0.0003373523650225252
XGBoost,10,2026-04-13,0.01781159571001089,0.0007242491119541228
XGBoost,10,2026-04-14,0.015689537291392698,-0.00013428098463919014
XGBoost,10,2026-04-15,0.00024708745592178015,-0.0027410921175032854
XGBoost,10,2026-04-16,-0.0009061811693833574,-0.00038287905044853687
XGBoost,10,2026-04-17,0.0060804956810176485,-0.0007593664922751486
XGBoost,10,2026-04-20,-0.011120855384533909,-0.0005709246033802629
XGBoost,10,2026-04-21,-0.005732044023659669,-0.0006717451615259051
XGBoost,10,2026-04-22,0.019552618230260894,-0.00152179307769984
XGBoost,10,2026-04-23,-0.007297785574562695,-0.000633853895124048
XGBoost,10,2026-04-24,-0.00859581222512715,-0.0010874643921852112
XGBoost,10,2026-04-27,-0.0009134808991143975,0.000998940784484148
XGBoost,10,2026-04-28,-0.01734799613390739,-0.0010040580527856946
XGBoost,10,2026-04-29,-0.006105378262062169,0.0005469975294545293
XGBoost,10,2026-04-30,0.008047844376794507,0.0014865275006741285
SVR,1,2025-07-02,0.019810456383350664,-0.010420900512855068
SVR,1,2025-07-03,-0.010150398354574054,-0.010420900512855068
SVR,1,2025-07-04,-0.015521100680582477,-0.010420900512855068
SVR,1,2025-07-07,-0.006797970921758149,-0.010420900512855068
SVR,1,2025-07-08,0.12443711051778991,-0.010420900512855068
SVR,1,2025-07-09,-0.03634795017511664,-0.010420900512855068
SVR,1,2025-07-10,0.01901523296442158,-0.010420900512855068
SVR,1,2025-07-11,0.002520242449624556,-0.010420900512855068
SVR,1,2025-07-14,-0.008486090965581885,-0.010420900512855068
SVR,1,2025-07-15,0.0056053193852702386,-0.010420900512855068
SVR,1,2025-07-16,-0.008965419068541565,-0.010420900512855068
SVR,1,2025-07-17,-0.0019121251718409395,-0.010420900512855068
SVR,1,2025-07-18,0.016630897874152062,-0.010420900512855068
SVR,1,2025-07-21,0.005809515450518906,-0.010420900512855068
SVR,1,2025-07-22,0.01529990821973815,-0.010420900512855068
SVR,1,2025-07-23,0.01705576477175168,-0.010420900512855068
SVR,1,2025-07-24,-0.003110981742288766,-0.010420900512855068
SVR,1,2025-07-25,-0.0023395420911621516,-0.010420900512855068
SVR,1,2025-07-28,-0.02967166185911239,-0.010420900512855068
SVR,1,2025-07-29,0.0015180785029724258,-0.010420900512855068
SVR,1,2025-07-30,-0.005996298009491309,-0.010420900512855068
SVR,2,2025-07-31,-0.25171204689975507,0.01681894811933388
SVR,2,2025-08-01,0.018758362788043485,0.015803887543514597
SVR,2,2025-08-04,0.0005664247692132296,0.015803887543514597
SVR,2,2025-08-05,-0.011618793284061735,0.015803887543514597
SVR,2,2025-08-06,0.006167912535331675,0.015803887543513945
SVR,2,2025-08-07,-0.002850748171675486,0.015803887543514597
SVR,2,2025-08-08,0.017433119829275943,0.015803887236721933
SVR,2,2025-08-11,-0.00720806458524645,0.015803887633538603
SVR,2,2025-08-12,0.019033274217507272,0.015803887845248887
SVR,2,2025-08-13,-0.005895178664802649,0.01580388809970498
SVR,2,2025-08-14,-0.0039121324246721165,0.015803887543514538
SVR,2,2025-08-15,0.0030193399399282292,0.015809105908561976
SVR,2,2025-08-18,-0.00470071048434155,0.015813542166000404
SVR,2,2025-08-19,-0.010827956116400377,0.015811992909622246
SVR,2,2025-08-20,0.003848380140796914,0.01580845233459353
SVR,2,2025-08-21,0.0012418493801091871,0.015807960700043665
SVR,2,2025-08-22,0.003604074293522632,0.01580705203386561
SVR,2,2025-08-25,0.004262868581374833,0.01580764410259827
SVR,2,2025-08-26,-0.0035886086139926654,0.015808703772527934
SVR,2,2025-08-27,-0.00812182105277228,0.015808973313445232
SVR,2,2025-08-28,0.011038585829641259,0.015807713706949916
SVR,3,2025-08-29,0.0122468306693877,-0.041524116697008624
SVR,3,2025-09-02,0.0112237356170585,-0.013979833582100802
SVR,3,2025-09-03,-0.0024102020135148045,-0.01840078753433757
SVR,3,2025-09-04,-0.015586431517168008,-0.02065474316131074
SVR,3,2025-09-05,-0.0012262060033473832,-0.014743549246230399
SVR,3,2025-09-08,0.001783104664788798,0.003925406555825371
SVR,3,2025-09-09,0.0023355300255342216,0.003501824967978469
SVR,3,2025-09-10,0.010827696674733928,-0.01218226357240526
SVR,3,2025-09-11,0.008861649127066629,-0.024428153123412878
SVR,3,2025-09-12,-0.00043574574458165135,-0.02750312435229007
SVR,3,2025-09-15,0.014496124151625057,-0.014928840866568364
SVR,3,2025-09-16,-0.004844718213337427,-0.015983392287615285
SVR,3,2025-09-17,-0.01347256315564885,-0.011432473795790342
SVR,3,2025-09-18,-0.00658479329356115,-0.01757245771020763
SVR,3,2025-09-19,0.006147083897539443,-0.010677064687639092
SVR,3,2025-09-22,0.0008751230140683835,-0.0039298856521825035
SVR,3,2025-09-23,0.0025115780623503393,-0.0036949344767567005
SVR,3,2025-09-24,0.0359897946923935,-0.010003071466823485
SVR,3,2025-09-25,-0.011108339286396362,-0.03707873956277836
SVR,3,2025-09-26,0.0032924609806411808,-0.029021812254946128
SVR,3,2025-09-29,0.026266398390743108,-0.02064126162014995
SVR,4,2025-09-30,-0.007464320808828171,-0.025106564721239656
SVR,4,2025-10-01,0.005293001339195736,-0.027177241411590475
SVR,4,2025-10-02,0.013876902206789601,-0.023056557184419138
SVR,4,2025-10-03,0.03214425535149481,-0.029875468530003352
SVR,4,2025-10-06,-0.014136641324961854,-0.03614250070081395
SVR,4,2025-10-07,0.012157573009370483,-0.027253996132425372
SVR,4,2025-10-08,-0.00039624630372070505,-0.03128297965115104
SVR,4,2025-10-09,0.005829193522269696,-0.032480244635086766
SVR,4,2025-10-10,-0.045755712154609496,-0.031739548321886635
SVR,4,2025-10-13,0.050669262739308656,-0.03259598295987006
SVR,4,2025-10-14,-0.023808263054996025,-0.03774817385871745
SVR,4,2025-10-15,-0.0017081338268076546,-0.0396642930201412
SVR,4,2025-10-16,-0.002819727655700685,-0.03425642618305729
SVR,4,2025-10-17,-0.005359277641309777,-0.036740835908853325
SVR,4,2025-10-20,0.013394668513055687,-0.03528058760291574
SVR,4,2025-10-21,-0.013698908181214555,-0.032911659757810824
SVR,4,2025-10-22,0.0062683731636311866,-0.04580474885677897
SVR,4,2025-10-23,0.024097514963004135,-0.04323182936503682
SVR,4,2025-10-24,0.002260402648139722,-0.042493114516563624
SVR,4,2025-10-27,0.009185120348577347,-0.03388435213427819
SVR,4,2025-10-28,0.0,-0.03427219080650449
SVR,5,2025-10-29,0.01792990668350266,-0.034645408808172726
SVR,5,2025-10-30,-0.03016277423724716,-0.042201287921110046
SVR,5,2025-10-31,-0.002464690218088246,-0.03956608407240508
SVR,5,2025-11-03,-0.003658812833263493,-0.011821448445745664
SVR,5,2025-11-04,-0.024266670048338407,-0.018751657912794595
SVR,5,2025-11-05,0.007483036775056278,-0.022917672899951506
SVR,5,2025-11-06,-0.0035323091084347048,-0.039809437568702456
SVR,5,2025-11-07,-0.0015176195049082092,-0.0510056568238078
SVR,5,2025-11-10,0.029727812977192947,-0.020649438682191563
SVR,5,2025-11-11,-0.007597063291670923,-0.024751981916652788
SVR,5,2025-11-12,0.00808840261445958,-0.0201161753456795
SVR,5,2025-11-13,-0.00039301465230442604,-0.030645022371253147
SVR,5,2025-11-14,-0.007497343296060943,-0.02069956433731595
SVR,5,2025-11-17,-0.009851313783992953,-0.012232766504119561
SVR,5,2025-11-18,-0.007528247203173337,-0.013956527956270483
SVR,5,2025-11-19,0.009126948000411297,-0.014862575452514772
SVR,5,2025-11-20,-0.009731717101725797,-0.03905770830150726
SVR,5,2025-11-21,0.009831592742830271,-0.034535069151956824
SVR,5,2025-11-24,-0.009327625128735287,-0.01065604722303002
SVR,5,2025-11-25,0.007529003250223698,-0.005609513442764509
SVR,5,2025-11-26,0.02078460076161925,-0.009082144992683915
SVR,6,2025-11-28,0.015743829246684975,-0.032451034632778285
SVR,6,2025-12-01,0.006439489345742295,-0.030595994781971527
SVR,6,2025-12-02,-0.011175470790599912,-0.02098296284622011
SVR,6,2025-12-03,0.028084817441979566,-0.010956829921312174
SVR,6,2025-12-04,-0.003113356145866483,-0.03259937151158546
SVR,6,2025-12-05,0.016958269780918606,-0.02986690283240409
SVR,6,2025-12-08,-0.0032568630065428986,-0.026350747302360818
SVR,6,2025-12-09,-0.023386275095255215,-0.010314247123116245
SVR,6,2025-12-10,0.006656519081847274,-0.02362487880341297
SVR,6,2025-12-11,0.028313075901739357,-0.016336649059247196
SVR,6,2025-12-12,-0.02679770979515132,-0.034695368736925344
SVR,6,2025-12-15,0.01035592520255418,-0.02873370341392801
SVR,6,2025-12-16,-0.009693707758661334,-0.01877451107951757
SVR,6,2025-12-17,0.014365757938624598,-0.016065544361204977
SVR,6,2025-12-18,0.0005591393541615224,-0.032756466131733164
SVR,6,2025-12-19,0.013511209772042312,-0.03776899516118482
SVR,6,2025-12-22,-0.0003677218149657127,-0.0277226233818293
SVR,6,2025-12-23,0.00705548036007015,-0.024360649785837594
SVR,6,2025-12-24,0.0041004274057811025,-0.030887225621189198
SVR,6,2025-12-26,0.04759000584167537,-0.040374594287693334
SVR,6,2025-12-29,-0.04904598883016795,-0.040192254001962566
SVR,7,2025-12-30,0.042259807493034214,-0.0375685603862403
SVR,7,2025-12-31,-0.017169666206612835,-0.04060000284378071
SVR,7,2026-01-02,0.0017745793586180468,-0.0407654516986221
SVR,7,2026-01-05,0.049212251505801795,-0.036059732043445335
SVR,7,2026-01-06,0.014411638803103236,-0.04011289174579713
SVR,7,2026-01-07,-0.03409949050896024,-0.04046983859112927
SVR,7,2026-01-08,-0.010817465155150153,-0.03907302824725949
SVR,7,2026-01-09,0.018790451803464538,-0.03557079514194401
SVR,7,2026-01-12,0.021874933032647856,-0.039620606378099964
SVR,7,2026-01-13,-0.002509469057374457,-0.04163372709704386
SVR,7,2026-01-14,0.006511423888848364,-0.040419618917983874
SVR,7,2026-01-15,-0.01020329524776686,-0.04426026351059073
SVR,7,2026-01-16,-0.0271818592347448,-0.0491549695506315
SVR,7,2026-01-20,-0.002681326556787939,-0.03473054715258114
SVR,7,2026-01-21,-0.007563600184284361,-0.046673917904417245
SVR,7,2026-01-22,0.0022663907619747447,-0.06988629179460262
SVR,7,2026-01-23,0.028920358078275955,-0.0637026265736662
SVR,7,2026-01-26,0.012274291330000235,-0.042826929332174975
SVR,7,2026-01-27,-0.026329633060980427,-0.04064475312616075
SVR,7,2026-01-28,0.010920700845244964,-0.04064239656161122
SVR,7,2026-01-29,0.046909494425695066,-0.034869013697441706
SVR,8,2026-01-30,-0.04614611810401607,-0.04147025992234245
SVR,8,2026-02-02,-0.01632724135572056,-0.040658792458442526
SVR,8,2026-02-03,0.04400577841713017,-0.03147971600292039
SVR,8,2026-02-04,-0.0397915610591698,-0.03961384221496685
SVR,8,2026-02-05,-0.004645243148040119,-0.040110037648793576
SVR,8,2026-02-06,0.011061263030683612,-0.039952553980776725
SVR,8,2026-02-09,0.013803843930585742,-0.03474433669719756
SVR,8,2026-02-10,-0.008276419658565643,-0.037152072040531614
SVR,8,2026-02-11,0.00894897896843896,-0.03911325142728371
SVR,8,2026-02-12,-0.030377758462980523,-0.039413916362059445
SVR,8,2026-02-13,0.0037186207526305258,-0.04163896689809575
SVR,8,2026-02-17,-0.02792183898914965,-0.020921026399850398
SVR,8,2026-02-18,0.028094448608724638,-0.04287552705714339
SVR,8,2026-02-19,-0.01102105618140487,-0.04153327529288256
SVR,8,2026-02-20,0.01747295267048268,-0.05515427647264693
SVR,8,2026-02-23,-0.009996651615555126,-0.032064625311372164
SVR,8,2026-02-24,0.02565121835476392,-0.03309329296826111
SVR,8,2026-02-25,0.009493868339474848,-0.036963505555866916
SVR,8,2026-02-26,-0.005450026589920928,-0.04861205975616382
SVR,8,2026-02-27,0.009622278291953983,-0.04093010103281757
SVR,8,2026-03-02,-0.018489498291913743,-0.03537146522472954
SVR,9,2026-03-03,-0.020741198751393842,-0.03348569276158225
SVR,9,2026-03-04,0.01401752384407531,-0.025552757936034294
SVR,9,2026-03-05,-0.01757458022170611,-0.051329527597536125
SVR,9,2026-03-06,0.0006950803071056875,-0.03253952777780392
SVR,9,2026-03-09,0.007527605872309206,-0.013855190673604766
SVR,9,2026-03-10,0.01768594808097934,-0.016409909413210366
SVR,9,2026-03-11,-0.00995792118644709,-0.025352657515157816
SVR,9,2026-03-12,-0.003598959893190912,-0.035732289292280575
SVR,9,2026-03-13,-0.019066377588966833,-0.023195945346264023
SVR,9,2026-03-16,0.013211876292665282,-0.019132340478879725
SVR,9,2026-03-17,-0.011114142119103089,-0.013062249433112003
SVR,9,2026-03-18,-0.030586158824142798,-0.028654175254047336
SVR,9,2026-03-19,-0.0220268873083426,-0.031232772517472838
SVR,9,2026-03-20,-0.016797736235749178,-0.03439808476122001
SVR,9,2026-03-23,0.017993370747035806,-0.023869141687212995
SVR,9,2026-03-24,-0.003130129888579305,-0.0343986281251855
SVR,9,2026-03-25,0.019449943827491212,-0.03203513670662246
SVR,9,2026-03-26,-0.015033763846452861,-0.028175298057553373
SVR,9,2026-03-27,0.0037568529861707256,-0.03232816865090088
SVR,9,2026-03-30,0.001644855466474539,-0.016523105680894157
SVR,9,2026-03-31,0.020157100232811233,-0.015066089076656672
SVR,10,2026-04-01,0.006511190388170775,-0.029998306606207
SVR,10,2026-04-02,-0.010905599959187336,-0.032614110814441495
SVR,10,2026-04-06,0.003678236070027349,-0.01805650046285383
SVR,10,2026-04-07,-0.00700938080004491,0.0007326138154916673
SVR,10,2026-04-08,0.03804424731409376,-0.011959251488582505
SVR,10,2026-04-09,-0.001998676585020025,-0.03383785369611719
SVR,10,2026-04-10,0.021087830597987828,-0.030201833438009112
SVR,10,2026-04-13,0.01781159571001089,-0.02892191645528877
SVR,10,2026-04-14,0.015689537291392698,-0.027268289434597
SVR,10,2026-04-15,0.00024708745592178015,-0.03639556362009662
SVR,10,2026-04-16,-0.0009061811693833574,-0.03401001191223675
SVR,10,2026-04-17,0.0060804956810176485,-0.03079439237754207
SVR,10,2026-04-20,-0.011120855384533909,-0.025364424366734875
SVR,10,2026-04-21,-0.005732044023659669,-0.016522728955839946
SVR,10,2026-04-22,0.019552618230260894,-0.03292950551136832
SVR,10,2026-04-23,-0.007297785574562695,-0.04019456027237945
SVR,10,2026-04-24,-0.00859581222512715,-0.035801602637193224
SVR,10,2026-04-27,-0.0009134808991143975,-0.01104626221808213
SVR,10,2026-04-28,-0.01734799613390739,-0.006992676734389559
SVR,10,2026-04-29,-0.006105378262062169,-0.01952395878475827
SVR,10,2026-04-30,0.008047844376794507,-0.04661574968516487
LSTM,1,2025-07-02,0.019810456383350664,0.0013961021322757006
LSTM,1,2025-07-03,-0.010150398354574054,0.0008168008644133806
LSTM,1,2025-07-04,-0.015521100680582477,0.002382689854130149
LSTM,1,2025-07-07,-0.006797970921758149,0.004064922221004963
LSTM,1,2025-07-08,0.12443711051778991,0.004975028336048126
LSTM,1,2025-07-09,-0.03634795017511664,-0.0008458269294351339
LSTM,1,2025-07-10,0.01901523296442158,0.0066075921058654785
LSTM,1,2025-07-11,0.002520242449624556,0.006977477110922337
LSTM,1,2025-07-14,-0.008486090965581885,0.00704042986035347
LSTM,1,2025-07-15,0.0056053193852702386,0.006075052544474602
LSTM,1,2025-07-16,-0.008965419068541565,0.004930008202791214
LSTM,1,2025-07-17,-0.0019121251718409395,0.003945951350033283
LSTM,1,2025-07-18,0.016630897874152062,0.003616450121626258
LSTM,1,2025-07-21,0.005809515450518906,0.002226213226094842
LSTM,1,2025-07-22,0.01529990821973815,0.0016153811011463404
LSTM,1,2025-07-23,0.01705576477175168,0.0010916914325207472
LSTM,1,2025-07-24,-0.003110981742288766,0.001703054876998067
LSTM,1,2025-07-25,-0.0023395420911621516,0.002736464375630021
LSTM,1,2025-07-28,-0.02967166185911239,0.0025243605487048626
LSTM,1,2025-07-29,0.0015180785029724258,0.003416932886466384
LSTM,1,2025-07-30,-0.005996298009491309,0.004336896352469921
LSTM,2,2025-07-31,-0.25171204689975507,-0.0006105288630351424
LSTM,2,2025-08-01,0.018758362788043485,0.008223145268857479
LSTM,2,2025-08-04,0.0005664247692132296,0.017659304663538933
LSTM,2,2025-08-05,-0.011618793284061735,0.018058907240629196
LSTM,2,2025-08-06,0.006167912535331675,0.013647186569869518
LSTM,2,2025-08-07,-0.002850748171675486,0.005223267711699009
LSTM,2,2025-08-08,0.017433119829275943,0.003580634482204914
LSTM,2,2025-08-11,-0.00720806458524645,-0.000870293122716248
LSTM,2,2025-08-12,0.019033274217507272,-0.0040076980367302895
LSTM,2,2025-08-13,-0.005895178664802649,-0.0058089084923267365
LSTM,2,2025-08-14,-0.0039121324246721165,-0.004735223017632961
LSTM,2,2025-08-15,0.0030193399399282292,-0.003762423060834408
LSTM,2,2025-08-18,-0.00470071048434155,-0.004772954620420933
LSTM,2,2025-08-19,-0.010827956116400377,-0.005984258837997913
LSTM,2,2025-08-20,0.003848380140796914,-0.004719351418316364
LSTM,2,2025-08-21,0.0012418493801091871,-0.0022793998941779137
LSTM,2,2025-08-22,0.003604074293522632,-0.0007191739277914166
LSTM,2,2025-08-25,0.004262868581374833,-0.0017739004688337445
LSTM,2,2025-08-26,-0.0035886086139926654,-0.004353663884103298
LSTM,2,2025-08-27,-0.00812182105277228,-0.004807847552001476
LSTM,2,2025-08-28,0.011038585829641259,-0.0023998720571398735
LSTM,3,2025-08-29,0.0122468306693877,0.0023111351765692234
LSTM,3,2025-09-02,0.0112237356170585,0.001726976246573031
LSTM,3,2025-09-03,-0.0024102020135148045,0.001297060982324183
LSTM,3,2025-09-04,-0.015586431517168008,0.0020169070921838284
LSTM,3,2025-09-05,-0.0012262060033473832,0.0017745193326845765
LSTM,3,2025-09-08,0.001783104664788798,0.00015660803182981908
LSTM,3,2025-09-09,0.0023355300255342216,-0.0009755514329299331
LSTM,3,2025-09-10,0.010827696674733928,-0.0018036457477137446
LSTM,3,2025-09-11,0.008861649127066629,-0.0014534530928358436
LSTM,3,2025-09-12,-0.00043574574458165135,-0.0008981818100437522
LSTM,3,2025-09-15,0.014496124151625057,-0.0001788310764823109
LSTM,3,2025-09-16,-0.004844718213337427,-0.00029625502065755427
LSTM,3,2025-09-17,-0.01347256315564885,0.0007237569661810994
LSTM,3,2025-09-18,-0.00658479329356115,0.0008821609662845731
LSTM,3,2025-09-19,0.006147083897539443,0.0013732454972341657
LSTM,3,2025-09-22,0.0008751230140683835,0.0010242221178486943
LSTM,3,2025-09-23,0.0025115780623503393,0.0013470674166455865
LSTM,3,2025-09-24,0.0359897946923935,0.0015096046263352036
LSTM,3,2025-09-25,-0.011108339286396362,-0.000446306454250589
LSTM,3,2025-09-26,0.0032924609806411808,0.0008000062080100179
LSTM,3,2025-09-29,0.026266398390743108,0.0011234913254156709
LSTM,4,2025-09-30,-0.007464320808828171,0.0012480358127504587
LSTM,4,2025-10-01,0.005293001339195736,0.0017513639759272337
LSTM,4,2025-10-02,0.013876902206789601,0.0018462268635630608
LSTM,4,2025-10-03,0.03214425535149481,-1.8177961464971304e-05
LSTM,4,2025-10-06,-0.014136641324961854,-0.0013897907920181751
LSTM,4,2025-10-07,0.012157573009370483,-0.0004744082107208669
LSTM,4,2025-10-08,-0.00039624630372070505,-0.0018661904614418745
LSTM,4,2025-10-09,0.005829193522269696,-0.002024250105023384
LSTM,4,2025-10-10,-0.045755712154609496,-0.003464445238932967
LSTM,4,2025-10-13,0.050669262739308656,-0.0026686605997383595
LSTM,4,2025-10-14,-0.023808263054996025,-0.0021739425137639046
LSTM,4,2025-10-15,-0.0017081338268076546,0.00012143939966335893
LSTM,4,2025-10-16,-0.002819727655700685,0.0015613231807947159
LSTM,4,2025-10-17,-0.005359277641309777,0.003178624901920557
LSTM,4,2025-10-20,0.013394668513055687,0.0007431316771544516
LSTM,4,2025-10-21,-0.013698908181214555,-0.0007816585130058229
LSTM,4,2025-10-22,0.0062683731636311866,-0.002986432984471321
LSTM,4,2025-10-23,0.024097514963004135,-0.003628374543040991
LSTM,4,2025-10-24,0.002260402648139722,-0.003842070698738098
LSTM,4,2025-10-27,0.009185120348577347,-0.004313095007091761
LSTM,4,2025-10-28,0.0,-0.005496314261108637
LSTM,5,2025-10-29,0.01792990668350266,0.0042610615491867065
LSTM,5,2025-10-30,-0.03016277423724716,0.005414261482656002
LSTM,5,2025-10-31,-0.002464690218088246,0.006220919080078602
LSTM,5,2025-11-03,-0.003658812833263493,0.006440204568207264
LSTM,5,2025-11-04,-0.024266670048338407,0.005501756444573402
LSTM,5,2025-11-05,0.007483036775056278,0.005092186853289604
LSTM,5,2025-11-06,-0.0035323091084347048,0.005789896473288536
LSTM,5,2025-11-07,-0.0015176195049082092,0.006615323014557362
LSTM,5,2025-11-10,0.029727812977192947,0.0068720439448952675
LSTM,5,2025-11-11,-0.007597063291670923,0.0064324187114834785
LSTM,5,2025-11-12,0.00808840261445958,0.006087813526391983
LSTM,5,2025-11-13,-0.00039301465230442604,0.005352428182959557
LSTM,5,2025-11-14,-0.007497343296060943,0.004709814675152302
LSTM,5,2025-11-17,-0.009851313783992953,0.0027501105796545744
LSTM,5,2025-11-18,-0.007528247203173337,0.002144067082554102
LSTM,5,2025-11-19,0.009126948000411297,0.0018751255702227354
LSTM,5,2025-11-20,-0.009731717101725797,0.0023605823516845703
LSTM,5,2025-11-21,0.009831592742830271,0.0031880775932222605
LSTM,5,2025-11-24,-0.009327625128735287,0.0031236917711794376
LSTM,5,2025-11-25,0.007529003250223698,0.003244605613872409
LSTM,5,2025-11-26,0.02078460076161925,0.003331773215904832
LSTM,6,2025-11-28,0.015743829246684975,-0.0035253672394901514
LSTM,6,2025-12-01,0.006439489345742295,-0.0030906912870705128
LSTM,6,2025-12-02,-0.011175470790599912,-0.001682252623140812
LSTM,6,2025-12-03,0.028084817441979566,-0.0004157294169999659
LSTM,6,2025-12-04,-0.003113356145866483,-0.0019505154341459274
LSTM,6,2025-12-05,0.016958269780918606,-0.002461961703374982
LSTM,6,2025-12-08,-0.0032568630065428986,-0.00204687612131238
LSTM,6,2025-12-09,-0.023386275095255215,-0.0011799195781350136
LSTM,6,2025-12-10,0.006656519081847274,0.0008683212217874825
LSTM,6,2025-12-11,0.028313075901739357,0.0002740370691753924
LSTM,6,2025-12-12,-0.02679770979515132,-0.0013171592727303505
LSTM,6,2025-12-15,0.01035592520255418,-0.002102629281580448
LSTM,6,2025-12-16,-0.009693707758661334,-0.0018998733721673489
LSTM,6,2025-12-17,0.014365757938624598,-0.0019912838470190763
LSTM,6,2025-12-18,0.0005591393541615224,-0.0022697290405631065
LSTM,6,2025-12-19,0.013511209772042312,-0.0025983285158872604
LSTM,6,2025-12-22,-0.0003677218149657127,-0.002658698707818985
LSTM,6,2025-12-23,0.00705548036007015,-0.0022270665504038334
LSTM,6,2025-12-24,0.0041004274057811025,-0.0015334622003138065
LSTM,6,2025-12-26,0.04759000584167537,-0.0016825399361550808
LSTM,6,2025-12-29,-0.04904598883016795,-0.0029478813521564007
LSTM,7,2025-12-30,0.042259807493034214,-0.002495120745152235
LSTM,7,2025-12-31,-0.017169666206612835,-0.007175887003540993
LSTM,7,2026-01-02,0.0017745793586180468,-0.003636806970462203
LSTM,7,2026-01-05,0.049212251505801795,-0.0026583054568618536
LSTM,7,2026-01-06,0.014411638803103236,-0.00531327910721302
LSTM,7,2026-01-07,-0.03409949050896024,-0.004890537820756435
LSTM,7,2026-01-08,-0.010817465155150153,-0.0016538167838007212
LSTM,7,2026-01-09,0.018790451803464538,-0.0028036104049533606
LSTM,7,2026-01-12,0.021874933032647856,-0.004463029094040394
LSTM,7,2026-01-13,-0.002509469057374457,-0.006313782185316086
LSTM,7,2026-01-14,0.006511423888848364,-0.0037223028484731913
LSTM,7,2026-01-15,-0.01020329524776686,-0.003598616225644946
LSTM,7,2026-01-16,-0.0271818592347448,-0.0017846296541392803
LSTM,7,2026-01-20,-0.002681326556787939,-0.0014065990690141916
LSTM,7,2026-01-21,-0.007563600184284361,-0.002628286834806204
LSTM,7,2026-01-22,0.0022663907619747447,-0.002939606551080942
LSTM,7,2026-01-23,0.028920358078275955,-0.002333126962184906
LSTM,7,2026-01-26,0.012274291330000235,-0.0023800337221473455
LSTM,7,2026-01-27,-0.026329633060980427,-0.006085864268243313
LSTM,7,2026-01-28,0.010920700845244964,0.0009063358884304762
LSTM,7,2026-01-29,0.046909494425695066,0.0006793660577386618
LSTM,8,2026-01-30,-0.04614611810401607,0.0031157718040049076
LSTM,8,2026-02-02,-0.01632724135572056,-0.0029665790498256683
LSTM,8,2026-02-03,0.04400577841713017,0.004846313502639532
LSTM,8,2026-02-04,-0.0397915610591698,0.010771868750452995
LSTM,8,2026-02-05,-0.004645243148040119,0.01328904740512371
LSTM,8,2026-02-06,0.011061263030683612,0.009711794555187225
LSTM,8,2026-02-09,0.013803843930585742,0.01001257449388504
LSTM,8,2026-02-10,-0.008276419658565643,0.010150810703635216
LSTM,8,2026-02-11,0.00894897896843896,0.00959739089012146
LSTM,8,2026-02-12,-0.030377758462980523,0.008140010759234428
LSTM,8,2026-02-13,0.0037186207526305258,0.006067964248359203
LSTM,8,2026-02-17,-0.02792183898914965,0.006939572747796774
LSTM,8,2026-02-18,0.028094448608724638,0.006115954834967852
LSTM,8,2026-02-19,-0.01102105618140487,0.005771547555923462
LSTM,8,2026-02-20,0.01747295267048268,0.005404966417700052
LSTM,8,2026-02-23,-0.009996651615555126,0.003727192524820566
LSTM,8,2026-02-24,0.02565121835476392,0.004011305049061775
LSTM,8,2026-02-25,0.009493868339474848,0.0018915266264230013
LSTM,8,2026-02-26,-0.005450026589920928,-0.0008813049644231796
LSTM,8,2026-02-27,0.009622278291953983,-0.00019400101155042648
LSTM,8,2026-03-02,-0.018489498291913743,-0.0012851562350988388
LSTM,9,2026-03-03,-0.020741198751393842,0.00013392316759563982
LSTM,9,2026-03-04,0.01401752384407531,0.001700204680673778
LSTM,9,2026-03-05,-0.01757458022170611,0.0021700607612729073
LSTM,9,2026-03-06,0.0006950803071056875,0.0027575865387916565
LSTM,9,2026-03-09,0.007527605872309206,0.002465421799570322
LSTM,9,2026-03-10,0.01768594808097934,0.0014495047507807612
LSTM,9,2026-03-11,-0.00995792118644709,0.00018639807240106165
LSTM,9,2026-03-12,-0.003598959893190912,0.0006325187860056758
LSTM,9,2026-03-13,-0.019066377588966833,0.0004779355658683926
LSTM,9,2026-03-16,0.013211876292665282,0.00011537960381247103
LSTM,9,2026-03-17,-0.011114142119103089,-0.000862693996168673
LSTM,9,2026-03-18,-0.030586158824142798,-0.0005250509129837155
LSTM,9,2026-03-19,-0.0220268873083426,-9.204549132846296e-05
LSTM,9,2026-03-20,-0.016797736235749178,-0.00038782329647801816
LSTM,9,2026-03-23,0.017993370747035806,-0.0010244009317830205
LSTM,9,2026-03-24,-0.003130129888579305,-0.0027184803038835526
LSTM,9,2026-03-25,0.019449943827491212,-0.0031347712501883507
LSTM,9,2026-03-26,-0.015033763846452861,-0.0032155541703104973
LSTM,9,2026-03-27,0.0037568529861707256,-0.004223401192575693
LSTM,9,2026-03-30,0.001644855466474539,-0.005234905984252691
LSTM,9,2026-03-31,0.020157100232811233,-0.006400232203304768
LSTM,10,2026-04-01,0.006511190388170775,-0.004073827527463436
LSTM,10,2026-04-02,-0.010905599959187336,-0.002886164700612426
LSTM,10,2026-04-06,0.003678236070027349,-0.0015686911065131426
LSTM,10,2026-04-07,-0.00700938080004491,-0.0011417579371482134
LSTM,10,2026-04-08,0.03804424731409376,-0.0003768035676330328
LSTM,10,2026-04-09,-0.001998676585020025,-0.0008806216064840555
LSTM,10,2026-04-10,0.021087830597987828,0.00011867913417518139
LSTM,10,2026-04-13,0.01781159571001089,-0.0007301995065063238
LSTM,10,2026-04-14,0.015689537291392698,-0.000795725965872407
LSTM,10,2026-04-15,0.00024708745592178015,-0.0002072358038276434
LSTM,10,2026-04-16,-0.0009061811693833574,0.0015520115848630667
LSTM,10,2026-04-17,0.0060804956810176485,0.0019978901837021112
LSTM,10,2026-04-20,-0.011120855384533909,0.0013288580812513828
LSTM,10,2026-04-21,-0.005732044023659669,0.0015750997699797153
LSTM,10,2026-04-22,0.019552618230260894,0.0009792260825634003
LSTM,10,2026-04-23,-0.007297785574562695,0.00013389554806053638
LSTM,10,2026-04-24,-0.00859581222512715,-0.0009375414811074734
LSTM,10,2026-04-27,-0.0009134808991143975,-0.0012878736015409231
LSTM,10,2026-04-28,-0.01734799613390739,-0.0018397057428956032
LSTM,10,2026-04-29,-0.006105378262062169,-0.0020860054064542055
LSTM,10,2026-04-30,0.008047844376794507,-0.002711901208385825
GRU,1,2025-07-02,0.019810456383350664,0.0032940914388746023
GRU,1,2025-07-03,-0.010150398354574054,0.0015561857726424932
GRU,1,2025-07-04,-0.015521100680582477,0.00018872320652008057
GRU,1,2025-07-07,-0.006797970921758149,0.0009969279635697603
GRU,1,2025-07-08,0.12443711051778991,0.003283626167103648
GRU,1,2025-07-09,-0.03634795017511664,-0.007583282887935638
GRU,1,2025-07-10,0.01901523296442158,0.0037969776894897223
GRU,1,2025-07-11,0.002520242449624556,0.004263438284397125
GRU,1,2025-07-14,-0.008486090965581885,0.002170793479308486
GRU,1,2025-07-15,0.0056053193852702386,0.001184964319691062
GRU,1,2025-07-16,-0.008965419068541565,-0.00025264942087233067
GRU,1,2025-07-17,-0.0019121251718409395,0.00016960874199867249
GRU,1,2025-07-18,0.016630897874152062,-0.004592797718942165
GRU,1,2025-07-21,0.005809515450518906,-0.006705121137201786
GRU,1,2025-07-22,0.01529990821973815,-0.0029311480466276407
GRU,1,2025-07-23,0.01705576477175168,0.0003240432124584913
GRU,1,2025-07-24,-0.003110981742288766,-0.0013555323239415884
GRU,1,2025-07-25,-0.0023395420911621516,0.0010117825586348772
GRU,1,2025-07-28,-0.02967166185911239,0.004202662035822868
GRU,1,2025-07-29,0.0015180785029724258,0.01010032370686531
GRU,1,2025-07-30,-0.005996298009491309,0.007919685915112495
GRU,2,2025-07-31,-0.25171204689975507,-4.302430897951126e-05
GRU,2,2025-08-01,0.018758362788043485,0.011728762648999691
GRU,2,2025-08-04,0.0005664247692132296,0.005496428348124027
GRU,2,2025-08-05,-0.011618793284061735,0.003428199328482151
GRU,2,2025-08-06,0.006167912535331675,0.006424266844987869
GRU,2,2025-08-07,-0.002850748171675486,0.007658911868929863
GRU,2,2025-08-08,0.017433119829275943,0.00944161880761385
GRU,2,2025-08-11,-0.00720806458524645,0.007214703597128391
GRU,2,2025-08-12,0.019033274217507272,0.008613646030426025
GRU,2,2025-08-13,-0.005895178664802649,0.007741954177618027
GRU,2,2025-08-14,-0.0039121324246721165,0.01066498551517725
GRU,2,2025-08-15,0.0030193399399282292,0.011192592792212963
GRU,2,2025-08-18,-0.00470071048434155,0.010121936909854412
GRU,2,2025-08-19,-0.010827956116400377,0.010151131078600883
GRU,2,2025-08-20,0.003848380140796914,0.010180048644542694
GRU,2,2025-08-21,0.0012418493801091871,0.010334703139960766
GRU,2,2025-08-22,0.003604074293522632,0.011142571456730366
GRU,2,2025-08-25,0.004262868581374833,0.01173019502311945
GRU,2,2025-08-26,-0.0035886086139926654,0.009896857663989067
GRU,2,2025-08-27,-0.00812182105277228,0.009704045951366425
GRU,2,2025-08-28,0.011038585829641259,0.011181035079061985
GRU,3,2025-08-29,0.0122468306693877,-0.012174081988632679
GRU,3,2025-09-02,0.0112237356170585,-0.0085934242233634
GRU,3,2025-09-03,-0.0024102020135148045,-0.004990594927221537
GRU,3,2025-09-04,-0.015586431517168008,-0.002911257091909647
GRU,3,2025-09-05,-0.0012262060033473832,-0.0035498901270329952
GRU,3,2025-09-08,0.001783104664788798,-0.005369668360799551
GRU,3,2025-09-09,0.0023355300255342216,-0.004550251178443432
GRU,3,2025-09-10,0.010827696674733928,-0.003054326865822077
GRU,3,2025-09-11,0.008861649127066629,1.8073420505970716e-05
GRU,3,2025-09-12,-0.00043574574458165135,0.0029164371080696583
GRU,3,2025-09-15,0.014496124151625057,0.0025682547129690647
GRU,3,2025-09-16,-0.004844718213337427,0.0021947179920971394
GRU,3,2025-09-17,-0.01347256315564885,0.002239454537630081
GRU,3,2025-09-18,-0.00658479329356115,-0.00014610349899157882
GRU,3,2025-09-19,0.006147083897539443,-0.000400368997361511
GRU,3,2025-09-22,0.0008751230140683835,-0.0008359199273400009
GRU,3,2025-09-23,0.0025115780623503393,-0.0002501151175238192
GRU,3,2025-09-24,0.0359897946923935,0.0007078126654960215
GRU,3,2025-09-25,-0.011108339286396362,0.0015507899224758148
GRU,3,2025-09-26,0.0032924609806411808,0.00453370762988925
GRU,3,2025-09-29,0.026266398390743108,0.0034668981097638607
GRU,4,2025-09-30,-0.007464320808828171,-0.00041026269900612533
GRU,4,2025-10-01,0.005293001339195736,-0.001421281835064292
GRU,4,2025-10-02,0.013876902206789601,0.000626096036285162
GRU,4,2025-10-03,0.03214425535149481,-0.0006002250593155622
GRU,4,2025-10-06,-0.014136641324961854,-0.0007112139137461782
GRU,4,2025-10-07,0.012157573009370483,-0.0005301644559949636
GRU,4,2025-10-08,-0.00039624630372070505,-0.004063147585839033
GRU,4,2025-10-09,0.005829193522269696,-0.0017125008162111044
GRU,4,2025-10-10,-0.045755712154609496,-0.00174507568590343
GRU,4,2025-10-13,0.050669262739308656,0.0017889079172164202
GRU,4,2025-10-14,-0.023808263054996025,-0.0022866411600261927
GRU,4,2025-10-15,-0.0017081338268076546,0.0009194083977490664
GRU,4,2025-10-16,-0.002819727655700685,0.003651415230706334
GRU,4,2025-10-17,-0.005359277641309777,0.006618620362132788
GRU,4,2025-10-20,0.013394668513055687,0.0011668635997921228
GRU,4,2025-10-21,-0.013698908181214555,-0.004394047893583775
GRU,4,2025-10-22,0.0062683731636311866,-0.007078205700963736
GRU,4,2025-10-23,0.024097514963004135,-0.007118073757737875
GRU,4,2025-10-24,0.002260402648139722,-0.005185065791010857
GRU,4,2025-10-27,0.009185120348577347,-0.0037794997915625572
GRU,4,2025-10-28,0.0,-0.005992609541863203
GRU,5,2025-10-29,0.01792990668350266,-0.0004072075244039297
GRU,5,2025-10-30,-0.03016277423724716,-0.00018709199503064156
GRU,5,2025-10-31,-0.002464690218088246,0.0022444690112024546
GRU,5,2025-11-03,-0.003658812833263493,0.000970266992226243
GRU,5,2025-11-04,-0.024266670048338407,0.0004081348888576031
GRU,5,2025-11-05,0.007483036775056278,0.0008858642540872097
GRU,5,2025-11-06,-0.0035323091084347048,0.001983689609915018
GRU,5,2025-11-07,-0.0015176195049082092,0.002719526644796133
GRU,5,2025-11-10,0.029727812977192947,0.002846252406015992
GRU,5,2025-11-11,-0.007597063291670923,0.0032189120538532734
GRU,5,2025-11-12,0.00808840261445958,0.003588509513065219
GRU,5,2025-11-13,-0.00039301465230442604,0.0037093027494847775
GRU,5,2025-11-14,-0.007497343296060943,0.0015249596908688545
GRU,5,2025-11-17,-0.009851313783992953,-0.0024743261747062206
GRU,5,2025-11-18,-0.007528247203173337,-0.0018307383870705962
GRU,5,2025-11-19,0.009126948000411297,-0.0010871875565499067
GRU,5,2025-11-20,-0.009731717101725797,-0.00016957707703113556
GRU,5,2025-11-21,0.009831592742830271,0.0010781402233988047
GRU,5,2025-11-24,-0.009327625128735287,0.0004928936250507832
GRU,5,2025-11-25,0.007529003250223698,0.0014208746142685413
GRU,5,2025-11-26,0.02078460076161925,0.0008964738808572292
GRU,6,2025-11-28,0.015743829246684975,0.0002947630127891898
GRU,6,2025-12-01,0.006439489345742295,0.0016587673453614116
GRU,6,2025-12-02,-0.011175470790599912,0.002654462121427059
GRU,6,2025-12-03,0.028084817441979566,0.004039476625621319
GRU,6,2025-12-04,-0.003113356145866483,0.0014526074519380927
GRU,6,2025-12-05,0.016958269780918606,0.0005954801454208791
GRU,6,2025-12-08,-0.0032568630065428986,0.0009066096972674131
GRU,6,2025-12-09,-0.023386275095255215,0.0012196185998618603
GRU,6,2025-12-10,0.006656519081847274,0.0038162795826792717
GRU,6,2025-12-11,0.028313075901739357,0.003155541606247425
GRU,6,2025-12-12,-0.02679770979515132,0.0013603906845673919
GRU,6,2025-12-15,0.01035592520255418,-0.0018195478478446603
GRU,6,2025-12-16,-0.009693707758661334,-0.0005721537163481116
GRU,6,2025-12-17,0.014365757938624598,0.0008307740790769458
GRU,6,2025-12-18,0.0005591393541615224,0.002130513545125723
GRU,6,2025-12-19,0.013511209772042312,7.382186595350504e-05
GRU,6,2025-12-22,-0.0003677218149657127,-3.240909427404404e-05
GRU,6,2025-12-23,0.00705548036007015,-0.0007128408178687096
GRU,6,2025-12-24,0.0041004274057811025,0.00040822348091751337
GRU,6,2025-12-26,0.04759000584167537,0.0003494968404993415
GRU,6,2025-12-29,-0.04904598883016795,-0.0004028024850413203
GRU,7,2025-12-30,0.042259807493034214,-0.002274546306580305
GRU,7,2025-12-31,-0.017169666206612835,-0.0029823249205946922
GRU,7,2026-01-02,0.0017745793586180468,-0.0077547719702124596
GRU,7,2026-01-05,0.049212251505801795,-0.00559847429394722
GRU,7,2026-01-06,0.014411638803103236,-0.004531914368271828
GRU,7,2026-01-07,-0.03409949050896024,0.0004251943319104612
GRU,7,2026-01-08,-0.010817465155150153,0.0007161879329942167
GRU,7,2026-01-09,0.018790451803464538,-0.0015306640416383743
GRU,7,2026-01-12,0.021874933032647856,-0.0023372098803520203
GRU,7,2026-01-13,-0.002509469057374457,-0.0019867122173309326
GRU,7,2026-01-14,0.006511423888848364,0.00021930498769506812
GRU,7,2026-01-15,-0.01020329524776686,0.001913357526063919
GRU,7,2026-01-16,-0.0271818592347448,0.003932270221412182
GRU,7,2026-01-20,-0.002681326556787939,0.0008887641015462577
GRU,7,2026-01-21,-0.007563600184284361,0.00015865190653130412
GRU,7,2026-01-22,0.0022663907619747447,-0.0029489360749721527
GRU,7,2026-01-23,0.028920358078275955,-0.0012330147437751293
GRU,7,2026-01-26,0.012274291330000235,-0.0007333194953389466
GRU,7,2026-01-27,-0.026329633060980427,0.0002058885875158012
GRU,7,2026-01-28,0.010920700845244964,-0.0044512320309877396
GRU,7,2026-01-29,0.046909494425695066,-0.00049052998656407
GRU,8,2026-01-30,-0.04614611810401607,0.0008469631429761648
GRU,8,2026-02-02,-0.01632724135572056,-0.003192449687048793
GRU,8,2026-02-03,0.04400577841713017,0.004880239721387625
GRU,8,2026-02-04,-0.0397915610591698,0.008913355879485607
GRU,8,2026-02-05,-0.004645243148040119,0.012094949372112751
GRU,8,2026-02-06,0.011061263030683612,0.006297984626144171
GRU,8,2026-02-09,0.013803843930585742,0.003124454291537404
GRU,8,2026-02-10,-0.008276419658565643,0.0013573144096881151
GRU,8,2026-02-11,0.00894897896843896,0.0020604284945875406
GRU,8,2026-02-12,-0.030377758462980523,0.0010429092217236757
GRU,8,2026-02-13,0.0037186207526305258,-0.0006337312515825033
GRU,8,2026-02-17,-0.02792183898914965,-0.0010393599513918161
GRU,8,2026-02-18,0.028094448608724638,-0.00016112878802232444
GRU,8,2026-02-19,-0.01102105618140487,-0.0008518404792994261
GRU,8,2026-02-20,0.01747295267048268,0.0013331698719412088
GRU,8,2026-02-23,-0.009996651615555126,-0.0007335578557103872
GRU,8,2026-02-24,0.02565121835476392,-0.000571749871596694
GRU,8,2026-02-25,0.009493868339474848,-0.0026388021651655436
GRU,8,2026-02-26,-0.005450026589920928,-0.0029570746701210737
GRU,8,2026-02-27,0.009622278291953983,-0.00293424422852695
GRU,8,2026-03-02,-0.018489498291913743,-0.004863557871431112
GRU,9,2026-03-03,-0.020741198751393842,0.0023735035210847855
GRU,9,2026-03-04,0.01401752384407531,0.001742541790008545
GRU,9,2026-03-05,-0.01757458022170611,-0.00027879083063453436
GRU,9,2026-03-06,0.0006950803071056875,0.0011314917355775833
GRU,9,2026-03-09,0.007527605872309206,0.0017540876287966967
GRU,9,2026-03-10,0.01768594808097934,0.0016111059812828898
GRU,9,2026-03-11,-0.00995792118644709,0.00205064844340086
GRU,9,2026-03-12,-0.003598959893190912,0.0017329587135463953
GRU,9,2026-03-13,-0.019066377588966833,0.002414117567241192
GRU,9,2026-03-16,0.013211876292665282,0.0004145032726228237
GRU,9,2026-03-17,-0.011114142119103089,-0.0012484907638281584
GRU,9,2026-03-18,-0.030586158824142798,-0.0006932106334716082
GRU,9,2026-03-19,-0.0220268873083426,0.0005116094835102558
GRU,9,2026-03-20,-0.016797736235749178,-0.0010966432746499777
GRU,9,2026-03-23,0.017993370747035806,-0.0022606428246945143
GRU,9,2026-03-24,-0.003130129888579305,-0.0038312787655740976
GRU,9,2026-03-25,0.019449943827491212,-0.00197579525411129
GRU,9,2026-03-26,-0.015033763846452861,-0.0008765703532844782
GRU,9,2026-03-27,0.0037568529861707256,-0.002074021613225341
GRU,9,2026-03-30,0.001644855466474539,-0.0024609274696558714
GRU,9,2026-03-31,0.020157100232811233,-0.0021089192014187574
GRU,10,2026-04-01,0.006511190388170775,-0.002559645101428032
GRU,10,2026-04-02,-0.010905599959187336,-0.0027826568111777306
GRU,10,2026-04-06,0.003678236070027349,-0.0018042395822703838
GRU,10,2026-04-07,-0.00700938080004491,-0.0015482185408473015
GRU,10,2026-04-08,0.03804424731409376,-0.0011278854217380285
GRU,10,2026-04-09,-0.001998676585020025,-0.0024903398007154465
GRU,10,2026-04-10,0.021087830597987828,-0.0010600998066365719
GRU,10,2026-04-13,0.01781159571001089,-0.0012273290194571018
GRU,10,2026-04-14,0.015689537291392698,-0.001474348595365882
GRU,10,2026-04-15,0.00024708745592178015,5.141989095136523e-05
GRU,10,2026-04-16,-0.0009061811693833574,0.0011245154310017824
GRU,10,2026-04-17,0.0060804956810176485,0.0009180411580018699
GRU,10,2026-04-20,-0.011120855384533909,0.0009817159734666348
GRU,10,2026-04-21,-0.005732044023659669,0.0006658317870460451
GRU,10,2026-04-22,0.019552618230260894,-0.00036996888229623437
GRU,10,2026-04-23,-0.007297785574562695,-0.001769754569977522
GRU,10,2026-04-24,-0.00859581222512715,-0.002015339909121394
GRU,10,2026-04-27,-0.0009134808991143975,-0.0011897124350070953
GRU,10,2026-04-28,-0.01734799613390739,-0.0016099978238344193
GRU,10,2026-04-29,-0.006105378262062169,-0.0006661420338787138
GRU,10,2026-04-30,0.008047844376794507,-0.0015079132281243801
BiLSTM,1,2025-07-02,0.019810456383350664,0.002255061874166131
BiLSTM,1,2025-07-03,-0.010150398354574054,-0.0011616901028901339
BiLSTM,1,2025-07-04,-0.015521100680582477,-0.0031645374838262796
BiLSTM,1,2025-07-07,-0.006797970921758149,0.0005453641060739756
BiLSTM,1,2025-07-08,0.12443711051778991,0.0029360787011682987
BiLSTM,1,2025-07-09,-0.03634795017511664,-0.005258060060441494
BiLSTM,1,2025-07-10,0.01901523296442158,0.0008376301266252995
BiLSTM,1,2025-07-11,0.002520242449624556,0.0005742909852415323
BiLSTM,1,2025-07-14,-0.008486090965581885,0.002969380933791399
BiLSTM,1,2025-07-15,0.0056053193852702386,0.0044471994042396545
BiLSTM,1,2025-07-16,-0.008965419068541565,0.004080669488757849
BiLSTM,1,2025-07-17,-0.0019121251718409395,0.004025541245937347
BiLSTM,1,2025-07-18,0.016630897874152062,0.003911559469997883
BiLSTM,1,2025-07-21,0.005809515450518906,0.0025191649328917265
BiLSTM,1,2025-07-22,0.01529990821973815,0.002839995315298438
BiLSTM,1,2025-07-23,0.01705576477175168,0.002422975143417716
BiLSTM,1,2025-07-24,-0.003110981742288766,0.0011810048017650843
BiLSTM,1,2025-07-25,-0.0023395420911621516,0.003367706900462508
BiLSTM,1,2025-07-28,-0.02967166185911239,0.0050753457471728325
BiLSTM,1,2025-07-29,0.0015180785029724258,0.007786744274199009
BiLSTM,1,2025-07-30,-0.005996298009491309,0.005992035381495953
BiLSTM,2,2025-07-31,-0.25171204689975507,-0.0030675188172608614
BiLSTM,2,2025-08-01,0.018758362788043485,-0.003390905214473605
BiLSTM,2,2025-08-04,0.0005664247692132296,0.014070268720388412
BiLSTM,2,2025-08-05,-0.011618793284061735,0.021604396402835846
BiLSTM,2,2025-08-06,0.006167912535331675,0.02548692747950554
BiLSTM,2,2025-08-07,-0.002850748171675486,0.028404712677001953
BiLSTM,2,2025-08-08,0.017433119829275943,0.02395547740161419
BiLSTM,2,2025-08-11,-0.00720806458524645,0.017226090654730797
BiLSTM,2,2025-08-12,0.019033274217507272,0.011819970794022083
BiLSTM,2,2025-08-13,-0.005895178664802649,0.006464329548180103
BiLSTM,2,2025-08-14,-0.0039121324246721165,0.007682942785322666
BiLSTM,2,2025-08-15,0.0030193399399282292,0.009779810905456543
BiLSTM,2,2025-08-18,-0.00470071048434155,0.007149279583245516
BiLSTM,2,2025-08-19,-0.010827956116400377,0.003609447507187724
BiLSTM,2,2025-08-20,0.003848380140796914,0.0031306860037148
BiLSTM,2,2025-08-21,0.0012418493801091871,0.004554096609354019
BiLSTM,2,2025-08-22,0.003604074293522632,0.006365085020661354
BiLSTM,2,2025-08-25,0.004262868581374833,0.0029661923181265593
BiLSTM,2,2025-08-26,-0.0035886086139926654,-0.0017257132567465305
BiLSTM,2,2025-08-27,-0.00812182105277228,-0.001962782582268119
BiLSTM,2,2025-08-28,0.011038585829641259,0.0011878537479788065
BiLSTM,3,2025-08-29,0.0122468306693877,0.00683660339564085
BiLSTM,3,2025-09-02,0.0112237356170585,0.003522487822920084
BiLSTM,3,2025-09-03,-0.0024102020135148045,-0.0009154697181656957
BiLSTM,3,2025-09-04,-0.015586431517168008,-0.00413964968174696
BiLSTM,3,2025-09-05,-0.0012262060033473832,-0.006857168860733509
BiLSTM,3,2025-09-08,0.001783104664788798,-0.008565775118768215
BiLSTM,3,2025-09-09,0.0023355300255342216,-0.011801081709563732
BiLSTM,3,2025-09-10,0.010827696674733928,-0.011522320099174976
BiLSTM,3,2025-09-11,0.008861649127066629,-0.011082571931183338
BiLSTM,3,2025-09-12,-0.00043574574458165135,-0.009202090092003345
BiLSTM,3,2025-09-15,0.014496124151625057,-0.009521977044641972
BiLSTM,3,2025-09-16,-0.004844718213337427,-0.012179163284599781
BiLSTM,3,2025-09-17,-0.01347256315564885,-0.011620203964412212
BiLSTM,3,2025-09-18,-0.00658479329356115,-0.009622852317988873
BiLSTM,3,2025-09-19,0.006147083897539443,-0.007828333415091038
BiLSTM,3,2025-09-22,0.0008751230140683835,-0.00665520504117012
BiLSTM,3,2025-09-23,0.0025115780623503393,-0.00527940783649683
BiLSTM,3,2025-09-24,0.0359897946923935,-0.0041009411215782166
BiLSTM,3,2025-09-25,-0.011108339286396362,-0.003868160769343376
BiLSTM,3,2025-09-26,0.0032924609806411808,0.0016228543827310205
BiLSTM,3,2025-09-29,0.026266398390743108,0.00371568463742733
BiLSTM,4,2025-09-30,-0.007464320808828171,0.00019507354591041803
BiLSTM,4,2025-10-01,0.005293001339195736,0.0010358584113419056
BiLSTM,4,2025-10-02,0.013876902206789601,0.002547102514654398
BiLSTM,4,2025-10-03,0.03214425535149481,0.0015211921418085694
BiLSTM,4,2025-10-06,-0.014136641324961854,-0.0005079378606751561
BiLSTM,4,2025-10-07,0.012157573009370483,-0.0003657587803900242
BiLSTM,4,2025-10-08,-0.00039624630372070505,-0.0026496355421841145
BiLSTM,4,2025-10-09,0.005829193522269696,-0.0010185438441112638
BiLSTM,4,2025-10-10,-0.045755712154609496,-0.0032542035914957523
BiLSTM,4,2025-10-13,0.050669262739308656,0.0011912387562915683
BiLSTM,4,2025-10-14,-0.023808263054996025,-0.003081460017710924
BiLSTM,4,2025-10-15,-0.0017081338268076546,0.002213170984759927
BiLSTM,4,2025-10-16,-0.002819727655700685,0.005873752757906914
BiLSTM,4,2025-10-17,-0.005359277641309777,0.010366899892687798
BiLSTM,4,2025-10-20,0.013394668513055687,0.004387291148304939
BiLSTM,4,2025-10-21,-0.013698908181214555,0.0020659686997532845
BiLSTM,4,2025-10-22,0.0062683731636311866,-0.0016874741995707154
BiLSTM,4,2025-10-23,0.024097514963004135,-0.007055738940834999
BiLSTM,4,2025-10-24,0.002260402648139722,-0.0046527571976184845
BiLSTM,4,2025-10-27,0.009185120348577347,-0.00254801195114851
BiLSTM,4,2025-10-28,0.0,-0.006813041865825653
BiLSTM,5,2025-10-29,0.01792990668350266,0.0037584202364087105
BiLSTM,5,2025-10-30,-0.03016277423724716,0.007271162699908018
BiLSTM,5,2025-10-31,-0.002464690218088246,0.007838791236281395
BiLSTM,5,2025-11-03,-0.003658812833263493,0.00649554468691349
BiLSTM,5,2025-11-04,-0.024266670048338407,0.005137138534337282
BiLSTM,5,2025-11-05,0.007483036775056278,0.005021924152970314
BiLSTM,5,2025-11-06,-0.0035323091084347048,0.006109852343797684
BiLSTM,5,2025-11-07,-0.0015176195049082092,0.00888723973184824
BiLSTM,5,2025-11-10,0.029727812977192947,0.011306674219667912
BiLSTM,5,2025-11-11,-0.007597063291670923,0.010999121703207493
BiLSTM,5,2025-11-12,0.00808840261445958,0.01023994479328394
BiLSTM,5,2025-11-13,-0.00039301465230442604,0.009794264100492
BiLSTM,5,2025-11-14,-0.007497343296060943,0.009372876025736332
BiLSTM,5,2025-11-17,-0.009851313783992953,0.004465731792151928
BiLSTM,5,2025-11-18,-0.007528247203173337,0.0010341595625504851
BiLSTM,5,2025-11-19,0.009126948000411297,0.00293542118743062
BiLSTM,5,2025-11-20,-0.009731717101725797,0.004062993451952934
BiLSTM,5,2025-11-21,0.009831592742830271,0.0035316068679094315
BiLSTM,5,2025-11-24,-0.009327625128735287,0.0021589251700788736
BiLSTM,5,2025-11-25,0.007529003250223698,0.001771210809238255
BiLSTM,5,2025-11-26,0.02078460076161925,0.001961620058864355
BiLSTM,6,2025-11-28,0.015743829246684975,-0.0015625153901055455
BiLSTM,6,2025-12-01,0.006439489345742295,-0.0003072473919019103
BiLSTM,6,2025-12-02,-0.011175470790599912,-0.0018338810186833143
BiLSTM,6,2025-12-03,0.028084817441979566,-0.001317771035246551
BiLSTM,6,2025-12-04,-0.003113356145866483,-0.003122268244624138
BiLSTM,6,2025-12-05,0.016958269780918606,-0.003291280008852482
BiLSTM,6,2025-12-08,-0.0032568630065428986,-0.0016179051017388701
BiLSTM,6,2025-12-09,-0.023386275095255215,0.0010115463519468904
BiLSTM,6,2025-12-10,0.006656519081847274,0.003340060357004404
BiLSTM,6,2025-12-11,0.028313075901739357,0.0018166451482102275
BiLSTM,6,2025-12-12,-0.02679770979515132,-0.000724620302207768
BiLSTM,6,2025-12-15,0.01035592520255418,-0.0024830447509884834
BiLSTM,6,2025-12-16,-0.009693707758661334,-0.0027477177791297436
BiLSTM,6,2025-12-17,0.014365757938624598,-0.001660275855101645
BiLSTM,6,2025-12-18,0.0005591393541615224,-0.003424698021262884
BiLSTM,6,2025-12-19,0.013511209772042312,-0.005087671801447868
BiLSTM,6,2025-12-22,-0.0003677218149657127,-0.003756148274987936
BiLSTM,6,2025-12-23,0.00705548036007015,-0.004324835259467363
BiLSTM,6,2025-12-24,0.0041004274057811025,-0.004121727310121059
BiLSTM,6,2025-12-26,0.04759000584167537,-0.0056289429776370525
BiLSTM,6,2025-12-29,-0.04904598883016795,-0.008881896734237671
BiLSTM,7,2025-12-30,0.042259807493034214,-0.007225953042507172
BiLSTM,7,2025-12-31,-0.017169666206612835,-0.013995748944580555
BiLSTM,7,2026-01-02,0.0017745793586180468,-0.011372439563274384
BiLSTM,7,2026-01-05,0.049212251505801795,-0.010789413005113602
BiLSTM,7,2026-01-06,0.014411638803103236,-0.013545967638492584
BiLSTM,7,2026-01-07,-0.03409949050896024,-0.005760525818914175
BiLSTM,7,2026-01-08,-0.010817465155150153,-0.0021012653596699238
BiLSTM,7,2026-01-09,0.018790451803464538,-0.004032693337649107
BiLSTM,7,2026-01-12,0.021874933032647856,-0.006571331061422825
BiLSTM,7,2026-01-13,-0.002509469057374457,-0.002757993759587407
BiLSTM,7,2026-01-14,0.006511423888848364,0.0018915801774710417
BiLSTM,7,2026-01-15,-0.01020329524776686,0.002381720347329974
BiLSTM,7,2026-01-16,-0.0271818592347448,0.001820697681978345
BiLSTM,7,2026-01-20,-0.002681326556787939,-0.0006903500179760158
BiLSTM,7,2026-01-21,-0.007563600184284361,0.0008144972962327302
BiLSTM,7,2026-01-22,0.0022663907619747447,-0.002157691167667508
BiLSTM,7,2026-01-23,0.028920358078275955,-0.002299234503880143
BiLSTM,7,2026-01-26,0.012274291330000235,-0.007557318080216646
BiLSTM,7,2026-01-27,-0.026329633060980427,-0.01551814004778862
BiLSTM,7,2026-01-28,0.010920700845244964,-0.012184496968984604
BiLSTM,7,2026-01-29,0.046909494425695066,-0.0068923416547477245
BiLSTM,8,2026-01-30,-0.04614611810401607,-3.053416730836034e-05
BiLSTM,8,2026-02-02,-0.01632724135572056,-0.011724567040801048
BiLSTM,8,2026-02-03,0.04400577841713017,0.0005569394561462104
BiLSTM,8,2026-02-04,-0.0397915610591698,0.0015436061657965183
BiLSTM,8,2026-02-05,-0.004645243148040119,0.008479929529130459
BiLSTM,8,2026-02-06,0.011061263030683612,0.005183536559343338
BiLSTM,8,2026-02-09,0.013803843930585742,0.0057140798307955265
BiLSTM,8,2026-02-10,-0.008276419658565643,0.008388589136302471
BiLSTM,8,2026-02-11,0.00894897896843896,0.010203780606389046
BiLSTM,8,2026-02-12,-0.030377758462980523,0.008321468718349934
BiLSTM,8,2026-02-13,0.0037186207526305258,0.007695573847740889
BiLSTM,8,2026-02-17,-0.02792183898914965,0.009972621686756611
BiLSTM,8,2026-02-18,0.028094448608724638,0.009740233421325684
BiLSTM,8,2026-02-19,-0.01102105618140487,0.00889214314520359
BiLSTM,8,2026-02-20,0.01747295267048268,0.011648404411971569
BiLSTM,8,2026-02-23,-0.009996651615555126,0.009425265714526176
BiLSTM,8,2026-02-24,0.02565121835476392,0.01051347516477108
BiLSTM,8,2026-02-25,0.009493868339474848,0.0037850860971957445
BiLSTM,8,2026-02-26,-0.005450026589920928,0.003475683042779565
BiLSTM,8,2026-02-27,0.009622278291953983,0.005812525283545256
BiLSTM,8,2026-03-02,-0.018489498291913743,0.0025850057136267424
BiLSTM,9,2026-03-03,-0.020741198751393842,0.004833982791751623
BiLSTM,9,2026-03-04,0.01401752384407531,0.006648554001003504
BiLSTM,9,2026-03-05,-0.01757458022170611,0.0011217639548704028
BiLSTM,9,2026-03-06,0.0006950803071056875,0.005784040316939354
BiLSTM,9,2026-03-09,0.007527605872309206,0.005964877083897591
BiLSTM,9,2026-03-10,0.01768594808097934,0.003839374054223299
BiLSTM,9,2026-03-11,-0.00995792118644709,0.0025636591017246246
BiLSTM,9,2026-03-12,-0.003598959893190912,0.0021887035109102726
BiLSTM,9,2026-03-13,-0.019066377588966833,0.0017767642857506871
BiLSTM,9,2026-03-16,0.013211876292665282,-0.002417544834315777
BiLSTM,9,2026-03-17,-0.011114142119103089,-0.004891218617558479
BiLSTM,9,2026-03-18,-0.030586158824142798,-0.0032423450611531734
BiLSTM,9,2026-03-19,-0.0220268873083426,-0.0036847065202891827
BiLSTM,9,2026-03-20,-0.016797736235749178,-0.005112907383590937
BiLSTM,9,2026-03-23,0.017993370747035806,-0.0067561897449195385
BiLSTM,9,2026-03-24,-0.003130129888579305,-0.006418732926249504
BiLSTM,9,2026-03-25,0.019449943827491212,-0.006123042199760675
BiLSTM,9,2026-03-26,-0.015033763846452861,-0.0041244192980229855
BiLSTM,9,2026-03-27,0.0037568529861707256,-0.006397244054824114
BiLSTM,9,2026-03-30,0.001644855466474539,-0.006446892861276865
BiLSTM,9,2026-03-31,0.020157100232811233,-0.007875167764723301
BiLSTM,10,2026-04-01,0.006511190388170775,-0.009382846765220165
BiLSTM,10,2026-04-02,-0.010905599959187336,-0.007566764019429684
BiLSTM,10,2026-04-06,0.003678236070027349,-0.0029650467913597822
BiLSTM,10,2026-04-07,-0.00700938080004491,-0.00205924897454679
BiLSTM,10,2026-04-08,0.03804424731409376,-0.0018827395979315042
BiLSTM,10,2026-04-09,-0.001998676585020025,-0.007521077059209347
BiLSTM,10,2026-04-10,0.021087830597987828,-0.003459571860730648
BiLSTM,10,2026-04-13,0.01781159571001089,-0.005139252170920372
BiLSTM,10,2026-04-14,0.015689537291392698,-0.00215070485137403
BiLSTM,10,2026-04-15,0.00024708745592178015,-0.002038102364167571
BiLSTM,10,2026-04-16,-0.0009061811693833574,-0.0032122714910656214
BiLSTM,10,2026-04-17,0.0060804956810176485,-0.005504315719008446
BiLSTM,10,2026-04-20,-0.011120855384533909,-0.006436827592551708
BiLSTM,10,2026-04-21,-0.005732044023659669,-0.003832109970971942
BiLSTM,10,2026-04-22,0.019552618230260894,-0.0038482730742543936
BiLSTM,10,2026-04-23,-0.007297785574562695,-0.007996529340744019
BiLSTM,10,2026-04-24,-0.00859581222512715,-0.006541173905134201
BiLSTM,10,2026-04-27,-0.0009134808991143975,-0.006585392169654369
BiLSTM,10,2026-04-28,-0.01734799613390739,-0.004018860403448343
BiLSTM,10,2026-04-29,-0.006105378262062169,-0.0016262182034552097
BiLSTM,10,2026-04-30,0.008047844376794507,-0.005203448235988617
Transformer,1,2025-07-02,0.019810456383350664,-0.000318698410410434
Transformer,1,2025-07-03,-0.010150398354574054,0.0009068962535820901
Transformer,1,2025-07-04,-0.015521100680582477,-0.001114466693252325
Transformer,1,2025-07-07,-0.006797970921758149,-0.001032350119203329
Transformer,1,2025-07-08,0.12443711051778991,3.816682146862149e-05
Transformer,1,2025-07-09,-0.03634795017511664,0.0070018041878938675
Transformer,1,2025-07-10,0.01901523296442158,0.005088991951197386
Transformer,1,2025-07-11,0.002520242449624556,0.007038427051156759
Transformer,1,2025-07-14,-0.008486090965581885,0.003705565119162202
Transformer,1,2025-07-15,0.0056053193852702386,0.009856648743152618
Transformer,1,2025-07-16,-0.008965419068541565,0.016498226672410965
Transformer,1,2025-07-17,-0.0019121251718409395,0.01521326694637537
Transformer,1,2025-07-18,0.016630897874152062,0.00642641494050622
Transformer,1,2025-07-21,0.005809515450518906,0.0026441398076713085
Transformer,1,2025-07-22,0.01529990821973815,0.00068425148492679
Transformer,1,2025-07-23,0.01705576477175168,-0.0018204133957624435
Transformer,1,2025-07-24,-0.003110981742288766,0.0005049718893133104
Transformer,1,2025-07-25,-0.0023395420911621516,0.0018367436714470387
Transformer,1,2025-07-28,-0.02967166185911239,0.0006907726055942476
Transformer,1,2025-07-29,0.0015180785029724258,-0.004462032113224268
Transformer,1,2025-07-30,-0.005996298009491309,-0.0041994270868599415
Transformer,2,2025-07-31,-0.25171204689975507,0.0027460234705358744
Transformer,2,2025-08-01,0.018758362788043485,-0.003943644464015961
Transformer,2,2025-08-04,0.0005664247692132296,-0.0009218460763804615
Transformer,2,2025-08-05,-0.011618793284061735,0.008775301277637482
Transformer,2,2025-08-06,0.006167912535331675,0.01487978920340538
Transformer,2,2025-08-07,-0.002850748171675486,0.018918640911579132
Transformer,2,2025-08-08,0.017433119829275943,0.018323209136724472
Transformer,2,2025-08-11,-0.00720806458524645,0.02026055008172989
Transformer,2,2025-08-12,0.019033274217507272,0.022771086543798447
Transformer,2,2025-08-13,-0.005895178664802649,0.02212580479681492
Transformer,2,2025-08-14,-0.0039121324246721165,0.02090611681342125
Transformer,2,2025-08-15,0.0030193399399282292,0.018467947840690613
Transformer,2,2025-08-18,-0.00470071048434155,0.013872293755412102
Transformer,2,2025-08-19,-0.010827956116400377,0.010050567798316479
Transformer,2,2025-08-20,0.003848380140796914,0.008338384330272675
Transformer,2,2025-08-21,0.0012418493801091871,0.006175059825181961
Transformer,2,2025-08-22,0.003604074293522632,0.007003541570156813
Transformer,2,2025-08-25,0.004262868581374833,0.006465984508395195
Transformer,2,2025-08-26,-0.0035886086139926654,0.00374621176160872
Transformer,2,2025-08-27,-0.00812182105277228,0.004644728731364012
Transformer,2,2025-08-28,0.011038585829641259,0.006884769536554813
Transformer,3,2025-08-29,0.0122468306693877,-0.005756353959441185
Transformer,3,2025-09-02,0.0112237356170585,-0.0019504865631461143
Transformer,3,2025-09-03,-0.0024102020135148045,-0.014923510141670704
Transformer,3,2025-09-04,-0.015586431517168008,-0.019780900329351425
Transformer,3,2025-09-05,-0.0012262060033473832,-0.018667493015527725
Transformer,3,2025-09-08,0.001783104664788798,-0.008032052777707577
Transformer,3,2025-09-09,0.0023355300255342216,-0.008261983282864094
Transformer,3,2025-09-10,0.010827696674733928,0.001986525021493435
Transformer,3,2025-09-11,0.008861649127066629,-0.0035152705386281013
Transformer,3,2025-09-12,-0.00043574574458165135,-0.0010807719081640244
Transformer,3,2025-09-15,0.014496124151625057,-0.0052242581732571125
Transformer,3,2025-09-16,-0.004844718213337427,-0.004891767166554928
Transformer,3,2025-09-17,-0.01347256315564885,-0.004271935671567917
Transformer,3,2025-09-18,-0.00658479329356115,-0.005109654739499092
Transformer,3,2025-09-19,0.006147083897539443,-0.0009306615684181452
Transformer,3,2025-09-22,0.0008751230140683835,0.0013711199862882495
Transformer,3,2025-09-23,0.0025115780623503393,0.0011047165608033538
Transformer,3,2025-09-24,0.0359897946923935,-0.004227329045534134
Transformer,3,2025-09-25,-0.011108339286396362,0.0010072535369545221
Transformer,3,2025-09-26,0.0032924609806411808,-0.004557792562991381
Transformer,3,2025-09-29,0.026266398390743108,-0.00202785711735487
Transformer,4,2025-09-30,-0.007464320808828171,0.0020884345285594463
Transformer,4,2025-10-01,0.005293001339195736,0.002978692762553692
Transformer,4,2025-10-02,0.013876902206789601,0.002963649109005928
Transformer,4,2025-10-03,0.03214425535149481,-0.00031855679117143154
Transformer,4,2025-10-06,-0.014136641324961854,-0.0011757221072912216
Transformer,4,2025-10-07,0.012157573009370483,-0.0008839396177791059
Transformer,4,2025-10-08,-0.00039624630372070505,-0.0013513672165572643
Transformer,4,2025-10-09,0.005829193522269696,0.0005121956928633153
Transformer,4,2025-10-10,-0.045755712154609496,-0.00041007489198818803
Transformer,4,2025-10-13,0.050669262739308656,-0.0007911483407951891
Transformer,4,2025-10-14,-0.023808263054996025,-0.0009350628242827952
Transformer,4,2025-10-15,-0.0017081338268076546,-0.0026716855354607105
Transformer,4,2025-10-16,-0.002819727655700685,-0.002112977672368288
Transformer,4,2025-10-17,-0.005359277641309777,-0.002601495012640953
Transformer,4,2025-10-20,0.013394668513055687,-0.005075156223028898
Transformer,4,2025-10-21,-0.013698908181214555,-0.003356382716447115
Transformer,4,2025-10-22,0.0062683731636311866,-0.0002986472682096064
Transformer,4,2025-10-23,0.024097514963004135,-0.003550175577402115
Transformer,4,2025-10-24,0.002260402648139722,-0.0024862890131771564
Transformer,4,2025-10-27,0.009185120348577347,-0.002275251317769289
Transformer,4,2025-10-28,0.0,8.970237104222178e-05
Transformer,5,2025-10-29,0.01792990668350266,0.00021720415679737926
Transformer,5,2025-10-30,-0.03016277423724716,0.00023461194359697402
Transformer,5,2025-10-31,-0.002464690218088246,0.0002283770008943975
Transformer,5,2025-11-03,-0.003658812833263493,0.00022383974283002317
Transformer,5,2025-11-04,-0.024266670048338407,0.00017291380208916962
Transformer,5,2025-11-05,0.007483036775056278,0.0002572743396740407
Transformer,5,2025-11-06,-0.0035323091084347048,0.00018405535956844687
Transformer,5,2025-11-07,-0.0015176195049082092,-1.7934944480657578e-06
Transformer,5,2025-11-10,0.029727812977192947,7.922874647192657e-05
Transformer,5,2025-11-11,-0.007597063291670923,0.00016642388072796166
Transformer,5,2025-11-12,0.00808840261445958,0.00014086958253756166
Transformer,5,2025-11-13,-0.00039301465230442604,2.4846871383488178e-05
Transformer,5,2025-11-14,-0.007497343296060943,-0.00015126937068998814
Transformer,5,2025-11-17,-0.009851313783992953,-3.648031270131469e-05
Transformer,5,2025-11-18,-0.007528247203173337,-4.047283437103033e-05
Transformer,5,2025-11-19,0.009126948000411297,2.2961408831179142e-05
Transformer,5,2025-11-20,-0.009731717101725797,-6.809941260144114e-05
Transformer,5,2025-11-21,0.009831592742830271,-0.0001588147133588791
Transformer,5,2025-11-24,-0.009327625128735287,-0.0003490543458610773
Transformer,5,2025-11-25,0.007529003250223698,-0.0001268124906346202
Transformer,5,2025-11-26,0.02078460076161925,-0.0002731753047555685
Transformer,6,2025-11-28,0.015743829246684975,0.00034356239484623075
Transformer,6,2025-12-01,0.006439489345742295,0.00041466817492619157
Transformer,6,2025-12-02,-0.011175470790599912,0.0004409324610605836
Transformer,6,2025-12-03,0.028084817441979566,0.0003470742085482925
Transformer,6,2025-12-04,-0.003113356145866483,0.0003067403449676931
Transformer,6,2025-12-05,0.016958269780918606,0.0003067403449676931
Transformer,6,2025-12-08,-0.0032568630065428986,0.00030609144596382976
Transformer,6,2025-12-09,-0.023386275095255215,0.0003051325911656022
Transformer,6,2025-12-10,0.006656519081847274,0.00031418990693055093
Transformer,6,2025-12-11,0.028313075901739357,0.0003188094706274569
Transformer,6,2025-12-12,-0.02679770979515132,0.0002193302207160741
Transformer,6,2025-12-15,0.01035592520255418,0.0002167408965760842
Transformer,6,2025-12-16,-0.009693707758661334,-1.3233278878033161e-05
Transformer,6,2025-12-17,0.014365757938624598,0.0002457222726661712
Transformer,6,2025-12-18,0.0005591393541615224,0.00020184481400065124
Transformer,6,2025-12-19,0.013511209772042312,8.232328400481492e-05
Transformer,6,2025-12-22,-0.0003677218149657127,-0.00027272361330688
Transformer,6,2025-12-23,0.00705548036007015,-0.0004915561294183135
Transformer,6,2025-12-24,0.0041004274057811025,-0.00027131603565067053
Transformer,6,2025-12-26,0.04759000584167537,5.2156392484903336e-06
Transformer,6,2025-12-29,-0.04904598883016795,-6.46782573312521e-05
Transformer,7,2025-12-30,0.042259807493034214,-0.0011163130402565002
Transformer,7,2025-12-31,-0.017169666206612835,-0.0005403460818342865
Transformer,7,2026-01-02,0.0017745793586180468,-0.0002573078090790659
Transformer,7,2026-01-05,0.049212251505801795,-0.003680989146232605
Transformer,7,2026-01-06,0.014411638803103236,-0.005012752488255501
Transformer,7,2026-01-07,-0.03409949050896024,-0.0028035815339535475
Transformer,7,2026-01-08,-0.010817465155150153,-0.0011535037774592638
Transformer,7,2026-01-09,0.018790451803464538,-0.00024553597904741764
Transformer,7,2026-01-12,0.021874933032647856,-0.006532515399158001
Transformer,7,2026-01-13,-0.002509469057374457,-0.005387370008975267
Transformer,7,2026-01-14,0.006511423888848364,0.000828982621897012
Transformer,7,2026-01-15,-0.01020329524776686,0.0008612825185991824
Transformer,7,2026-01-16,-0.0271818592347448,0.0019051437266170979
Transformer,7,2026-01-20,-0.002681326556787939,-0.00034258593223057687
Transformer,7,2026-01-21,-0.007563600184284361,-0.0004079474019818008
Transformer,7,2026-01-22,0.0022663907619747447,-0.00034621061058714986
Transformer,7,2026-01-23,0.028920358078275955,-0.00022455118596553802
Transformer,7,2026-01-26,0.012274291330000235,-0.00021589966490864754
Transformer,7,2026-01-27,-0.026329633060980427,0.006238504778593779
Transformer,7,2026-01-28,0.010920700845244964,-0.00033248233376070857
Transformer,7,2026-01-29,0.046909494425695066,-0.0002562904846854508
Transformer,8,2026-01-30,-0.04614611810401607,0.0003980199107900262
Transformer,8,2026-02-02,-0.01632724135572056,0.0008579419227316976
Transformer,8,2026-02-03,0.04400577841713017,0.0007136884378269315
Transformer,8,2026-02-04,-0.0397915610591698,0.0008626405615359545
Transformer,8,2026-02-05,-0.004645243148040119,0.0007892764406278729
Transformer,8,2026-02-06,0.011061263030683612,0.0008630962111055851
Transformer,8,2026-02-09,0.013803843930585742,0.0006564793875440955
Transformer,8,2026-02-10,-0.008276419658565643,0.0006483651231974363
Transformer,8,2026-02-11,0.00894897896843896,0.0007224057335406542
Transformer,8,2026-02-12,-0.030377758462980523,0.0008637993596494198
Transformer,8,2026-02-13,0.0037186207526305258,0.0007286258041858673
Transformer,8,2026-02-17,-0.02792183898914965,0.0004067554255016148
Transformer,8,2026-02-18,0.028094448608724638,0.00058127345982939
Transformer,8,2026-02-19,-0.01102105618140487,0.0007603208068758249
Transformer,8,2026-02-20,0.01747295267048268,0.0008355150930583477
Transformer,8,2026-02-23,-0.009996651615555126,0.0005328098777681589
Transformer,8,2026-02-24,0.02565121835476392,0.0002982060541398823
Transformer,8,2026-02-25,0.009493868339474848,0.00040520302718505263
Transformer,8,2026-02-26,-0.005450026589920928,0.0006167986430227757
Transformer,8,2026-02-27,0.009622278291953983,0.0004948230925947428
Transformer,8,2026-03-02,-0.018489498291913743,0.0003763569984585047
Transformer,9,2026-03-03,-0.020741198751393842,-0.0002725403173826635
Transformer,9,2026-03-04,0.01401752384407531,-0.0010553747415542603
Transformer,9,2026-03-05,-0.01757458022170611,-0.0009124990901909769
Transformer,9,2026-03-06,0.0006950803071056875,-0.0003333701170049608
Transformer,9,2026-03-09,0.007527605872309206,0.00128884706646204
Transformer,9,2026-03-10,0.01768594808097934,0.0017526301089674234
Transformer,9,2026-03-11,-0.00995792118644709,0.0015156420413404703
Transformer,9,2026-03-12,-0.003598959893190912,0.0016483385115861893
Transformer,9,2026-03-13,-0.019066377588966833,0.001975002232939005
Transformer,9,2026-03-16,0.013211876292665282,0.0033723446540534496
Transformer,9,2026-03-17,-0.011114142119103089,0.00329198082908988
Transformer,9,2026-03-18,-0.030586158824142798,0.0027549215592443943
Transformer,9,2026-03-19,-0.0220268873083426,0.0034668392036110163
Transformer,9,2026-03-20,-0.016797736235749178,0.003090487327426672
Transformer,9,2026-03-23,0.017993370747035806,0.002831533784046769
Transformer,9,2026-03-24,-0.003130129888579305,0.0020111051853746176
Transformer,9,2026-03-25,0.019449943827491212,0.0018479789141565561
Transformer,9,2026-03-26,-0.015033763846452861,0.0012501333840191364
Transformer,9,2026-03-27,0.0037568529861707256,0.000734129745978862
Transformer,9,2026-03-30,0.001644855466474539,-0.00027820555260404944
Transformer,9,2026-03-31,0.020157100232811233,-0.0006772788474336267
Transformer,10,2026-04-01,0.006511190388170775,-0.0004518826026469469
Transformer,10,2026-04-02,-0.010905599959187336,-0.0004349023220129311
Transformer,10,2026-04-06,0.003678236070027349,-0.00041112161125056446
Transformer,10,2026-04-07,-0.00700938080004491,-0.0004022494831588119
Transformer,10,2026-04-08,0.03804424731409376,-0.0009134426945820451
Transformer,10,2026-04-09,-0.001998676585020025,-0.001237073098309338
Transformer,10,2026-04-10,0.021087830597987828,-0.001069286372512579
Transformer,10,2026-04-13,0.01781159571001089,-0.0006735099013894796
Transformer,10,2026-04-14,0.015689537291392698,-0.000809389166533947
Transformer,10,2026-04-15,0.00024708745592178015,-0.0009746503783389926
Transformer,10,2026-04-16,-0.0009061811693833574,-0.0011364348465576768
Transformer,10,2026-04-17,0.0060804956810176485,-0.001362671609967947
Transformer,10,2026-04-20,-0.011120855384533909,-0.000490840757265687
Transformer,10,2026-04-21,-0.005732044023659669,-0.0005065735313110054
Transformer,10,2026-04-22,0.019552618230260894,-0.00048751680878922343
Transformer,10,2026-04-23,-0.007297785574562695,-0.0006635251338593662
Transformer,10,2026-04-24,-0.00859581222512715,-0.0009215234313160181
Transformer,10,2026-04-27,-0.0009134808991143975,-0.0005859340308234096
Transformer,10,2026-04-28,-0.01734799613390739,-0.0005803647800348699
Transformer,10,2026-04-29,-0.006105378262062169,-0.00045476312516257167
Transformer,10,2026-04-30,0.008047844376794507,-0.0005272367270663381
TCN,1,2025-07-02,0.019810456383350664,0.0017671474488452077
TCN,1,2025-07-03,-0.010150398354574054,0.0023894363548606634
TCN,1,2025-07-04,-0.015521100680582477,0.0010895230807363987
TCN,1,2025-07-07,-0.006797970921758149,0.001278536394238472
TCN,1,2025-07-08,0.12443711051778991,0.0024884301237761974
TCN,1,2025-07-09,-0.03634795017511664,0.003755901474505663
TCN,1,2025-07-10,0.01901523296442158,0.0060043358244001865
TCN,1,2025-07-11,0.002520242449624556,0.004351814277470112
TCN,1,2025-07-14,-0.008486090965581885,-0.00562564330175519
TCN,1,2025-07-15,0.0056053193852702386,0.010728204622864723
TCN,1,2025-07-16,-0.008965419068541565,0.004293961450457573
TCN,1,2025-07-17,-0.0019121251718409395,0.009295523166656494
TCN,1,2025-07-18,0.016630897874152062,0.008610183373093605
TCN,1,2025-07-21,0.005809515450518906,0.00777830695733428
TCN,1,2025-07-22,0.01529990821973815,0.008119102567434311
TCN,1,2025-07-23,0.01705576477175168,0.0008976722601801157
TCN,1,2025-07-24,-0.003110981742288766,0.005509250797331333
TCN,1,2025-07-25,-0.0023395420911621516,0.0028438495937734842
TCN,1,2025-07-28,-0.02967166185911239,0.002322625834494829
TCN,1,2025-07-29,0.0015180785029724258,0.005356229841709137
TCN,1,2025-07-30,-0.005996298009491309,0.0022337285336107016
TCN,2,2025-07-31,-0.25171204689975507,-0.006766697391867638
TCN,2,2025-08-01,0.018758362788043485,-0.008297977969050407
TCN,2,2025-08-04,0.0005664247692132296,-0.007623480167239904
TCN,2,2025-08-05,-0.011618793284061735,0.00016654690261930227
TCN,2,2025-08-06,0.006167912535331675,-0.007810832932591438
TCN,2,2025-08-07,-0.002850748171675486,-0.0005367568228393793
TCN,2,2025-08-08,0.017433119829275943,0.004122668877243996
TCN,2,2025-08-11,-0.00720806458524645,-0.005073448643088341
TCN,2,2025-08-12,0.019033274217507272,-0.0007501696236431599
TCN,2,2025-08-13,-0.005895178664802649,-0.005188062787055969
TCN,2,2025-08-14,-0.0039121324246721165,0.0031856573186814785
TCN,2,2025-08-15,0.0030193399399282292,0.005064008757472038
TCN,2,2025-08-18,-0.00470071048434155,0.00492464192211628
TCN,2,2025-08-19,-0.010827956116400377,0.004198021255433559
TCN,2,2025-08-20,0.003848380140796914,0.0014731326373293996
TCN,2,2025-08-21,0.0012418493801091871,0.005309662781655788
TCN,2,2025-08-22,0.003604074293522632,0.002447045873850584
TCN,2,2025-08-25,0.004262868581374833,0.0021619941107928753
TCN,2,2025-08-26,-0.0035886086139926654,0.001330512692220509
TCN,2,2025-08-27,-0.00812182105277228,-0.0011094848159700632
TCN,2,2025-08-28,0.011038585829641259,0.0005102020222693682
TCN,3,2025-08-29,0.0122468306693877,0.00054266705410555
TCN,3,2025-09-02,0.0112237356170585,-0.0011350950226187706
TCN,3,2025-09-03,-0.0024102020135148045,0.0007573319016955793
TCN,3,2025-09-04,-0.015586431517168008,0.002057322533801198
TCN,3,2025-09-05,-0.0012262060033473832,0.0012933453544974327
TCN,3,2025-09-08,0.001783104664788798,0.0010332490783184767
TCN,3,2025-09-09,0.0023355300255342216,-0.00025441747857257724
TCN,3,2025-09-10,0.010827696674733928,8.249422535300255e-06
TCN,3,2025-09-11,0.008861649127066629,-0.00017105141887441278
TCN,3,2025-09-12,-0.00043574574458165135,-0.0002823074464686215
TCN,3,2025-09-15,0.014496124151625057,-0.00038492417661473155
TCN,3,2025-09-16,-0.004844718213337427,-0.000808524142485112
TCN,3,2025-09-17,-0.01347256315564885,0.0005717615713365376
TCN,3,2025-09-18,-0.00658479329356115,-0.0014700242318212986
TCN,3,2025-09-19,0.006147083897539443,-0.0009847693145275116
TCN,3,2025-09-22,0.0008751230140683835,0.0010876511223614216
TCN,3,2025-09-23,0.0025115780623503393,0.0008319150656461716
TCN,3,2025-09-24,0.0359897946923935,-8.22718720883131e-05
TCN,3,2025-09-25,-0.011108339286396362,0.0005648120422847569
TCN,3,2025-09-26,0.0032924609806411808,-0.000632015464361757
TCN,3,2025-09-29,0.026266398390743108,0.0007964461692608893
TCN,4,2025-09-30,-0.007464320808828171,-0.001764044165611267
TCN,4,2025-10-01,0.005293001339195736,0.0008927455055527389
TCN,4,2025-10-02,0.013876902206789601,-0.0002079673868138343
TCN,4,2025-10-03,0.03214425535149481,0.0033487905748188496
TCN,4,2025-10-06,-0.014136641324961854,0.0016590463928878307
TCN,4,2025-10-07,0.012157573009370483,-0.0008749255794100463
TCN,4,2025-10-08,-0.00039624630372070505,-0.000750053150113672
TCN,4,2025-10-09,0.005829193522269696,-0.002204229822382331
TCN,4,2025-10-10,-0.045755712154609496,-0.0012065412010997534
TCN,4,2025-10-13,0.050669262739308656,-9.35439602471888e-05
TCN,4,2025-10-14,-0.023808263054996025,0.0007750734803266823
TCN,4,2025-10-15,-0.0017081338268076546,-0.004770858678966761
TCN,4,2025-10-16,-0.002819727655700685,0.0005138746346347034
TCN,4,2025-10-17,-0.005359277641309777,-0.002034917939454317
TCN,4,2025-10-20,0.013394668513055687,-0.00019637617515400052
TCN,4,2025-10-21,-0.013698908181214555,6.255879998207092e-05
TCN,4,2025-10-22,0.0062683731636311866,0.001105420058593154
TCN,4,2025-10-23,0.024097514963004135,-0.0035145781002938747
TCN,4,2025-10-24,0.002260402648139722,0.0015794523060321808
TCN,4,2025-10-27,0.009185120348577347,-0.002797751920297742
TCN,4,2025-10-28,0.0,-3.3090473152697086e-05
TCN,5,2025-10-29,0.01792990668350266,-0.0012145303189754486
TCN,5,2025-10-30,-0.03016277423724716,-0.0015810942277312279
TCN,5,2025-10-31,-0.002464690218088246,0.0007036793977022171
TCN,5,2025-11-03,-0.003658812833263493,0.0005990297649987042
TCN,5,2025-11-04,-0.024266670048338407,0.0001345901982858777
TCN,5,2025-11-05,0.007483036775056278,0.0017934245988726616
TCN,5,2025-11-06,-0.0035323091084347048,-0.0010350560769438744
TCN,5,2025-11-07,-0.0015176195049082092,0.001054807798936963
TCN,5,2025-11-10,0.029727812977192947,0.001911744475364685
TCN,5,2025-11-11,-0.007597063291670923,3.1411065720021725e-05
TCN,5,2025-11-12,0.00808840261445958,0.00018317264039069414
TCN,5,2025-11-13,-0.00039301465230442604,-0.0016232486814260483
TCN,5,2025-11-14,-0.007497343296060943,0.0005259535973891616
TCN,5,2025-11-17,-0.009851313783992953,0.0022598044015467167
TCN,5,2025-11-18,-0.007528247203173337,-0.001471295952796936
TCN,5,2025-11-19,0.009126948000411297,0.00033885054290294647
TCN,5,2025-11-20,-0.009731717101725797,0.0002222932525910437
TCN,5,2025-11-21,0.009831592742830271,0.0003238126519136131
TCN,5,2025-11-24,-0.009327625128735287,0.001768116606399417
TCN,5,2025-11-25,0.007529003250223698,-0.00023002410307526588
TCN,5,2025-11-26,0.02078460076161925,0.00021782421390525997
TCN,6,2025-11-28,0.015743829246684975,-0.00043396902037784457
TCN,6,2025-12-01,0.006439489345742295,-0.0017830388387665153
TCN,6,2025-12-02,-0.011175470790599912,-0.0006327666342258453
TCN,6,2025-12-03,0.028084817441979566,7.214653305709362e-05
TCN,6,2025-12-04,-0.003113356145866483,0.0024304797407239676
TCN,6,2025-12-05,0.016958269780918606,-9.457147098146379e-05
TCN,6,2025-12-08,-0.0032568630065428986,0.0004546557320281863
TCN,6,2025-12-09,-0.023386275095255215,0.006846194621175528
TCN,6,2025-12-10,0.006656519081847274,0.0015331916511058807
TCN,6,2025-12-11,0.028313075901739357,0.002581566572189331
TCN,6,2025-12-12,-0.02679770979515132,-0.00042143918108195066
TCN,6,2025-12-15,0.01035592520255418,-0.0016834735870361328
TCN,6,2025-12-16,-0.009693707758661334,0.003688835073262453
TCN,6,2025-12-17,0.014365757938624598,0.0027049118652939796
TCN,6,2025-12-18,0.0005591393541615224,0.0044863843359053135
TCN,6,2025-12-19,0.013511209772042312,-0.00020471448078751564
TCN,6,2025-12-22,-0.0003677218149657127,0.00012856617104262114
TCN,6,2025-12-23,0.00705548036007015,0.002748900093138218
TCN,6,2025-12-24,0.0041004274057811025,0.003262134501710534
TCN,6,2025-12-26,0.04759000584167537,0.0005249757086858153
TCN,6,2025-12-29,-0.04904598883016795,-2.8296257369220257e-05
TCN,7,2025-12-30,0.042259807493034214,0.0004524711112026125
TCN,7,2025-12-31,-0.017169666206612835,-0.006947273854166269
TCN,7,2026-01-02,0.0017745793586180468,-0.002854709979146719
TCN,7,2026-01-05,0.049212251505801795,-0.001112460158765316
TCN,7,2026-01-06,0.014411638803103236,-0.001392442500218749
TCN,7,2026-01-07,-0.03409949050896024,-0.0031563392840325832
TCN,7,2026-01-08,-0.010817465155150153,-0.006253963802009821
TCN,7,2026-01-09,0.018790451803464538,-0.007355052977800369
TCN,7,2026-01-12,0.021874933032647856,-0.0006958108860999346
TCN,7,2026-01-13,-0.002509469057374457,-0.006819983012974262
TCN,7,2026-01-14,0.006511423888848364,-0.004849873483181
TCN,7,2026-01-15,-0.01020329524776686,-0.00704078609123826
TCN,7,2026-01-16,-0.0271818592347448,0.0012100223684683442
TCN,7,2026-01-20,-0.002681326556787939,-0.004333333112299442
TCN,7,2026-01-21,-0.007563600184284361,-0.0017094623763114214
TCN,7,2026-01-22,0.0022663907619747447,-0.003794540651142597
TCN,7,2026-01-23,0.028920358078275955,-0.004588407464325428
TCN,7,2026-01-26,0.012274291330000235,-0.002068994799628854
TCN,7,2026-01-27,-0.026329633060980427,-0.0016051966231316328
TCN,7,2026-01-28,0.010920700845244964,-0.003228239482268691
TCN,7,2026-01-29,0.046909494425695066,-0.0023227958008646965
TCN,8,2026-01-30,-0.04614611810401607,-0.000634173396974802
TCN,8,2026-02-02,-0.01632724135572056,-0.0019442785996943712
TCN,8,2026-02-03,0.04400577841713017,-0.004196418449282646
TCN,8,2026-02-04,-0.0397915610591698,-0.0053766388446092606
TCN,8,2026-02-05,-0.004645243148040119,-0.011391310021281242
TCN,8,2026-02-06,0.011061263030683612,-0.005906770937144756
TCN,8,2026-02-09,0.013803843930585742,1.1642274330370128e-05
TCN,8,2026-02-10,-0.008276419658565643,-0.000608519185334444
TCN,8,2026-02-11,0.00894897896843896,-0.004715172108262777
TCN,8,2026-02-12,-0.030377758462980523,2.878843224607408e-05
TCN,8,2026-02-13,0.0037186207526305258,-0.0018675555475056171
TCN,8,2026-02-17,-0.02792183898914965,-0.0011914632050320506
TCN,8,2026-02-18,0.028094448608724638,-0.0005677482113242149
TCN,8,2026-02-19,-0.01102105618140487,-0.002326077315956354
TCN,8,2026-02-20,0.01747295267048268,-0.0025778822600841522
TCN,8,2026-02-23,-0.009996651615555126,-0.00048698860337026417
TCN,8,2026-02-24,0.02565121835476392,-0.0015202590730041265
TCN,8,2026-02-25,0.009493868339474848,-0.0013008120004087687
TCN,8,2026-02-26,-0.005450026589920928,-0.000733277527615428
TCN,8,2026-02-27,0.009622278291953983,-0.0010383513290435076
TCN,8,2026-03-02,-0.018489498291913743,-0.0008212003158405423
TCN,9,2026-03-03,-0.020741198751393842,0.0008392668096348643
TCN,9,2026-03-04,0.01401752384407531,0.0022904216311872005
TCN,9,2026-03-05,-0.01757458022170611,0.0016400516033172607
TCN,9,2026-03-06,0.0006950803071056875,0.002118856180459261
TCN,9,2026-03-09,0.007527605872309206,0.0010833676205947995
TCN,9,2026-03-10,0.01768594808097934,0.0008127850014716387
TCN,9,2026-03-11,-0.00995792118644709,0.001733512501232326
TCN,9,2026-03-12,-0.003598959893190912,0.0005858206422999501
TCN,9,2026-03-13,-0.019066377588966833,0.0016097641782835126
TCN,9,2026-03-16,0.013211876292665282,0.00043282422120682895
TCN,9,2026-03-17,-0.011114142119103089,0.0009698234498500824
TCN,9,2026-03-18,-0.030586158824142798,0.0008470616885460913
TCN,9,2026-03-19,-0.0220268873083426,0.001319813309237361
TCN,9,2026-03-20,-0.016797736235749178,0.0011944222496822476
TCN,9,2026-03-23,0.017993370747035806,0.0023650298826396465
TCN,9,2026-03-24,-0.003130129888579305,0.0002784041571430862
TCN,9,2026-03-25,0.019449943827491212,0.0004122527316212654
TCN,9,2026-03-26,-0.015033763846452861,0.003946629352867603
TCN,9,2026-03-27,0.0037568529861707256,-9.772757766768336e-05
TCN,9,2026-03-30,0.001644855466474539,0.002305275294929743
TCN,9,2026-03-31,0.020157100232811233,6.693246541544795e-05
TCN,10,2026-04-01,0.006511190388170775,0.0009969506645575166
TCN,10,2026-04-02,-0.010905599959187336,-0.00015806008013896644
TCN,10,2026-04-06,0.003678236070027349,0.002749277977272868
TCN,10,2026-04-07,-0.00700938080004491,-0.000176697300048545
TCN,10,2026-04-08,0.03804424731409376,0.0005653260741382837
TCN,10,2026-04-09,-0.001998676585020025,0.0001083045790437609
TCN,10,2026-04-10,0.021087830597987828,0.0013619762612506747
TCN,10,2026-04-13,0.01781159571001089,0.0020729119423776865
TCN,10,2026-04-14,0.015689537291392698,-0.00018613410065881908
TCN,10,2026-04-15,0.00024708745592178015,0.0006693406030535698
TCN,10,2026-04-16,-0.0009061811693833574,0.004514569416642189
TCN,10,2026-04-17,0.0060804956810176485,0.00559117179363966
TCN,10,2026-04-20,-0.011120855384533909,-0.0010117166675627232
TCN,10,2026-04-21,-0.005732044023659669,0.0012685733381658792
TCN,10,2026-04-22,0.019552618230260894,0.002193312393501401
TCN,10,2026-04-23,-0.007297785574562695,0.002507668687030673
TCN,10,2026-04-24,-0.00859581222512715,0.0024796200450509787
TCN,10,2026-04-27,-0.0009134808991143975,-0.00048730496200732887
TCN,10,2026-04-28,-0.01734799613390739,0.0001412250567227602
TCN,10,2026-04-29,-0.006105378262062169,0.0030365551356226206
TCN,10,2026-04-30,0.008047844376794507,0.001208469970151782
CNN LSTM,1,2025-07-02,0.019810456383350664,0.0014415998011827469
CNN LSTM,1,2025-07-03,-0.010150398354574054,0.0016722709406167269
CNN LSTM,1,2025-07-04,-0.015521100680582477,0.0014893085462972522
CNN LSTM,1,2025-07-07,-0.006797970921758149,0.001420812215656042
CNN LSTM,1,2025-07-08,0.12443711051778991,0.0017075205687433481
CNN LSTM,1,2025-07-09,-0.03634795017511664,0.0015657799085602164
CNN LSTM,1,2025-07-10,0.01901523296442158,0.0018800445832312107
CNN LSTM,1,2025-07-11,0.002520242449624556,0.001867433893494308
CNN LSTM,1,2025-07-14,-0.008486090965581885,0.0024353661574423313
CNN LSTM,1,2025-07-15,0.0056053193852702386,0.001573748653754592
CNN LSTM,1,2025-07-16,-0.008965419068541565,0.0019980426877737045
CNN LSTM,1,2025-07-17,-0.0019121251718409395,0.0009568866807967424
CNN LSTM,1,2025-07-18,0.016630897874152062,0.0022523710504174232
CNN LSTM,1,2025-07-21,0.005809515450518906,0.0017418498173356056
CNN LSTM,1,2025-07-22,0.01529990821973815,0.001961241941899061
CNN LSTM,1,2025-07-23,0.01705576477175168,0.0012816194212064147
CNN LSTM,1,2025-07-24,-0.003110981742288766,0.0015304298140108585
CNN LSTM,1,2025-07-25,-0.0023395420911621516,0.001322414493188262
CNN LSTM,1,2025-07-28,-0.02967166185911239,0.0012447820045053959
CNN LSTM,1,2025-07-29,0.0015180785029724258,0.0013824451016262174
CNN LSTM,1,2025-07-30,-0.005996298009491309,0.0020256824791431427
CNN LSTM,2,2025-07-31,-0.25171204689975507,-3.094132989645004e-05
CNN LSTM,2,2025-08-01,0.018758362788043485,-0.0008219770388677716
CNN LSTM,2,2025-08-04,0.0005664247692132296,-0.000196938868612051
CNN LSTM,2,2025-08-05,-0.011618793284061735,0.00036948127672076225
CNN LSTM,2,2025-08-06,0.006167912535331675,0.0007331327069550753
CNN LSTM,2,2025-08-07,-0.002850748171675486,0.0018098503351211548
CNN LSTM,2,2025-08-08,0.017433119829275943,0.001606813631951809
CNN LSTM,2,2025-08-11,-0.00720806458524645,-0.00020176742691546679
CNN LSTM,2,2025-08-12,0.019033274217507272,-0.00033025583252310753
CNN LSTM,2,2025-08-13,-0.005895178664802649,0.0011075509246438742
CNN LSTM,2,2025-08-14,-0.0039121324246721165,0.0022833477705717087
CNN LSTM,2,2025-08-15,0.0030193399399282292,0.0018232916481792927
CNN LSTM,2,2025-08-18,-0.00470071048434155,0.000593394972383976
CNN LSTM,2,2025-08-19,-0.010827956116400377,-2.0110979676246643e-05
CNN LSTM,2,2025-08-20,0.003848380140796914,0.0003048493526875973
CNN LSTM,2,2025-08-21,0.0012418493801091871,0.00047662691213190556
CNN LSTM,2,2025-08-22,0.003604074293522632,0.0002448044251650572
CNN LSTM,2,2025-08-25,0.004262868581374833,-0.00035474449396133423
CNN LSTM,2,2025-08-26,-0.0035886086139926654,-0.0006642111111432314
CNN LSTM,2,2025-08-27,-0.00812182105277228,-0.00017410516738891602
CNN LSTM,2,2025-08-28,0.011038585829641259,0.0005384744144976139
CNN LSTM,3,2025-08-29,0.0122468306693877,0.0006090127862989902
CNN LSTM,3,2025-09-02,0.0112237356170585,0.0005849867011420429
CNN LSTM,3,2025-09-03,-0.0024102020135148045,0.0005407929420471191
CNN LSTM,3,2025-09-04,-0.015586431517168008,0.0007876978488638997
CNN LSTM,3,2025-09-05,-0.0012262060033473832,0.0008974351221695542
CNN LSTM,3,2025-09-08,0.001783104664788798,0.00044241658179089427
CNN LSTM,3,2025-09-09,0.0023355300255342216,0.0005311450222507119
CNN LSTM,3,2025-09-10,0.010827696674733928,0.0008180509321391582
CNN LSTM,3,2025-09-11,0.008861649127066629,0.000718627474270761
CNN LSTM,3,2025-09-12,-0.00043574574458165135,0.0006377532845363021
CNN LSTM,3,2025-09-15,0.014496124151625057,0.0004397844895720482
CNN LSTM,3,2025-09-16,-0.004844718213337427,0.0007004586514085531
CNN LSTM,3,2025-09-17,-0.01347256315564885,0.0003256032650824636
CNN LSTM,3,2025-09-18,-0.00658479329356115,0.0007870482513681054
CNN LSTM,3,2025-09-19,0.006147083897539443,0.0006991602713242173
CNN LSTM,3,2025-09-22,0.0008751230140683835,0.0006778265815228224
CNN LSTM,3,2025-09-23,0.0025115780623503393,0.000650377303827554
CNN LSTM,3,2025-09-24,0.0359897946923935,0.0007515228353440762
CNN LSTM,3,2025-09-25,-0.011108339286396362,0.0004005228402093053
CNN LSTM,3,2025-09-26,0.0032924609806411808,0.0003159866901114583
CNN LSTM,3,2025-09-29,0.026266398390743108,0.00044398504542186856
CNN LSTM,4,2025-09-30,-0.007464320808828171,0.0002024119603447616
CNN LSTM,4,2025-10-01,0.005293001339195736,-0.0004444390069693327
CNN LSTM,4,2025-10-02,0.013876902206789601,0.0005769169074483216
CNN LSTM,4,2025-10-03,0.03214425535149481,7.504274253733456e-05
CNN LSTM,4,2025-10-06,-0.014136641324961854,0.0002648574882186949
CNN LSTM,4,2025-10-07,0.012157573009370483,-7.203011773526669e-05
CNN LSTM,4,2025-10-08,-0.00039624630372070505,-0.0005622183671221137
CNN LSTM,4,2025-10-09,0.005829193522269696,-2.571498043835163e-06
CNN LSTM,4,2025-10-10,-0.045755712154609496,-9.841135761234909e-05
CNN LSTM,4,2025-10-13,0.050669262739308656,-0.00048251551925204694
CNN LSTM,4,2025-10-14,-0.023808263054996025,-0.00019544028327800333
CNN LSTM,4,2025-10-15,-0.0017081338268076546,7.910351268947124e-05
CNN LSTM,4,2025-10-16,-0.002819727655700685,0.0003057342837564647
CNN LSTM,4,2025-10-17,-0.005359277641309777,0.0007815216085873544
CNN LSTM,4,2025-10-20,0.013394668513055687,-5.682770279236138e-05
CNN LSTM,4,2025-10-21,-0.013698908181214555,-9.151280391961336e-05
CNN LSTM,4,2025-10-22,0.0062683731636311866,0.00015823933063074946
CNN LSTM,4,2025-10-23,0.024097514963004135,0.0005095169181004167
CNN LSTM,4,2025-10-24,0.002260402648139722,0.0004408870590850711
CNN LSTM,4,2025-10-27,0.009185120348577347,0.00012976524885743856
CNN LSTM,4,2025-10-28,0.0,-0.00042100113932974637
CNN LSTM,5,2025-10-29,0.01792990668350266,-0.00016028014943003654
CNN LSTM,5,2025-10-30,-0.03016277423724716,0.0004965145490132272
CNN LSTM,5,2025-10-31,-0.002464690218088246,0.0005994344246573746
CNN LSTM,5,2025-11-03,-0.003658812833263493,0.00035226301406510174
CNN LSTM,5,2025-11-04,-0.024266670048338407,0.0004600242245942354
CNN LSTM,5,2025-11-05,0.007483036775056278,0.00015805501607246697
CNN LSTM,5,2025-11-06,-0.0035323091084347048,0.001239335397258401
CNN LSTM,5,2025-11-07,-0.0015176195049082092,0.0006219704519025981
CNN LSTM,5,2025-11-10,0.029727812977192947,0.0007115783519111574
CNN LSTM,5,2025-11-11,-0.007597063291670923,0.0003239442012272775
CNN LSTM,5,2025-11-12,0.00808840261445958,0.0006209771963767707
CNN LSTM,5,2025-11-13,-0.00039301465230442604,0.0009632558794692159
CNN LSTM,5,2025-11-14,-0.007497343296060943,0.0013363714097067714
CNN LSTM,5,2025-11-17,-0.009851313783992953,0.0003121221670880914
CNN LSTM,5,2025-11-18,-0.007528247203173337,0.0002523568400647491
CNN LSTM,5,2025-11-19,0.009126948000411297,0.0007097205962054431
CNN LSTM,5,2025-11-20,-0.009731717101725797,0.0007684726733714342
CNN LSTM,5,2025-11-21,0.009831592742830271,0.00030383217381313443
CNN LSTM,5,2025-11-24,-0.009327625128735287,0.0005076040397398174
CNN LSTM,5,2025-11-25,0.007529003250223698,0.0004428892279975116
CNN LSTM,5,2025-11-26,0.02078460076161925,0.0006553021958097816
CNN LSTM,6,2025-11-28,0.015743829246684975,0.0006984176579862833
CNN LSTM,6,2025-12-01,0.006439489345742295,0.0007790829986333847
CNN LSTM,6,2025-12-02,-0.011175470790599912,0.0009186581009998918
CNN LSTM,6,2025-12-03,0.028084817441979566,0.0007943877717480063
CNN LSTM,6,2025-12-04,-0.003113356145866483,0.0010511387372389436
CNN LSTM,6,2025-12-05,0.016958269780918606,0.0002278920146636665
CNN LSTM,6,2025-12-08,-0.0032568630065428986,0.0007380550960078835
CNN LSTM,6,2025-12-09,-0.023386275095255215,0.0010103583335876465
CNN LSTM,6,2025-12-10,0.006656519081847274,0.0009646625258028507
CNN LSTM,6,2025-12-11,0.028313075901739357,0.0012446318287402391
CNN LSTM,6,2025-12-12,-0.02679770979515132,0.0010553071042522788
CNN LSTM,6,2025-12-15,0.01035592520255418,-0.00014862790703773499
CNN LSTM,6,2025-12-16,-0.009693707758661334,0.00029910594457760453
CNN LSTM,6,2025-12-17,0.014365757938624598,0.00026508315932005644
CNN LSTM,6,2025-12-18,0.0005591393541615224,0.0012597994646057487
CNN LSTM,6,2025-12-19,0.013511209772042312,0.0010080497013404965
CNN LSTM,6,2025-12-22,-0.0003677218149657127,0.0003213788731954992
CNN LSTM,6,2025-12-23,0.00705548036007015,0.000696294941008091
CNN LSTM,6,2025-12-24,0.0041004274057811025,0.00015633378643542528
CNN LSTM,6,2025-12-26,0.04759000584167537,3.0248076654970646e-05
CNN LSTM,6,2025-12-29,-0.04904598883016795,0.00047620036639273167
CNN LSTM,7,2025-12-30,0.042259807493034214,-0.0008132437942549586
CNN LSTM,7,2025-12-31,-0.017169666206612835,-0.0001594103523530066
CNN LSTM,7,2026-01-02,0.0017745793586180468,-8.331879507750273e-05
CNN LSTM,7,2026-01-05,0.049212251505801795,7.89965852163732e-05
CNN LSTM,7,2026-01-06,0.014411638803103236,0.00022846049978397787
CNN LSTM,7,2026-01-07,-0.03409949050896024,-0.0002708551473915577
CNN LSTM,7,2026-01-08,-0.010817465155150153,0.00020554856746457517
CNN LSTM,7,2026-01-09,0.018790451803464538,-9.380519622936845e-05
CNN LSTM,7,2026-01-12,0.021874933032647856,0.0001348160149063915
CNN LSTM,7,2026-01-13,-0.002509469057374457,-0.00016290982603095472
CNN LSTM,7,2026-01-14,0.006511423888848364,0.0003011609660461545
CNN LSTM,7,2026-01-15,-0.01020329524776686,0.0003280064556747675
CNN LSTM,7,2026-01-16,-0.0271818592347448,0.00043008715147152543
CNN LSTM,7,2026-01-20,-0.002681326556787939,-0.0009148275130428374
CNN LSTM,7,2026-01-21,-0.007563600184284361,-0.0008340475033037364
CNN LSTM,7,2026-01-22,0.0022663907619747447,0.00023245610645972192
CNN LSTM,7,2026-01-23,0.028920358078275955,0.000645201129373163
CNN LSTM,7,2026-01-26,0.012274291330000235,0.0004748195642605424
CNN LSTM,7,2026-01-27,-0.026329633060980427,0.00010099654900841415
CNN LSTM,7,2026-01-28,0.010920700845244964,-0.0001220789272338152
CNN LSTM,7,2026-01-29,0.046909494425695066,-0.0017365020466968417
CNN LSTM,8,2026-01-30,-0.04614611810401607,-0.00077585328835994
CNN LSTM,8,2026-02-02,-0.01632724135572056,0.0030621755868196487
CNN LSTM,8,2026-02-03,0.04400577841713017,-0.0011080210097134113
CNN LSTM,8,2026-02-04,-0.0397915610591698,-0.0005517441313713789
CNN LSTM,8,2026-02-05,-0.004645243148040119,-0.000269850977929309
CNN LSTM,8,2026-02-06,0.011061263030683612,-0.00016869584214873612
CNN LSTM,8,2026-02-09,0.013803843930585742,-0.0013256095116958022
CNN LSTM,8,2026-02-10,-0.008276419658565643,-0.0007558019133284688
CNN LSTM,8,2026-02-11,0.00894897896843896,-0.0005209270166233182
CNN LSTM,8,2026-02-12,-0.030377758462980523,-4.87953657284379e-05
CNN LSTM,8,2026-02-13,0.0037186207526305258,-0.0001556738279759884
CNN LSTM,8,2026-02-17,-0.02792183898914965,-0.0004447835963219404
CNN LSTM,8,2026-02-18,0.028094448608724638,-0.0002624333428684622
CNN LSTM,8,2026-02-19,-0.01102105618140487,0.00022507167886942625
CNN LSTM,8,2026-02-20,0.01747295267048268,6.400147685781121e-05
CNN LSTM,8,2026-02-23,-0.009996651615555126,-0.00010390940587967634
CNN LSTM,8,2026-02-24,0.02565121835476392,4.013709258288145e-05
CNN LSTM,8,2026-02-25,0.009493868339474848,0.00018435664242133498
CNN LSTM,8,2026-02-26,-0.005450026589920928,0.00045479839900508523
CNN LSTM,8,2026-02-27,0.009622278291953983,1.2658885680139065e-05
CNN LSTM,8,2026-03-02,-0.018489498291913743,-8.679035818204284e-05
CNN LSTM,9,2026-03-03,-0.020741198751393842,0.0008434515912085772
CNN LSTM,9,2026-03-04,0.01401752384407531,0.0003193040902260691
CNN LSTM,9,2026-03-05,-0.01757458022170611,0.0014402077067643404
CNN LSTM,9,2026-03-06,0.0006950803071056875,0.000316241174004972
CNN LSTM,9,2026-03-09,0.007527605872309206,0.0007788431830704212
CNN LSTM,9,2026-03-10,0.01768594808097934,0.0007961089140735567
CNN LSTM,9,2026-03-11,-0.00995792118644709,0.002160261385142803
CNN LSTM,9,2026-03-12,-0.003598959893190912,0.002318838145583868
CNN LSTM,9,2026-03-13,-0.019066377588966833,0.001530681038275361
CNN LSTM,9,2026-03-16,0.013211876292665282,0.0009711263701319695
CNN LSTM,9,2026-03-17,-0.011114142119103089,0.0007110392325557768
CNN LSTM,9,2026-03-18,-0.030586158824142798,0.0004785839410033077
CNN LSTM,9,2026-03-19,-0.0220268873083426,0.0012234564637765288
CNN LSTM,9,2026-03-20,-0.016797736235749178,0.0010775965638458729
CNN LSTM,9,2026-03-23,0.017993370747035806,0.0002751520078163594
CNN LSTM,9,2026-03-24,-0.003130129888579305,0.0002713007270358503
CNN LSTM,9,2026-03-25,0.019449943827491212,0.0005937181995250285
CNN LSTM,9,2026-03-26,-0.015033763846452861,0.001995070604607463
CNN LSTM,9,2026-03-27,0.0037568529861707256,0.002125044818967581
CNN LSTM,9,2026-03-30,0.001644855466474539,0.0006495874840766191
CNN LSTM,9,2026-03-31,0.020157100232811233,0.0006904288311488926
CNN LSTM,10,2026-04-01,0.006511190388170775,-0.00352026941254735
CNN LSTM,10,2026-04-02,-0.010905599959187336,-0.004210981074720621
CNN LSTM,10,2026-04-06,0.003678236070027349,-0.00422478886321187
CNN LSTM,10,2026-04-07,-0.00700938080004491,-0.003423111978918314
CNN LSTM,10,2026-04-08,0.03804424731409376,-0.0054287235252559185
CNN LSTM,10,2026-04-09,-0.001998676585020025,-0.004693109076470137
CNN LSTM,10,2026-04-10,0.021087830597987828,-0.0039668302051723
CNN LSTM,10,2026-04-13,0.01781159571001089,-0.0031899460591375828
CNN LSTM,10,2026-04-14,0.015689537291392698,-0.003097060602158308
CNN LSTM,10,2026-04-15,0.00024708745592178015,-0.0043861703015863895
CNN LSTM,10,2026-04-16,-0.0009061811693833574,-0.004024013411253691
CNN LSTM,10,2026-04-17,0.0060804956810176485,-0.004288751166313887
CNN LSTM,10,2026-04-20,-0.011120855384533909,-0.00384827284142375
CNN LSTM,10,2026-04-21,-0.005732044023659669,-0.003413491416722536
CNN LSTM,10,2026-04-22,0.019552618230260894,-0.004127209540456533
CNN LSTM,10,2026-04-23,-0.007297785574562695,-0.0034120422787964344
CNN LSTM,10,2026-04-24,-0.00859581222512715,-0.0038330289535224438
CNN LSTM,10,2026-04-27,-0.0009134808991143975,-0.004384670872241259
CNN LSTM,10,2026-04-28,-0.01734799613390739,-0.0018415502272546291
CNN LSTM,10,2026-04-29,-0.006105378262062169,-0.004479362163692713
CNN LSTM,10,2026-04-30,0.008047844376794507,-0.0034315544180572033
