Model,Strategy,Date,w,y
Random Walk,static,2025-07-02,0.0,0.0
Random Walk,static,2025-07-03,0.0,-0.0
Random Walk,static,2025-07-04,0.0,0.0
Random Walk,static,2025-07-07,0.0,-0.0
Random Walk,static,2025-07-08,0.0,0.0
Random Walk,static,2025-07-09,0.0,-0.0
Random Walk,static,2025-07-10,0.0,0.0
Random Walk,static,2025-07-11,0.0,0.0
Random Walk,static,2025-07-14,0.0,-0.0
Random Walk,static,2025-07-15,0.0,-0.0
Random Walk,static,2025-07-16,0.0,0.0
Random Walk,static,2025-07-17,0.0,0.0
Random Walk,static,2025-07-18,0.0,-0.0
Random Walk,static,2025-07-21,0.0,0.0
Random Walk,static,2025-07-22,0.0,-0.0
Random Walk,static,2025-07-23,0.0,-0.0
Random Walk,static,2025-07-24,0.0,-0.0
Random Walk,static,2025-07-25,0.0,-0.0
Random Walk,static,2025-07-28,0.0,-0.0
Random Walk,static,2025-07-29,0.0,-0.0
Random Walk,static,2025-07-30,0.0,-0.0
Random Walk,static,2025-07-31,0.0,-0.0
Random Walk,static,2025-08-01,0.0,0.0
Random Walk,static,2025-08-04,0.0,0.0
Random Walk,static,2025-08-05,0.0,-0.0
Random Walk,static,2025-08-06,0.0,0.0
Random Walk,static,2025-08-07,0.0,0.0
Random Walk,static,2025-08-08,0.0,-0.0
Random Walk,static,2025-08-11,0.0,0.0
Random Walk,static,2025-08-12,0.0,0.0
Random Walk,static,2025-08-13,0.0,-0.0
Random Walk,static,2025-08-14,0.0,0.0
Random Walk,static,2025-08-15,0.0,-0.0
Random Walk,static,2025-08-18,0.0,-0.0
Random Walk,static,2025-08-19,0.0,-0.0
Random Walk,static,2025-08-20,0.0,0.0
Random Walk,static,2025-08-21,0.0,0.0
Random Walk,static,2025-08-22,0.0,0.0
Random Walk,static,2025-08-25,0.0,-0.0
Random Walk,static,2025-08-26,0.0,0.0
Random Walk,static,2025-08-27,0.0,-0.0
Random Walk,static,2025-08-28,0.0,0.0
Random Walk,static,2025-08-29,0.0,0.0
Random Walk,static,2025-09-02,0.0,0.0
Random Walk,static,2025-09-03,0.0,0.0
Random Walk,static,2025-09-04,0.0,-0.0
Random Walk,static,2025-09-05,0.0,0.0
Random Walk,static,2025-09-08,0.0,-0.0
Random Walk,static,2025-09-09,0.0,-0.0
Random Walk,static,2025-09-10,0.0,0.0
Random Walk,static,2025-09-11,0.0,0.0
Random Walk,static,2025-09-12,0.0,0.0
Random Walk,static,2025-09-15,0.0,0.0
Random Walk,static,2025-09-16,0.0,-0.0
Random Walk,static,2025-09-17,0.0,-0.0
Random Walk,static,2025-09-18,0.0,0.0
Random Walk,static,2025-09-19,0.0,0.0
Random Walk,static,2025-09-22,0.0,0.0
Random Walk,static,2025-09-23,0.0,0.0
Random Walk,static,2025-09-24,0.0,-0.0
Random Walk,static,2025-09-25,0.0,0.0
Random Walk,static,2025-09-26,0.0,0.0
Random Walk,static,2025-09-29,0.0,0.0
Random Walk,static,2025-09-30,0.0,-0.0
Random Walk,static,2025-10-01,0.0,-0.0
Random Walk,static,2025-10-02,0.0,-0.0
Random Walk,static,2025-10-03,0.0,0.0
Random Walk,static,2025-10-06,0.0,0.0
Random Walk,static,2025-10-07,0.0,-0.0
Random Walk,static,2025-10-08,0.0,0.0
Random Walk,static,2025-10-09,0.0,-0.0
Random Walk,static,2025-10-10,0.0,-0.0
Random Walk,static,2025-10-13,0.0,0.0
Random Walk,static,2025-10-14,0.0,-0.0
Random Walk,static,2025-10-15,0.0,0.0
Random Walk,static,2025-10-16,0.0,0.0
Random Walk,static,2025-10-17,0.0,-0.0
Random Walk,static,2025-10-20,0.0,0.0
Random Walk,static,2025-10-21,0.0,-0.0
Random Walk,static,2025-10-22,0.0,0.0
Random Walk,static,2025-10-23,0.0,0.0
Random Walk,static,2025-10-24,0.0,0.0
Random Walk,static,2025-10-27,0.0,-0.0
Random Walk,static,2025-10-28,0.0,-0.0
Random Walk,static,2025-10-29,0.0,0.0
Random Walk,static,2025-10-30,0.0,0.0
Random Walk,static,2025-10-31,0.0,-0.0
Random Walk,static,2025-11-03,0.0,0.0
Random Walk,static,2025-11-04,0.0,-0.0
Random Walk,static,2025-11-05,0.0,0.0
Random Walk,static,2025-11-06,0.0,-0.0
Random Walk,static,2025-11-07,0.0,0.0
Random Walk,static,2025-11-10,0.0,0.0
Random Walk,static,2025-11-11,0.0,-0.0
Random Walk,static,2025-11-12,0.0,0.0
Random Walk,static,2025-11-13,0.0,-0.0
Random Walk,static,2025-11-14,0.0,-0.0
Random Walk,static,2025-11-17,0.0,-0.0
Random Walk,static,2025-11-18,0.0,-0.0
Random Walk,static,2025-11-19,0.0,0.0
Random Walk,static,2025-11-20,0.0,-0.0
Random Walk,static,2025-11-21,0.0,0.0
Random Walk,static,2025-11-24,0.0,0.0
Random Walk,static,2025-11-25,0.0,0.0
Random Walk,static,2025-11-26,0.0,0.0
Random Walk,static,2025-11-28,0.0,0.0
Random Walk,static,2025-12-01,0.0,-0.0
Random Walk,static,2025-12-02,0.0,-0.0
Random Walk,static,2025-12-03,0.0,0.0
Random Walk,static,2025-12-04,0.0,-0.0
Random Walk,static,2025-12-05,0.0,0.0
Random Walk,static,2025-12-08,0.0,0.0
Random Walk,static,2025-12-09,0.0,0.0
Random Walk,static,2025-12-10,0.0,-0.0
Random Walk,static,2025-12-11,0.0,0.0
Random Walk,static,2025-12-12,0.0,0.0
Random Walk,static,2025-12-15,0.0,0.0
Random Walk,static,2025-12-16,0.0,0.0
Random Walk,static,2025-12-17,0.0,0.0
Random Walk,static,2025-12-18,0.0,0.0
Random Walk,static,2025-12-19,0.0,0.0
Random Walk,static,2025-12-22,0.0,0.0
Random Walk,static,2025-12-23,0.0,0.0
Random Walk,static,2025-12-24,0.0,-0.0
Random Walk,static,2025-12-26,0.0,0.0
Random Walk,static,2025-12-29,0.0,-0.0
Random Walk,static,2025-12-30,0.0,0.0
Random Walk,static,2025-12-31,0.0,-0.0
Random Walk,static,2026-01-02,0.0,0.0
Random Walk,static,2026-01-05,0.0,0.0
Random Walk,static,2026-01-06,0.0,0.0
Random Walk,static,2026-01-07,0.0,-0.0
Random Walk,static,2026-01-08,0.0,-0.0
Random Walk,static,2026-01-09,0.0,0.0
Random Walk,static,2026-01-12,0.0,0.0
Random Walk,static,2026-01-13,0.0,-0.0
Random Walk,static,2026-01-14,0.0,0.0
Random Walk,static,2026-01-15,0.0,0.0
Random Walk,static,2026-01-16,0.0,-0.0
Random Walk,static,2026-01-20,0.0,0.0
Random Walk,static,2026-01-21,0.0,0.0
Random Walk,static,2026-01-22,0.0,0.0
Random Walk,static,2026-01-23,0.0,0.0
Random Walk,static,2026-01-26,0.0,0.0
Random Walk,static,2026-01-27,0.0,-0.0
Random Walk,static,2026-01-28,0.0,0.0
Random Walk,static,2026-01-29,0.0,-0.0
Random Walk,static,2026-01-30,0.0,-0.0
Random Walk,static,2026-02-02,0.0,-0.0
Random Walk,static,2026-02-03,0.0,0.0
Random Walk,static,2026-02-04,0.0,-0.0
Random Walk,static,2026-02-05,0.0,-0.0
Random Walk,static,2026-02-06,0.0,0.0
Random Walk,static,2026-02-09,0.0,0.0
Random Walk,static,2026-02-10,0.0,-0.0
Random Walk,static,2026-02-11,0.0,0.0
Random Walk,static,2026-02-12,0.0,-0.0
Random Walk,static,2026-02-13,0.0,0.0
Random Walk,static,2026-02-17,0.0,-0.0
Random Walk,static,2026-02-18,0.0,0.0
Random Walk,static,2026-02-19,0.0,-0.0
Random Walk,static,2026-02-20,0.0,0.0
Random Walk,static,2026-02-23,0.0,-0.0
Random Walk,static,2026-02-24,0.0,0.0
Random Walk,static,2026-02-25,0.0,0.0
Random Walk,static,2026-02-26,0.0,-0.0
Random Walk,static,2026-02-27,0.0,0.0
Random Walk,static,2026-03-02,0.0,-0.0
Random Walk,static,2026-03-03,0.0,-0.0
Random Walk,static,2026-03-04,0.0,0.0
Random Walk,static,2026-03-05,0.0,-0.0
Random Walk,static,2026-03-06,0.0,0.0
Random Walk,static,2026-03-09,0.0,0.0
Random Walk,static,2026-03-10,0.0,0.0
Random Walk,static,2026-03-11,0.0,-0.0
Random Walk,static,2026-03-12,0.0,-0.0
Random Walk,static,2026-03-13,0.0,-0.0
Random Walk,static,2026-03-16,0.0,0.0
Random Walk,static,2026-03-17,0.0,0.0
Random Walk,static,2026-03-18,0.0,-0.0
Random Walk,static,2026-03-19,0.0,-0.0
Random Walk,static,2026-03-20,0.0,0.0
Random Walk,static,2026-03-23,0.0,-0.0
Random Walk,static,2026-03-24,0.0,0.0
Random Walk,static,2026-03-25,0.0,0.0
Random Walk,static,2026-03-26,0.0,-0.0
Random Walk,static,2026-03-27,0.0,0.0
Random Walk,static,2026-03-30,0.0,0.0
Random Walk,static,2026-03-31,0.0,0.0
Random Walk,static,2026-04-01,0.0,0.0
Random Walk,static,2026-04-02,0.0,-0.0
Random Walk,static,2026-04-06,0.0,-0.0
Random Walk,static,2026-04-07,0.0,-0.0
Random Walk,static,2026-04-08,0.0,0.0
Random Walk,static,2026-04-09,0.0,0.0
Random Walk,static,2026-04-10,0.0,-0.0
Random Walk,static,2026-04-13,0.0,0.0
Random Walk,static,2026-04-14,0.0,0.0
Random Walk,static,2026-04-15,0.0,0.0
Random Walk,static,2026-04-16,0.0,-0.0
Random Walk,static,2026-04-17,0.0,0.0
Random Walk,static,2026-04-20,0.0,-0.0
Random Walk,static,2026-04-21,0.0,-0.0
Random Walk,static,2026-04-22,0.0,0.0
Random Walk,static,2026-04-23,0.0,-0.0
Random Walk,static,2026-04-24,0.0,-0.0
Random Walk,static,2026-04-27,0.0,-0.0
Random Walk,static,2026-04-28,0.0,-0.0
Random Walk,static,2026-04-29,0.0,-0.0
Random Walk,static,2026-04-30,0.0,0.0
ARMA,static,2025-07-02,1.0,0.05569907439160081
ARMA,static,2025-07-03,-1.0,0.034282758620689614
ARMA,static,2025-07-04,-1.0,-0.007653061224489832
ARMA,static,2025-07-07,-1.0,0.014972839907323676
ARMA,static,2025-07-08,1.0,0.010667914691696789
ARMA,static,2025-07-09,-1.0,0.004158564656697816
ARMA,static,2025-07-10,1.0,0.017529497490861058
ARMA,static,2025-07-11,-1.0,-0.04113481581945113
ARMA,static,2025-07-14,1.0,-0.03621931737474173
ARMA,static,2025-07-15,-1.0,0.0031578276315149313
ARMA,static,2025-07-16,-1.0,-0.015842276405690026
ARMA,static,2025-07-17,1.0,0.02612139543485801
ARMA,static,2025-07-18,-1.0,0.01073235983715568
ARMA,static,2025-07-21,-1.0,-0.027250574328727906
ARMA,static,2025-07-22,-1.0,0.008256040857414937
ARMA,static,2025-07-23,1.0,-0.01916966825528834
ARMA,static,2025-07-24,-1.0,0.008911759081065318
ARMA,static,2025-07-25,-1.0,0.012073530441274016
ARMA,static,2025-07-28,-1.0,0.0023447838360659556
ARMA,static,2025-07-29,-1.0,7.120261211868151e-05
ARMA,static,2025-07-30,1.0,-0.031040490618322612
ARMA,static,2025-07-31,-1.0,0.05440419594622845
ARMA,static,2025-08-01,-1.0,-0.01368157280155069
ARMA,static,2025-08-04,1.0,0.01697793283287006
ARMA,static,2025-08-05,1.0,-0.006936122642376752
ARMA,static,2025-08-06,1.0,0.006680875458806357
ARMA,static,2025-08-07,1.0,0.010482673012113475
ARMA,static,2025-08-08,1.0,-0.010672474488817474
ARMA,static,2025-08-11,1.0,0.0032438510163854684
ARMA,static,2025-08-12,-1.0,-0.009223234664039537
ARMA,static,2025-08-13,1.0,-0.007950222985951293
ARMA,static,2025-08-14,1.0,0.0141194508660345
ARMA,static,2025-08-15,-1.0,0.011649218263663585
ARMA,static,2025-08-18,1.0,-0.006120725567686857
ARMA,static,2025-08-19,-1.0,0.017969462562083184
ARMA,static,2025-08-20,1.0,0.024141511159736263
ARMA,static,2025-08-21,-1.0,-0.013093516620595902
ARMA,static,2025-08-22,1.0,0.0029084024526086828
ARMA,static,2025-08-25,-1.0,0.017359427769977877
ARMA,static,2025-08-26,-1.0,-0.008110580524284483
ARMA,static,2025-08-27,-1.0,0.0007449344322207896
ARMA,static,2025-08-28,1.0,0.010982346598325176
ARMA,static,2025-08-29,-1.0,-0.00705633042643885
ARMA,static,2025-09-02,1.0,0.02916230437867482
ARMA,static,2025-09-03,-1.0,-0.030645244893461564
ARMA,static,2025-09-04,1.0,-0.05363091655289811
ARMA,static,2025-09-05,-1.0,-0.007857526527058645
ARMA,static,2025-09-08,-1.0,0.0006513008435635737
ARMA,static,2025-09-09,1.0,-0.009976940558089753
ARMA,static,2025-09-10,-1.0,-0.018923012266311566
ARMA,static,2025-09-11,1.0,0.0015948165382879465
ARMA,static,2025-09-12,1.0,0.008528037986138992
ARMA,static,2025-09-15,-1.0,-0.004108192858075976
ARMA,static,2025-09-16,1.0,-0.010321778265782533
ARMA,static,2025-09-17,-1.0,0.018248372419109794
ARMA,static,2025-09-18,-1.0,-0.017993788971217617
ARMA,static,2025-09-19,-1.0,-0.012093905910119496
ARMA,static,2025-09-22,1.0,0.006446328232498222
ARMA,static,2025-09-23,-1.0,-0.05674281292468877
ARMA,static,2025-09-24,1.0,-0.013296630641775687
ARMA,static,2025-09-25,1.0,0.031121556868895173
ARMA,static,2025-09-26,-1.0,-0.034171386724217066
ARMA,static,2025-09-29,1.0,0.016606784909896956
ARMA,static,2025-09-30,1.0,-0.015548333121703362
ARMA,static,2025-10-01,1.0,-0.009276758423803044
ARMA,static,2025-10-02,-1.0,0.003685582197002746
ARMA,static,2025-10-03,-1.0,-0.0354904708192012
ARMA,static,2025-10-06,1.0,0.009433777012004074
ARMA,static,2025-10-07,1.0,-0.005076792895088333
ARMA,static,2025-10-08,1.0,0.03159967120714313
ARMA,static,2025-10-09,1.0,-0.026162112284900174
ARMA,static,2025-10-10,1.0,-0.020439400840261523
ARMA,static,2025-10-13,-1.0,-0.04324368496020805
ARMA,static,2025-10-14,-1.0,0.008684715028766887
ARMA,static,2025-10-15,1.0,0.008017011531960638
ARMA,static,2025-10-16,-1.0,-0.03987164569981407
ARMA,static,2025-10-17,1.0,-0.07663090306066558
ARMA,static,2025-10-20,1.0,0.020345737123193652
ARMA,static,2025-10-21,-1.0,0.07986607282361266
ARMA,static,2025-10-22,1.0,0.021076595744680772
ARMA,static,2025-10-23,-1.0,-0.033793734105427985
ARMA,static,2025-10-24,1.0,0.003768284785214715
ARMA,static,2025-10-27,1.0,-0.009724574793013141
ARMA,static,2025-10-28,1.0,-0.0008869896049210624
ARMA,static,2025-10-29,-1.0,-0.009267881311429993
ARMA,static,2025-10-30,1.0,0.010483088970253828
ARMA,static,2025-10-31,1.0,-0.023938319238411165
ARMA,static,2025-11-03,1.0,0.0026754688758039435
ARMA,static,2025-11-04,-1.0,0.01993974026167409
ARMA,static,2025-11-05,1.0,0.007061849716198255
ARMA,static,2025-11-06,-1.0,0.016021404037254584
ARMA,static,2025-11-07,1.0,0.006997539520092723
ARMA,static,2025-11-10,-1.0,-0.033851611196431784
ARMA,static,2025-11-11,1.0,-0.0012684125434977655
ARMA,static,2025-11-12,1.0,0.020699650125015623
ARMA,static,2025-11-13,-1.0,0.01114193667031802
ARMA,static,2025-11-14,1.0,-0.030563534198447727
ARMA,static,2025-11-17,-1.0,0.005908539286438064
ARMA,static,2025-11-18,-1.0,0.0003234780460599218
ARMA,static,2025-11-19,1.0,0.0009002286408940965
ARMA,static,2025-11-20,1.0,-0.02631073282037344
ARMA,static,2025-11-21,1.0,0.005045875649070997
ARMA,static,2025-11-24,-1.0,-0.01915887848206401
ARMA,static,2025-11-25,1.0,0.009135510154983683
ARMA,static,2025-11-26,1.0,0.014130644007330995
ARMA,static,2025-11-28,1.0,0.06257516323395951
ARMA,static,2025-12-01,1.0,-0.004529996904767741
ARMA,static,2025-12-02,1.0,-0.015627792328288925
ARMA,static,2025-12-03,-1.0,-0.007803406326033957
ARMA,static,2025-12-04,-1.0,0.0012677184340099679
ARMA,static,2025-12-05,-1.0,-0.00036265448324690475
ARMA,static,2025-12-08,-1.0,-0.0
ARMA,static,2025-12-09,-1.0,-0.024229592499055874
ARMA,static,2025-12-10,-1.0,0.03144352989527277
ARMA,static,2025-12-11,1.0,0.03999977953290299
ARMA,static,2025-12-12,-1.0,-0.02906750518109049
ARMA,static,2025-12-15,1.0,0.030190999462768243
ARMA,static,2025-12-16,-1.0,-0.03311906964150093
ARMA,static,2025-12-17,-1.0,-0.03347413314965908
ARMA,static,2025-12-18,-1.0,-0.011796993534511246
ARMA,static,2025-12-19,-1.0,-0.02950649510195613
ARMA,static,2025-12-22,-1.0,-0.03516791702032007
ARMA,static,2025-12-23,-1.0,-0.09500959692898281
ARMA,static,2025-12-24,-1.0,0.017353241742440795
ARMA,static,2025-12-26,-1.0,-0.1004727339635727
ARMA,static,2025-12-29,-1.0,0.14705997873502163
ARMA,static,2025-12-30,1.0,0.06037582527660399
ARMA,static,2025-12-31,-1.0,0.08820818192068874
ARMA,static,2026-01-02,1.0,0.044626714756389886
ARMA,static,2026-01-05,-1.0,-0.06784832861234705
ARMA,static,2026-01-06,1.0,0.07228292575457138
ARMA,static,2026-01-07,1.0,-0.07419888975195155
ARMA,static,2026-01-08,1.0,-0.0007543939138839884
ARMA,static,2026-01-09,-1.0,-0.012013340246513038
ARMA,static,2026-01-12,-1.0,-0.03568452226911156
ARMA,static,2026-01-13,1.0,-0.011134076860630638
ARMA,static,2026-01-14,1.0,0.014268595480082302
ARMA,static,2026-01-15,-1.0,-0.009874243335304756
ARMA,static,2026-01-16,1.0,-0.03626692517651677
ARMA,static,2026-01-20,1.0,0.05543013649853523
ARMA,static,2026-01-21,-1.0,-0.02031100240335173
ARMA,static,2026-01-22,1.0,0.032617347883081106
ARMA,static,2026-01-23,1.0,0.06257320859270532
ARMA,static,2026-01-26,1.0,0.04786738180557326
ARMA,static,2026-01-27,1.0,-0.11891738984185296
ARMA,static,2026-01-28,1.0,0.036805666798166436
ARMA,static,2026-01-29,-1.0,0.002985343279602182
ARMA,static,2026-01-30,1.0,-0.1906211411840454
ARMA,static,2026-02-02,1.0,-0.0044226976470291834
ARMA,static,2026-02-03,-1.0,-0.0489700490357057
ARMA,static,2026-02-04,1.0,-0.015184580534267212
ARMA,static,2026-02-05,1.0,-0.046747054976740254
ARMA,static,2026-02-06,1.0,0.015376382261483856
ARMA,static,2026-02-09,-1.0,-0.007652277815766629
ARMA,static,2026-02-10,1.0,-0.0084032365160023
ARMA,static,2026-02-11,-1.0,-0.022336069289431236
ARMA,static,2026-02-12,-1.0,0.05795402404383865
ARMA,static,2026-02-13,1.0,0.0282011674140392
ARMA,static,2026-02-17,-1.0,0.02814103541701172
ARMA,static,2026-02-18,1.0,0.04645833656832308
ARMA,static,2026-02-19,-1.0,0.02073612588310323
ARMA,static,2026-02-20,1.0,0.05187772865290794
ARMA,static,2026-02-23,-1.0,0.010538834563525867
ARMA,static,2026-02-24,1.0,0.01596669627808376
ARMA,static,2026-02-25,-1.0,-0.0664509713127224
ARMA,static,2026-02-26,1.0,-0.04100673482083863
ARMA,static,2026-02-27,1.0,0.06047435757261144
ARMA,static,2026-03-02,-1.0,0.02250045362515172
ARMA,static,2026-03-03,1.0,-0.10275627991300954
ARMA,static,2026-03-04,1.0,0.03850968790408427
ARMA,static,2026-03-05,-1.0,0.011263290356711341
ARMA,static,2026-03-06,1.0,0.0056215503961267515
ARMA,static,2026-03-09,-1.0,-0.012896133566260537
ARMA,static,2026-03-10,1.0,0.029943758941751254
ARMA,static,2026-03-11,-1.0,0.013222818791946289
ARMA,static,2026-03-12,1.0,-0.020608163265306144
ARMA,static,2026-03-13,1.0,-0.05712964093243644
ARMA,static,2026-03-16,1.0,0.025974675954144155
ARMA,static,2026-03-17,-1.0,-0.020444100898839433
ARMA,static,2026-03-18,1.0,-0.03763317712746652
ARMA,static,2026-03-19,1.0,-0.05497078402930067
ARMA,static,2026-03-20,1.0,0.016192257221895545
ARMA,static,2026-03-23,-1.0,0.05577276368838666
ARMA,static,2026-03-24,1.0,0.016840235628571933
ARMA,static,2026-03-25,-1.0,-0.017747542902682344
ARMA,static,2026-03-26,1.0,-0.04533811788269251
ARMA,static,2026-03-27,1.0,0.017570541206481938
ARMA,static,2026-03-30,-1.0,-0.008218817596371131
ARMA,static,2026-03-31,1.0,0.03375359845560606
ARMA,static,2026-04-01,-1.0,-0.010097460937499992
ARMA,static,2026-04-02,1.0,-0.0029928704938959826
ARMA,static,2026-04-06,-1.0,0.002651663874635202
ARMA,static,2026-04-07,1.0,-0.01506057415562847
ARMA,static,2026-04-08,1.0,0.06298280213984708
ARMA,static,2026-04-09,-1.0,-0.02263245772424185
ARMA,static,2026-04-10,1.0,-0.02285572726677789
ARMA,static,2026-04-13,1.0,0.006197818831008339
ARMA,static,2026-04-14,-1.0,-0.011258321994455334
ARMA,static,2026-04-15,-1.0,-0.013575651617457885
ARMA,static,2026-04-16,-1.0,0.00889763148109679
ARMA,static,2026-04-17,1.0,0.014316928955675911
ARMA,static,2026-04-20,-1.0,0.025123628537597066
ARMA,static,2026-04-21,1.0,-0.022607834760169275
ARMA,static,2026-04-22,1.0,0.023860123333043548
ARMA,static,2026-04-23,-1.0,0.02392434609399772
ARMA,static,2026-04-24,1.0,-0.003957527774979618
ARMA,static,2026-04-27,-1.0,0.016623833456110494
ARMA,static,2026-04-28,1.0,-0.019785042267408424
ARMA,static,2026-04-29,1.0,-0.029346650140070096
ARMA,static,2026-04-30,1.0,0.049700285760941654
Decision Tree,static,2025-07-02,-1.0,-0.055899074391600814
Decision Tree,static,2025-07-03,-1.0,0.03448275862068961
Decision Tree,static,2025-07-04,1.0,0.0074530612244898325
Decision Tree,static,2025-07-07,-1.0,0.014772839907323676
Decision Tree,static,2025-07-08,-1.0,-0.01086791469169679
Decision Tree,static,2025-07-09,-1.0,0.004358564656697816
Decision Tree,static,2025-07-10,1.0,0.017529497490861058
Decision Tree,static,2025-07-11,-1.0,-0.04113481581945113
Decision Tree,static,2025-07-14,-1.0,0.03601931737474173
Decision Tree,static,2025-07-15,-1.0,0.0033578276315149314
Decision Tree,static,2025-07-16,-1.0,-0.015842276405690026
Decision Tree,static,2025-07-17,-1.0,-0.026321395434858008
Decision Tree,static,2025-07-18,-1.0,0.01093235983715568
Decision Tree,static,2025-07-21,1.0,0.027050574328727907
Decision Tree,static,2025-07-22,-1.0,0.008056040857414936
Decision Tree,static,2025-07-23,-1.0,0.01896966825528834
Decision Tree,static,2025-07-24,-1.0,0.009111759081065318
Decision Tree,static,2025-07-25,-1.0,0.012073530441274016
Decision Tree,static,2025-07-28,-1.0,0.0023447838360659556
Decision Tree,static,2025-07-29,-1.0,7.120261211868151e-05
Decision Tree,static,2025-07-30,-1.0,0.030840490618322614
Decision Tree,static,2025-07-31,-1.0,0.05460419594622845
Decision Tree,static,2025-08-01,-1.0,-0.01368157280155069
Decision Tree,static,2025-08-04,-1.0,-0.017177932832870058
Decision Tree,static,2025-08-05,-1.0,0.006936122642376752
Decision Tree,static,2025-08-06,1.0,0.006480875458806357
Decision Tree,static,2025-08-07,1.0,0.010482673012113475
Decision Tree,static,2025-08-08,-1.0,0.010472474488817473
Decision Tree,static,2025-08-11,-1.0,-0.0032438510163854684
Decision Tree,static,2025-08-12,-1.0,-0.009023234664039537
Decision Tree,static,2025-08-13,-1.0,0.007750222985951293
Decision Tree,static,2025-08-14,-1.0,-0.0141194508660345
Decision Tree,static,2025-08-15,-1.0,0.011849218263663586
Decision Tree,static,2025-08-18,-1.0,0.0059207255676868575
Decision Tree,static,2025-08-19,-1.0,0.018169462562083183
Decision Tree,static,2025-08-20,-1.0,-0.024341511159736262
Decision Tree,static,2025-08-21,-1.0,-0.012893516620595902
Decision Tree,static,2025-08-22,-1.0,-0.003108402452608683
Decision Tree,static,2025-08-25,-1.0,0.017559427769977876
Decision Tree,static,2025-08-26,-1.0,-0.008110580524284483
Decision Tree,static,2025-08-27,-1.0,0.0007449344322207896
Decision Tree,static,2025-08-28,-1.0,-0.011182346598325177
Decision Tree,static,2025-08-29,-1.0,-0.00685633042643885
Decision Tree,static,2025-09-02,-1.0,-0.02936230437867482
Decision Tree,static,2025-09-03,-1.0,-0.030445244893461565
Decision Tree,static,2025-09-04,-1.0,0.05343091655289811
Decision Tree,static,2025-09-05,-1.0,-0.0076575265270586446
Decision Tree,static,2025-09-08,-1.0,0.0006513008435635737
Decision Tree,static,2025-09-09,-1.0,0.009776940558089753
Decision Tree,static,2025-09-10,-1.0,-0.018723012266311567
Decision Tree,static,2025-09-11,1.0,0.0015948165382879465
Decision Tree,static,2025-09-12,-1.0,-0.008728037986138993
Decision Tree,static,2025-09-15,-1.0,-0.003908192858075976
Decision Tree,static,2025-09-16,-1.0,0.010121778265782533
Decision Tree,static,2025-09-17,-1.0,0.018448372419109793
Decision Tree,static,2025-09-18,-1.0,-0.017993788971217617
Decision Tree,static,2025-09-19,-1.0,-0.012093905910119496
Decision Tree,static,2025-09-22,-1.0,-0.006646328232498222
Decision Tree,static,2025-09-23,-1.0,-0.05654281292468877
Decision Tree,static,2025-09-24,-1.0,0.013096630641775686
Decision Tree,static,2025-09-25,-1.0,-0.031121556868895173
Decision Tree,static,2025-09-26,-1.0,-0.03397138672421707
Decision Tree,static,2025-09-29,-1.0,-0.016806784909896955
Decision Tree,static,2025-09-30,-1.0,0.015148333121703361
Decision Tree,static,2025-10-01,-1.0,0.009276758423803044
Decision Tree,static,2025-10-02,-1.0,0.003885582197002746
Decision Tree,static,2025-10-03,-1.0,-0.0354904708192012
Decision Tree,static,2025-10-06,-1.0,-0.009633777012004074
Decision Tree,static,2025-10-07,-1.0,0.005076792895088333
Decision Tree,static,2025-10-08,-1.0,-0.03159967120714313
Decision Tree,static,2025-10-09,-1.0,0.026162112284900174
Decision Tree,static,2025-10-10,-1.0,0.020439400840261523
Decision Tree,static,2025-10-13,-1.0,-0.04304368496020805
Decision Tree,static,2025-10-14,-1.0,0.008684715028766887
Decision Tree,static,2025-10-15,-1.0,-0.008217011531960638
Decision Tree,static,2025-10-16,1.0,0.039471645699814074
Decision Tree,static,2025-10-17,-1.0,0.07623090306066557
Decision Tree,static,2025-10-20,-1.0,-0.020345737123193652
Decision Tree,static,2025-10-21,-1.0,0.08006607282361267
Decision Tree,static,2025-10-22,-1.0,-0.02127659574468077
Decision Tree,static,2025-10-23,-1.0,-0.033593734105427986
Decision Tree,static,2025-10-24,1.0,0.003768284785214715
Decision Tree,static,2025-10-27,-1.0,0.00952457479301314
Decision Tree,static,2025-10-28,1.0,-0.0010869896049210625
Decision Tree,static,2025-10-29,-1.0,-0.009267881311429993
Decision Tree,static,2025-10-30,-1.0,-0.010683088970253829
Decision Tree,static,2025-10-31,-1.0,0.023938319238411165
Decision Tree,static,2025-11-03,-1.0,-0.0026754688758039435
Decision Tree,static,2025-11-04,-1.0,0.02013974026167409
Decision Tree,static,2025-11-05,-1.0,-0.007261849716198254
Decision Tree,static,2025-11-06,-1.0,0.016221404037254583
Decision Tree,static,2025-11-07,-1.0,-0.0071975395200927226
Decision Tree,static,2025-11-10,-1.0,-0.033651611196431785
Decision Tree,static,2025-11-11,-1.0,0.0010684125434977654
Decision Tree,static,2025-11-12,-1.0,-0.020699650125015623
Decision Tree,static,2025-11-13,-1.0,0.01134193667031802
Decision Tree,static,2025-11-14,-1.0,0.030363534198447728
Decision Tree,static,2025-11-17,-1.0,0.006108539286438064
Decision Tree,static,2025-11-18,-1.0,0.0003234780460599218
Decision Tree,static,2025-11-19,-1.0,-0.0011002286408940964
Decision Tree,static,2025-11-20,-1.0,0.02631073282037344
Decision Tree,static,2025-11-21,1.0,0.004845875649070997
Decision Tree,static,2025-11-24,-1.0,-0.01915887848206401
Decision Tree,static,2025-11-25,-1.0,-0.009335510154983684
Decision Tree,static,2025-11-26,-1.0,-0.014130644007330995
Decision Tree,static,2025-11-28,1.0,0.06237516323395951
Decision Tree,static,2025-12-01,-1.0,0.004329996904767742
Decision Tree,static,2025-12-02,-1.0,0.015627792328288925
Decision Tree,static,2025-12-03,-1.0,-0.007603406326033958
Decision Tree,static,2025-12-04,-1.0,0.0012677184340099679
Decision Tree,static,2025-12-05,-1.0,-0.00036265448324690475
Decision Tree,static,2025-12-08,-1.0,-0.0
Decision Tree,static,2025-12-09,-1.0,-0.024229592499055874
Decision Tree,static,2025-12-10,-1.0,0.03144352989527277
Decision Tree,static,2025-12-11,-1.0,-0.04019977953290299
Decision Tree,static,2025-12-12,-1.0,-0.02886750518109049
Decision Tree,static,2025-12-15,-1.0,-0.030390999462768242
Decision Tree,static,2025-12-16,-1.0,-0.03291906964150093
Decision Tree,static,2025-12-17,1.0,0.03327413314965908
Decision Tree,static,2025-12-18,-1.0,-0.011996993534511247
Decision Tree,static,2025-12-19,-1.0,-0.02950649510195613
Decision Tree,static,2025-12-22,-1.0,-0.03516791702032007
Decision Tree,static,2025-12-23,-1.0,-0.09500959692898281
Decision Tree,static,2025-12-24,-1.0,0.017353241742440795
Decision Tree,static,2025-12-26,-1.0,-0.1004727339635727
Decision Tree,static,2025-12-29,-1.0,0.14705997873502163
Decision Tree,static,2025-12-30,-1.0,-0.06057582527660399
Decision Tree,static,2025-12-31,-1.0,0.08840818192068875
Decision Tree,static,2026-01-02,-1.0,-0.044826714756389885
Decision Tree,static,2026-01-05,-1.0,-0.06764832861234704
Decision Tree,static,2026-01-06,1.0,0.07228292575457138
Decision Tree,static,2026-01-07,-1.0,0.07399888975195154
Decision Tree,static,2026-01-08,1.0,-0.0009543939138839883
Decision Tree,static,2026-01-09,-1.0,-0.012013340246513038
Decision Tree,static,2026-01-12,-1.0,-0.03568452226911156
Decision Tree,static,2026-01-13,-1.0,0.010934076860630637
Decision Tree,static,2026-01-14,1.0,0.014068595480082302
Decision Tree,static,2026-01-15,-1.0,-0.009874243335304756
Decision Tree,static,2026-01-16,-1.0,0.03606692517651677
Decision Tree,static,2026-01-20,-1.0,-0.05543013649853523
Decision Tree,static,2026-01-21,-1.0,-0.02011100240335173
Decision Tree,static,2026-01-22,-1.0,-0.032817347883081105
Decision Tree,static,2026-01-23,-1.0,-0.06257320859270532
Decision Tree,static,2026-01-26,1.0,0.04766738180557326
Decision Tree,static,2026-01-27,-1.0,0.11871738984185295
Decision Tree,static,2026-01-28,-1.0,-0.036805666798166436
Decision Tree,static,2026-01-29,-1.0,0.003185343279602182
Decision Tree,static,2026-01-30,1.0,-0.1906211411840454
Decision Tree,static,2026-02-02,1.0,-0.0044226976470291834
Decision Tree,static,2026-02-03,1.0,0.0487700490357057
Decision Tree,static,2026-02-04,1.0,-0.014984580534267211
Decision Tree,static,2026-02-05,1.0,-0.046747054976740254
Decision Tree,static,2026-02-06,1.0,0.015376382261483856
Decision Tree,static,2026-02-09,1.0,0.007452277815766629
Decision Tree,static,2026-02-10,1.0,-0.008203236516002299
Decision Tree,static,2026-02-11,1.0,0.022136069289431237
Decision Tree,static,2026-02-12,1.0,-0.05795402404383865
Decision Tree,static,2026-02-13,1.0,0.0284011674140392
Decision Tree,static,2026-02-17,1.0,-0.028341035417011717
Decision Tree,static,2026-02-18,1.0,0.04665833656832308
Decision Tree,static,2026-02-19,1.0,-0.02093612588310323
Decision Tree,static,2026-02-20,1.0,0.05207772865290794
Decision Tree,static,2026-02-23,1.0,-0.010738834563525868
Decision Tree,static,2026-02-24,1.0,0.01616669627808376
Decision Tree,static,2026-02-25,1.0,0.0662509713127224
Decision Tree,static,2026-02-26,1.0,-0.04080673482083863
Decision Tree,static,2026-02-27,1.0,0.06047435757261144
Decision Tree,static,2026-03-02,1.0,-0.022700453625151717
Decision Tree,static,2026-03-03,-1.0,0.10235627991300952
Decision Tree,static,2026-03-04,-1.0,-0.03850968790408427
Decision Tree,static,2026-03-05,1.0,-0.011663290356711343
Decision Tree,static,2026-03-06,-1.0,-0.006021550396126751
Decision Tree,static,2026-03-09,-1.0,-0.012696133566260537
Decision Tree,static,2026-03-10,1.0,0.029943758941751254
Decision Tree,static,2026-03-11,-1.0,0.013222818791946289
Decision Tree,static,2026-03-12,-1.0,0.020408163265306145
Decision Tree,static,2026-03-13,-1.0,0.05712964093243644
Decision Tree,static,2026-03-16,-1.0,-0.025974675954144155
Decision Tree,static,2026-03-17,-1.0,-0.020244100898839434
Decision Tree,static,2026-03-18,-1.0,0.03743317712746652
Decision Tree,static,2026-03-19,-1.0,0.05497078402930067
Decision Tree,static,2026-03-20,1.0,0.015992257221895546
Decision Tree,static,2026-03-23,-1.0,0.05577276368838666
Decision Tree,static,2026-03-24,-1.0,-0.01704023562857193
Decision Tree,static,2026-03-25,1.0,0.017347542902682346
Decision Tree,static,2026-03-26,1.0,-0.04513811788269251
Decision Tree,static,2026-03-27,-1.0,-0.017770541206481937
Decision Tree,static,2026-03-30,1.0,0.00781881759637113
Decision Tree,static,2026-03-31,-1.0,-0.03455359845560606
Decision Tree,static,2026-04-01,1.0,0.00969746093749999
Decision Tree,static,2026-04-02,1.0,-0.0027928704938959825
Decision Tree,static,2026-04-06,1.0,-0.002851663874635202
Decision Tree,static,2026-04-07,1.0,-0.01486057415562847
Decision Tree,static,2026-04-08,1.0,0.06298280213984708
Decision Tree,static,2026-04-09,1.0,0.02243245772424185
Decision Tree,static,2026-04-10,1.0,-0.022655727266777892
Decision Tree,static,2026-04-13,1.0,0.006197818831008339
Decision Tree,static,2026-04-14,1.0,0.011058321994455333
Decision Tree,static,2026-04-15,1.0,0.013575651617457885
Decision Tree,static,2026-04-16,1.0,-0.00889763148109679
Decision Tree,static,2026-04-17,1.0,0.014516928955675912
Decision Tree,static,2026-04-20,1.0,-0.025323628537597065
Decision Tree,static,2026-04-21,1.0,-0.022407834760169276
Decision Tree,static,2026-04-22,1.0,0.023860123333043548
Decision Tree,static,2026-04-23,1.0,-0.024124346093997717
Decision Tree,static,2026-04-24,1.0,-0.0037575277749796188
Decision Tree,static,2026-04-27,1.0,-0.016823833456110493
Decision Tree,static,2026-04-28,1.0,-0.019585042267408426
Decision Tree,static,2026-04-29,1.0,-0.029346650140070096
Decision Tree,static,2026-04-30,1.0,0.049700285760941654
Random Forest,static,2025-07-02,-1.0,-0.055899074391600814
Random Forest,static,2025-07-03,-1.0,0.03448275862068961
Random Forest,static,2025-07-04,-1.0,-0.007653061224489832
Random Forest,static,2025-07-07,-1.0,0.014972839907323676
Random Forest,static,2025-07-08,1.0,0.010667914691696789
Random Forest,static,2025-07-09,1.0,-0.004358564656697816
Random Forest,static,2025-07-10,1.0,0.017729497490861057
Random Forest,static,2025-07-11,-1.0,-0.04113481581945113
Random Forest,static,2025-07-14,-1.0,0.03601931737474173
Random Forest,static,2025-07-15,-1.0,0.0033578276315149314
Random Forest,static,2025-07-16,-1.0,-0.015842276405690026
Random Forest,static,2025-07-17,1.0,0.02612139543485801
Random Forest,static,2025-07-18,-1.0,0.01073235983715568
Random Forest,static,2025-07-21,1.0,0.027050574328727907
Random Forest,static,2025-07-22,-1.0,0.008056040857414936
Random Forest,static,2025-07-23,-1.0,0.01896966825528834
Random Forest,static,2025-07-24,-1.0,0.009111759081065318
Random Forest,static,2025-07-25,-1.0,0.012073530441274016
Random Forest,static,2025-07-28,-1.0,0.0023447838360659556
Random Forest,static,2025-07-29,-1.0,7.120261211868151e-05
Random Forest,static,2025-07-30,-1.0,0.030840490618322614
Random Forest,static,2025-07-31,-1.0,0.05460419594622845
Random Forest,static,2025-08-01,1.0,0.01348157280155069
Random Forest,static,2025-08-04,-1.0,-0.017377932832870056
Random Forest,static,2025-08-05,1.0,-0.007136122642376752
Random Forest,static,2025-08-06,1.0,0.006680875458806357
Random Forest,static,2025-08-07,1.0,0.010482673012113475
Random Forest,static,2025-08-08,-1.0,0.010472474488817473
Random Forest,static,2025-08-11,-1.0,-0.0032438510163854684
Random Forest,static,2025-08-12,-1.0,-0.009023234664039537
Random Forest,static,2025-08-13,-1.0,0.007750222985951293
Random Forest,static,2025-08-14,-1.0,-0.0141194508660345
Random Forest,static,2025-08-15,-1.0,0.011849218263663586
Random Forest,static,2025-08-18,-1.0,0.0059207255676868575
Random Forest,static,2025-08-19,-1.0,0.018169462562083183
Random Forest,static,2025-08-20,-1.0,-0.024341511159736262
Random Forest,static,2025-08-21,-1.0,-0.012893516620595902
Random Forest,static,2025-08-22,-1.0,-0.003108402452608683
Random Forest,static,2025-08-25,-1.0,0.017559427769977876
Random Forest,static,2025-08-26,-1.0,-0.008110580524284483
Random Forest,static,2025-08-27,-1.0,0.0007449344322207896
Random Forest,static,2025-08-28,-1.0,-0.011182346598325177
Random Forest,static,2025-08-29,-1.0,-0.00685633042643885
Random Forest,static,2025-09-02,-1.0,-0.02936230437867482
Random Forest,static,2025-09-03,-1.0,-0.030445244893461565
Random Forest,static,2025-09-04,-1.0,0.05343091655289811
Random Forest,static,2025-09-05,-1.0,-0.0076575265270586446
Random Forest,static,2025-09-08,-1.0,0.0006513008435635737
Random Forest,static,2025-09-09,1.0,-0.009976940558089753
Random Forest,static,2025-09-10,-1.0,-0.018923012266311566
Random Forest,static,2025-09-11,1.0,0.0015948165382879465
Random Forest,static,2025-09-12,-1.0,-0.008728037986138993
Random Forest,static,2025-09-15,-1.0,-0.003908192858075976
Random Forest,static,2025-09-16,1.0,-0.010321778265782533
Random Forest,static,2025-09-17,-1.0,0.018248372419109794
Random Forest,static,2025-09-18,-1.0,-0.017993788971217617
Random Forest,static,2025-09-19,-1.0,-0.012093905910119496
Random Forest,static,2025-09-22,-1.0,-0.006646328232498222
Random Forest,static,2025-09-23,-1.0,-0.05654281292468877
Random Forest,static,2025-09-24,1.0,-0.013296630641775687
Random Forest,static,2025-09-25,-1.0,-0.03132155686889517
Random Forest,static,2025-09-26,-1.0,-0.03397138672421707
Random Forest,static,2025-09-29,-1.0,-0.016806784909896955
Random Forest,static,2025-09-30,1.0,-0.015748333121703362
Random Forest,static,2025-10-01,-1.0,0.009076758423803044
Random Forest,static,2025-10-02,1.0,-0.004085582197002746
Random Forest,static,2025-10-03,-1.0,-0.0356904708192012
Random Forest,static,2025-10-06,1.0,0.009433777012004074
Random Forest,static,2025-10-07,1.0,-0.005076792895088333
Random Forest,static,2025-10-08,-1.0,-0.03179967120714313
Random Forest,static,2025-10-09,1.0,-0.026362112284900173
Random Forest,static,2025-10-10,1.0,-0.020439400840261523
Random Forest,static,2025-10-13,1.0,0.04304368496020805
Random Forest,static,2025-10-14,1.0,-0.008684715028766887
Random Forest,static,2025-10-15,1.0,0.008217011531960638
Random Forest,static,2025-10-16,1.0,0.03967164569981407
Random Forest,static,2025-10-17,1.0,-0.07643090306066558
Random Forest,static,2025-10-20,-1.0,-0.02054573712319365
Random Forest,static,2025-10-21,1.0,-0.08026607282361267
Random Forest,static,2025-10-22,1.0,0.02127659574468077
Random Forest,static,2025-10-23,-1.0,-0.033793734105427985
Random Forest,static,2025-10-24,1.0,0.003768284785214715
Random Forest,static,2025-10-27,1.0,-0.009724574793013141
Random Forest,static,2025-10-28,1.0,-0.0008869896049210624
Random Forest,static,2025-10-29,1.0,0.009067881311429993
Random Forest,static,2025-10-30,1.0,0.010683088970253829
Random Forest,static,2025-10-31,1.0,-0.023938319238411165
Random Forest,static,2025-11-03,1.0,0.0026754688758039435
Random Forest,static,2025-11-04,1.0,-0.02013974026167409
Random Forest,static,2025-11-05,-1.0,-0.007461849716198254
Random Forest,static,2025-11-06,-1.0,0.016221404037254583
Random Forest,static,2025-11-07,-1.0,-0.0071975395200927226
Random Forest,static,2025-11-10,-1.0,-0.033651611196431785
Random Forest,static,2025-11-11,-1.0,0.0010684125434977654
Random Forest,static,2025-11-12,-1.0,-0.020699650125015623
Random Forest,static,2025-11-13,1.0,-0.01154193667031802
Random Forest,static,2025-11-14,1.0,-0.030363534198447728
Random Forest,static,2025-11-17,1.0,-0.006108539286438064
Random Forest,static,2025-11-18,-1.0,0.0001234780460599218
Random Forest,static,2025-11-19,-1.0,-0.0011002286408940964
Random Forest,static,2025-11-20,-1.0,0.02631073282037344
Random Forest,static,2025-11-21,1.0,0.004845875649070997
Random Forest,static,2025-11-24,-1.0,-0.01915887848206401
Random Forest,static,2025-11-25,-1.0,-0.009335510154983684
Random Forest,static,2025-11-26,-1.0,-0.014130644007330995
Random Forest,static,2025-11-28,1.0,0.06237516323395951
Random Forest,static,2025-12-01,1.0,-0.004529996904767741
Random Forest,static,2025-12-02,1.0,-0.015627792328288925
Random Forest,static,2025-12-03,1.0,0.007603406326033958
Random Forest,static,2025-12-04,1.0,-0.0012677184340099679
Random Forest,static,2025-12-05,1.0,0.00036265448324690475
Random Forest,static,2025-12-08,-1.0,-0.0002
Random Forest,static,2025-12-09,-1.0,-0.024229592499055874
Random Forest,static,2025-12-10,-1.0,0.03144352989527277
Random Forest,static,2025-12-11,-1.0,-0.04019977953290299
Random Forest,static,2025-12-12,1.0,0.028667505181090493
Random Forest,static,2025-12-15,1.0,0.030390999462768242
Random Forest,static,2025-12-16,-1.0,-0.03311906964150093
Random Forest,static,2025-12-17,1.0,0.03327413314965908
Random Forest,static,2025-12-18,-1.0,-0.011996993534511247
Random Forest,static,2025-12-19,-1.0,-0.02950649510195613
Random Forest,static,2025-12-22,-1.0,-0.03516791702032007
Random Forest,static,2025-12-23,-1.0,-0.09500959692898281
Random Forest,static,2025-12-24,-1.0,0.017353241742440795
Random Forest,static,2025-12-26,-1.0,-0.1004727339635727
Random Forest,static,2025-12-29,-1.0,0.14705997873502163
Random Forest,static,2025-12-30,1.0,0.06037582527660399
Random Forest,static,2025-12-31,-1.0,0.08820818192068874
Random Forest,static,2026-01-02,1.0,0.044626714756389886
Random Forest,static,2026-01-05,-1.0,-0.06784832861234705
Random Forest,static,2026-01-06,1.0,0.07228292575457138
Random Forest,static,2026-01-07,1.0,-0.07419888975195155
Random Forest,static,2026-01-08,1.0,-0.0007543939138839884
Random Forest,static,2026-01-09,1.0,0.011813340246513038
Random Forest,static,2026-01-12,1.0,0.03568452226911156
Random Forest,static,2026-01-13,1.0,-0.010934076860630637
Random Forest,static,2026-01-14,1.0,0.014268595480082302
Random Forest,static,2026-01-15,1.0,0.009674243335304755
Random Forest,static,2026-01-16,1.0,-0.03606692517651677
Random Forest,static,2026-01-20,1.0,0.05543013649853523
Random Forest,static,2026-01-21,1.0,0.02011100240335173
Random Forest,static,2026-01-22,-1.0,-0.033017347883081104
Random Forest,static,2026-01-23,-1.0,-0.06257320859270532
Random Forest,static,2026-01-26,-1.0,-0.04786738180557326
Random Forest,static,2026-01-27,-1.0,0.11891738984185296
Random Forest,static,2026-01-28,-1.0,-0.036805666798166436
Random Forest,static,2026-01-29,-1.0,0.003185343279602182
Random Forest,static,2026-01-30,1.0,-0.1906211411840454
Random Forest,static,2026-02-02,1.0,-0.0044226976470291834
Random Forest,static,2026-02-03,-1.0,-0.0489700490357057
Random Forest,static,2026-02-04,1.0,-0.015184580534267212
Random Forest,static,2026-02-05,1.0,-0.046747054976740254
Random Forest,static,2026-02-06,1.0,0.015376382261483856
Random Forest,static,2026-02-09,1.0,0.007452277815766629
Random Forest,static,2026-02-10,1.0,-0.008203236516002299
Random Forest,static,2026-02-11,1.0,0.022136069289431237
Random Forest,static,2026-02-12,1.0,-0.05795402404383865
Random Forest,static,2026-02-13,1.0,0.0284011674140392
Random Forest,static,2026-02-17,1.0,-0.028341035417011717
Random Forest,static,2026-02-18,1.0,0.04665833656832308
Random Forest,static,2026-02-19,1.0,-0.02093612588310323
Random Forest,static,2026-02-20,1.0,0.05207772865290794
Random Forest,static,2026-02-23,1.0,-0.010738834563525868
Random Forest,static,2026-02-24,1.0,0.01616669627808376
Random Forest,static,2026-02-25,1.0,0.0662509713127224
Random Forest,static,2026-02-26,1.0,-0.04080673482083863
Random Forest,static,2026-02-27,1.0,0.06047435757261144
Random Forest,static,2026-03-02,1.0,-0.022700453625151717
Random Forest,static,2026-03-03,1.0,-0.10255627991300953
Random Forest,static,2026-03-04,1.0,0.03850968790408427
Random Forest,static,2026-03-05,-1.0,0.011263290356711341
Random Forest,static,2026-03-06,-1.0,-0.005821550396126751
Random Forest,static,2026-03-09,1.0,0.012496133566260536
Random Forest,static,2026-03-10,1.0,0.030143758941751253
Random Forest,static,2026-03-11,1.0,-0.01342281879194629
Random Forest,static,2026-03-12,1.0,-0.020408163265306145
Random Forest,static,2026-03-13,1.0,-0.05712964093243644
Random Forest,static,2026-03-16,1.0,0.025974675954144155
Random Forest,static,2026-03-17,1.0,0.020244100898839434
Random Forest,static,2026-03-18,1.0,-0.03743317712746652
Random Forest,static,2026-03-19,1.0,-0.05497078402930067
Random Forest,static,2026-03-20,1.0,0.016192257221895545
Random Forest,static,2026-03-23,1.0,-0.05597276368838666
Random Forest,static,2026-03-24,1.0,0.01704023562857193
Random Forest,static,2026-03-25,1.0,0.017547542902682345
Random Forest,static,2026-03-26,1.0,-0.04513811788269251
Random Forest,static,2026-03-27,1.0,0.017570541206481938
Random Forest,static,2026-03-30,1.0,0.00801881759637113
Random Forest,static,2026-03-31,1.0,0.03395359845560606
Random Forest,static,2026-04-01,1.0,0.009897460937499991
Random Forest,static,2026-04-02,1.0,-0.0027928704938959825
Random Forest,static,2026-04-06,1.0,-0.002851663874635202
Random Forest,static,2026-04-07,1.0,-0.01486057415562847
Random Forest,static,2026-04-08,1.0,0.06298280213984708
Random Forest,static,2026-04-09,-1.0,-0.02263245772424185
Random Forest,static,2026-04-10,1.0,-0.02285572726677789
Random Forest,static,2026-04-13,1.0,0.006197818831008339
Random Forest,static,2026-04-14,1.0,0.011058321994455333
Random Forest,static,2026-04-15,-1.0,-0.013775651617457885
Random Forest,static,2026-04-16,1.0,-0.009097631481096791
Random Forest,static,2026-04-17,1.0,0.014516928955675912
Random Forest,static,2026-04-20,1.0,-0.025323628537597065
Random Forest,static,2026-04-21,1.0,-0.022407834760169276
Random Forest,static,2026-04-22,1.0,0.023860123333043548
Random Forest,static,2026-04-23,1.0,-0.024124346093997717
Random Forest,static,2026-04-24,1.0,-0.0037575277749796188
Random Forest,static,2026-04-27,1.0,-0.016823833456110493
Random Forest,static,2026-04-28,1.0,-0.019585042267408426
Random Forest,static,2026-04-29,1.0,-0.029346650140070096
Random Forest,static,2026-04-30,1.0,0.049700285760941654
Gradient Boosting,static,2025-07-02,1.0,0.05569907439160081
Gradient Boosting,static,2025-07-03,-1.0,0.034282758620689614
Gradient Boosting,static,2025-07-04,1.0,0.0074530612244898325
Gradient Boosting,static,2025-07-07,-1.0,0.014772839907323676
Gradient Boosting,static,2025-07-08,1.0,0.010667914691696789
Gradient Boosting,static,2025-07-09,1.0,-0.004358564656697816
Gradient Boosting,static,2025-07-10,1.0,0.017729497490861057
Gradient Boosting,static,2025-07-11,-1.0,-0.04113481581945113
Gradient Boosting,static,2025-07-14,1.0,-0.03621931737474173
Gradient Boosting,static,2025-07-15,1.0,-0.0033578276315149314
Gradient Boosting,static,2025-07-16,1.0,0.015842276405690026
Gradient Boosting,static,2025-07-17,1.0,0.026321395434858008
Gradient Boosting,static,2025-07-18,-1.0,0.01073235983715568
Gradient Boosting,static,2025-07-21,1.0,0.027050574328727907
Gradient Boosting,static,2025-07-22,-1.0,0.008056040857414936
Gradient Boosting,static,2025-07-23,-1.0,0.01896966825528834
Gradient Boosting,static,2025-07-24,1.0,-0.009311759081065319
Gradient Boosting,static,2025-07-25,1.0,-0.012073530441274016
Gradient Boosting,static,2025-07-28,-1.0,0.0021447838360659555
Gradient Boosting,static,2025-07-29,1.0,-0.0002712026121186815
Gradient Boosting,static,2025-07-30,-1.0,0.030640490618322615
Gradient Boosting,static,2025-07-31,-1.0,0.05460419594622845
Gradient Boosting,static,2025-08-01,1.0,0.01348157280155069
Gradient Boosting,static,2025-08-04,-1.0,-0.017377932832870056
Gradient Boosting,static,2025-08-05,1.0,-0.007136122642376752
Gradient Boosting,static,2025-08-06,1.0,0.006680875458806357
Gradient Boosting,static,2025-08-07,1.0,0.010482673012113475
Gradient Boosting,static,2025-08-08,1.0,-0.010672474488817474
Gradient Boosting,static,2025-08-11,1.0,0.0032438510163854684
Gradient Boosting,static,2025-08-12,1.0,0.009023234664039537
Gradient Boosting,static,2025-08-13,1.0,-0.007750222985951293
Gradient Boosting,static,2025-08-14,-1.0,-0.0143194508660345
Gradient Boosting,static,2025-08-15,-1.0,0.011849218263663586
Gradient Boosting,static,2025-08-18,-1.0,0.0059207255676868575
Gradient Boosting,static,2025-08-19,-1.0,0.018169462562083183
Gradient Boosting,static,2025-08-20,-1.0,-0.024341511159736262
Gradient Boosting,static,2025-08-21,-1.0,-0.012893516620595902
Gradient Boosting,static,2025-08-22,-1.0,-0.003108402452608683
Gradient Boosting,static,2025-08-25,1.0,-0.017759427769977874
Gradient Boosting,static,2025-08-26,-1.0,-0.008310580524284484
Gradient Boosting,static,2025-08-27,-1.0,0.0007449344322207896
Gradient Boosting,static,2025-08-28,-1.0,-0.011182346598325177
Gradient Boosting,static,2025-08-29,-1.0,-0.00685633042643885
Gradient Boosting,static,2025-09-02,1.0,0.02916230437867482
Gradient Boosting,static,2025-09-03,-1.0,-0.030645244893461564
Gradient Boosting,static,2025-09-04,-1.0,0.05343091655289811
Gradient Boosting,static,2025-09-05,1.0,0.007457526527058645
Gradient Boosting,static,2025-09-08,1.0,-0.0006513008435635737
Gradient Boosting,static,2025-09-09,1.0,-0.009776940558089753
Gradient Boosting,static,2025-09-10,1.0,0.018723012266311567
Gradient Boosting,static,2025-09-11,1.0,0.0017948165382879466
Gradient Boosting,static,2025-09-12,1.0,0.008528037986138992
Gradient Boosting,static,2025-09-15,-1.0,-0.004108192858075976
Gradient Boosting,static,2025-09-16,-1.0,0.010121778265782533
Gradient Boosting,static,2025-09-17,-1.0,0.018448372419109793
Gradient Boosting,static,2025-09-18,1.0,0.017793788971217618
Gradient Boosting,static,2025-09-19,-1.0,-0.012293905910119496
Gradient Boosting,static,2025-09-22,-1.0,-0.006646328232498222
Gradient Boosting,static,2025-09-23,-1.0,-0.05654281292468877
Gradient Boosting,static,2025-09-24,1.0,-0.013296630641775687
Gradient Boosting,static,2025-09-25,-1.0,-0.03132155686889517
Gradient Boosting,static,2025-09-26,-1.0,-0.03397138672421707
Gradient Boosting,static,2025-09-29,1.0,0.016606784909896956
Gradient Boosting,static,2025-09-30,1.0,-0.015548333121703362
Gradient Boosting,static,2025-10-01,-1.0,0.009076758423803044
Gradient Boosting,static,2025-10-02,1.0,-0.004085582197002746
Gradient Boosting,static,2025-10-03,-1.0,-0.0356904708192012
Gradient Boosting,static,2025-10-06,1.0,0.009433777012004074
Gradient Boosting,static,2025-10-07,1.0,-0.005076792895088333
Gradient Boosting,static,2025-10-08,1.0,0.03159967120714313
Gradient Boosting,static,2025-10-09,1.0,-0.026162112284900174
Gradient Boosting,static,2025-10-10,-1.0,0.020239400840261525
Gradient Boosting,static,2025-10-13,1.0,0.04284368496020805
Gradient Boosting,static,2025-10-14,1.0,-0.008684715028766887
Gradient Boosting,static,2025-10-15,-1.0,-0.008417011531960639
Gradient Boosting,static,2025-10-16,1.0,0.039471645699814074
Gradient Boosting,static,2025-10-17,1.0,-0.07643090306066558
Gradient Boosting,static,2025-10-20,-1.0,-0.02054573712319365
Gradient Boosting,static,2025-10-21,-1.0,0.08006607282361267
Gradient Boosting,static,2025-10-22,-1.0,-0.02127659574468077
Gradient Boosting,static,2025-10-23,-1.0,-0.033593734105427986
Gradient Boosting,static,2025-10-24,-1.0,-0.003968284785214715
Gradient Boosting,static,2025-10-27,1.0,-0.009924574793013142
Gradient Boosting,static,2025-10-28,1.0,-0.0008869896049210624
Gradient Boosting,static,2025-10-29,-1.0,-0.009267881311429993
Gradient Boosting,static,2025-10-30,1.0,0.010483088970253828
Gradient Boosting,static,2025-10-31,-1.0,0.023738319238411167
Gradient Boosting,static,2025-11-03,1.0,0.0024754688758039435
Gradient Boosting,static,2025-11-04,-1.0,0.01993974026167409
Gradient Boosting,static,2025-11-05,1.0,0.007061849716198255
Gradient Boosting,static,2025-11-06,-1.0,0.016021404037254584
Gradient Boosting,static,2025-11-07,1.0,0.006997539520092723
Gradient Boosting,static,2025-11-10,1.0,0.033651611196431785
Gradient Boosting,static,2025-11-11,-1.0,0.0008684125434977654
Gradient Boosting,static,2025-11-12,-1.0,-0.020699650125015623
Gradient Boosting,static,2025-11-13,-1.0,0.01134193667031802
Gradient Boosting,static,2025-11-14,1.0,-0.030563534198447727
Gradient Boosting,static,2025-11-17,-1.0,0.005908539286438064
Gradient Boosting,static,2025-11-18,-1.0,0.0003234780460599218
Gradient Boosting,static,2025-11-19,-1.0,-0.0011002286408940964
Gradient Boosting,static,2025-11-20,-1.0,0.02631073282037344
Gradient Boosting,static,2025-11-21,1.0,0.004845875649070997
Gradient Boosting,static,2025-11-24,-1.0,-0.01915887848206401
Gradient Boosting,static,2025-11-25,-1.0,-0.009335510154983684
Gradient Boosting,static,2025-11-26,-1.0,-0.014130644007330995
Gradient Boosting,static,2025-11-28,1.0,0.06237516323395951
Gradient Boosting,static,2025-12-01,1.0,-0.004529996904767741
Gradient Boosting,static,2025-12-02,1.0,-0.015627792328288925
Gradient Boosting,static,2025-12-03,-1.0,-0.007803406326033957
Gradient Boosting,static,2025-12-04,1.0,-0.001467718434009968
Gradient Boosting,static,2025-12-05,-1.0,-0.0005626544832469047
Gradient Boosting,static,2025-12-08,1.0,-0.0002
Gradient Boosting,static,2025-12-09,1.0,0.024229592499055874
Gradient Boosting,static,2025-12-10,1.0,-0.03144352989527277
Gradient Boosting,static,2025-12-11,1.0,0.04019977953290299
Gradient Boosting,static,2025-12-12,-1.0,-0.02906750518109049
Gradient Boosting,static,2025-12-15,-1.0,-0.030390999462768242
Gradient Boosting,static,2025-12-16,1.0,0.03271906964150093
Gradient Boosting,static,2025-12-17,1.0,0.03347413314965908
Gradient Boosting,static,2025-12-18,1.0,0.011796993534511246
Gradient Boosting,static,2025-12-19,-1.0,-0.02970649510195613
Gradient Boosting,static,2025-12-22,-1.0,-0.03516791702032007
Gradient Boosting,static,2025-12-23,-1.0,-0.09500959692898281
Gradient Boosting,static,2025-12-24,-1.0,0.017353241742440795
Gradient Boosting,static,2025-12-26,-1.0,-0.1004727339635727
Gradient Boosting,static,2025-12-29,-1.0,0.14705997873502163
Gradient Boosting,static,2025-12-30,1.0,0.06037582527660399
Gradient Boosting,static,2025-12-31,-1.0,0.08820818192068874
Gradient Boosting,static,2026-01-02,1.0,0.044626714756389886
Gradient Boosting,static,2026-01-05,1.0,0.06764832861234704
Gradient Boosting,static,2026-01-06,1.0,0.07248292575457138
Gradient Boosting,static,2026-01-07,1.0,-0.07419888975195155
Gradient Boosting,static,2026-01-08,1.0,-0.0007543939138839884
Gradient Boosting,static,2026-01-09,1.0,0.011813340246513038
Gradient Boosting,static,2026-01-12,1.0,0.03568452226911156
Gradient Boosting,static,2026-01-13,1.0,-0.010934076860630637
Gradient Boosting,static,2026-01-14,1.0,0.014268595480082302
Gradient Boosting,static,2026-01-15,-1.0,-0.009874243335304756
Gradient Boosting,static,2026-01-16,-1.0,0.03606692517651677
Gradient Boosting,static,2026-01-20,1.0,0.05523013649853523
Gradient Boosting,static,2026-01-21,-1.0,-0.02031100240335173
Gradient Boosting,static,2026-01-22,-1.0,-0.032817347883081105
Gradient Boosting,static,2026-01-23,-1.0,-0.06257320859270532
Gradient Boosting,static,2026-01-26,-1.0,-0.04786738180557326
Gradient Boosting,static,2026-01-27,-1.0,0.11891738984185296
Gradient Boosting,static,2026-01-28,-1.0,-0.036805666798166436
Gradient Boosting,static,2026-01-29,-1.0,0.003185343279602182
Gradient Boosting,static,2026-01-30,1.0,-0.1906211411840454
Gradient Boosting,static,2026-02-02,1.0,-0.0044226976470291834
Gradient Boosting,static,2026-02-03,-1.0,-0.0489700490357057
Gradient Boosting,static,2026-02-04,1.0,-0.015184580534267212
Gradient Boosting,static,2026-02-05,1.0,-0.046747054976740254
Gradient Boosting,static,2026-02-06,1.0,0.015376382261483856
Gradient Boosting,static,2026-02-09,1.0,0.007452277815766629
Gradient Boosting,static,2026-02-10,1.0,-0.008203236516002299
Gradient Boosting,static,2026-02-11,1.0,0.022136069289431237
Gradient Boosting,static,2026-02-12,1.0,-0.05795402404383865
Gradient Boosting,static,2026-02-13,1.0,0.0284011674140392
Gradient Boosting,static,2026-02-17,1.0,-0.028341035417011717
Gradient Boosting,static,2026-02-18,1.0,0.04665833656832308
Gradient Boosting,static,2026-02-19,1.0,-0.02093612588310323
Gradient Boosting,static,2026-02-20,1.0,0.05207772865290794
Gradient Boosting,static,2026-02-23,1.0,-0.010738834563525868
Gradient Boosting,static,2026-02-24,1.0,0.01616669627808376
Gradient Boosting,static,2026-02-25,1.0,0.0662509713127224
Gradient Boosting,static,2026-02-26,1.0,-0.04080673482083863
Gradient Boosting,static,2026-02-27,1.0,0.06047435757261144
Gradient Boosting,static,2026-03-02,1.0,-0.022700453625151717
Gradient Boosting,static,2026-03-03,1.0,-0.10255627991300953
Gradient Boosting,static,2026-03-04,-1.0,-0.038709687904084265
Gradient Boosting,static,2026-03-05,-1.0,0.011463290356711342
Gradient Boosting,static,2026-03-06,-1.0,-0.005821550396126751
Gradient Boosting,static,2026-03-09,1.0,0.012496133566260536
Gradient Boosting,static,2026-03-10,1.0,0.030143758941751253
Gradient Boosting,static,2026-03-11,1.0,-0.01342281879194629
Gradient Boosting,static,2026-03-12,1.0,-0.020408163265306145
Gradient Boosting,static,2026-03-13,1.0,-0.05712964093243644
Gradient Boosting,static,2026-03-16,1.0,0.025974675954144155
Gradient Boosting,static,2026-03-17,1.0,0.020244100898839434
Gradient Boosting,static,2026-03-18,1.0,-0.03743317712746652
Gradient Boosting,static,2026-03-19,1.0,-0.05497078402930067
Gradient Boosting,static,2026-03-20,1.0,0.016192257221895545
Gradient Boosting,static,2026-03-23,-1.0,0.05577276368838666
Gradient Boosting,static,2026-03-24,1.0,0.016840235628571933
Gradient Boosting,static,2026-03-25,1.0,0.017547542902682345
Gradient Boosting,static,2026-03-26,1.0,-0.04513811788269251
Gradient Boosting,static,2026-03-27,1.0,0.017570541206481938
Gradient Boosting,static,2026-03-30,1.0,0.00801881759637113
Gradient Boosting,static,2026-03-31,1.0,0.03395359845560606
Gradient Boosting,static,2026-04-01,-1.0,-0.010097460937499992
Gradient Boosting,static,2026-04-02,1.0,-0.0029928704938959826
Gradient Boosting,static,2026-04-06,1.0,-0.002851663874635202
Gradient Boosting,static,2026-04-07,-1.0,0.01466057415562847
Gradient Boosting,static,2026-04-08,-1.0,-0.06298280213984708
Gradient Boosting,static,2026-04-09,1.0,0.02223245772424185
Gradient Boosting,static,2026-04-10,-1.0,0.022455727266777893
Gradient Boosting,static,2026-04-13,-1.0,-0.006197818831008339
Gradient Boosting,static,2026-04-14,1.0,0.010858321994455333
Gradient Boosting,static,2026-04-15,-1.0,-0.013775651617457885
Gradient Boosting,static,2026-04-16,-1.0,0.00889763148109679
Gradient Boosting,static,2026-04-17,-1.0,-0.014516928955675912
Gradient Boosting,static,2026-04-20,-1.0,0.025323628537597065
Gradient Boosting,static,2026-04-21,1.0,-0.022607834760169275
Gradient Boosting,static,2026-04-22,1.0,0.023860123333043548
Gradient Boosting,static,2026-04-23,-1.0,0.02392434609399772
Gradient Boosting,static,2026-04-24,-1.0,0.0037575277749796188
Gradient Boosting,static,2026-04-27,1.0,-0.017023833456110492
Gradient Boosting,static,2026-04-28,1.0,-0.019585042267408426
Gradient Boosting,static,2026-04-29,1.0,-0.029346650140070096
Gradient Boosting,static,2026-04-30,1.0,0.049700285760941654
XGBoost,static,2025-07-02,-1.0,-0.055899074391600814
XGBoost,static,2025-07-03,-1.0,0.03448275862068961
XGBoost,static,2025-07-04,-1.0,-0.007653061224489832
XGBoost,static,2025-07-07,-1.0,0.014972839907323676
XGBoost,static,2025-07-08,-1.0,-0.01086791469169679
XGBoost,static,2025-07-09,-1.0,0.004358564656697816
XGBoost,static,2025-07-10,-1.0,-0.017729497490861057
XGBoost,static,2025-07-11,-1.0,-0.04093481581945113
XGBoost,static,2025-07-14,-1.0,0.03601931737474173
XGBoost,static,2025-07-15,-1.0,0.0033578276315149314
XGBoost,static,2025-07-16,1.0,0.015642276405690027
XGBoost,static,2025-07-17,-1.0,-0.026521395434858007
XGBoost,static,2025-07-18,-1.0,0.01093235983715568
XGBoost,static,2025-07-21,-1.0,-0.027250574328727906
XGBoost,static,2025-07-22,-1.0,0.008256040857414937
XGBoost,static,2025-07-23,-1.0,0.01896966825528834
XGBoost,static,2025-07-24,-1.0,0.009111759081065318
XGBoost,static,2025-07-25,-1.0,0.012073530441274016
XGBoost,static,2025-07-28,1.0,-0.0025447838360659557
XGBoost,static,2025-07-29,-1.0,-0.0001287973878813185
XGBoost,static,2025-07-30,-1.0,0.030840490618322614
XGBoost,static,2025-07-31,1.0,-0.05480419594622845
XGBoost,static,2025-08-01,-1.0,-0.01388157280155069
XGBoost,static,2025-08-04,-1.0,-0.017177932832870058
XGBoost,static,2025-08-05,1.0,-0.007136122642376752
XGBoost,static,2025-08-06,1.0,0.006680875458806357
XGBoost,static,2025-08-07,1.0,0.010482673012113475
XGBoost,static,2025-08-08,-1.0,0.010472474488817473
XGBoost,static,2025-08-11,-1.0,-0.0032438510163854684
XGBoost,static,2025-08-12,-1.0,-0.009023234664039537
XGBoost,static,2025-08-13,1.0,-0.007950222985951293
XGBoost,static,2025-08-14,-1.0,-0.0143194508660345
XGBoost,static,2025-08-15,-1.0,0.011849218263663586
XGBoost,static,2025-08-18,-1.0,0.0059207255676868575
XGBoost,static,2025-08-19,1.0,-0.01836946256208318
XGBoost,static,2025-08-20,-1.0,-0.02454151115973626
XGBoost,static,2025-08-21,-1.0,-0.012893516620595902
XGBoost,static,2025-08-22,-1.0,-0.003108402452608683
XGBoost,static,2025-08-25,-1.0,0.017559427769977876
XGBoost,static,2025-08-26,1.0,0.007910580524284483
XGBoost,static,2025-08-27,1.0,-0.0007449344322207896
XGBoost,static,2025-08-28,-1.0,-0.011382346598325177
XGBoost,static,2025-08-29,-1.0,-0.00685633042643885
XGBoost,static,2025-09-02,-1.0,-0.02936230437867482
XGBoost,static,2025-09-03,-1.0,-0.030445244893461565
XGBoost,static,2025-09-04,-1.0,0.05343091655289811
XGBoost,static,2025-09-05,1.0,0.007457526527058645
XGBoost,static,2025-09-08,1.0,-0.0006513008435635737
XGBoost,static,2025-09-09,1.0,-0.009776940558089753
XGBoost,static,2025-09-10,1.0,0.018723012266311567
XGBoost,static,2025-09-11,1.0,0.0017948165382879466
XGBoost,static,2025-09-12,1.0,0.008528037986138992
XGBoost,static,2025-09-15,-1.0,-0.004108192858075976
XGBoost,static,2025-09-16,-1.0,0.010121778265782533
XGBoost,static,2025-09-17,1.0,-0.018648372419109792
XGBoost,static,2025-09-18,1.0,0.017993788971217617
XGBoost,static,2025-09-19,-1.0,-0.012293905910119496
XGBoost,static,2025-09-22,-1.0,-0.006646328232498222
XGBoost,static,2025-09-23,-1.0,-0.05654281292468877
XGBoost,static,2025-09-24,1.0,-0.013296630641775687
XGBoost,static,2025-09-25,-1.0,-0.03132155686889517
XGBoost,static,2025-09-26,-1.0,-0.03397138672421707
XGBoost,static,2025-09-29,-1.0,-0.016806784909896955
XGBoost,static,2025-09-30,1.0,-0.015748333121703362
XGBoost,static,2025-10-01,-1.0,0.009076758423803044
XGBoost,static,2025-10-02,1.0,-0.004085582197002746
XGBoost,static,2025-10-03,-1.0,-0.0356904708192012
XGBoost,static,2025-10-06,1.0,0.009433777012004074
XGBoost,static,2025-10-07,1.0,-0.005076792895088333
XGBoost,static,2025-10-08,1.0,0.03159967120714313
XGBoost,static,2025-10-09,-1.0,0.025962112284900175
XGBoost,static,2025-10-10,1.0,-0.020639400840261522
XGBoost,static,2025-10-13,1.0,0.04304368496020805
XGBoost,static,2025-10-14,1.0,-0.008684715028766887
XGBoost,static,2025-10-15,1.0,0.008217011531960638
XGBoost,static,2025-10-16,1.0,0.03967164569981407
XGBoost,static,2025-10-17,-1.0,0.07623090306066557
XGBoost,static,2025-10-20,-1.0,-0.020345737123193652
XGBoost,static,2025-10-21,-1.0,0.08006607282361267
XGBoost,static,2025-10-22,-1.0,-0.02127659574468077
XGBoost,static,2025-10-23,-1.0,-0.033593734105427986
XGBoost,static,2025-10-24,-1.0,-0.003968284785214715
XGBoost,static,2025-10-27,-1.0,0.009724574793013141
XGBoost,static,2025-10-28,1.0,-0.0010869896049210625
XGBoost,static,2025-10-29,-1.0,-0.009267881311429993
XGBoost,static,2025-10-30,-1.0,-0.010683088970253829
XGBoost,static,2025-10-31,1.0,-0.024138319238411164
XGBoost,static,2025-11-03,1.0,0.0026754688758039435
XGBoost,static,2025-11-04,-1.0,0.01993974026167409
XGBoost,static,2025-11-05,-1.0,-0.007261849716198254
XGBoost,static,2025-11-06,-1.0,0.016221404037254583
XGBoost,static,2025-11-07,1.0,0.006997539520092723
XGBoost,static,2025-11-10,-1.0,-0.033851611196431784
XGBoost,static,2025-11-11,-1.0,0.0010684125434977654
XGBoost,static,2025-11-12,-1.0,-0.020699650125015623
XGBoost,static,2025-11-13,-1.0,0.01134193667031802
XGBoost,static,2025-11-14,-1.0,0.030363534198447728
XGBoost,static,2025-11-17,-1.0,0.006108539286438064
XGBoost,static,2025-11-18,-1.0,0.0003234780460599218
XGBoost,static,2025-11-19,1.0,0.0009002286408940965
XGBoost,static,2025-11-20,1.0,-0.02631073282037344
XGBoost,static,2025-11-21,1.0,0.005045875649070997
XGBoost,static,2025-11-24,-1.0,-0.01915887848206401
XGBoost,static,2025-11-25,-1.0,-0.009335510154983684
XGBoost,static,2025-11-26,-1.0,-0.014130644007330995
XGBoost,static,2025-11-28,1.0,0.06237516323395951
XGBoost,static,2025-12-01,1.0,-0.004529996904767741
XGBoost,static,2025-12-02,1.0,-0.015627792328288925
XGBoost,static,2025-12-03,1.0,0.007603406326033958
XGBoost,static,2025-12-04,1.0,-0.0012677184340099679
XGBoost,static,2025-12-05,-1.0,-0.0005626544832469047
XGBoost,static,2025-12-08,1.0,-0.0002
XGBoost,static,2025-12-09,1.0,0.024229592499055874
XGBoost,static,2025-12-10,1.0,-0.03144352989527277
XGBoost,static,2025-12-11,1.0,0.04019977953290299
XGBoost,static,2025-12-12,-1.0,-0.02906750518109049
XGBoost,static,2025-12-15,-1.0,-0.030390999462768242
XGBoost,static,2025-12-16,1.0,0.03271906964150093
XGBoost,static,2025-12-17,-1.0,-0.03367413314965908
XGBoost,static,2025-12-18,-1.0,-0.011796993534511246
XGBoost,static,2025-12-19,-1.0,-0.02950649510195613
XGBoost,static,2025-12-22,-1.0,-0.03516791702032007
XGBoost,static,2025-12-23,-1.0,-0.09500959692898281
XGBoost,static,2025-12-24,-1.0,0.017353241742440795
XGBoost,static,2025-12-26,-1.0,-0.1004727339635727
XGBoost,static,2025-12-29,-1.0,0.14705997873502163
XGBoost,static,2025-12-30,1.0,0.06037582527660399
XGBoost,static,2025-12-31,-1.0,0.08820818192068874
XGBoost,static,2026-01-02,1.0,0.044626714756389886
XGBoost,static,2026-01-05,-1.0,-0.06784832861234705
XGBoost,static,2026-01-06,1.0,0.07228292575457138
XGBoost,static,2026-01-07,-1.0,0.07399888975195154
XGBoost,static,2026-01-08,1.0,-0.0009543939138839883
XGBoost,static,2026-01-09,-1.0,-0.012013340246513038
XGBoost,static,2026-01-12,-1.0,-0.03568452226911156
XGBoost,static,2026-01-13,1.0,-0.011134076860630638
XGBoost,static,2026-01-14,1.0,0.014268595480082302
XGBoost,static,2026-01-15,1.0,0.009674243335304755
XGBoost,static,2026-01-16,1.0,-0.03606692517651677
XGBoost,static,2026-01-20,1.0,0.05543013649853523
XGBoost,static,2026-01-21,-1.0,-0.02031100240335173
XGBoost,static,2026-01-22,1.0,0.032617347883081106
XGBoost,static,2026-01-23,-1.0,-0.06277320859270533
XGBoost,static,2026-01-26,-1.0,-0.04786738180557326
XGBoost,static,2026-01-27,1.0,-0.11911738984185297
XGBoost,static,2026-01-28,1.0,0.036805666798166436
XGBoost,static,2026-01-29,-1.0,0.002985343279602182
XGBoost,static,2026-01-30,1.0,-0.1906211411840454
XGBoost,static,2026-02-02,1.0,-0.0044226976470291834
XGBoost,static,2026-02-03,1.0,0.0487700490357057
XGBoost,static,2026-02-04,1.0,-0.014984580534267211
XGBoost,static,2026-02-05,1.0,-0.046747054976740254
XGBoost,static,2026-02-06,-1.0,-0.015576382261483857
XGBoost,static,2026-02-09,1.0,0.007252277815766629
XGBoost,static,2026-02-10,1.0,-0.008203236516002299
XGBoost,static,2026-02-11,1.0,0.022136069289431237
XGBoost,static,2026-02-12,1.0,-0.05795402404383865
XGBoost,static,2026-02-13,-1.0,-0.0286011674140392
XGBoost,static,2026-02-17,1.0,-0.028541035417011716
XGBoost,static,2026-02-18,1.0,0.04665833656832308
XGBoost,static,2026-02-19,-1.0,0.02073612588310323
XGBoost,static,2026-02-20,1.0,0.05187772865290794
XGBoost,static,2026-02-23,-1.0,0.010538834563525867
XGBoost,static,2026-02-24,1.0,0.01596669627808376
XGBoost,static,2026-02-25,1.0,0.0662509713127224
XGBoost,static,2026-02-26,1.0,-0.04080673482083863
XGBoost,static,2026-02-27,1.0,0.06047435757261144
XGBoost,static,2026-03-02,-1.0,0.02250045362515172
XGBoost,static,2026-03-03,1.0,-0.10275627991300954
XGBoost,static,2026-03-04,-1.0,-0.038709687904084265
XGBoost,static,2026-03-05,1.0,-0.011663290356711343
XGBoost,static,2026-03-06,1.0,0.005821550396126751
XGBoost,static,2026-03-09,1.0,0.012696133566260537
XGBoost,static,2026-03-10,1.0,0.030143758941751253
XGBoost,static,2026-03-11,1.0,-0.01342281879194629
XGBoost,static,2026-03-12,1.0,-0.020408163265306145
XGBoost,static,2026-03-13,1.0,-0.05712964093243644
XGBoost,static,2026-03-16,1.0,0.025974675954144155
XGBoost,static,2026-03-17,1.0,0.020244100898839434
XGBoost,static,2026-03-18,1.0,-0.03743317712746652
XGBoost,static,2026-03-19,1.0,-0.05497078402930067
XGBoost,static,2026-03-20,1.0,0.016192257221895545
XGBoost,static,2026-03-23,1.0,-0.05597276368838666
XGBoost,static,2026-03-24,1.0,0.01704023562857193
XGBoost,static,2026-03-25,1.0,0.017547542902682345
XGBoost,static,2026-03-26,1.0,-0.04513811788269251
XGBoost,static,2026-03-27,1.0,0.017570541206481938
XGBoost,static,2026-03-30,1.0,0.00801881759637113
XGBoost,static,2026-03-31,1.0,0.03395359845560606
XGBoost,static,2026-04-01,-1.0,-0.010097460937499992
XGBoost,static,2026-04-02,1.0,-0.0029928704938959826
XGBoost,static,2026-04-06,1.0,-0.002851663874635202
XGBoost,static,2026-04-07,-1.0,0.01466057415562847
XGBoost,static,2026-04-08,-1.0,-0.06298280213984708
XGBoost,static,2026-04-09,1.0,0.02223245772424185
XGBoost,static,2026-04-10,1.0,-0.022655727266777892
XGBoost,static,2026-04-13,-1.0,-0.006397818831008339
XGBoost,static,2026-04-14,1.0,0.010858321994455333
XGBoost,static,2026-04-15,-1.0,-0.013775651617457885
XGBoost,static,2026-04-16,-1.0,0.00889763148109679
XGBoost,static,2026-04-17,-1.0,-0.014516928955675912
XGBoost,static,2026-04-20,-1.0,0.025323628537597065
XGBoost,static,2026-04-21,-1.0,0.022407834760169276
XGBoost,static,2026-04-22,1.0,0.02366012333304355
XGBoost,static,2026-04-23,1.0,-0.024124346093997717
XGBoost,static,2026-04-24,1.0,-0.0037575277749796188
XGBoost,static,2026-04-27,1.0,-0.016823833456110493
XGBoost,static,2026-04-28,1.0,-0.019585042267408426
XGBoost,static,2026-04-29,1.0,-0.029346650140070096
XGBoost,static,2026-04-30,1.0,0.049700285760941654
SVR,static,2025-07-02,1.0,0.05569907439160081
SVR,static,2025-07-03,1.0,-0.03448275862068961
SVR,static,2025-07-04,-1.0,-0.007853061224489833
SVR,static,2025-07-07,1.0,-0.015172839907323677
SVR,static,2025-07-08,1.0,0.01086791469169679
SVR,static,2025-07-09,-1.0,0.004158564656697816
SVR,static,2025-07-10,-1.0,-0.017729497490861057
SVR,static,2025-07-11,-1.0,-0.04093481581945113
SVR,static,2025-07-14,-1.0,0.03601931737474173
SVR,static,2025-07-15,-1.0,0.0033578276315149314
SVR,static,2025-07-16,1.0,0.015642276405690027
SVR,static,2025-07-17,-1.0,-0.026521395434858007
SVR,static,2025-07-18,1.0,-0.011132359837155681
SVR,static,2025-07-21,-1.0,-0.027450574328727904
SVR,static,2025-07-22,-1.0,0.008256040857414937
SVR,static,2025-07-23,-1.0,0.01896966825528834
SVR,static,2025-07-24,-1.0,0.009111759081065318
SVR,static,2025-07-25,-1.0,0.012073530441274016
SVR,static,2025-07-28,1.0,-0.0025447838360659557
SVR,static,2025-07-29,-1.0,-0.0001287973878813185
SVR,static,2025-07-30,-1.0,0.030840490618322614
SVR,static,2025-07-31,-1.0,0.05460419594622845
SVR,static,2025-08-01,-1.0,-0.01368157280155069
SVR,static,2025-08-04,1.0,0.01697793283287006
SVR,static,2025-08-05,1.0,-0.006936122642376752
SVR,static,2025-08-06,-1.0,-0.0068808754588063565
SVR,static,2025-08-07,1.0,0.010282673012113474
SVR,static,2025-08-08,-1.0,0.010472474488817473
SVR,static,2025-08-11,1.0,0.0030438510163854683
SVR,static,2025-08-12,1.0,0.009023234664039537
SVR,static,2025-08-13,1.0,-0.007750222985951293
SVR,static,2025-08-14,-1.0,-0.0143194508660345
SVR,static,2025-08-15,-1.0,0.011849218263663586
SVR,static,2025-08-18,-1.0,0.0059207255676868575
SVR,static,2025-08-19,-1.0,0.018169462562083183
SVR,static,2025-08-20,-1.0,-0.024341511159736262
SVR,static,2025-08-21,-1.0,-0.012893516620595902
SVR,static,2025-08-22,-1.0,-0.003108402452608683
SVR,static,2025-08-25,-1.0,0.017559427769977876
SVR,static,2025-08-26,-1.0,-0.008110580524284483
SVR,static,2025-08-27,-1.0,0.0007449344322207896
SVR,static,2025-08-28,-1.0,-0.011182346598325177
SVR,static,2025-08-29,-1.0,-0.00685633042643885
SVR,static,2025-09-02,-1.0,-0.02936230437867482
SVR,static,2025-09-03,-1.0,-0.030445244893461565
SVR,static,2025-09-04,-1.0,0.05343091655289811
SVR,static,2025-09-05,1.0,0.007457526527058645
SVR,static,2025-09-08,-1.0,0.00045130084356357367
SVR,static,2025-09-09,1.0,-0.009976940558089753
SVR,static,2025-09-10,-1.0,-0.018923012266311566
SVR,static,2025-09-11,1.0,0.0015948165382879465
SVR,static,2025-09-12,-1.0,-0.008728037986138993
SVR,static,2025-09-15,-1.0,-0.003908192858075976
SVR,static,2025-09-16,1.0,-0.010321778265782533
SVR,static,2025-09-17,-1.0,0.018248372419109794
SVR,static,2025-09-18,-1.0,-0.017993788971217617
SVR,static,2025-09-19,1.0,0.011893905910119495
SVR,static,2025-09-22,1.0,0.006646328232498222
SVR,static,2025-09-23,-1.0,-0.05674281292468877
SVR,static,2025-09-24,1.0,-0.013296630641775687
SVR,static,2025-09-25,1.0,0.031121556868895173
SVR,static,2025-09-26,-1.0,-0.034171386724217066
SVR,static,2025-09-29,-1.0,-0.016806784909896955
SVR,static,2025-09-30,-1.0,0.015148333121703361
SVR,static,2025-10-01,1.0,-0.009476758423803045
SVR,static,2025-10-02,-1.0,0.003685582197002746
SVR,static,2025-10-03,-1.0,-0.0354904708192012
SVR,static,2025-10-06,-1.0,-0.009633777012004074
SVR,static,2025-10-07,-1.0,0.005076792895088333
SVR,static,2025-10-08,1.0,0.03139967120714313
SVR,static,2025-10-09,1.0,-0.026162112284900174
SVR,static,2025-10-10,1.0,-0.020439400840261523
SVR,static,2025-10-13,-1.0,-0.04324368496020805
SVR,static,2025-10-14,1.0,-0.008884715028766888
SVR,static,2025-10-15,1.0,0.008217011531960638
SVR,static,2025-10-16,1.0,0.03967164569981407
SVR,static,2025-10-17,1.0,-0.07643090306066558
SVR,static,2025-10-20,1.0,0.020345737123193652
SVR,static,2025-10-21,1.0,-0.08006607282361267
SVR,static,2025-10-22,-1.0,-0.02147659574468077
SVR,static,2025-10-23,1.0,0.03339373410542799
SVR,static,2025-10-24,1.0,0.003968284785214715
SVR,static,2025-10-27,1.0,-0.009724574793013141
SVR,static,2025-10-28,-1.0,0.0006869896049210624
SVR,static,2025-10-29,1.0,0.008867881311429992
SVR,static,2025-10-30,-1.0,-0.01088308897025383
SVR,static,2025-10-31,-1.0,0.023938319238411165
SVR,static,2025-11-03,-1.0,-0.0026754688758039435
SVR,static,2025-11-04,-1.0,0.02013974026167409
SVR,static,2025-11-05,1.0,0.007061849716198255
SVR,static,2025-11-06,-1.0,0.016021404037254584
SVR,static,2025-11-07,1.0,0.006997539520092723
SVR,static,2025-11-10,1.0,0.033651611196431785
SVR,static,2025-11-11,1.0,-0.0010684125434977654
SVR,static,2025-11-12,-1.0,-0.02089965012501562
SVR,static,2025-11-13,-1.0,0.01134193667031802
SVR,static,2025-11-14,1.0,-0.030563534198447727
SVR,static,2025-11-17,1.0,-0.006108539286438064
SVR,static,2025-11-18,1.0,-0.0003234780460599218
SVR,static,2025-11-19,1.0,0.0011002286408940964
SVR,static,2025-11-20,-1.0,0.02611073282037344
SVR,static,2025-11-21,1.0,0.004845875649070997
SVR,static,2025-11-24,-1.0,-0.01915887848206401
SVR,static,2025-11-25,1.0,0.009135510154983683
SVR,static,2025-11-26,-1.0,-0.014330644007330995
SVR,static,2025-11-28,-1.0,-0.06257516323395951
SVR,static,2025-12-01,1.0,-0.004729996904767741
SVR,static,2025-12-02,1.0,-0.015627792328288925
SVR,static,2025-12-03,1.0,0.007603406326033958
SVR,static,2025-12-04,1.0,-0.0012677184340099679
SVR,static,2025-12-05,-1.0,-0.0005626544832469047
SVR,static,2025-12-08,-1.0,-0.0
SVR,static,2025-12-09,-1.0,-0.024229592499055874
SVR,static,2025-12-10,-1.0,0.03144352989527277
SVR,static,2025-12-11,-1.0,-0.04019977953290299
SVR,static,2025-12-12,-1.0,-0.02886750518109049
SVR,static,2025-12-15,-1.0,-0.030390999462768242
SVR,static,2025-12-16,1.0,0.03271906964150093
SVR,static,2025-12-17,-1.0,-0.03367413314965908
SVR,static,2025-12-18,-1.0,-0.011796993534511246
SVR,static,2025-12-19,1.0,0.029306495101956133
SVR,static,2025-12-22,-1.0,-0.03536791702032007
SVR,static,2025-12-23,-1.0,-0.09500959692898281
SVR,static,2025-12-24,-1.0,0.017353241742440795
SVR,static,2025-12-26,-1.0,-0.1004727339635727
SVR,static,2025-12-29,-1.0,0.14705997873502163
SVR,static,2025-12-30,-1.0,-0.06057582527660399
SVR,static,2025-12-31,-1.0,0.08840818192068875
SVR,static,2026-01-02,-1.0,-0.044826714756389885
SVR,static,2026-01-05,-1.0,-0.06764832861234704
SVR,static,2026-01-06,-1.0,-0.07248292575457138
SVR,static,2026-01-07,-1.0,0.07419888975195155
SVR,static,2026-01-08,-1.0,0.0007543939138839884
SVR,static,2026-01-09,-1.0,-0.011813340246513038
SVR,static,2026-01-12,-1.0,-0.03568452226911156
SVR,static,2026-01-13,-1.0,0.010934076860630637
SVR,static,2026-01-14,1.0,0.014068595480082302
SVR,static,2026-01-15,1.0,0.009674243335304755
SVR,static,2026-01-16,-1.0,0.035866925176516774
SVR,static,2026-01-20,1.0,0.05523013649853523
SVR,static,2026-01-21,-1.0,-0.02031100240335173
SVR,static,2026-01-22,-1.0,-0.032817347883081105
SVR,static,2026-01-23,-1.0,-0.06257320859270532
SVR,static,2026-01-26,-1.0,-0.04786738180557326
SVR,static,2026-01-27,-1.0,0.11891738984185296
SVR,static,2026-01-28,-1.0,-0.036805666798166436
SVR,static,2026-01-29,-1.0,0.003185343279602182
SVR,static,2026-01-30,1.0,-0.1906211411840454
SVR,static,2026-02-02,1.0,-0.0044226976470291834
SVR,static,2026-02-03,1.0,0.0487700490357057
SVR,static,2026-02-04,1.0,-0.014984580534267211
SVR,static,2026-02-05,1.0,-0.046747054976740254
SVR,static,2026-02-06,1.0,0.015376382261483856
SVR,static,2026-02-09,1.0,0.007452277815766629
SVR,static,2026-02-10,1.0,-0.008203236516002299
SVR,static,2026-02-11,1.0,0.022136069289431237
SVR,static,2026-02-12,1.0,-0.05795402404383865
SVR,static,2026-02-13,1.0,0.0284011674140392
SVR,static,2026-02-17,1.0,-0.028341035417011717
SVR,static,2026-02-18,1.0,0.04665833656832308
SVR,static,2026-02-19,1.0,-0.02093612588310323
SVR,static,2026-02-20,1.0,0.05207772865290794
SVR,static,2026-02-23,1.0,-0.010738834563525868
SVR,static,2026-02-24,1.0,0.01616669627808376
SVR,static,2026-02-25,1.0,0.0662509713127224
SVR,static,2026-02-26,1.0,-0.04080673482083863
SVR,static,2026-02-27,1.0,0.06047435757261144
SVR,static,2026-03-02,1.0,-0.022700453625151717
SVR,static,2026-03-03,1.0,-0.10255627991300953
SVR,static,2026-03-04,1.0,0.03850968790408427
SVR,static,2026-03-05,1.0,-0.011463290356711342
SVR,static,2026-03-06,-1.0,-0.006021550396126751
SVR,static,2026-03-09,-1.0,-0.012696133566260537
SVR,static,2026-03-10,1.0,0.029943758941751254
SVR,static,2026-03-11,1.0,-0.01342281879194629
SVR,static,2026-03-12,-1.0,0.020208163265306146
SVR,static,2026-03-13,1.0,-0.05732964093243644
SVR,static,2026-03-16,-1.0,-0.026174675954144154
SVR,static,2026-03-17,1.0,0.020044100898839436
SVR,static,2026-03-18,1.0,-0.03743317712746652
SVR,static,2026-03-19,-1.0,0.05477078402930067
SVR,static,2026-03-20,1.0,0.015992257221895546
SVR,static,2026-03-23,1.0,-0.05597276368838666
SVR,static,2026-03-24,1.0,0.01704023562857193
SVR,static,2026-03-25,-1.0,-0.017747542902682344
SVR,static,2026-03-26,1.0,-0.04533811788269251
SVR,static,2026-03-27,-1.0,-0.017770541206481937
SVR,static,2026-03-30,1.0,0.00781881759637113
SVR,static,2026-03-31,-1.0,-0.03455359845560606
SVR,static,2026-04-01,1.0,0.00969746093749999
SVR,static,2026-04-02,-1.0,0.0025928704938959824
SVR,static,2026-04-06,1.0,-0.003051663874635202
SVR,static,2026-04-07,1.0,-0.01486057415562847
SVR,static,2026-04-08,1.0,0.06298280213984708
SVR,static,2026-04-09,1.0,0.02243245772424185
SVR,static,2026-04-10,-1.0,0.022455727266777893
SVR,static,2026-04-13,1.0,0.00599781883100834
SVR,static,2026-04-14,1.0,0.011058321994455333
SVR,static,2026-04-15,-1.0,-0.013775651617457885
SVR,static,2026-04-16,-1.0,0.00889763148109679
SVR,static,2026-04-17,1.0,0.014316928955675911
SVR,static,2026-04-20,-1.0,0.025123628537597066
SVR,static,2026-04-21,-1.0,0.022407834760169276
SVR,static,2026-04-22,1.0,0.02366012333304355
SVR,static,2026-04-23,-1.0,0.02392434609399772
SVR,static,2026-04-24,-1.0,0.0037575277749796188
SVR,static,2026-04-27,-1.0,0.016823833456110493
SVR,static,2026-04-28,-1.0,0.019585042267408426
SVR,static,2026-04-29,-1.0,0.029346650140070096
SVR,static,2026-04-30,1.0,0.049500285760941655
LSTM,static,2025-07-02,1.0,0.05569907439160081
LSTM,static,2025-07-03,1.0,-0.03448275862068961
LSTM,static,2025-07-04,1.0,0.007653061224489832
LSTM,static,2025-07-07,1.0,-0.014972839907323676
LSTM,static,2025-07-08,1.0,0.01086791469169679
LSTM,static,2025-07-09,1.0,-0.004358564656697816
LSTM,static,2025-07-10,1.0,0.017729497490861057
LSTM,static,2025-07-11,1.0,0.04093481581945113
LSTM,static,2025-07-14,1.0,-0.03601931737474173
LSTM,static,2025-07-15,1.0,-0.0033578276315149314
LSTM,static,2025-07-16,1.0,0.015842276405690026
LSTM,static,2025-07-17,-1.0,-0.026521395434858007
LSTM,static,2025-07-18,-1.0,0.01093235983715568
LSTM,static,2025-07-21,-1.0,-0.027250574328727906
LSTM,static,2025-07-22,-1.0,0.008256040857414937
LSTM,static,2025-07-23,-1.0,0.01896966825528834
LSTM,static,2025-07-24,-1.0,0.009111759081065318
LSTM,static,2025-07-25,-1.0,0.012073530441274016
LSTM,static,2025-07-28,-1.0,0.0023447838360659556
LSTM,static,2025-07-29,-1.0,7.120261211868151e-05
LSTM,static,2025-07-30,-1.0,0.030840490618322614
LSTM,static,2025-07-31,-1.0,0.05460419594622845
LSTM,static,2025-08-01,1.0,0.01348157280155069
LSTM,static,2025-08-04,-1.0,-0.017377932832870056
LSTM,static,2025-08-05,-1.0,0.006936122642376752
LSTM,static,2025-08-06,-1.0,-0.006680875458806357
LSTM,static,2025-08-07,-1.0,-0.010482673012113475
LSTM,static,2025-08-08,-1.0,0.010672474488817474
LSTM,static,2025-08-11,-1.0,-0.0032438510163854684
LSTM,static,2025-08-12,-1.0,-0.009023234664039537
LSTM,static,2025-08-13,-1.0,0.007750222985951293
LSTM,static,2025-08-14,-1.0,-0.0141194508660345
LSTM,static,2025-08-15,-1.0,0.011849218263663586
LSTM,static,2025-08-18,-1.0,0.0059207255676868575
LSTM,static,2025-08-19,-1.0,0.018169462562083183
LSTM,static,2025-08-20,-1.0,-0.024341511159736262
LSTM,static,2025-08-21,-1.0,-0.012893516620595902
LSTM,static,2025-08-22,-1.0,-0.003108402452608683
LSTM,static,2025-08-25,-1.0,0.017559427769977876
LSTM,static,2025-08-26,-1.0,-0.008110580524284483
LSTM,static,2025-08-27,-1.0,0.0007449344322207896
LSTM,static,2025-08-28,-1.0,-0.011182346598325177
LSTM,static,2025-08-29,-1.0,-0.00685633042643885
LSTM,static,2025-09-02,-1.0,-0.02936230437867482
LSTM,static,2025-09-03,-1.0,-0.030445244893461565
LSTM,static,2025-09-04,-1.0,0.05343091655289811
LSTM,static,2025-09-05,-1.0,-0.0076575265270586446
LSTM,static,2025-09-08,-1.0,0.0006513008435635737
LSTM,static,2025-09-09,-1.0,0.009776940558089753
LSTM,static,2025-09-10,-1.0,-0.018723012266311567
LSTM,static,2025-09-11,-1.0,-0.0017948165382879466
LSTM,static,2025-09-12,-1.0,-0.008528037986138992
LSTM,static,2025-09-15,-1.0,-0.003908192858075976
LSTM,static,2025-09-16,-1.0,0.010121778265782533
LSTM,static,2025-09-17,-1.0,0.018448372419109793
LSTM,static,2025-09-18,-1.0,-0.017993788971217617
LSTM,static,2025-09-19,-1.0,-0.012093905910119496
LSTM,static,2025-09-22,-1.0,-0.006646328232498222
LSTM,static,2025-09-23,-1.0,-0.05654281292468877
LSTM,static,2025-09-24,-1.0,0.013096630641775686
LSTM,static,2025-09-25,-1.0,-0.031121556868895173
LSTM,static,2025-09-26,-1.0,-0.03397138672421707
LSTM,static,2025-09-29,-1.0,-0.016806784909896955
LSTM,static,2025-09-30,-1.0,0.015148333121703361
LSTM,static,2025-10-01,-1.0,0.009276758423803044
LSTM,static,2025-10-02,-1.0,0.003885582197002746
LSTM,static,2025-10-03,-1.0,-0.0354904708192012
LSTM,static,2025-10-06,-1.0,-0.009633777012004074
LSTM,static,2025-10-07,-1.0,0.005076792895088333
LSTM,static,2025-10-08,-1.0,-0.03159967120714313
LSTM,static,2025-10-09,-1.0,0.026162112284900174
LSTM,static,2025-10-10,-1.0,0.020439400840261523
LSTM,static,2025-10-13,1.0,0.04284368496020805
LSTM,static,2025-10-14,1.0,-0.008684715028766887
LSTM,static,2025-10-15,1.0,0.008217011531960638
LSTM,static,2025-10-16,1.0,0.03967164569981407
LSTM,static,2025-10-17,-1.0,0.07623090306066557
LSTM,static,2025-10-20,1.0,0.020145737123193654
LSTM,static,2025-10-21,1.0,-0.08006607282361267
LSTM,static,2025-10-22,1.0,0.02127659574468077
LSTM,static,2025-10-23,1.0,0.033593734105427986
LSTM,static,2025-10-24,1.0,0.003968284785214715
LSTM,static,2025-10-27,1.0,-0.009724574793013141
LSTM,static,2025-10-28,1.0,-0.0008869896049210624
LSTM,static,2025-10-29,-1.0,-0.009267881311429993
LSTM,static,2025-10-30,-1.0,-0.010683088970253829
LSTM,static,2025-10-31,-1.0,0.023938319238411165
LSTM,static,2025-11-03,-1.0,-0.0026754688758039435
LSTM,static,2025-11-04,-1.0,0.02013974026167409
LSTM,static,2025-11-05,-1.0,-0.007261849716198254
LSTM,static,2025-11-06,1.0,-0.016421404037254582
LSTM,static,2025-11-07,1.0,0.0071975395200927226
LSTM,static,2025-11-10,1.0,0.033651611196431785
LSTM,static,2025-11-11,1.0,-0.0010684125434977654
LSTM,static,2025-11-12,1.0,0.020699650125015623
LSTM,static,2025-11-13,1.0,-0.01134193667031802
LSTM,static,2025-11-14,1.0,-0.030363534198447728
LSTM,static,2025-11-17,1.0,-0.006108539286438064
LSTM,static,2025-11-18,1.0,-0.0003234780460599218
LSTM,static,2025-11-19,1.0,0.0011002286408940964
LSTM,static,2025-11-20,1.0,-0.02631073282037344
LSTM,static,2025-11-21,1.0,0.005045875649070997
LSTM,static,2025-11-24,1.0,0.018958878482064012
LSTM,static,2025-11-25,1.0,0.009335510154983684
LSTM,static,2025-11-26,1.0,0.014130644007330995
LSTM,static,2025-11-28,-1.0,-0.06277516323395951
LSTM,static,2025-12-01,-1.0,0.004529996904767741
LSTM,static,2025-12-02,-1.0,0.015627792328288925
LSTM,static,2025-12-03,-1.0,-0.007603406326033958
LSTM,static,2025-12-04,-1.0,0.0012677184340099679
LSTM,static,2025-12-05,-1.0,-0.00036265448324690475
LSTM,static,2025-12-08,-1.0,-0.0
LSTM,static,2025-12-09,1.0,0.024029592499055875
LSTM,static,2025-12-10,1.0,-0.03144352989527277
LSTM,static,2025-12-11,1.0,0.04019977953290299
LSTM,static,2025-12-12,1.0,0.02886750518109049
LSTM,static,2025-12-15,1.0,0.030390999462768242
LSTM,static,2025-12-16,1.0,0.03291906964150093
LSTM,static,2025-12-17,1.0,0.03347413314965908
LSTM,static,2025-12-18,-1.0,-0.011996993534511247
LSTM,static,2025-12-19,-1.0,-0.02950649510195613
LSTM,static,2025-12-22,-1.0,-0.03516791702032007
LSTM,static,2025-12-23,1.0,0.0948095969289828
LSTM,static,2025-12-24,1.0,-0.017353241742440795
LSTM,static,2025-12-26,1.0,0.1004727339635727
LSTM,static,2025-12-29,1.0,-0.14705997873502163
LSTM,static,2025-12-30,1.0,0.06057582527660399
LSTM,static,2025-12-31,-1.0,0.08820818192068874
LSTM,static,2026-01-02,1.0,0.044626714756389886
LSTM,static,2026-01-05,1.0,0.06764832861234704
LSTM,static,2026-01-06,1.0,0.07248292575457138
LSTM,static,2026-01-07,1.0,-0.07419888975195155
LSTM,static,2026-01-08,1.0,-0.0007543939138839884
LSTM,static,2026-01-09,1.0,0.011813340246513038
LSTM,static,2026-01-12,1.0,0.03568452226911156
LSTM,static,2026-01-13,-1.0,0.010734076860630637
LSTM,static,2026-01-14,1.0,0.014068595480082302
LSTM,static,2026-01-15,-1.0,-0.009874243335304756
LSTM,static,2026-01-16,-1.0,0.03606692517651677
LSTM,static,2026-01-20,-1.0,-0.05543013649853523
LSTM,static,2026-01-21,-1.0,-0.02011100240335173
LSTM,static,2026-01-22,-1.0,-0.032817347883081105
LSTM,static,2026-01-23,-1.0,-0.06257320859270532
LSTM,static,2026-01-26,-1.0,-0.04786738180557326
LSTM,static,2026-01-27,-1.0,0.11891738984185296
LSTM,static,2026-01-28,1.0,0.03660566679816644
LSTM,static,2026-01-29,-1.0,0.002985343279602182
LSTM,static,2026-01-30,1.0,-0.1906211411840454
LSTM,static,2026-02-02,1.0,-0.0044226976470291834
LSTM,static,2026-02-03,1.0,0.0487700490357057
LSTM,static,2026-02-04,1.0,-0.014984580534267211
LSTM,static,2026-02-05,1.0,-0.046747054976740254
LSTM,static,2026-02-06,-1.0,-0.015576382261483857
LSTM,static,2026-02-09,1.0,0.007252277815766629
LSTM,static,2026-02-10,-1.0,0.008003236516002299
LSTM,static,2026-02-11,-1.0,-0.022136069289431237
LSTM,static,2026-02-12,-1.0,0.05795402404383865
LSTM,static,2026-02-13,-1.0,-0.0284011674140392
LSTM,static,2026-02-17,-1.0,0.028341035417011717
LSTM,static,2026-02-18,-1.0,-0.04665833656832308
LSTM,static,2026-02-19,-1.0,0.02093612588310323
LSTM,static,2026-02-20,-1.0,-0.05207772865290794
LSTM,static,2026-02-23,-1.0,0.010738834563525868
LSTM,static,2026-02-24,-1.0,-0.01616669627808376
LSTM,static,2026-02-25,-1.0,-0.0662509713127224
LSTM,static,2026-02-26,-1.0,0.04080673482083863
LSTM,static,2026-02-27,1.0,0.06027435757261144
LSTM,static,2026-03-02,-1.0,0.02250045362515172
LSTM,static,2026-03-03,-1.0,0.10255627991300953
LSTM,static,2026-03-04,-1.0,-0.03850968790408427
LSTM,static,2026-03-05,-1.0,0.011463290356711342
LSTM,static,2026-03-06,-1.0,-0.005821550396126751
LSTM,static,2026-03-09,-1.0,-0.012696133566260537
LSTM,static,2026-03-10,-1.0,-0.030143758941751253
LSTM,static,2026-03-11,-1.0,0.01342281879194629
LSTM,static,2026-03-12,-1.0,0.020408163265306145
LSTM,static,2026-03-13,-1.0,0.05712964093243644
LSTM,static,2026-03-16,-1.0,-0.025974675954144155
LSTM,static,2026-03-17,-1.0,-0.020244100898839434
LSTM,static,2026-03-18,-1.0,0.03743317712746652
LSTM,static,2026-03-19,-1.0,0.05497078402930067
LSTM,static,2026-03-20,-1.0,-0.016192257221895545
LSTM,static,2026-03-23,-1.0,0.05597276368838666
LSTM,static,2026-03-24,1.0,0.016840235628571933
LSTM,static,2026-03-25,1.0,0.017547542902682345
LSTM,static,2026-03-26,1.0,-0.04513811788269251
LSTM,static,2026-03-27,1.0,0.017570541206481938
LSTM,static,2026-03-30,1.0,0.00801881759637113
LSTM,static,2026-03-31,1.0,0.03395359845560606
LSTM,static,2026-04-01,1.0,0.009897460937499991
LSTM,static,2026-04-02,-1.0,0.0025928704938959824
LSTM,static,2026-04-06,-1.0,0.002851663874635202
LSTM,static,2026-04-07,-1.0,0.01486057415562847
LSTM,static,2026-04-08,1.0,0.06278280213984708
LSTM,static,2026-04-09,-1.0,-0.02263245772424185
LSTM,static,2026-04-10,-1.0,0.022655727266777892
LSTM,static,2026-04-13,-1.0,-0.006197818831008339
LSTM,static,2026-04-14,-1.0,-0.011058321994455333
LSTM,static,2026-04-15,-1.0,-0.013575651617457885
LSTM,static,2026-04-16,-1.0,0.00889763148109679
LSTM,static,2026-04-17,1.0,0.014316928955675911
LSTM,static,2026-04-20,1.0,-0.025323628537597065
LSTM,static,2026-04-21,1.0,-0.022407834760169276
LSTM,static,2026-04-22,1.0,0.023860123333043548
LSTM,static,2026-04-23,1.0,-0.024124346093997717
LSTM,static,2026-04-24,1.0,-0.0037575277749796188
LSTM,static,2026-04-27,1.0,-0.016823833456110493
LSTM,static,2026-04-28,1.0,-0.019585042267408426
LSTM,static,2026-04-29,1.0,-0.029346650140070096
LSTM,static,2026-04-30,1.0,0.049700285760941654
GRU,static,2025-07-02,-1.0,-0.055899074391600814
GRU,static,2025-07-03,-1.0,0.03448275862068961
GRU,static,2025-07-04,-1.0,-0.007653061224489832
GRU,static,2025-07-07,-1.0,0.014972839907323676
GRU,static,2025-07-08,-1.0,-0.01086791469169679
GRU,static,2025-07-09,-1.0,0.004358564656697816
GRU,static,2025-07-10,-1.0,-0.017729497490861057
GRU,static,2025-07-11,-1.0,-0.04093481581945113
GRU,static,2025-07-14,-1.0,0.03601931737474173
GRU,static,2025-07-15,1.0,-0.0035578276315149314
GRU,static,2025-07-16,-1.0,-0.016042276405690024
GRU,static,2025-07-17,-1.0,-0.026321395434858008
GRU,static,2025-07-18,-1.0,0.01093235983715568
GRU,static,2025-07-21,-1.0,-0.027250574328727906
GRU,static,2025-07-22,-1.0,0.008256040857414937
GRU,static,2025-07-23,1.0,-0.01916966825528834
GRU,static,2025-07-24,-1.0,0.008911759081065318
GRU,static,2025-07-25,-1.0,0.012073530441274016
GRU,static,2025-07-28,-1.0,0.0023447838360659556
GRU,static,2025-07-29,-1.0,7.120261211868151e-05
GRU,static,2025-07-30,-1.0,0.030840490618322614
GRU,static,2025-07-31,-1.0,0.05460419594622845
GRU,static,2025-08-01,-1.0,-0.01368157280155069
GRU,static,2025-08-04,-1.0,-0.017177932832870058
GRU,static,2025-08-05,-1.0,0.006936122642376752
GRU,static,2025-08-06,-1.0,-0.006680875458806357
GRU,static,2025-08-07,-1.0,-0.010482673012113475
GRU,static,2025-08-08,-1.0,0.010672474488817474
GRU,static,2025-08-11,-1.0,-0.0032438510163854684
GRU,static,2025-08-12,-1.0,-0.009023234664039537
GRU,static,2025-08-13,-1.0,0.007750222985951293
GRU,static,2025-08-14,-1.0,-0.0141194508660345
GRU,static,2025-08-15,-1.0,0.011849218263663586
GRU,static,2025-08-18,-1.0,0.0059207255676868575
GRU,static,2025-08-19,-1.0,0.018169462562083183
GRU,static,2025-08-20,-1.0,-0.024341511159736262
GRU,static,2025-08-21,-1.0,-0.012893516620595902
GRU,static,2025-08-22,-1.0,-0.003108402452608683
GRU,static,2025-08-25,-1.0,0.017559427769977876
GRU,static,2025-08-26,-1.0,-0.008110580524284483
GRU,static,2025-08-27,-1.0,0.0007449344322207896
GRU,static,2025-08-28,-1.0,-0.011182346598325177
GRU,static,2025-08-29,-1.0,-0.00685633042643885
GRU,static,2025-09-02,-1.0,-0.02936230437867482
GRU,static,2025-09-03,-1.0,-0.030445244893461565
GRU,static,2025-09-04,-1.0,0.05343091655289811
GRU,static,2025-09-05,-1.0,-0.0076575265270586446
GRU,static,2025-09-08,-1.0,0.0006513008435635737
GRU,static,2025-09-09,-1.0,0.009776940558089753
GRU,static,2025-09-10,-1.0,-0.018723012266311567
GRU,static,2025-09-11,-1.0,-0.0017948165382879466
GRU,static,2025-09-12,-1.0,-0.008528037986138992
GRU,static,2025-09-15,-1.0,-0.003908192858075976
GRU,static,2025-09-16,-1.0,0.010121778265782533
GRU,static,2025-09-17,-1.0,0.018448372419109793
GRU,static,2025-09-18,-1.0,-0.017993788971217617
GRU,static,2025-09-19,-1.0,-0.012093905910119496
GRU,static,2025-09-22,-1.0,-0.006646328232498222
GRU,static,2025-09-23,-1.0,-0.05654281292468877
GRU,static,2025-09-24,-1.0,0.013096630641775686
GRU,static,2025-09-25,-1.0,-0.031121556868895173
GRU,static,2025-09-26,-1.0,-0.03397138672421707
GRU,static,2025-09-29,-1.0,-0.016806784909896955
GRU,static,2025-09-30,1.0,-0.015748333121703362
GRU,static,2025-10-01,1.0,-0.009276758423803044
GRU,static,2025-10-02,1.0,-0.003885582197002746
GRU,static,2025-10-03,1.0,0.0354904708192012
GRU,static,2025-10-06,-1.0,-0.009833777012004075
GRU,static,2025-10-07,1.0,-0.005276792895088333
GRU,static,2025-10-08,1.0,0.03159967120714313
GRU,static,2025-10-09,1.0,-0.026162112284900174
GRU,static,2025-10-10,1.0,-0.020439400840261523
GRU,static,2025-10-13,1.0,0.04304368496020805
GRU,static,2025-10-14,1.0,-0.008684715028766887
GRU,static,2025-10-15,1.0,0.008217011531960638
GRU,static,2025-10-16,1.0,0.03967164569981407
GRU,static,2025-10-17,1.0,-0.07643090306066558
GRU,static,2025-10-20,1.0,0.020345737123193652
GRU,static,2025-10-21,1.0,-0.08006607282361267
GRU,static,2025-10-22,1.0,0.02127659574468077
GRU,static,2025-10-23,1.0,0.033593734105427986
GRU,static,2025-10-24,1.0,0.003968284785214715
GRU,static,2025-10-27,1.0,-0.009724574793013141
GRU,static,2025-10-28,1.0,-0.0008869896049210624
GRU,static,2025-10-29,1.0,0.009067881311429993
GRU,static,2025-10-30,-1.0,-0.01088308897025383
GRU,static,2025-10-31,-1.0,0.023938319238411165
GRU,static,2025-11-03,-1.0,-0.0026754688758039435
GRU,static,2025-11-04,-1.0,0.02013974026167409
GRU,static,2025-11-05,1.0,0.007061849716198255
GRU,static,2025-11-06,-1.0,0.016021404037254584
GRU,static,2025-11-07,1.0,0.006997539520092723
GRU,static,2025-11-10,1.0,0.033651611196431785
GRU,static,2025-11-11,1.0,-0.0010684125434977654
GRU,static,2025-11-12,1.0,0.020699650125015623
GRU,static,2025-11-13,-1.0,0.01114193667031802
GRU,static,2025-11-14,-1.0,0.030363534198447728
GRU,static,2025-11-17,1.0,-0.0063085392864380635
GRU,static,2025-11-18,1.0,-0.0003234780460599218
GRU,static,2025-11-19,1.0,0.0011002286408940964
GRU,static,2025-11-20,-1.0,0.02611073282037344
GRU,static,2025-11-21,1.0,0.004845875649070997
GRU,static,2025-11-24,1.0,0.018958878482064012
GRU,static,2025-11-25,1.0,0.009335510154983684
GRU,static,2025-11-26,1.0,0.014130644007330995
GRU,static,2025-11-28,1.0,0.06257516323395951
GRU,static,2025-12-01,1.0,-0.004529996904767741
GRU,static,2025-12-02,1.0,-0.015627792328288925
GRU,static,2025-12-03,-1.0,-0.007803406326033957
GRU,static,2025-12-04,-1.0,0.0012677184340099679
GRU,static,2025-12-05,-1.0,-0.00036265448324690475
GRU,static,2025-12-08,-1.0,-0.0
GRU,static,2025-12-09,1.0,0.024029592499055875
GRU,static,2025-12-10,1.0,-0.03144352989527277
GRU,static,2025-12-11,1.0,0.04019977953290299
GRU,static,2025-12-12,1.0,0.02886750518109049
GRU,static,2025-12-15,-1.0,-0.03059099946276824
GRU,static,2025-12-16,1.0,0.03271906964150093
GRU,static,2025-12-17,1.0,0.03347413314965908
GRU,static,2025-12-18,1.0,0.011796993534511246
GRU,static,2025-12-19,1.0,0.02950649510195613
GRU,static,2025-12-22,1.0,0.03516791702032007
GRU,static,2025-12-23,1.0,0.09500959692898281
GRU,static,2025-12-24,1.0,-0.017353241742440795
GRU,static,2025-12-26,1.0,0.1004727339635727
GRU,static,2025-12-29,1.0,-0.14705997873502163
GRU,static,2025-12-30,1.0,0.06057582527660399
GRU,static,2025-12-31,-1.0,0.08820818192068874
GRU,static,2026-01-02,1.0,0.044626714756389886
GRU,static,2026-01-05,-1.0,-0.06784832861234705
GRU,static,2026-01-06,-1.0,-0.07248292575457138
GRU,static,2026-01-07,1.0,-0.07439888975195155
GRU,static,2026-01-08,1.0,-0.0007543939138839884
GRU,static,2026-01-09,1.0,0.011813340246513038
GRU,static,2026-01-12,-1.0,-0.03588452226911156
GRU,static,2026-01-13,-1.0,0.010934076860630637
GRU,static,2026-01-14,-1.0,-0.014268595480082302
GRU,static,2026-01-15,-1.0,-0.009674243335304755
GRU,static,2026-01-16,-1.0,0.03606692517651677
GRU,static,2026-01-20,-1.0,-0.05543013649853523
GRU,static,2026-01-21,-1.0,-0.02011100240335173
GRU,static,2026-01-22,-1.0,-0.032817347883081105
GRU,static,2026-01-23,-1.0,-0.06257320859270532
GRU,static,2026-01-26,-1.0,-0.04786738180557326
GRU,static,2026-01-27,-1.0,0.11891738984185296
GRU,static,2026-01-28,1.0,0.03660566679816644
GRU,static,2026-01-29,-1.0,0.002985343279602182
GRU,static,2026-01-30,1.0,-0.1906211411840454
GRU,static,2026-02-02,1.0,-0.0044226976470291834
GRU,static,2026-02-03,1.0,0.0487700490357057
GRU,static,2026-02-04,1.0,-0.014984580534267211
GRU,static,2026-02-05,1.0,-0.046747054976740254
GRU,static,2026-02-06,1.0,0.015376382261483856
GRU,static,2026-02-09,1.0,0.007452277815766629
GRU,static,2026-02-10,-1.0,0.008003236516002299
GRU,static,2026-02-11,-1.0,-0.022136069289431237
GRU,static,2026-02-12,-1.0,0.05795402404383865
GRU,static,2026-02-13,-1.0,-0.0284011674140392
GRU,static,2026-02-17,-1.0,0.028341035417011717
GRU,static,2026-02-18,-1.0,-0.04665833656832308
GRU,static,2026-02-19,-1.0,0.02093612588310323
GRU,static,2026-02-20,-1.0,-0.05207772865290794
GRU,static,2026-02-23,-1.0,0.010738834563525868
GRU,static,2026-02-24,-1.0,-0.01616669627808376
GRU,static,2026-02-25,-1.0,-0.0662509713127224
GRU,static,2026-02-26,-1.0,0.04080673482083863
GRU,static,2026-02-27,-1.0,-0.06047435757261144
GRU,static,2026-03-02,-1.0,0.022700453625151717
GRU,static,2026-03-03,-1.0,0.10255627991300953
GRU,static,2026-03-04,-1.0,-0.03850968790408427
GRU,static,2026-03-05,-1.0,0.011463290356711342
GRU,static,2026-03-06,-1.0,-0.005821550396126751
GRU,static,2026-03-09,-1.0,-0.012696133566260537
GRU,static,2026-03-10,-1.0,-0.030143758941751253
GRU,static,2026-03-11,-1.0,0.01342281879194629
GRU,static,2026-03-12,-1.0,0.020408163265306145
GRU,static,2026-03-13,-1.0,0.05712964093243644
GRU,static,2026-03-16,1.0,0.025774675954144156
GRU,static,2026-03-17,-1.0,-0.020444100898839433
GRU,static,2026-03-18,-1.0,0.03743317712746652
GRU,static,2026-03-19,-1.0,0.05497078402930067
GRU,static,2026-03-20,1.0,0.015992257221895546
GRU,static,2026-03-23,-1.0,0.05577276368838666
GRU,static,2026-03-24,1.0,0.016840235628571933
GRU,static,2026-03-25,1.0,0.017547542902682345
GRU,static,2026-03-26,1.0,-0.04513811788269251
GRU,static,2026-03-27,1.0,0.017570541206481938
GRU,static,2026-03-30,1.0,0.00801881759637113
GRU,static,2026-03-31,1.0,0.03395359845560606
GRU,static,2026-04-01,-1.0,-0.010097460937499992
GRU,static,2026-04-02,-1.0,0.0027928704938959825
GRU,static,2026-04-06,-1.0,0.002851663874635202
GRU,static,2026-04-07,-1.0,0.01486057415562847
GRU,static,2026-04-08,-1.0,-0.06298280213984708
GRU,static,2026-04-09,-1.0,-0.02243245772424185
GRU,static,2026-04-10,-1.0,0.022655727266777892
GRU,static,2026-04-13,-1.0,-0.006197818831008339
GRU,static,2026-04-14,-1.0,-0.011058321994455333
GRU,static,2026-04-15,-1.0,-0.013575651617457885
GRU,static,2026-04-16,-1.0,0.00889763148109679
GRU,static,2026-04-17,-1.0,-0.014516928955675912
GRU,static,2026-04-20,1.0,-0.025523628537597064
GRU,static,2026-04-21,1.0,-0.022407834760169276
GRU,static,2026-04-22,1.0,0.023860123333043548
GRU,static,2026-04-23,1.0,-0.024124346093997717
GRU,static,2026-04-24,1.0,-0.0037575277749796188
GRU,static,2026-04-27,1.0,-0.016823833456110493
GRU,static,2026-04-28,1.0,-0.019585042267408426
GRU,static,2026-04-29,1.0,-0.029346650140070096
GRU,static,2026-04-30,1.0,0.049700285760941654
BiLSTM,static,2025-07-02,1.0,0.05569907439160081
BiLSTM,static,2025-07-03,-1.0,0.034282758620689614
BiLSTM,static,2025-07-04,1.0,0.0074530612244898325
BiLSTM,static,2025-07-07,1.0,-0.014972839907323676
BiLSTM,static,2025-07-08,1.0,0.01086791469169679
BiLSTM,static,2025-07-09,1.0,-0.004358564656697816
BiLSTM,static,2025-07-10,1.0,0.017729497490861057
BiLSTM,static,2025-07-11,1.0,0.04093481581945113
BiLSTM,static,2025-07-14,1.0,-0.03601931737474173
BiLSTM,static,2025-07-15,1.0,-0.0033578276315149314
BiLSTM,static,2025-07-16,1.0,0.015842276405690026
BiLSTM,static,2025-07-17,-1.0,-0.026521395434858007
BiLSTM,static,2025-07-18,-1.0,0.01093235983715568
BiLSTM,static,2025-07-21,-1.0,-0.027250574328727906
BiLSTM,static,2025-07-22,-1.0,0.008256040857414937
BiLSTM,static,2025-07-23,-1.0,0.01896966825528834
BiLSTM,static,2025-07-24,-1.0,0.009111759081065318
BiLSTM,static,2025-07-25,-1.0,0.012073530441274016
BiLSTM,static,2025-07-28,1.0,-0.0025447838360659557
BiLSTM,static,2025-07-29,-1.0,-0.0001287973878813185
BiLSTM,static,2025-07-30,-1.0,0.030840490618322614
BiLSTM,static,2025-07-31,-1.0,0.05460419594622845
BiLSTM,static,2025-08-01,-1.0,-0.01368157280155069
BiLSTM,static,2025-08-04,-1.0,-0.017177932832870058
BiLSTM,static,2025-08-05,-1.0,0.006936122642376752
BiLSTM,static,2025-08-06,-1.0,-0.006680875458806357
BiLSTM,static,2025-08-07,-1.0,-0.010482673012113475
BiLSTM,static,2025-08-08,-1.0,0.010672474488817474
BiLSTM,static,2025-08-11,-1.0,-0.0032438510163854684
BiLSTM,static,2025-08-12,-1.0,-0.009023234664039537
BiLSTM,static,2025-08-13,-1.0,0.007750222985951293
BiLSTM,static,2025-08-14,-1.0,-0.0141194508660345
BiLSTM,static,2025-08-15,-1.0,0.011849218263663586
BiLSTM,static,2025-08-18,-1.0,0.0059207255676868575
BiLSTM,static,2025-08-19,-1.0,0.018169462562083183
BiLSTM,static,2025-08-20,-1.0,-0.024341511159736262
BiLSTM,static,2025-08-21,-1.0,-0.012893516620595902
BiLSTM,static,2025-08-22,-1.0,-0.003108402452608683
BiLSTM,static,2025-08-25,-1.0,0.017559427769977876
BiLSTM,static,2025-08-26,-1.0,-0.008110580524284483
BiLSTM,static,2025-08-27,-1.0,0.0007449344322207896
BiLSTM,static,2025-08-28,-1.0,-0.011182346598325177
BiLSTM,static,2025-08-29,-1.0,-0.00685633042643885
BiLSTM,static,2025-09-02,-1.0,-0.02936230437867482
BiLSTM,static,2025-09-03,-1.0,-0.030445244893461565
BiLSTM,static,2025-09-04,-1.0,0.05343091655289811
BiLSTM,static,2025-09-05,-1.0,-0.0076575265270586446
BiLSTM,static,2025-09-08,-1.0,0.0006513008435635737
BiLSTM,static,2025-09-09,-1.0,0.009776940558089753
BiLSTM,static,2025-09-10,-1.0,-0.018723012266311567
BiLSTM,static,2025-09-11,-1.0,-0.0017948165382879466
BiLSTM,static,2025-09-12,-1.0,-0.008528037986138992
BiLSTM,static,2025-09-15,-1.0,-0.003908192858075976
BiLSTM,static,2025-09-16,-1.0,0.010121778265782533
BiLSTM,static,2025-09-17,-1.0,0.018448372419109793
BiLSTM,static,2025-09-18,-1.0,-0.017993788971217617
BiLSTM,static,2025-09-19,-1.0,-0.012093905910119496
BiLSTM,static,2025-09-22,-1.0,-0.006646328232498222
BiLSTM,static,2025-09-23,-1.0,-0.05654281292468877
BiLSTM,static,2025-09-24,-1.0,0.013096630641775686
BiLSTM,static,2025-09-25,-1.0,-0.031121556868895173
BiLSTM,static,2025-09-26,-1.0,-0.03397138672421707
BiLSTM,static,2025-09-29,-1.0,-0.016806784909896955
BiLSTM,static,2025-09-30,1.0,-0.015748333121703362
BiLSTM,static,2025-10-01,1.0,-0.009276758423803044
BiLSTM,static,2025-10-02,-1.0,0.003685582197002746
BiLSTM,static,2025-10-03,1.0,0.035290470819201204
BiLSTM,static,2025-10-06,-1.0,-0.009833777012004075
BiLSTM,static,2025-10-07,1.0,-0.005276792895088333
BiLSTM,static,2025-10-08,1.0,0.03159967120714313
BiLSTM,static,2025-10-09,-1.0,0.025962112284900175
BiLSTM,static,2025-10-10,1.0,-0.020639400840261522
BiLSTM,static,2025-10-13,1.0,0.04304368496020805
BiLSTM,static,2025-10-14,-1.0,0.008484715028766887
BiLSTM,static,2025-10-15,1.0,0.008017011531960638
BiLSTM,static,2025-10-16,1.0,0.03967164569981407
BiLSTM,static,2025-10-17,-1.0,0.07623090306066557
BiLSTM,static,2025-10-20,1.0,0.020145737123193654
BiLSTM,static,2025-10-21,1.0,-0.08006607282361267
BiLSTM,static,2025-10-22,1.0,0.02127659574468077
BiLSTM,static,2025-10-23,1.0,0.033593734105427986
BiLSTM,static,2025-10-24,1.0,0.003968284785214715
BiLSTM,static,2025-10-27,1.0,-0.009724574793013141
BiLSTM,static,2025-10-28,1.0,-0.0008869896049210624
BiLSTM,static,2025-10-29,1.0,0.009067881311429993
BiLSTM,static,2025-10-30,1.0,0.010683088970253829
BiLSTM,static,2025-10-31,1.0,-0.023938319238411165
BiLSTM,static,2025-11-03,1.0,0.0026754688758039435
BiLSTM,static,2025-11-04,1.0,-0.02013974026167409
BiLSTM,static,2025-11-05,1.0,0.007261849716198254
BiLSTM,static,2025-11-06,-1.0,0.016021404037254584
BiLSTM,static,2025-11-07,1.0,0.006997539520092723
BiLSTM,static,2025-11-10,1.0,0.033651611196431785
BiLSTM,static,2025-11-11,1.0,-0.0010684125434977654
BiLSTM,static,2025-11-12,1.0,0.020699650125015623
BiLSTM,static,2025-11-13,1.0,-0.01134193667031802
BiLSTM,static,2025-11-14,1.0,-0.030363534198447728
BiLSTM,static,2025-11-17,1.0,-0.006108539286438064
BiLSTM,static,2025-11-18,1.0,-0.0003234780460599218
BiLSTM,static,2025-11-19,1.0,0.0011002286408940964
BiLSTM,static,2025-11-20,1.0,-0.02631073282037344
BiLSTM,static,2025-11-21,1.0,0.005045875649070997
BiLSTM,static,2025-11-24,1.0,0.018958878482064012
BiLSTM,static,2025-11-25,1.0,0.009335510154983684
BiLSTM,static,2025-11-26,1.0,0.014130644007330995
BiLSTM,static,2025-11-28,-1.0,-0.06277516323395951
BiLSTM,static,2025-12-01,-1.0,0.004529996904767741
BiLSTM,static,2025-12-02,-1.0,0.015627792328288925
BiLSTM,static,2025-12-03,-1.0,-0.007603406326033958
BiLSTM,static,2025-12-04,-1.0,0.0012677184340099679
BiLSTM,static,2025-12-05,-1.0,-0.00036265448324690475
BiLSTM,static,2025-12-08,-1.0,-0.0
BiLSTM,static,2025-12-09,1.0,0.024029592499055875
BiLSTM,static,2025-12-10,1.0,-0.03144352989527277
BiLSTM,static,2025-12-11,1.0,0.04019977953290299
BiLSTM,static,2025-12-12,1.0,0.02886750518109049
BiLSTM,static,2025-12-15,-1.0,-0.03059099946276824
BiLSTM,static,2025-12-16,-1.0,-0.03291906964150093
BiLSTM,static,2025-12-17,-1.0,-0.03347413314965908
BiLSTM,static,2025-12-18,-1.0,-0.011796993534511246
BiLSTM,static,2025-12-19,-1.0,-0.02950649510195613
BiLSTM,static,2025-12-22,-1.0,-0.03516791702032007
BiLSTM,static,2025-12-23,-1.0,-0.09500959692898281
BiLSTM,static,2025-12-24,-1.0,0.017353241742440795
BiLSTM,static,2025-12-26,-1.0,-0.1004727339635727
BiLSTM,static,2025-12-29,-1.0,0.14705997873502163
BiLSTM,static,2025-12-30,1.0,0.06037582527660399
BiLSTM,static,2025-12-31,-1.0,0.08820818192068874
BiLSTM,static,2026-01-02,1.0,0.044626714756389886
BiLSTM,static,2026-01-05,1.0,0.06764832861234704
BiLSTM,static,2026-01-06,1.0,0.07248292575457138
BiLSTM,static,2026-01-07,1.0,-0.07419888975195155
BiLSTM,static,2026-01-08,1.0,-0.0007543939138839884
BiLSTM,static,2026-01-09,1.0,0.011813340246513038
BiLSTM,static,2026-01-12,-1.0,-0.03588452226911156
BiLSTM,static,2026-01-13,-1.0,0.010934076860630637
BiLSTM,static,2026-01-14,-1.0,-0.014268595480082302
BiLSTM,static,2026-01-15,-1.0,-0.009674243335304755
BiLSTM,static,2026-01-16,-1.0,0.03606692517651677
BiLSTM,static,2026-01-20,-1.0,-0.05543013649853523
BiLSTM,static,2026-01-21,-1.0,-0.02011100240335173
BiLSTM,static,2026-01-22,-1.0,-0.032817347883081105
BiLSTM,static,2026-01-23,-1.0,-0.06257320859270532
BiLSTM,static,2026-01-26,-1.0,-0.04786738180557326
BiLSTM,static,2026-01-27,-1.0,0.11891738984185296
BiLSTM,static,2026-01-28,1.0,0.03660566679816644
BiLSTM,static,2026-01-29,-1.0,0.002985343279602182
BiLSTM,static,2026-01-30,1.0,-0.1906211411840454
BiLSTM,static,2026-02-02,1.0,-0.0044226976470291834
BiLSTM,static,2026-02-03,1.0,0.0487700490357057
BiLSTM,static,2026-02-04,1.0,-0.014984580534267211
BiLSTM,static,2026-02-05,1.0,-0.046747054976740254
BiLSTM,static,2026-02-06,1.0,0.015376382261483856
BiLSTM,static,2026-02-09,1.0,0.007452277815766629
BiLSTM,static,2026-02-10,1.0,-0.008203236516002299
BiLSTM,static,2026-02-11,-1.0,-0.022336069289431236
BiLSTM,static,2026-02-12,-1.0,0.05795402404383865
BiLSTM,static,2026-02-13,-1.0,-0.0284011674140392
BiLSTM,static,2026-02-17,-1.0,0.028341035417011717
BiLSTM,static,2026-02-18,-1.0,-0.04665833656832308
BiLSTM,static,2026-02-19,-1.0,0.02093612588310323
BiLSTM,static,2026-02-20,-1.0,-0.05207772865290794
BiLSTM,static,2026-02-23,-1.0,0.010738834563525868
BiLSTM,static,2026-02-24,-1.0,-0.01616669627808376
BiLSTM,static,2026-02-25,-1.0,-0.0662509713127224
BiLSTM,static,2026-02-26,-1.0,0.04080673482083863
BiLSTM,static,2026-02-27,1.0,0.06027435757261144
BiLSTM,static,2026-03-02,-1.0,0.02250045362515172
BiLSTM,static,2026-03-03,-1.0,0.10255627991300953
BiLSTM,static,2026-03-04,1.0,0.03830968790408427
BiLSTM,static,2026-03-05,-1.0,0.011263290356711341
BiLSTM,static,2026-03-06,-1.0,-0.005821550396126751
BiLSTM,static,2026-03-09,-1.0,-0.012696133566260537
BiLSTM,static,2026-03-10,-1.0,-0.030143758941751253
BiLSTM,static,2026-03-11,-1.0,0.01342281879194629
BiLSTM,static,2026-03-12,1.0,-0.020608163265306144
BiLSTM,static,2026-03-13,1.0,-0.05712964093243644
BiLSTM,static,2026-03-16,1.0,0.025974675954144155
BiLSTM,static,2026-03-17,-1.0,-0.020444100898839433
BiLSTM,static,2026-03-18,-1.0,0.03743317712746652
BiLSTM,static,2026-03-19,-1.0,0.05497078402930067
BiLSTM,static,2026-03-20,-1.0,-0.016192257221895545
BiLSTM,static,2026-03-23,-1.0,0.05597276368838666
BiLSTM,static,2026-03-24,1.0,0.016840235628571933
BiLSTM,static,2026-03-25,1.0,0.017547542902682345
BiLSTM,static,2026-03-26,1.0,-0.04513811788269251
BiLSTM,static,2026-03-27,1.0,0.017570541206481938
BiLSTM,static,2026-03-30,1.0,0.00801881759637113
BiLSTM,static,2026-03-31,-1.0,-0.03455359845560606
BiLSTM,static,2026-04-01,-1.0,-0.009897460937499991
BiLSTM,static,2026-04-02,-1.0,0.0027928704938959825
BiLSTM,static,2026-04-06,1.0,-0.003051663874635202
BiLSTM,static,2026-04-07,1.0,-0.01486057415562847
BiLSTM,static,2026-04-08,1.0,0.06298280213984708
BiLSTM,static,2026-04-09,-1.0,-0.02263245772424185
BiLSTM,static,2026-04-10,1.0,-0.02285572726677789
BiLSTM,static,2026-04-13,1.0,0.006197818831008339
BiLSTM,static,2026-04-14,1.0,0.011058321994455333
BiLSTM,static,2026-04-15,1.0,0.013575651617457885
BiLSTM,static,2026-04-16,1.0,-0.00889763148109679
BiLSTM,static,2026-04-17,1.0,0.014516928955675912
BiLSTM,static,2026-04-20,1.0,-0.025323628537597065
BiLSTM,static,2026-04-21,1.0,-0.022407834760169276
BiLSTM,static,2026-04-22,1.0,0.023860123333043548
BiLSTM,static,2026-04-23,1.0,-0.024124346093997717
BiLSTM,static,2026-04-24,1.0,-0.0037575277749796188
BiLSTM,static,2026-04-27,1.0,-0.016823833456110493
BiLSTM,static,2026-04-28,1.0,-0.019585042267408426
BiLSTM,static,2026-04-29,1.0,-0.029346650140070096
BiLSTM,static,2026-04-30,1.0,0.049700285760941654
Transformer,static,2025-07-02,-1.0,-0.055899074391600814
Transformer,static,2025-07-03,-1.0,0.03448275862068961
Transformer,static,2025-07-04,1.0,0.0074530612244898325
Transformer,static,2025-07-07,1.0,-0.014972839907323676
Transformer,static,2025-07-08,1.0,0.01086791469169679
Transformer,static,2025-07-09,1.0,-0.004358564656697816
Transformer,static,2025-07-10,1.0,0.017729497490861057
Transformer,static,2025-07-11,1.0,0.04093481581945113
Transformer,static,2025-07-14,1.0,-0.03601931737474173
Transformer,static,2025-07-15,1.0,-0.0033578276315149314
Transformer,static,2025-07-16,1.0,0.015842276405690026
Transformer,static,2025-07-17,1.0,0.026321395434858008
Transformer,static,2025-07-18,1.0,-0.01093235983715568
Transformer,static,2025-07-21,1.0,0.027250574328727906
Transformer,static,2025-07-22,1.0,-0.008256040857414937
Transformer,static,2025-07-23,1.0,-0.01896966825528834
Transformer,static,2025-07-24,1.0,-0.009111759081065318
Transformer,static,2025-07-25,1.0,-0.012073530441274016
Transformer,static,2025-07-28,1.0,-0.0023447838360659556
Transformer,static,2025-07-29,1.0,-7.120261211868151e-05
Transformer,static,2025-07-30,1.0,-0.030840490618322614
Transformer,static,2025-07-31,-1.0,0.05440419594622845
Transformer,static,2025-08-01,-1.0,-0.01368157280155069
Transformer,static,2025-08-04,-1.0,-0.017177932832870058
Transformer,static,2025-08-05,1.0,-0.007136122642376752
Transformer,static,2025-08-06,1.0,0.006680875458806357
Transformer,static,2025-08-07,1.0,0.010482673012113475
Transformer,static,2025-08-08,-1.0,0.010472474488817473
Transformer,static,2025-08-11,-1.0,-0.0032438510163854684
Transformer,static,2025-08-12,1.0,0.008823234664039536
Transformer,static,2025-08-13,1.0,-0.007750222985951293
Transformer,static,2025-08-14,1.0,0.0141194508660345
Transformer,static,2025-08-15,1.0,-0.011849218263663586
Transformer,static,2025-08-18,1.0,-0.0059207255676868575
Transformer,static,2025-08-19,1.0,-0.018169462562083183
Transformer,static,2025-08-20,1.0,0.024341511159736262
Transformer,static,2025-08-21,-1.0,-0.013093516620595902
Transformer,static,2025-08-22,1.0,0.0029084024526086828
Transformer,static,2025-08-25,-1.0,0.017359427769977877
Transformer,static,2025-08-26,-1.0,-0.008110580524284483
Transformer,static,2025-08-27,-1.0,0.0007449344322207896
Transformer,static,2025-08-28,-1.0,-0.011182346598325177
Transformer,static,2025-08-29,-1.0,-0.00685633042643885
Transformer,static,2025-09-02,-1.0,-0.02936230437867482
Transformer,static,2025-09-03,-1.0,-0.030445244893461565
Transformer,static,2025-09-04,-1.0,0.05343091655289811
Transformer,static,2025-09-05,-1.0,-0.0076575265270586446
Transformer,static,2025-09-08,-1.0,0.0006513008435635737
Transformer,static,2025-09-09,-1.0,0.009776940558089753
Transformer,static,2025-09-10,-1.0,-0.018723012266311567
Transformer,static,2025-09-11,-1.0,-0.0017948165382879466
Transformer,static,2025-09-12,-1.0,-0.008528037986138992
Transformer,static,2025-09-15,-1.0,-0.003908192858075976
Transformer,static,2025-09-16,-1.0,0.010121778265782533
Transformer,static,2025-09-17,-1.0,0.018448372419109793
Transformer,static,2025-09-18,-1.0,-0.017993788971217617
Transformer,static,2025-09-19,-1.0,-0.012093905910119496
Transformer,static,2025-09-22,-1.0,-0.006646328232498222
Transformer,static,2025-09-23,-1.0,-0.05654281292468877
Transformer,static,2025-09-24,-1.0,0.013096630641775686
Transformer,static,2025-09-25,-1.0,-0.031121556868895173
Transformer,static,2025-09-26,-1.0,-0.03397138672421707
Transformer,static,2025-09-29,-1.0,-0.016806784909896955
Transformer,static,2025-09-30,1.0,-0.015748333121703362
Transformer,static,2025-10-01,1.0,-0.009276758423803044
Transformer,static,2025-10-02,1.0,-0.003885582197002746
Transformer,static,2025-10-03,1.0,0.0354904708192012
Transformer,static,2025-10-06,1.0,0.009633777012004074
Transformer,static,2025-10-07,1.0,-0.005076792895088333
Transformer,static,2025-10-08,1.0,0.03159967120714313
Transformer,static,2025-10-09,1.0,-0.026162112284900174
Transformer,static,2025-10-10,-1.0,0.020239400840261525
Transformer,static,2025-10-13,-1.0,-0.04304368496020805
Transformer,static,2025-10-14,-1.0,0.008684715028766887
Transformer,static,2025-10-15,-1.0,-0.008217011531960638
Transformer,static,2025-10-16,-1.0,-0.03967164569981407
Transformer,static,2025-10-17,-1.0,0.07643090306066558
Transformer,static,2025-10-20,-1.0,-0.020345737123193652
Transformer,static,2025-10-21,-1.0,0.08006607282361267
Transformer,static,2025-10-22,-1.0,-0.02127659574468077
Transformer,static,2025-10-23,-1.0,-0.033593734105427986
Transformer,static,2025-10-24,-1.0,-0.003968284785214715
Transformer,static,2025-10-27,1.0,-0.009924574793013142
Transformer,static,2025-10-28,1.0,-0.0008869896049210624
Transformer,static,2025-10-29,-1.0,-0.009267881311429993
Transformer,static,2025-10-30,-1.0,-0.010683088970253829
Transformer,static,2025-10-31,-1.0,0.023938319238411165
Transformer,static,2025-11-03,-1.0,-0.0026754688758039435
Transformer,static,2025-11-04,-1.0,0.02013974026167409
Transformer,static,2025-11-05,-1.0,-0.007261849716198254
Transformer,static,2025-11-06,-1.0,0.016221404037254583
Transformer,static,2025-11-07,-1.0,-0.0071975395200927226
Transformer,static,2025-11-10,-1.0,-0.033651611196431785
Transformer,static,2025-11-11,-1.0,0.0010684125434977654
Transformer,static,2025-11-12,-1.0,-0.020699650125015623
Transformer,static,2025-11-13,-1.0,0.01134193667031802
Transformer,static,2025-11-14,-1.0,0.030363534198447728
Transformer,static,2025-11-17,-1.0,0.006108539286438064
Transformer,static,2025-11-18,-1.0,0.0003234780460599218
Transformer,static,2025-11-19,-1.0,-0.0011002286408940964
Transformer,static,2025-11-20,-1.0,0.02631073282037344
Transformer,static,2025-11-21,1.0,0.004845875649070997
Transformer,static,2025-11-24,1.0,0.018958878482064012
Transformer,static,2025-11-25,1.0,0.009335510154983684
Transformer,static,2025-11-26,1.0,0.014130644007330995
Transformer,static,2025-11-28,1.0,0.06257516323395951
Transformer,static,2025-12-01,1.0,-0.004529996904767741
Transformer,static,2025-12-02,1.0,-0.015627792328288925
Transformer,static,2025-12-03,1.0,0.007603406326033958
Transformer,static,2025-12-04,1.0,-0.0012677184340099679
Transformer,static,2025-12-05,1.0,0.00036265448324690475
Transformer,static,2025-12-08,1.0,0.0
Transformer,static,2025-12-09,1.0,0.024229592499055874
Transformer,static,2025-12-10,-1.0,0.03124352989527277
Transformer,static,2025-12-11,-1.0,-0.04019977953290299
Transformer,static,2025-12-12,1.0,0.028667505181090493
Transformer,static,2025-12-15,1.0,0.030390999462768242
Transformer,static,2025-12-16,1.0,0.03291906964150093
Transformer,static,2025-12-17,-1.0,-0.03367413314965908
Transformer,static,2025-12-18,-1.0,-0.011796993534511246
Transformer,static,2025-12-19,1.0,0.029306495101956133
Transformer,static,2025-12-22,1.0,0.03516791702032007
Transformer,static,2025-12-23,1.0,0.09500959692898281
Transformer,static,2025-12-24,-1.0,0.017153241742440796
Transformer,static,2025-12-26,-1.0,-0.1004727339635727
Transformer,static,2025-12-29,-1.0,0.14705997873502163
Transformer,static,2025-12-30,1.0,0.06037582527660399
Transformer,static,2025-12-31,-1.0,0.08820818192068874
Transformer,static,2026-01-02,-1.0,-0.044826714756389885
Transformer,static,2026-01-05,-1.0,-0.06764832861234704
Transformer,static,2026-01-06,-1.0,-0.07248292575457138
Transformer,static,2026-01-07,-1.0,0.07419888975195155
Transformer,static,2026-01-08,-1.0,0.0007543939138839884
Transformer,static,2026-01-09,-1.0,-0.011813340246513038
Transformer,static,2026-01-12,-1.0,-0.03568452226911156
Transformer,static,2026-01-13,-1.0,0.010934076860630637
Transformer,static,2026-01-14,-1.0,-0.014268595480082302
Transformer,static,2026-01-15,-1.0,-0.009674243335304755
Transformer,static,2026-01-16,-1.0,0.03606692517651677
Transformer,static,2026-01-20,-1.0,-0.05543013649853523
Transformer,static,2026-01-21,-1.0,-0.02011100240335173
Transformer,static,2026-01-22,-1.0,-0.032817347883081105
Transformer,static,2026-01-23,1.0,0.06237320859270532
Transformer,static,2026-01-26,1.0,0.04786738180557326
Transformer,static,2026-01-27,1.0,-0.11891738984185296
Transformer,static,2026-01-28,1.0,0.036805666798166436
Transformer,static,2026-01-29,1.0,-0.003185343279602182
Transformer,static,2026-01-30,1.0,-0.1904211411840454
Transformer,static,2026-02-02,1.0,-0.0044226976470291834
Transformer,static,2026-02-03,1.0,0.0487700490357057
Transformer,static,2026-02-04,1.0,-0.014984580534267211
Transformer,static,2026-02-05,1.0,-0.046747054976740254
Transformer,static,2026-02-06,1.0,0.015376382261483856
Transformer,static,2026-02-09,1.0,0.007452277815766629
Transformer,static,2026-02-10,1.0,-0.008203236516002299
Transformer,static,2026-02-11,1.0,0.022136069289431237
Transformer,static,2026-02-12,1.0,-0.05795402404383865
Transformer,static,2026-02-13,1.0,0.0284011674140392
Transformer,static,2026-02-17,1.0,-0.028341035417011717
Transformer,static,2026-02-18,1.0,0.04665833656832308
Transformer,static,2026-02-19,1.0,-0.02093612588310323
Transformer,static,2026-02-20,1.0,0.05207772865290794
Transformer,static,2026-02-23,1.0,-0.010738834563525868
Transformer,static,2026-02-24,1.0,0.01616669627808376
Transformer,static,2026-02-25,1.0,0.0662509713127224
Transformer,static,2026-02-26,1.0,-0.04080673482083863
Transformer,static,2026-02-27,1.0,0.06047435757261144
Transformer,static,2026-03-02,1.0,-0.022700453625151717
Transformer,static,2026-03-03,1.0,-0.10255627991300953
Transformer,static,2026-03-04,-1.0,-0.038709687904084265
Transformer,static,2026-03-05,-1.0,0.011463290356711342
Transformer,static,2026-03-06,-1.0,-0.005821550396126751
Transformer,static,2026-03-09,-1.0,-0.012696133566260537
Transformer,static,2026-03-10,-1.0,-0.030143758941751253
Transformer,static,2026-03-11,-1.0,0.01342281879194629
Transformer,static,2026-03-12,-1.0,0.020408163265306145
Transformer,static,2026-03-13,-1.0,0.05712964093243644
Transformer,static,2026-03-16,-1.0,-0.025974675954144155
Transformer,static,2026-03-17,1.0,0.020044100898839436
Transformer,static,2026-03-18,-1.0,0.03723317712746652
Transformer,static,2026-03-19,-1.0,0.05497078402930067
Transformer,static,2026-03-20,-1.0,-0.016192257221895545
Transformer,static,2026-03-23,1.0,-0.05617276368838666
Transformer,static,2026-03-24,1.0,0.01704023562857193
Transformer,static,2026-03-25,1.0,0.017547542902682345
Transformer,static,2026-03-26,1.0,-0.04513811788269251
Transformer,static,2026-03-27,1.0,0.017570541206481938
Transformer,static,2026-03-30,1.0,0.00801881759637113
Transformer,static,2026-03-31,1.0,0.03395359845560606
Transformer,static,2026-04-01,1.0,0.009897460937499991
Transformer,static,2026-04-02,1.0,-0.0027928704938959825
Transformer,static,2026-04-06,1.0,-0.002851663874635202
Transformer,static,2026-04-07,1.0,-0.01486057415562847
Transformer,static,2026-04-08,1.0,0.06298280213984708
Transformer,static,2026-04-09,1.0,0.02243245772424185
Transformer,static,2026-04-10,1.0,-0.022655727266777892
Transformer,static,2026-04-13,1.0,0.006197818831008339
Transformer,static,2026-04-14,1.0,0.011058321994455333
Transformer,static,2026-04-15,-1.0,-0.013775651617457885
Transformer,static,2026-04-16,-1.0,0.00889763148109679
Transformer,static,2026-04-17,1.0,0.014316928955675911
Transformer,static,2026-04-20,1.0,-0.025323628537597065
Transformer,static,2026-04-21,-1.0,0.022207834760169277
Transformer,static,2026-04-22,-1.0,-0.023860123333043548
Transformer,static,2026-04-23,-1.0,0.024124346093997717
Transformer,static,2026-04-24,-1.0,0.0037575277749796188
Transformer,static,2026-04-27,-1.0,0.016823833456110493
Transformer,static,2026-04-28,1.0,-0.019785042267408424
Transformer,static,2026-04-29,-1.0,0.029146650140070098
Transformer,static,2026-04-30,-1.0,-0.049700285760941654
TCN,static,2025-07-02,1.0,0.05569907439160081
TCN,static,2025-07-03,-1.0,0.034282758620689614
TCN,static,2025-07-04,-1.0,-0.007653061224489832
TCN,static,2025-07-07,-1.0,0.014972839907323676
TCN,static,2025-07-08,-1.0,-0.01086791469169679
TCN,static,2025-07-09,-1.0,0.004358564656697816
TCN,static,2025-07-10,1.0,0.017529497490861058
TCN,static,2025-07-11,-1.0,-0.04113481581945113
TCN,static,2025-07-14,-1.0,0.03601931737474173
TCN,static,2025-07-15,-1.0,0.0033578276315149314
TCN,static,2025-07-16,-1.0,-0.015842276405690026
TCN,static,2025-07-17,1.0,0.02612139543485801
TCN,static,2025-07-18,-1.0,0.01073235983715568
TCN,static,2025-07-21,-1.0,-0.027250574328727906
TCN,static,2025-07-22,-1.0,0.008256040857414937
TCN,static,2025-07-23,1.0,-0.01916966825528834
TCN,static,2025-07-24,1.0,-0.009111759081065318
TCN,static,2025-07-25,1.0,-0.012073530441274016
TCN,static,2025-07-28,-1.0,0.0021447838360659555
TCN,static,2025-07-29,1.0,-0.0002712026121186815
TCN,static,2025-07-30,1.0,-0.030840490618322614
TCN,static,2025-07-31,-1.0,0.05440419594622845
TCN,static,2025-08-01,1.0,0.01348157280155069
TCN,static,2025-08-04,-1.0,-0.017377932832870056
TCN,static,2025-08-05,1.0,-0.007136122642376752
TCN,static,2025-08-06,1.0,0.006680875458806357
TCN,static,2025-08-07,-1.0,-0.010682673012113475
TCN,static,2025-08-08,1.0,-0.010872474488817474
TCN,static,2025-08-11,1.0,0.0032438510163854684
TCN,static,2025-08-12,-1.0,-0.009223234664039537
TCN,static,2025-08-13,-1.0,0.007750222985951293
TCN,static,2025-08-14,-1.0,-0.0141194508660345
TCN,static,2025-08-15,1.0,-0.012049218263663586
TCN,static,2025-08-18,-1.0,0.005720725567686858
TCN,static,2025-08-19,1.0,-0.01836946256208318
TCN,static,2025-08-20,1.0,0.024341511159736262
TCN,static,2025-08-21,-1.0,-0.013093516620595902
TCN,static,2025-08-22,-1.0,-0.003108402452608683
TCN,static,2025-08-25,-1.0,0.017559427769977876
TCN,static,2025-08-26,-1.0,-0.008110580524284483
TCN,static,2025-08-27,-1.0,0.0007449344322207896
TCN,static,2025-08-28,-1.0,-0.011182346598325177
TCN,static,2025-08-29,-1.0,-0.00685633042643885
TCN,static,2025-09-02,-1.0,-0.02936230437867482
TCN,static,2025-09-03,-1.0,-0.030445244893461565
TCN,static,2025-09-04,-1.0,0.05343091655289811
TCN,static,2025-09-05,-1.0,-0.0076575265270586446
TCN,static,2025-09-08,-1.0,0.0006513008435635737
TCN,static,2025-09-09,-1.0,0.009776940558089753
TCN,static,2025-09-10,1.0,0.01852301226631157
TCN,static,2025-09-11,-1.0,-0.0019948165382879467
TCN,static,2025-09-12,-1.0,-0.008528037986138992
TCN,static,2025-09-15,-1.0,-0.003908192858075976
TCN,static,2025-09-16,-1.0,0.010121778265782533
TCN,static,2025-09-17,-1.0,0.018448372419109793
TCN,static,2025-09-18,-1.0,-0.017993788971217617
TCN,static,2025-09-19,1.0,0.011893905910119495
TCN,static,2025-09-22,1.0,0.006646328232498222
TCN,static,2025-09-23,-1.0,-0.05674281292468877
TCN,static,2025-09-24,-1.0,0.013096630641775686
TCN,static,2025-09-25,-1.0,-0.031121556868895173
TCN,static,2025-09-26,-1.0,-0.03397138672421707
TCN,static,2025-09-29,1.0,0.016606784909896956
TCN,static,2025-09-30,1.0,-0.015548333121703362
TCN,static,2025-10-01,1.0,-0.009276758423803044
TCN,static,2025-10-02,-1.0,0.003685582197002746
TCN,static,2025-10-03,-1.0,-0.0354904708192012
TCN,static,2025-10-06,1.0,0.009433777012004074
TCN,static,2025-10-07,-1.0,0.004876792895088334
TCN,static,2025-10-08,-1.0,-0.03159967120714313
TCN,static,2025-10-09,-1.0,0.026162112284900174
TCN,static,2025-10-10,-1.0,0.020439400840261523
TCN,static,2025-10-13,-1.0,-0.04304368496020805
TCN,static,2025-10-14,-1.0,0.008684715028766887
TCN,static,2025-10-15,-1.0,-0.008217011531960638
TCN,static,2025-10-16,-1.0,-0.03967164569981407
TCN,static,2025-10-17,-1.0,0.07643090306066558
TCN,static,2025-10-20,1.0,0.020145737123193654
TCN,static,2025-10-21,1.0,-0.08006607282361267
TCN,static,2025-10-22,-1.0,-0.02147659574468077
TCN,static,2025-10-23,-1.0,-0.033593734105427986
TCN,static,2025-10-24,1.0,0.003768284785214715
TCN,static,2025-10-27,1.0,-0.009724574793013141
TCN,static,2025-10-28,-1.0,0.0006869896049210624
TCN,static,2025-10-29,-1.0,-0.009067881311429993
TCN,static,2025-10-30,1.0,0.010483088970253828
TCN,static,2025-10-31,-1.0,0.023738319238411167
TCN,static,2025-11-03,-1.0,-0.0026754688758039435
TCN,static,2025-11-04,-1.0,0.02013974026167409
TCN,static,2025-11-05,-1.0,-0.007261849716198254
TCN,static,2025-11-06,-1.0,0.016221404037254583
TCN,static,2025-11-07,-1.0,-0.0071975395200927226
TCN,static,2025-11-10,-1.0,-0.033651611196431785
TCN,static,2025-11-11,-1.0,0.0010684125434977654
TCN,static,2025-11-12,-1.0,-0.020699650125015623
TCN,static,2025-11-13,1.0,-0.01154193667031802
TCN,static,2025-11-14,1.0,-0.030363534198447728
TCN,static,2025-11-17,-1.0,0.005908539286438064
TCN,static,2025-11-18,-1.0,0.0003234780460599218
TCN,static,2025-11-19,-1.0,-0.0011002286408940964
TCN,static,2025-11-20,-1.0,0.02631073282037344
TCN,static,2025-11-21,1.0,0.004845875649070997
TCN,static,2025-11-24,-1.0,-0.01915887848206401
TCN,static,2025-11-25,-1.0,-0.009335510154983684
TCN,static,2025-11-26,-1.0,-0.014130644007330995
TCN,static,2025-11-28,1.0,0.06237516323395951
TCN,static,2025-12-01,1.0,-0.004529996904767741
TCN,static,2025-12-02,-1.0,0.015427792328288925
TCN,static,2025-12-03,-1.0,-0.007603406326033958
TCN,static,2025-12-04,-1.0,0.0012677184340099679
TCN,static,2025-12-05,1.0,0.00016265448324690474
TCN,static,2025-12-08,-1.0,-0.0002
TCN,static,2025-12-09,-1.0,-0.024229592499055874
TCN,static,2025-12-10,1.0,-0.03164352989527277
TCN,static,2025-12-11,1.0,0.04019977953290299
TCN,static,2025-12-12,1.0,0.02886750518109049
TCN,static,2025-12-15,-1.0,-0.03059099946276824
TCN,static,2025-12-16,-1.0,-0.03291906964150093
TCN,static,2025-12-17,-1.0,-0.03347413314965908
TCN,static,2025-12-18,1.0,0.011596993534511246
TCN,static,2025-12-19,-1.0,-0.02970649510195613
TCN,static,2025-12-22,-1.0,-0.03516791702032007
TCN,static,2025-12-23,-1.0,-0.09500959692898281
TCN,static,2025-12-24,-1.0,0.017353241742440795
TCN,static,2025-12-26,1.0,0.1002727339635727
TCN,static,2025-12-29,1.0,-0.14705997873502163
TCN,static,2025-12-30,1.0,0.06057582527660399
TCN,static,2025-12-31,1.0,-0.08880818192068876
TCN,static,2026-01-02,1.0,0.044826714756389885
TCN,static,2026-01-05,1.0,0.06764832861234704
TCN,static,2026-01-06,1.0,0.07248292575457138
TCN,static,2026-01-07,1.0,-0.07419888975195155
TCN,static,2026-01-08,1.0,-0.0007543939138839884
TCN,static,2026-01-09,1.0,0.011813340246513038
TCN,static,2026-01-12,1.0,0.03568452226911156
TCN,static,2026-01-13,1.0,-0.010934076860630637
TCN,static,2026-01-14,1.0,0.014268595480082302
TCN,static,2026-01-15,1.0,0.009674243335304755
TCN,static,2026-01-16,1.0,-0.03606692517651677
TCN,static,2026-01-20,1.0,0.05543013649853523
TCN,static,2026-01-21,1.0,0.02011100240335173
TCN,static,2026-01-22,-1.0,-0.033017347883081104
TCN,static,2026-01-23,1.0,0.06237320859270532
TCN,static,2026-01-26,1.0,0.04786738180557326
TCN,static,2026-01-27,1.0,-0.11891738984185296
TCN,static,2026-01-28,1.0,0.036805666798166436
TCN,static,2026-01-29,1.0,-0.003185343279602182
TCN,static,2026-01-30,1.0,-0.1904211411840454
TCN,static,2026-02-02,1.0,-0.0044226976470291834
TCN,static,2026-02-03,1.0,0.0487700490357057
TCN,static,2026-02-04,1.0,-0.014984580534267211
TCN,static,2026-02-05,1.0,-0.046747054976740254
TCN,static,2026-02-06,1.0,0.015376382261483856
TCN,static,2026-02-09,1.0,0.007452277815766629
TCN,static,2026-02-10,1.0,-0.008203236516002299
TCN,static,2026-02-11,1.0,0.022136069289431237
TCN,static,2026-02-12,-1.0,0.05775402404383865
TCN,static,2026-02-13,1.0,0.0282011674140392
TCN,static,2026-02-17,1.0,-0.028341035417011717
TCN,static,2026-02-18,1.0,0.04665833656832308
TCN,static,2026-02-19,1.0,-0.02093612588310323
TCN,static,2026-02-20,1.0,0.05207772865290794
TCN,static,2026-02-23,1.0,-0.010738834563525868
TCN,static,2026-02-24,-1.0,-0.016366696278083757
TCN,static,2026-02-25,1.0,0.06605097131272239
TCN,static,2026-02-26,-1.0,0.04060673482083863
TCN,static,2026-02-27,1.0,0.06027435757261144
TCN,static,2026-03-02,1.0,-0.022700453625151717
TCN,static,2026-03-03,-1.0,0.10235627991300952
TCN,static,2026-03-04,-1.0,-0.03850968790408427
TCN,static,2026-03-05,-1.0,0.011463290356711342
TCN,static,2026-03-06,1.0,0.0056215503961267515
TCN,static,2026-03-09,-1.0,-0.012896133566260537
TCN,static,2026-03-10,-1.0,-0.030143758941751253
TCN,static,2026-03-11,-1.0,0.01342281879194629
TCN,static,2026-03-12,-1.0,0.020408163265306145
TCN,static,2026-03-13,-1.0,0.05712964093243644
TCN,static,2026-03-16,-1.0,-0.025974675954144155
TCN,static,2026-03-17,1.0,0.020044100898839436
TCN,static,2026-03-18,-1.0,0.03723317712746652
TCN,static,2026-03-19,1.0,-0.05517078402930067
TCN,static,2026-03-20,1.0,0.016192257221895545
TCN,static,2026-03-23,-1.0,0.05577276368838666
TCN,static,2026-03-24,1.0,0.016840235628571933
TCN,static,2026-03-25,-1.0,-0.017747542902682344
TCN,static,2026-03-26,-1.0,0.04513811788269251
TCN,static,2026-03-27,-1.0,-0.017570541206481938
TCN,static,2026-03-30,-1.0,-0.00801881759637113
TCN,static,2026-03-31,-1.0,-0.03435359845560606
TCN,static,2026-04-01,1.0,0.00969746093749999
TCN,static,2026-04-02,-1.0,0.0025928704938959824
TCN,static,2026-04-06,1.0,-0.003051663874635202
TCN,static,2026-04-07,1.0,-0.01486057415562847
TCN,static,2026-04-08,-1.0,-0.06318280213984709
TCN,static,2026-04-09,1.0,0.02223245772424185
TCN,static,2026-04-10,-1.0,0.022455727266777893
TCN,static,2026-04-13,1.0,0.00599781883100834
TCN,static,2026-04-14,1.0,0.011058321994455333
TCN,static,2026-04-15,1.0,0.013575651617457885
TCN,static,2026-04-16,-1.0,0.00869763148109679
TCN,static,2026-04-17,-1.0,-0.014516928955675912
TCN,static,2026-04-20,1.0,-0.025523628537597064
TCN,static,2026-04-21,1.0,-0.022407834760169276
TCN,static,2026-04-22,1.0,0.023860123333043548
TCN,static,2026-04-23,-1.0,0.02392434609399772
TCN,static,2026-04-24,1.0,-0.003957527774979618
TCN,static,2026-04-27,1.0,-0.016823833456110493
TCN,static,2026-04-28,1.0,-0.019585042267408426
TCN,static,2026-04-29,1.0,-0.029346650140070096
TCN,static,2026-04-30,1.0,0.049700285760941654
CNN LSTM,static,2025-07-02,-1.0,-0.055899074391600814
CNN LSTM,static,2025-07-03,1.0,-0.03468275862068961
CNN LSTM,static,2025-07-04,-1.0,-0.007853061224489833
CNN LSTM,static,2025-07-07,1.0,-0.015172839907323677
CNN LSTM,static,2025-07-08,-1.0,-0.01106791469169679
CNN LSTM,static,2025-07-09,-1.0,0.004358564656697816
CNN LSTM,static,2025-07-10,-1.0,-0.017729497490861057
CNN LSTM,static,2025-07-11,-1.0,-0.04093481581945113
CNN LSTM,static,2025-07-14,1.0,-0.03621931737474173
CNN LSTM,static,2025-07-15,-1.0,0.0031578276315149313
CNN LSTM,static,2025-07-16,1.0,0.015642276405690027
CNN LSTM,static,2025-07-17,-1.0,-0.026521395434858007
CNN LSTM,static,2025-07-18,-1.0,0.01093235983715568
CNN LSTM,static,2025-07-21,-1.0,-0.027250574328727906
CNN LSTM,static,2025-07-22,-1.0,0.008256040857414937
CNN LSTM,static,2025-07-23,-1.0,0.01896966825528834
CNN LSTM,static,2025-07-24,-1.0,0.009111759081065318
CNN LSTM,static,2025-07-25,-1.0,0.012073530441274016
CNN LSTM,static,2025-07-28,-1.0,0.0023447838360659556
CNN LSTM,static,2025-07-29,-1.0,7.120261211868151e-05
CNN LSTM,static,2025-07-30,1.0,-0.031040490618322612
CNN LSTM,static,2025-07-31,1.0,-0.05460419594622845
CNN LSTM,static,2025-08-01,-1.0,-0.01388157280155069
CNN LSTM,static,2025-08-04,1.0,0.01697793283287006
CNN LSTM,static,2025-08-05,1.0,-0.006936122642376752
CNN LSTM,static,2025-08-06,1.0,0.006680875458806357
CNN LSTM,static,2025-08-07,1.0,0.010482673012113475
CNN LSTM,static,2025-08-08,1.0,-0.010672474488817474
CNN LSTM,static,2025-08-11,1.0,0.0032438510163854684
CNN LSTM,static,2025-08-12,1.0,0.009023234664039537
CNN LSTM,static,2025-08-13,1.0,-0.007750222985951293
CNN LSTM,static,2025-08-14,1.0,0.0141194508660345
CNN LSTM,static,2025-08-15,1.0,-0.011849218263663586
CNN LSTM,static,2025-08-18,1.0,-0.0059207255676868575
CNN LSTM,static,2025-08-19,1.0,-0.018169462562083183
CNN LSTM,static,2025-08-20,1.0,0.024341511159736262
CNN LSTM,static,2025-08-21,1.0,0.012893516620595902
CNN LSTM,static,2025-08-22,1.0,0.003108402452608683
CNN LSTM,static,2025-08-25,1.0,-0.017559427769977876
CNN LSTM,static,2025-08-26,1.0,0.008110580524284483
CNN LSTM,static,2025-08-27,1.0,-0.0007449344322207896
CNN LSTM,static,2025-08-28,1.0,0.011182346598325177
CNN LSTM,static,2025-08-29,-1.0,-0.00705633042643885
CNN LSTM,static,2025-09-02,-1.0,-0.02936230437867482
CNN LSTM,static,2025-09-03,-1.0,-0.030445244893461565
CNN LSTM,static,2025-09-04,-1.0,0.05343091655289811
CNN LSTM,static,2025-09-05,-1.0,-0.0076575265270586446
CNN LSTM,static,2025-09-08,1.0,-0.0008513008435635736
CNN LSTM,static,2025-09-09,-1.0,0.009576940558089752
CNN LSTM,static,2025-09-10,-1.0,-0.018723012266311567
CNN LSTM,static,2025-09-11,-1.0,-0.0017948165382879466
CNN LSTM,static,2025-09-12,-1.0,-0.008528037986138992
CNN LSTM,static,2025-09-15,-1.0,-0.003908192858075976
CNN LSTM,static,2025-09-16,-1.0,0.010121778265782533
CNN LSTM,static,2025-09-17,-1.0,0.018448372419109793
CNN LSTM,static,2025-09-18,-1.0,-0.017993788971217617
CNN LSTM,static,2025-09-19,-1.0,-0.012093905910119496
CNN LSTM,static,2025-09-22,-1.0,-0.006646328232498222
CNN LSTM,static,2025-09-23,-1.0,-0.05654281292468877
CNN LSTM,static,2025-09-24,-1.0,0.013096630641775686
CNN LSTM,static,2025-09-25,-1.0,-0.031121556868895173
CNN LSTM,static,2025-09-26,-1.0,-0.03397138672421707
CNN LSTM,static,2025-09-29,-1.0,-0.016806784909896955
CNN LSTM,static,2025-09-30,-1.0,0.015148333121703361
CNN LSTM,static,2025-10-01,-1.0,0.009276758423803044
CNN LSTM,static,2025-10-02,-1.0,0.003885582197002746
CNN LSTM,static,2025-10-03,1.0,0.035290470819201204
CNN LSTM,static,2025-10-06,-1.0,-0.009833777012004075
CNN LSTM,static,2025-10-07,-1.0,0.005076792895088333
CNN LSTM,static,2025-10-08,-1.0,-0.03159967120714313
CNN LSTM,static,2025-10-09,1.0,-0.026362112284900173
CNN LSTM,static,2025-10-10,1.0,-0.020439400840261523
CNN LSTM,static,2025-10-13,1.0,0.04304368496020805
CNN LSTM,static,2025-10-14,1.0,-0.008684715028766887
CNN LSTM,static,2025-10-15,1.0,0.008217011531960638
CNN LSTM,static,2025-10-16,1.0,0.03967164569981407
CNN LSTM,static,2025-10-17,1.0,-0.07643090306066558
CNN LSTM,static,2025-10-20,1.0,0.020345737123193652
CNN LSTM,static,2025-10-21,1.0,-0.08006607282361267
CNN LSTM,static,2025-10-22,1.0,0.02127659574468077
CNN LSTM,static,2025-10-23,1.0,0.033593734105427986
CNN LSTM,static,2025-10-24,1.0,0.003968284785214715
CNN LSTM,static,2025-10-27,1.0,-0.009724574793013141
CNN LSTM,static,2025-10-28,1.0,-0.0008869896049210624
CNN LSTM,static,2025-10-29,-1.0,-0.009267881311429993
CNN LSTM,static,2025-10-30,-1.0,-0.010683088970253829
CNN LSTM,static,2025-10-31,-1.0,0.023938319238411165
CNN LSTM,static,2025-11-03,-1.0,-0.0026754688758039435
CNN LSTM,static,2025-11-04,-1.0,0.02013974026167409
CNN LSTM,static,2025-11-05,-1.0,-0.007261849716198254
CNN LSTM,static,2025-11-06,-1.0,0.016221404037254583
CNN LSTM,static,2025-11-07,-1.0,-0.0071975395200927226
CNN LSTM,static,2025-11-10,-1.0,-0.033651611196431785
CNN LSTM,static,2025-11-11,-1.0,0.0010684125434977654
CNN LSTM,static,2025-11-12,-1.0,-0.020699650125015623
CNN LSTM,static,2025-11-13,-1.0,0.01134193667031802
CNN LSTM,static,2025-11-14,-1.0,0.030363534198447728
CNN LSTM,static,2025-11-17,-1.0,0.006108539286438064
CNN LSTM,static,2025-11-18,-1.0,0.0003234780460599218
CNN LSTM,static,2025-11-19,-1.0,-0.0011002286408940964
CNN LSTM,static,2025-11-20,-1.0,0.02631073282037344
CNN LSTM,static,2025-11-21,-1.0,-0.005045875649070997
CNN LSTM,static,2025-11-24,-1.0,-0.018958878482064012
CNN LSTM,static,2025-11-25,-1.0,-0.009335510154983684
CNN LSTM,static,2025-11-26,-1.0,-0.014130644007330995
CNN LSTM,static,2025-11-28,-1.0,-0.06257516323395951
CNN LSTM,static,2025-12-01,-1.0,0.004529996904767741
CNN LSTM,static,2025-12-02,-1.0,0.015627792328288925
CNN LSTM,static,2025-12-03,1.0,0.007403406326033958
CNN LSTM,static,2025-12-04,1.0,-0.0012677184340099679
CNN LSTM,static,2025-12-05,1.0,0.00036265448324690475
CNN LSTM,static,2025-12-08,1.0,0.0
CNN LSTM,static,2025-12-09,1.0,0.024229592499055874
CNN LSTM,static,2025-12-10,1.0,-0.03144352989527277
CNN LSTM,static,2025-12-11,1.0,0.04019977953290299
CNN LSTM,static,2025-12-12,1.0,0.02886750518109049
CNN LSTM,static,2025-12-15,1.0,0.030390999462768242
CNN LSTM,static,2025-12-16,-1.0,-0.03311906964150093
CNN LSTM,static,2025-12-17,1.0,0.03327413314965908
CNN LSTM,static,2025-12-18,1.0,0.011796993534511246
CNN LSTM,static,2025-12-19,1.0,0.02950649510195613
CNN LSTM,static,2025-12-22,-1.0,-0.03536791702032007
CNN LSTM,static,2025-12-23,-1.0,-0.09500959692898281
CNN LSTM,static,2025-12-24,1.0,-0.017553241742440794
CNN LSTM,static,2025-12-26,1.0,0.1004727339635727
CNN LSTM,static,2025-12-29,1.0,-0.14705997873502163
CNN LSTM,static,2025-12-30,-1.0,-0.06077582527660399
CNN LSTM,static,2025-12-31,-1.0,0.08840818192068875
CNN LSTM,static,2026-01-02,-1.0,-0.044826714756389885
CNN LSTM,static,2026-01-05,-1.0,-0.06764832861234704
CNN LSTM,static,2026-01-06,1.0,0.07228292575457138
CNN LSTM,static,2026-01-07,1.0,-0.07419888975195155
CNN LSTM,static,2026-01-08,-1.0,0.0005543939138839884
CNN LSTM,static,2026-01-09,-1.0,-0.011813340246513038
CNN LSTM,static,2026-01-12,-1.0,-0.03568452226911156
CNN LSTM,static,2026-01-13,-1.0,0.010934076860630637
CNN LSTM,static,2026-01-14,1.0,0.014068595480082302
CNN LSTM,static,2026-01-15,-1.0,-0.009874243335304756
CNN LSTM,static,2026-01-16,1.0,-0.03626692517651677
CNN LSTM,static,2026-01-20,-1.0,-0.05563013649853523
CNN LSTM,static,2026-01-21,-1.0,-0.02011100240335173
CNN LSTM,static,2026-01-22,-1.0,-0.032817347883081105
CNN LSTM,static,2026-01-23,-1.0,-0.06257320859270532
CNN LSTM,static,2026-01-26,-1.0,-0.04786738180557326
CNN LSTM,static,2026-01-27,-1.0,0.11891738984185296
CNN LSTM,static,2026-01-28,-1.0,-0.036805666798166436
CNN LSTM,static,2026-01-29,-1.0,0.003185343279602182
CNN LSTM,static,2026-01-30,1.0,-0.1906211411840454
CNN LSTM,static,2026-02-02,1.0,-0.0044226976470291834
CNN LSTM,static,2026-02-03,1.0,0.0487700490357057
CNN LSTM,static,2026-02-04,1.0,-0.014984580534267211
CNN LSTM,static,2026-02-05,1.0,-0.046747054976740254
CNN LSTM,static,2026-02-06,1.0,0.015376382261483856
CNN LSTM,static,2026-02-09,1.0,0.007452277815766629
CNN LSTM,static,2026-02-10,1.0,-0.008203236516002299
CNN LSTM,static,2026-02-11,1.0,0.022136069289431237
CNN LSTM,static,2026-02-12,1.0,-0.05795402404383865
CNN LSTM,static,2026-02-13,1.0,0.0284011674140392
CNN LSTM,static,2026-02-17,1.0,-0.028341035417011717
CNN LSTM,static,2026-02-18,1.0,0.04665833656832308
CNN LSTM,static,2026-02-19,1.0,-0.02093612588310323
CNN LSTM,static,2026-02-20,1.0,0.05207772865290794
CNN LSTM,static,2026-02-23,-1.0,0.010538834563525867
CNN LSTM,static,2026-02-24,-1.0,-0.01616669627808376
CNN LSTM,static,2026-02-25,-1.0,-0.0662509713127224
CNN LSTM,static,2026-02-26,-1.0,0.04080673482083863
CNN LSTM,static,2026-02-27,-1.0,-0.06047435757261144
CNN LSTM,static,2026-03-02,-1.0,0.022700453625151717
CNN LSTM,static,2026-03-03,-1.0,0.10255627991300953
CNN LSTM,static,2026-03-04,-1.0,-0.03850968790408427
CNN LSTM,static,2026-03-05,-1.0,0.011463290356711342
CNN LSTM,static,2026-03-06,1.0,0.0056215503961267515
CNN LSTM,static,2026-03-09,1.0,0.012696133566260537
CNN LSTM,static,2026-03-10,1.0,0.030143758941751253
CNN LSTM,static,2026-03-11,1.0,-0.01342281879194629
CNN LSTM,static,2026-03-12,1.0,-0.020408163265306145
CNN LSTM,static,2026-03-13,-1.0,0.056929640932436444
CNN LSTM,static,2026-03-16,-1.0,-0.025974675954144155
CNN LSTM,static,2026-03-17,1.0,0.020044100898839436
CNN LSTM,static,2026-03-18,1.0,-0.03743317712746652
CNN LSTM,static,2026-03-19,1.0,-0.05497078402930067
CNN LSTM,static,2026-03-20,1.0,0.016192257221895545
CNN LSTM,static,2026-03-23,1.0,-0.05597276368838666
CNN LSTM,static,2026-03-24,1.0,0.01704023562857193
CNN LSTM,static,2026-03-25,1.0,0.017547542902682345
CNN LSTM,static,2026-03-26,1.0,-0.04513811788269251
CNN LSTM,static,2026-03-27,1.0,0.017570541206481938
CNN LSTM,static,2026-03-30,1.0,0.00801881759637113
CNN LSTM,static,2026-03-31,1.0,0.03395359845560606
CNN LSTM,static,2026-04-01,-1.0,-0.010097460937499992
CNN LSTM,static,2026-04-02,-1.0,0.0027928704938959825
CNN LSTM,static,2026-04-06,-1.0,0.002851663874635202
CNN LSTM,static,2026-04-07,-1.0,0.01486057415562847
CNN LSTM,static,2026-04-08,-1.0,-0.06298280213984708
CNN LSTM,static,2026-04-09,-1.0,-0.02243245772424185
CNN LSTM,static,2026-04-10,-1.0,0.022655727266777892
CNN LSTM,static,2026-04-13,-1.0,-0.006197818831008339
CNN LSTM,static,2026-04-14,-1.0,-0.011058321994455333
CNN LSTM,static,2026-04-15,-1.0,-0.013575651617457885
CNN LSTM,static,2026-04-16,-1.0,0.00889763148109679
CNN LSTM,static,2026-04-17,-1.0,-0.014516928955675912
CNN LSTM,static,2026-04-20,-1.0,0.025323628537597065
CNN LSTM,static,2026-04-21,-1.0,0.022407834760169276
CNN LSTM,static,2026-04-22,-1.0,-0.023860123333043548
CNN LSTM,static,2026-04-23,-1.0,0.024124346093997717
CNN LSTM,static,2026-04-24,-1.0,0.0037575277749796188
CNN LSTM,static,2026-04-27,-1.0,0.016823833456110493
CNN LSTM,static,2026-04-28,1.0,-0.019785042267408424
CNN LSTM,static,2026-04-29,-1.0,0.029146650140070098
CNN LSTM,static,2026-04-30,-1.0,-0.049700285760941654
ARMA,rcs,2025-07-02,0.0,0.0
ARMA,rcs,2025-07-03,-0.0,0.0
ARMA,rcs,2025-07-04,-0.0,-0.0
ARMA,rcs,2025-07-07,-0.0,0.0
ARMA,rcs,2025-07-08,0.0,0.0
ARMA,rcs,2025-07-09,-0.0,0.0
ARMA,rcs,2025-07-10,0.0,0.0
ARMA,rcs,2025-07-11,-0.0,-0.0
ARMA,rcs,2025-07-14,0.0,-0.0
ARMA,rcs,2025-07-15,-0.0,0.0
ARMA,rcs,2025-07-16,-0.0,-0.0
ARMA,rcs,2025-07-17,0.0,0.0
ARMA,rcs,2025-07-18,-0.0,0.0
ARMA,rcs,2025-07-21,-0.0,-0.0
ARMA,rcs,2025-07-22,-0.0,0.0
ARMA,rcs,2025-07-23,0.0,-0.0
ARMA,rcs,2025-07-24,-0.0,0.0
ARMA,rcs,2025-07-25,-0.0,0.0
ARMA,rcs,2025-07-28,-0.0,0.0
ARMA,rcs,2025-07-29,-0.0,0.0
ARMA,rcs,2025-07-30,0.0,-0.0
ARMA,rcs,2025-07-31,-0.0,0.0
ARMA,rcs,2025-08-01,-0.0,-0.0
ARMA,rcs,2025-08-04,0.0,0.0
ARMA,rcs,2025-08-05,0.0,-0.0
ARMA,rcs,2025-08-06,0.0,0.0
ARMA,rcs,2025-08-07,0.0,0.0
ARMA,rcs,2025-08-08,0.0,-0.0
ARMA,rcs,2025-08-11,0.0,0.0
ARMA,rcs,2025-08-12,-0.0,-0.0
ARMA,rcs,2025-08-13,0.0,-0.0
ARMA,rcs,2025-08-14,0.0,0.0
ARMA,rcs,2025-08-15,-0.0,0.0
ARMA,rcs,2025-08-18,0.0,-0.0
ARMA,rcs,2025-08-19,-0.0,0.0
ARMA,rcs,2025-08-20,0.0,0.0
ARMA,rcs,2025-08-21,-0.0,-0.0
ARMA,rcs,2025-08-22,0.0,0.0
ARMA,rcs,2025-08-25,-0.0,0.0
ARMA,rcs,2025-08-26,-0.0,-0.0
ARMA,rcs,2025-08-27,-0.0,0.0
ARMA,rcs,2025-08-28,0.0,0.0
ARMA,rcs,2025-08-29,-0.0,-0.0
ARMA,rcs,2025-09-02,1.0,0.02926230437867482
ARMA,rcs,2025-09-03,-0.5,-0.015372622446730783
ARMA,rcs,2025-09-04,0.5,-0.026815458276449055
ARMA,rcs,2025-09-05,-0.0,-5e-05
ARMA,rcs,2025-09-08,-0.0,0.0
ARMA,rcs,2025-09-09,0.0,-0.0
ARMA,rcs,2025-09-10,-0.0,-0.0
ARMA,rcs,2025-09-11,0.0,0.0
ARMA,rcs,2025-09-12,0.0,0.0
ARMA,rcs,2025-09-15,-0.0,-0.0
ARMA,rcs,2025-09-16,0.0,-0.0
ARMA,rcs,2025-09-17,-0.0,0.0
ARMA,rcs,2025-09-18,-0.0,-0.0
ARMA,rcs,2025-09-19,-0.0,-0.0
ARMA,rcs,2025-09-22,0.0,0.0
ARMA,rcs,2025-09-23,-0.0,-0.0
ARMA,rcs,2025-09-24,0.0,-0.0
ARMA,rcs,2025-09-25,0.0,0.0
ARMA,rcs,2025-09-26,-0.0,-0.0
ARMA,rcs,2025-09-29,0.0,0.0
ARMA,rcs,2025-09-30,0.0,-0.0
ARMA,rcs,2025-10-01,0.0,-0.0
ARMA,rcs,2025-10-02,-0.0,0.0
ARMA,rcs,2025-10-03,-0.0,-0.0
ARMA,rcs,2025-10-06,0.0,0.0
ARMA,rcs,2025-10-07,0.0,-0.0
ARMA,rcs,2025-10-08,0.0,0.0
ARMA,rcs,2025-10-09,0.0,-0.0
ARMA,rcs,2025-10-10,0.0,-0.0
ARMA,rcs,2025-10-13,-0.0,-0.0
ARMA,rcs,2025-10-14,-0.0,0.0
ARMA,rcs,2025-10-15,0.0,0.0
ARMA,rcs,2025-10-16,-0.0,-0.0
ARMA,rcs,2025-10-17,0.0,-0.0
ARMA,rcs,2025-10-20,0.0,0.0
ARMA,rcs,2025-10-21,-0.0,0.0
ARMA,rcs,2025-10-22,0.0,0.0
ARMA,rcs,2025-10-23,-0.0,-0.0
ARMA,rcs,2025-10-24,0.0,0.0
ARMA,rcs,2025-10-27,0.0,-0.0
ARMA,rcs,2025-10-28,0.0,-0.0
ARMA,rcs,2025-10-29,-0.0,-0.0
ARMA,rcs,2025-10-30,0.0,0.0
ARMA,rcs,2025-10-31,0.0,-0.0
ARMA,rcs,2025-11-03,0.0,0.0
ARMA,rcs,2025-11-04,-0.0,0.0
ARMA,rcs,2025-11-05,0.0,0.0
ARMA,rcs,2025-11-06,-0.0,0.0
ARMA,rcs,2025-11-07,0.0,0.0
ARMA,rcs,2025-11-10,-0.0,-0.0
ARMA,rcs,2025-11-11,0.0,-0.0
ARMA,rcs,2025-11-12,0.0,0.0
ARMA,rcs,2025-11-13,-0.0,0.0
ARMA,rcs,2025-11-14,0.0,-0.0
ARMA,rcs,2025-11-17,-0.0,0.0
ARMA,rcs,2025-11-18,-0.0,0.0
ARMA,rcs,2025-11-19,0.0,0.0
ARMA,rcs,2025-11-20,0.0,-0.0
ARMA,rcs,2025-11-21,0.0,0.0
ARMA,rcs,2025-11-24,-0.5,-0.009529439241032006
ARMA,rcs,2025-11-25,0.5,0.004567755077491842
ARMA,rcs,2025-11-26,0.5,0.007065322003665497
ARMA,rcs,2025-11-28,0.0,-5e-05
ARMA,rcs,2025-12-01,0.0,-0.0
ARMA,rcs,2025-12-02,0.0,-0.0
ARMA,rcs,2025-12-03,-0.0,-0.0
ARMA,rcs,2025-12-04,-0.0,0.0
ARMA,rcs,2025-12-05,-0.0,-0.0
ARMA,rcs,2025-12-08,-0.0,-0.0
ARMA,rcs,2025-12-09,-0.0,-0.0
ARMA,rcs,2025-12-10,-0.0,0.0
ARMA,rcs,2025-12-11,0.0,0.0
ARMA,rcs,2025-12-12,-0.0,-0.0
ARMA,rcs,2025-12-15,0.0,0.0
ARMA,rcs,2025-12-16,-0.0,-0.0
ARMA,rcs,2025-12-17,-0.0,-0.0
ARMA,rcs,2025-12-18,-0.0,-0.0
ARMA,rcs,2025-12-19,-0.0,-0.0
ARMA,rcs,2025-12-22,-0.0,-0.0
ARMA,rcs,2025-12-23,-0.0,-0.0
ARMA,rcs,2025-12-24,-0.0,0.0
ARMA,rcs,2025-12-26,-0.0,-0.0
ARMA,rcs,2025-12-29,-0.0,0.0
ARMA,rcs,2025-12-30,0.0,0.0
ARMA,rcs,2025-12-31,-0.0,0.0
ARMA,rcs,2026-01-02,0.0,0.0
ARMA,rcs,2026-01-05,-0.0,-0.0
ARMA,rcs,2026-01-06,0.0,0.0
ARMA,rcs,2026-01-07,0.0,-0.0
ARMA,rcs,2026-01-08,0.0,-0.0
ARMA,rcs,2026-01-09,-0.0,-0.0
ARMA,rcs,2026-01-12,-0.0,-0.0
ARMA,rcs,2026-01-13,0.0,-0.0
ARMA,rcs,2026-01-14,0.0,0.0
ARMA,rcs,2026-01-15,-0.0,-0.0
ARMA,rcs,2026-01-16,0.0,-0.0
ARMA,rcs,2026-01-20,0.0,0.0
ARMA,rcs,2026-01-21,-0.0,-0.0
ARMA,rcs,2026-01-22,0.0,0.0
ARMA,rcs,2026-01-23,0.0,0.0
ARMA,rcs,2026-01-26,0.0,0.0
ARMA,rcs,2026-01-27,0.0,-0.0
ARMA,rcs,2026-01-28,0.0,0.0
ARMA,rcs,2026-01-29,-0.0,0.0
ARMA,rcs,2026-01-30,0.0,-0.0
ARMA,rcs,2026-02-02,0.0,-0.0
ARMA,rcs,2026-02-03,-0.0,-0.0
ARMA,rcs,2026-02-04,0.0,-0.0
ARMA,rcs,2026-02-05,0.0,-0.0
ARMA,rcs,2026-02-06,0.0,0.0
ARMA,rcs,2026-02-09,-0.0,-0.0
ARMA,rcs,2026-02-10,0.0,-0.0
ARMA,rcs,2026-02-11,-0.0,-0.0
ARMA,rcs,2026-02-12,-0.0,0.0
ARMA,rcs,2026-02-13,0.0,0.0
ARMA,rcs,2026-02-17,-0.0,0.0
ARMA,rcs,2026-02-18,0.0,0.0
ARMA,rcs,2026-02-19,-0.0,0.0
ARMA,rcs,2026-02-20,0.0,0.0
ARMA,rcs,2026-02-23,-0.0,0.0
ARMA,rcs,2026-02-24,0.0,0.0
ARMA,rcs,2026-02-25,-0.0,-0.0
ARMA,rcs,2026-02-26,0.0,-0.0
ARMA,rcs,2026-02-27,0.0,0.0
ARMA,rcs,2026-03-02,-0.0,0.0
ARMA,rcs,2026-03-03,0.0,-0.0
ARMA,rcs,2026-03-04,0.0,0.0
ARMA,rcs,2026-03-05,-0.0,0.0
ARMA,rcs,2026-03-06,0.0,0.0
ARMA,rcs,2026-03-09,-0.0,-0.0
ARMA,rcs,2026-03-10,0.0,0.0
ARMA,rcs,2026-03-11,-0.0,0.0
ARMA,rcs,2026-03-12,0.0,-0.0
ARMA,rcs,2026-03-13,0.0,-0.0
ARMA,rcs,2026-03-16,0.0,0.0
ARMA,rcs,2026-03-17,-0.0,-0.0
ARMA,rcs,2026-03-18,0.0,-0.0
ARMA,rcs,2026-03-19,0.0,-0.0
ARMA,rcs,2026-03-20,0.0,0.0
ARMA,rcs,2026-03-23,-0.0,0.0
ARMA,rcs,2026-03-24,0.0,0.0
ARMA,rcs,2026-03-25,-0.0,-0.0
ARMA,rcs,2026-03-26,0.0,-0.0
ARMA,rcs,2026-03-27,0.0,0.0
ARMA,rcs,2026-03-30,-0.0,-0.0
ARMA,rcs,2026-03-31,0.0,0.0
ARMA,rcs,2026-04-01,-0.0,-0.0
ARMA,rcs,2026-04-02,0.0,-0.0
ARMA,rcs,2026-04-06,-0.0,0.0
ARMA,rcs,2026-04-07,0.0,-0.0
ARMA,rcs,2026-04-08,0.0,0.0
ARMA,rcs,2026-04-09,-0.0,-0.0
ARMA,rcs,2026-04-10,0.0,-0.0
ARMA,rcs,2026-04-13,0.0,0.0
ARMA,rcs,2026-04-14,-0.0,-0.0
ARMA,rcs,2026-04-15,-0.0,-0.0
ARMA,rcs,2026-04-16,-0.0,0.0
ARMA,rcs,2026-04-17,0.0,0.0
ARMA,rcs,2026-04-20,-0.0,0.0
ARMA,rcs,2026-04-21,0.0,-0.0
ARMA,rcs,2026-04-22,0.0,0.0
ARMA,rcs,2026-04-23,-0.0,0.0
ARMA,rcs,2026-04-24,0.0,-0.0
ARMA,rcs,2026-04-27,-0.0,0.0
ARMA,rcs,2026-04-28,0.0,-0.0
ARMA,rcs,2026-04-29,0.0,-0.0
ARMA,rcs,2026-04-30,0.0,0.0
Decision Tree,rcs,2025-07-02,-0.0,-0.0
Decision Tree,rcs,2025-07-03,-0.0,0.0
Decision Tree,rcs,2025-07-04,0.0,0.0
Decision Tree,rcs,2025-07-07,-0.0,0.0
Decision Tree,rcs,2025-07-08,-0.0,-0.0
Decision Tree,rcs,2025-07-09,-0.0,0.0
Decision Tree,rcs,2025-07-10,0.0,0.0
Decision Tree,rcs,2025-07-11,-0.0,-0.0
Decision Tree,rcs,2025-07-14,-0.0,0.0
Decision Tree,rcs,2025-07-15,-0.0,0.0
Decision Tree,rcs,2025-07-16,-0.0,-0.0
Decision Tree,rcs,2025-07-17,-0.0,-0.0
Decision Tree,rcs,2025-07-18,-0.0,0.0
Decision Tree,rcs,2025-07-21,0.0,0.0
Decision Tree,rcs,2025-07-22,-0.0,0.0
Decision Tree,rcs,2025-07-23,-0.0,0.0
Decision Tree,rcs,2025-07-24,-0.0,0.0
Decision Tree,rcs,2025-07-25,-0.0,0.0
Decision Tree,rcs,2025-07-28,-0.0,0.0
Decision Tree,rcs,2025-07-29,-0.0,0.0
Decision Tree,rcs,2025-07-30,-0.0,0.0
Decision Tree,rcs,2025-07-31,-0.0,0.0
Decision Tree,rcs,2025-08-01,-0.0,-0.0
Decision Tree,rcs,2025-08-04,-0.0,-0.0
Decision Tree,rcs,2025-08-05,-0.0,0.0
Decision Tree,rcs,2025-08-06,0.0,0.0
Decision Tree,rcs,2025-08-07,0.0,0.0
Decision Tree,rcs,2025-08-08,-0.0,0.0
Decision Tree,rcs,2025-08-11,-0.0,-0.0
Decision Tree,rcs,2025-08-12,-0.0,-0.0
Decision Tree,rcs,2025-08-13,-0.0,0.0
Decision Tree,rcs,2025-08-14,-0.0,-0.0
Decision Tree,rcs,2025-08-15,-0.0,0.0
Decision Tree,rcs,2025-08-18,-0.0,0.0
Decision Tree,rcs,2025-08-19,-0.0,0.0
Decision Tree,rcs,2025-08-20,-0.0,-0.0
Decision Tree,rcs,2025-08-21,-0.0,-0.0
Decision Tree,rcs,2025-08-22,-0.0,-0.0
Decision Tree,rcs,2025-08-25,-0.0,0.0
Decision Tree,rcs,2025-08-26,-0.0,-0.0
Decision Tree,rcs,2025-08-27,-0.0,0.0
Decision Tree,rcs,2025-08-28,-0.0,-0.0
Decision Tree,rcs,2025-08-29,-0.0,-0.0
Decision Tree,rcs,2025-09-02,-1.0,-0.02946230437867482
Decision Tree,rcs,2025-09-03,-0.5,-0.015272622446730782
Decision Tree,rcs,2025-09-04,-0.5,0.026715458276449056
Decision Tree,rcs,2025-09-05,-0.0,-5e-05
Decision Tree,rcs,2025-09-08,-0.0,0.0
Decision Tree,rcs,2025-09-09,-0.0,0.0
Decision Tree,rcs,2025-09-10,-0.0,-0.0
Decision Tree,rcs,2025-09-11,0.0,0.0
Decision Tree,rcs,2025-09-12,-0.0,-0.0
Decision Tree,rcs,2025-09-15,-0.0,-0.0
Decision Tree,rcs,2025-09-16,-0.0,0.0
Decision Tree,rcs,2025-09-17,-0.0,0.0
Decision Tree,rcs,2025-09-18,-0.0,-0.0
Decision Tree,rcs,2025-09-19,-0.0,-0.0
Decision Tree,rcs,2025-09-22,-0.0,-0.0
Decision Tree,rcs,2025-09-23,-0.0,-0.0
Decision Tree,rcs,2025-09-24,-0.0,0.0
Decision Tree,rcs,2025-09-25,-0.0,-0.0
Decision Tree,rcs,2025-09-26,-0.0,-0.0
Decision Tree,rcs,2025-09-29,-0.0,-0.0
Decision Tree,rcs,2025-09-30,-0.0,0.0
Decision Tree,rcs,2025-10-01,-0.0,0.0
Decision Tree,rcs,2025-10-02,-0.0,0.0
Decision Tree,rcs,2025-10-03,-0.0,-0.0
Decision Tree,rcs,2025-10-06,-0.0,-0.0
Decision Tree,rcs,2025-10-07,-0.0,0.0
Decision Tree,rcs,2025-10-08,-0.0,-0.0
Decision Tree,rcs,2025-10-09,-0.0,0.0
Decision Tree,rcs,2025-10-10,-0.0,0.0
Decision Tree,rcs,2025-10-13,-0.0,-0.0
Decision Tree,rcs,2025-10-14,-0.0,0.0
Decision Tree,rcs,2025-10-15,-0.0,-0.0
Decision Tree,rcs,2025-10-16,0.0,0.0
Decision Tree,rcs,2025-10-17,-0.0,0.0
Decision Tree,rcs,2025-10-20,-0.0,-0.0
Decision Tree,rcs,2025-10-21,-0.0,0.0
Decision Tree,rcs,2025-10-22,-0.0,-0.0
Decision Tree,rcs,2025-10-23,-0.0,-0.0
Decision Tree,rcs,2025-10-24,0.0,0.0
Decision Tree,rcs,2025-10-27,-0.0,0.0
Decision Tree,rcs,2025-10-28,0.0,-0.0
Decision Tree,rcs,2025-10-29,-0.0,-0.0
Decision Tree,rcs,2025-10-30,-0.0,-0.0
Decision Tree,rcs,2025-10-31,-0.0,0.0
Decision Tree,rcs,2025-11-03,-0.0,-0.0
Decision Tree,rcs,2025-11-04,-0.0,0.0
Decision Tree,rcs,2025-11-05,-0.0,-0.0
Decision Tree,rcs,2025-11-06,-0.0,0.0
Decision Tree,rcs,2025-11-07,-0.0,-0.0
Decision Tree,rcs,2025-11-10,-0.0,-0.0
Decision Tree,rcs,2025-11-11,-0.0,0.0
Decision Tree,rcs,2025-11-12,-0.0,-0.0
Decision Tree,rcs,2025-11-13,-0.0,0.0
Decision Tree,rcs,2025-11-14,-0.0,0.0
Decision Tree,rcs,2025-11-17,-0.0,0.0
Decision Tree,rcs,2025-11-18,-0.0,0.0
Decision Tree,rcs,2025-11-19,-0.0,-0.0
Decision Tree,rcs,2025-11-20,-0.0,0.0
Decision Tree,rcs,2025-11-21,0.0,0.0
Decision Tree,rcs,2025-11-24,-0.5,-0.009529439241032006
Decision Tree,rcs,2025-11-25,-0.5,-0.004667755077491842
Decision Tree,rcs,2025-11-26,-0.5,-0.007065322003665497
Decision Tree,rcs,2025-11-28,0.0,-5e-05
Decision Tree,rcs,2025-12-01,-0.0,0.0
Decision Tree,rcs,2025-12-02,-0.0,0.0
Decision Tree,rcs,2025-12-03,-0.0,-0.0
Decision Tree,rcs,2025-12-04,-0.0,0.0
Decision Tree,rcs,2025-12-05,-0.0,-0.0
Decision Tree,rcs,2025-12-08,-0.0,-0.0
Decision Tree,rcs,2025-12-09,-0.0,-0.0
Decision Tree,rcs,2025-12-10,-0.0,0.0
Decision Tree,rcs,2025-12-11,-0.0,-0.0
Decision Tree,rcs,2025-12-12,-0.0,-0.0
Decision Tree,rcs,2025-12-15,-0.0,-0.0
Decision Tree,rcs,2025-12-16,-0.0,-0.0
Decision Tree,rcs,2025-12-17,0.0,0.0
Decision Tree,rcs,2025-12-18,-0.0,-0.0
Decision Tree,rcs,2025-12-19,-0.0,-0.0
Decision Tree,rcs,2025-12-22,-0.0,-0.0
Decision Tree,rcs,2025-12-23,-0.0,-0.0
Decision Tree,rcs,2025-12-24,-0.0,0.0
Decision Tree,rcs,2025-12-26,-0.0,-0.0
Decision Tree,rcs,2025-12-29,-0.0,0.0
Decision Tree,rcs,2025-12-30,-0.0,-0.0
Decision Tree,rcs,2025-12-31,-0.0,0.0
Decision Tree,rcs,2026-01-02,-0.0,-0.0
Decision Tree,rcs,2026-01-05,-0.0,-0.0
Decision Tree,rcs,2026-01-06,0.0,0.0
Decision Tree,rcs,2026-01-07,-0.0,0.0
Decision Tree,rcs,2026-01-08,0.0,-0.0
Decision Tree,rcs,2026-01-09,-0.0,-0.0
Decision Tree,rcs,2026-01-12,-0.0,-0.0
Decision Tree,rcs,2026-01-13,-0.0,0.0
Decision Tree,rcs,2026-01-14,0.0,0.0
Decision Tree,rcs,2026-01-15,-0.0,-0.0
Decision Tree,rcs,2026-01-16,-0.0,0.0
Decision Tree,rcs,2026-01-20,-0.0,-0.0
Decision Tree,rcs,2026-01-21,-0.0,-0.0
Decision Tree,rcs,2026-01-22,-0.0,-0.0
Decision Tree,rcs,2026-01-23,-0.0,-0.0
Decision Tree,rcs,2026-01-26,0.0,0.0
Decision Tree,rcs,2026-01-27,-0.0,0.0
Decision Tree,rcs,2026-01-28,-0.0,-0.0
Decision Tree,rcs,2026-01-29,-0.0,0.0
Decision Tree,rcs,2026-01-30,0.0,-0.0
Decision Tree,rcs,2026-02-02,0.0,-0.0
Decision Tree,rcs,2026-02-03,0.0,0.0
Decision Tree,rcs,2026-02-04,0.0,-0.0
Decision Tree,rcs,2026-02-05,0.0,-0.0
Decision Tree,rcs,2026-02-06,0.0,0.0
Decision Tree,rcs,2026-02-09,0.0,0.0
Decision Tree,rcs,2026-02-10,0.0,-0.0
Decision Tree,rcs,2026-02-11,0.0,0.0
Decision Tree,rcs,2026-02-12,0.0,-0.0
Decision Tree,rcs,2026-02-13,0.0,0.0
Decision Tree,rcs,2026-02-17,0.0,-0.0
Decision Tree,rcs,2026-02-18,0.0,0.0
Decision Tree,rcs,2026-02-19,0.0,-0.0
Decision Tree,rcs,2026-02-20,0.0,0.0
Decision Tree,rcs,2026-02-23,0.0,-0.0
Decision Tree,rcs,2026-02-24,0.0,0.0
Decision Tree,rcs,2026-02-25,0.0,0.0
Decision Tree,rcs,2026-02-26,0.0,-0.0
Decision Tree,rcs,2026-02-27,0.0,0.0
Decision Tree,rcs,2026-03-02,0.0,-0.0
Decision Tree,rcs,2026-03-03,-0.0,0.0
Decision Tree,rcs,2026-03-04,-0.0,-0.0
Decision Tree,rcs,2026-03-05,0.0,-0.0
Decision Tree,rcs,2026-03-06,-0.0,-0.0
Decision Tree,rcs,2026-03-09,-0.0,-0.0
Decision Tree,rcs,2026-03-10,0.0,0.0
Decision Tree,rcs,2026-03-11,-0.0,0.0
Decision Tree,rcs,2026-03-12,-0.0,0.0
Decision Tree,rcs,2026-03-13,-0.0,0.0
Decision Tree,rcs,2026-03-16,-0.0,-0.0
Decision Tree,rcs,2026-03-17,-0.0,-0.0
Decision Tree,rcs,2026-03-18,-0.0,0.0
Decision Tree,rcs,2026-03-19,-0.0,0.0
Decision Tree,rcs,2026-03-20,0.0,0.0
Decision Tree,rcs,2026-03-23,-0.0,0.0
Decision Tree,rcs,2026-03-24,-0.0,-0.0
Decision Tree,rcs,2026-03-25,0.0,0.0
Decision Tree,rcs,2026-03-26,0.0,-0.0
Decision Tree,rcs,2026-03-27,-0.0,-0.0
Decision Tree,rcs,2026-03-30,0.0,0.0
Decision Tree,rcs,2026-03-31,-0.0,-0.0
Decision Tree,rcs,2026-04-01,0.0,0.0
Decision Tree,rcs,2026-04-02,0.0,-0.0
Decision Tree,rcs,2026-04-06,0.0,-0.0
Decision Tree,rcs,2026-04-07,0.0,-0.0
Decision Tree,rcs,2026-04-08,0.0,0.0
Decision Tree,rcs,2026-04-09,0.0,0.0
Decision Tree,rcs,2026-04-10,0.0,-0.0
Decision Tree,rcs,2026-04-13,0.0,0.0
Decision Tree,rcs,2026-04-14,0.0,0.0
Decision Tree,rcs,2026-04-15,0.0,0.0
Decision Tree,rcs,2026-04-16,0.0,-0.0
Decision Tree,rcs,2026-04-17,0.0,0.0
Decision Tree,rcs,2026-04-20,0.0,-0.0
Decision Tree,rcs,2026-04-21,0.0,-0.0
Decision Tree,rcs,2026-04-22,0.0,0.0
Decision Tree,rcs,2026-04-23,0.0,-0.0
Decision Tree,rcs,2026-04-24,0.0,-0.0
Decision Tree,rcs,2026-04-27,0.0,-0.0
Decision Tree,rcs,2026-04-28,0.0,-0.0
Decision Tree,rcs,2026-04-29,0.0,-0.0
Decision Tree,rcs,2026-04-30,0.0,0.0
Random Forest,rcs,2025-07-02,-0.0,-0.0
Random Forest,rcs,2025-07-03,-0.0,0.0
Random Forest,rcs,2025-07-04,-0.0,-0.0
Random Forest,rcs,2025-07-07,-0.0,0.0
Random Forest,rcs,2025-07-08,0.0,0.0
Random Forest,rcs,2025-07-09,0.0,-0.0
Random Forest,rcs,2025-07-10,0.0,0.0
Random Forest,rcs,2025-07-11,-0.0,-0.0
Random Forest,rcs,2025-07-14,-0.0,0.0
Random Forest,rcs,2025-07-15,-0.0,0.0
Random Forest,rcs,2025-07-16,-0.0,-0.0
Random Forest,rcs,2025-07-17,0.0,0.0
Random Forest,rcs,2025-07-18,-0.0,0.0
Random Forest,rcs,2025-07-21,0.0,0.0
Random Forest,rcs,2025-07-22,-0.0,0.0
Random Forest,rcs,2025-07-23,-0.0,0.0
Random Forest,rcs,2025-07-24,-0.0,0.0
Random Forest,rcs,2025-07-25,-0.0,0.0
Random Forest,rcs,2025-07-28,-0.0,0.0
Random Forest,rcs,2025-07-29,-0.0,0.0
Random Forest,rcs,2025-07-30,-0.0,0.0
Random Forest,rcs,2025-07-31,-0.0,0.0
Random Forest,rcs,2025-08-01,0.0,0.0
Random Forest,rcs,2025-08-04,-0.0,-0.0
Random Forest,rcs,2025-08-05,0.0,-0.0
Random Forest,rcs,2025-08-06,0.0,0.0
Random Forest,rcs,2025-08-07,0.0,0.0
Random Forest,rcs,2025-08-08,-0.0,0.0
Random Forest,rcs,2025-08-11,-0.0,-0.0
Random Forest,rcs,2025-08-12,-0.0,-0.0
Random Forest,rcs,2025-08-13,-0.0,0.0
Random Forest,rcs,2025-08-14,-0.0,-0.0
Random Forest,rcs,2025-08-15,-0.0,0.0
Random Forest,rcs,2025-08-18,-0.0,0.0
Random Forest,rcs,2025-08-19,-0.0,0.0
Random Forest,rcs,2025-08-20,-0.0,-0.0
Random Forest,rcs,2025-08-21,-0.0,-0.0
Random Forest,rcs,2025-08-22,-0.0,-0.0
Random Forest,rcs,2025-08-25,-0.0,0.0
Random Forest,rcs,2025-08-26,-0.0,-0.0
Random Forest,rcs,2025-08-27,-0.0,0.0
Random Forest,rcs,2025-08-28,-0.0,-0.0
Random Forest,rcs,2025-08-29,-0.0,-0.0
Random Forest,rcs,2025-09-02,-1.0,-0.02946230437867482
Random Forest,rcs,2025-09-03,-0.5,-0.015272622446730782
Random Forest,rcs,2025-09-04,-0.5,0.026715458276449056
Random Forest,rcs,2025-09-05,-0.0,-5e-05
Random Forest,rcs,2025-09-08,-0.0,0.0
Random Forest,rcs,2025-09-09,0.0,-0.0
Random Forest,rcs,2025-09-10,-0.0,-0.0
Random Forest,rcs,2025-09-11,0.0,0.0
Random Forest,rcs,2025-09-12,-0.0,-0.0
Random Forest,rcs,2025-09-15,-0.0,-0.0
Random Forest,rcs,2025-09-16,0.0,-0.0
Random Forest,rcs,2025-09-17,-0.0,0.0
Random Forest,rcs,2025-09-18,-0.0,-0.0
Random Forest,rcs,2025-09-19,-0.0,-0.0
Random Forest,rcs,2025-09-22,-0.0,-0.0
Random Forest,rcs,2025-09-23,-0.0,-0.0
Random Forest,rcs,2025-09-24,0.0,-0.0
Random Forest,rcs,2025-09-25,-0.0,-0.0
Random Forest,rcs,2025-09-26,-0.0,-0.0
Random Forest,rcs,2025-09-29,-0.0,-0.0
Random Forest,rcs,2025-09-30,0.0,-0.0
Random Forest,rcs,2025-10-01,-0.0,0.0
Random Forest,rcs,2025-10-02,0.0,-0.0
Random Forest,rcs,2025-10-03,-0.0,-0.0
Random Forest,rcs,2025-10-06,0.0,0.0
Random Forest,rcs,2025-10-07,0.0,-0.0
Random Forest,rcs,2025-10-08,-0.0,-0.0
Random Forest,rcs,2025-10-09,0.0,-0.0
Random Forest,rcs,2025-10-10,0.0,-0.0
Random Forest,rcs,2025-10-13,0.0,0.0
Random Forest,rcs,2025-10-14,0.0,-0.0
Random Forest,rcs,2025-10-15,0.0,0.0
Random Forest,rcs,2025-10-16,0.0,0.0
Random Forest,rcs,2025-10-17,0.0,-0.0
Random Forest,rcs,2025-10-20,-0.0,-0.0
Random Forest,rcs,2025-10-21,0.0,-0.0
Random Forest,rcs,2025-10-22,0.0,0.0
Random Forest,rcs,2025-10-23,-0.0,-0.0
Random Forest,rcs,2025-10-24,0.0,0.0
Random Forest,rcs,2025-10-27,0.0,-0.0
Random Forest,rcs,2025-10-28,0.0,-0.0
Random Forest,rcs,2025-10-29,0.0,0.0
Random Forest,rcs,2025-10-30,0.0,0.0
Random Forest,rcs,2025-10-31,0.0,-0.0
Random Forest,rcs,2025-11-03,0.0,0.0
Random Forest,rcs,2025-11-04,0.0,-0.0
Random Forest,rcs,2025-11-05,-0.0,-0.0
Random Forest,rcs,2025-11-06,-0.0,0.0
Random Forest,rcs,2025-11-07,-0.0,-0.0
Random Forest,rcs,2025-11-10,-0.0,-0.0
Random Forest,rcs,2025-11-11,-0.0,0.0
Random Forest,rcs,2025-11-12,-0.0,-0.0
Random Forest,rcs,2025-11-13,0.0,-0.0
Random Forest,rcs,2025-11-14,0.0,-0.0
Random Forest,rcs,2025-11-17,0.0,-0.0
Random Forest,rcs,2025-11-18,-0.0,0.0
Random Forest,rcs,2025-11-19,-0.0,-0.0
Random Forest,rcs,2025-11-20,-0.0,0.0
Random Forest,rcs,2025-11-21,0.0,0.0
Random Forest,rcs,2025-11-24,-0.5,-0.009529439241032006
Random Forest,rcs,2025-11-25,-0.5,-0.004667755077491842
Random Forest,rcs,2025-11-26,-0.5,-0.007065322003665497
Random Forest,rcs,2025-11-28,0.0,-5e-05
Random Forest,rcs,2025-12-01,0.0,-0.0
Random Forest,rcs,2025-12-02,0.0,-0.0
Random Forest,rcs,2025-12-03,0.0,0.0
Random Forest,rcs,2025-12-04,0.0,-0.0
Random Forest,rcs,2025-12-05,0.0,0.0
Random Forest,rcs,2025-12-08,-0.0,-0.0
Random Forest,rcs,2025-12-09,-0.0,-0.0
Random Forest,rcs,2025-12-10,-0.0,0.0
Random Forest,rcs,2025-12-11,-0.0,-0.0
Random Forest,rcs,2025-12-12,0.0,0.0
Random Forest,rcs,2025-12-15,0.0,0.0
Random Forest,rcs,2025-12-16,-0.0,-0.0
Random Forest,rcs,2025-12-17,0.0,0.0
Random Forest,rcs,2025-12-18,-0.0,-0.0
Random Forest,rcs,2025-12-19,-0.0,-0.0
Random Forest,rcs,2025-12-22,-0.0,-0.0
Random Forest,rcs,2025-12-23,-0.0,-0.0
Random Forest,rcs,2025-12-24,-0.0,0.0
Random Forest,rcs,2025-12-26,-0.0,-0.0
Random Forest,rcs,2025-12-29,-0.0,0.0
Random Forest,rcs,2025-12-30,0.0,0.0
Random Forest,rcs,2025-12-31,-0.0,0.0
Random Forest,rcs,2026-01-02,0.0,0.0
Random Forest,rcs,2026-01-05,-0.0,-0.0
Random Forest,rcs,2026-01-06,0.0,0.0
Random Forest,rcs,2026-01-07,0.0,-0.0
Random Forest,rcs,2026-01-08,0.0,-0.0
Random Forest,rcs,2026-01-09,0.0,0.0
Random Forest,rcs,2026-01-12,0.0,0.0
Random Forest,rcs,2026-01-13,0.0,-0.0
Random Forest,rcs,2026-01-14,0.0,0.0
Random Forest,rcs,2026-01-15,0.0,0.0
Random Forest,rcs,2026-01-16,0.0,-0.0
Random Forest,rcs,2026-01-20,0.0,0.0
Random Forest,rcs,2026-01-21,0.0,0.0
Random Forest,rcs,2026-01-22,-0.0,-0.0
Random Forest,rcs,2026-01-23,-0.0,-0.0
Random Forest,rcs,2026-01-26,-0.0,-0.0
Random Forest,rcs,2026-01-27,-0.0,0.0
Random Forest,rcs,2026-01-28,-0.0,-0.0
Random Forest,rcs,2026-01-29,-0.0,0.0
Random Forest,rcs,2026-01-30,0.0,-0.0
Random Forest,rcs,2026-02-02,0.0,-0.0
Random Forest,rcs,2026-02-03,-0.0,-0.0
Random Forest,rcs,2026-02-04,0.0,-0.0
Random Forest,rcs,2026-02-05,0.0,-0.0
Random Forest,rcs,2026-02-06,0.0,0.0
Random Forest,rcs,2026-02-09,0.0,0.0
Random Forest,rcs,2026-02-10,0.0,-0.0
Random Forest,rcs,2026-02-11,0.0,0.0
Random Forest,rcs,2026-02-12,0.0,-0.0
Random Forest,rcs,2026-02-13,0.0,0.0
Random Forest,rcs,2026-02-17,0.0,-0.0
Random Forest,rcs,2026-02-18,0.0,0.0
Random Forest,rcs,2026-02-19,0.0,-0.0
Random Forest,rcs,2026-02-20,0.0,0.0
Random Forest,rcs,2026-02-23,0.0,-0.0
Random Forest,rcs,2026-02-24,0.0,0.0
Random Forest,rcs,2026-02-25,0.0,0.0
Random Forest,rcs,2026-02-26,0.0,-0.0
Random Forest,rcs,2026-02-27,0.0,0.0
Random Forest,rcs,2026-03-02,0.0,-0.0
Random Forest,rcs,2026-03-03,0.0,-0.0
Random Forest,rcs,2026-03-04,0.0,0.0
Random Forest,rcs,2026-03-05,-0.0,0.0
Random Forest,rcs,2026-03-06,-0.0,-0.0
Random Forest,rcs,2026-03-09,0.0,0.0
Random Forest,rcs,2026-03-10,0.0,0.0
Random Forest,rcs,2026-03-11,0.0,-0.0
Random Forest,rcs,2026-03-12,0.0,-0.0
Random Forest,rcs,2026-03-13,0.0,-0.0
Random Forest,rcs,2026-03-16,0.0,0.0
Random Forest,rcs,2026-03-17,0.0,0.0
Random Forest,rcs,2026-03-18,0.0,-0.0
Random Forest,rcs,2026-03-19,0.0,-0.0
Random Forest,rcs,2026-03-20,0.0,0.0
Random Forest,rcs,2026-03-23,0.0,-0.0
Random Forest,rcs,2026-03-24,0.0,0.0
Random Forest,rcs,2026-03-25,0.0,0.0
Random Forest,rcs,2026-03-26,0.0,-0.0
Random Forest,rcs,2026-03-27,0.0,0.0
Random Forest,rcs,2026-03-30,0.0,0.0
Random Forest,rcs,2026-03-31,0.0,0.0
Random Forest,rcs,2026-04-01,0.0,0.0
Random Forest,rcs,2026-04-02,0.0,-0.0
Random Forest,rcs,2026-04-06,0.0,-0.0
Random Forest,rcs,2026-04-07,0.0,-0.0
Random Forest,rcs,2026-04-08,0.0,0.0
Random Forest,rcs,2026-04-09,-0.0,-0.0
Random Forest,rcs,2026-04-10,0.0,-0.0
Random Forest,rcs,2026-04-13,0.0,0.0
Random Forest,rcs,2026-04-14,0.0,0.0
Random Forest,rcs,2026-04-15,-0.0,-0.0
Random Forest,rcs,2026-04-16,0.0,-0.0
Random Forest,rcs,2026-04-17,0.0,0.0
Random Forest,rcs,2026-04-20,0.0,-0.0
Random Forest,rcs,2026-04-21,0.0,-0.0
Random Forest,rcs,2026-04-22,0.0,0.0
Random Forest,rcs,2026-04-23,0.0,-0.0
Random Forest,rcs,2026-04-24,0.0,-0.0
Random Forest,rcs,2026-04-27,0.0,-0.0
Random Forest,rcs,2026-04-28,0.0,-0.0
Random Forest,rcs,2026-04-29,0.0,-0.0
Random Forest,rcs,2026-04-30,0.0,0.0
Gradient Boosting,rcs,2025-07-02,0.0,0.0
Gradient Boosting,rcs,2025-07-03,-0.0,0.0
Gradient Boosting,rcs,2025-07-04,0.0,0.0
Gradient Boosting,rcs,2025-07-07,-0.0,0.0
Gradient Boosting,rcs,2025-07-08,0.0,0.0
Gradient Boosting,rcs,2025-07-09,0.0,-0.0
Gradient Boosting,rcs,2025-07-10,0.0,0.0
Gradient Boosting,rcs,2025-07-11,-0.0,-0.0
Gradient Boosting,rcs,2025-07-14,0.0,-0.0
Gradient Boosting,rcs,2025-07-15,0.0,-0.0
Gradient Boosting,rcs,2025-07-16,0.0,0.0
Gradient Boosting,rcs,2025-07-17,0.0,0.0
Gradient Boosting,rcs,2025-07-18,-0.0,0.0
Gradient Boosting,rcs,2025-07-21,0.0,0.0
Gradient Boosting,rcs,2025-07-22,-0.0,0.0
Gradient Boosting,rcs,2025-07-23,-0.0,0.0
Gradient Boosting,rcs,2025-07-24,0.0,-0.0
Gradient Boosting,rcs,2025-07-25,0.0,-0.0
Gradient Boosting,rcs,2025-07-28,-0.0,0.0
Gradient Boosting,rcs,2025-07-29,0.0,-0.0
Gradient Boosting,rcs,2025-07-30,-0.0,0.0
Gradient Boosting,rcs,2025-07-31,-0.0,0.0
Gradient Boosting,rcs,2025-08-01,0.0,0.0
Gradient Boosting,rcs,2025-08-04,-0.0,-0.0
Gradient Boosting,rcs,2025-08-05,0.0,-0.0
Gradient Boosting,rcs,2025-08-06,0.0,0.0
Gradient Boosting,rcs,2025-08-07,0.0,0.0
Gradient Boosting,rcs,2025-08-08,0.0,-0.0
Gradient Boosting,rcs,2025-08-11,0.0,0.0
Gradient Boosting,rcs,2025-08-12,0.0,0.0
Gradient Boosting,rcs,2025-08-13,0.0,-0.0
Gradient Boosting,rcs,2025-08-14,-0.0,-0.0
Gradient Boosting,rcs,2025-08-15,-0.0,0.0
Gradient Boosting,rcs,2025-08-18,-0.0,0.0
Gradient Boosting,rcs,2025-08-19,-0.0,0.0
Gradient Boosting,rcs,2025-08-20,-0.0,-0.0
Gradient Boosting,rcs,2025-08-21,-0.0,-0.0
Gradient Boosting,rcs,2025-08-22,-0.0,-0.0
Gradient Boosting,rcs,2025-08-25,0.0,-0.0
Gradient Boosting,rcs,2025-08-26,-0.0,-0.0
Gradient Boosting,rcs,2025-08-27,-0.0,0.0
Gradient Boosting,rcs,2025-08-28,-0.0,-0.0
Gradient Boosting,rcs,2025-08-29,-0.0,-0.0
Gradient Boosting,rcs,2025-09-02,1.0,0.02926230437867482
Gradient Boosting,rcs,2025-09-03,-0.5,-0.015372622446730783
Gradient Boosting,rcs,2025-09-04,-0.5,0.026715458276449056
Gradient Boosting,rcs,2025-09-05,0.0,-5e-05
Gradient Boosting,rcs,2025-09-08,0.0,-0.0
Gradient Boosting,rcs,2025-09-09,0.0,-0.0
Gradient Boosting,rcs,2025-09-10,0.0,0.0
Gradient Boosting,rcs,2025-09-11,0.0,0.0
Gradient Boosting,rcs,2025-09-12,0.0,0.0
Gradient Boosting,rcs,2025-09-15,-0.0,-0.0
Gradient Boosting,rcs,2025-09-16,-0.0,0.0
Gradient Boosting,rcs,2025-09-17,-0.0,0.0
Gradient Boosting,rcs,2025-09-18,0.0,0.0
Gradient Boosting,rcs,2025-09-19,-0.0,-0.0
Gradient Boosting,rcs,2025-09-22,-0.0,-0.0
Gradient Boosting,rcs,2025-09-23,-0.0,-0.0
Gradient Boosting,rcs,2025-09-24,0.0,-0.0
Gradient Boosting,rcs,2025-09-25,-0.0,-0.0
Gradient Boosting,rcs,2025-09-26,-0.0,-0.0
Gradient Boosting,rcs,2025-09-29,0.0,0.0
Gradient Boosting,rcs,2025-09-30,0.0,-0.0
Gradient Boosting,rcs,2025-10-01,-0.0,0.0
Gradient Boosting,rcs,2025-10-02,0.0,-0.0
Gradient Boosting,rcs,2025-10-03,-0.0,-0.0
Gradient Boosting,rcs,2025-10-06,0.0,0.0
Gradient Boosting,rcs,2025-10-07,0.0,-0.0
Gradient Boosting,rcs,2025-10-08,0.0,0.0
Gradient Boosting,rcs,2025-10-09,0.0,-0.0
Gradient Boosting,rcs,2025-10-10,-0.0,0.0
Gradient Boosting,rcs,2025-10-13,0.0,0.0
Gradient Boosting,rcs,2025-10-14,0.0,-0.0
Gradient Boosting,rcs,2025-10-15,-0.0,-0.0
Gradient Boosting,rcs,2025-10-16,0.0,0.0
Gradient Boosting,rcs,2025-10-17,0.0,-0.0
Gradient Boosting,rcs,2025-10-20,-0.0,-0.0
Gradient Boosting,rcs,2025-10-21,-0.0,0.0
Gradient Boosting,rcs,2025-10-22,-0.0,-0.0
Gradient Boosting,rcs,2025-10-23,-0.0,-0.0
Gradient Boosting,rcs,2025-10-24,-0.0,-0.0
Gradient Boosting,rcs,2025-10-27,0.0,-0.0
Gradient Boosting,rcs,2025-10-28,0.0,-0.0
Gradient Boosting,rcs,2025-10-29,-0.0,-0.0
Gradient Boosting,rcs,2025-10-30,0.0,0.0
Gradient Boosting,rcs,2025-10-31,-0.0,0.0
Gradient Boosting,rcs,2025-11-03,0.0,0.0
Gradient Boosting,rcs,2025-11-04,-0.0,0.0
Gradient Boosting,rcs,2025-11-05,0.0,0.0
Gradient Boosting,rcs,2025-11-06,-0.0,0.0
Gradient Boosting,rcs,2025-11-07,0.0,0.0
Gradient Boosting,rcs,2025-11-10,0.0,0.0
Gradient Boosting,rcs,2025-11-11,-0.0,0.0
Gradient Boosting,rcs,2025-11-12,-0.0,-0.0
Gradient Boosting,rcs,2025-11-13,-0.0,0.0
Gradient Boosting,rcs,2025-11-14,0.0,-0.0
Gradient Boosting,rcs,2025-11-17,-0.0,0.0
Gradient Boosting,rcs,2025-11-18,-0.0,0.0
Gradient Boosting,rcs,2025-11-19,-0.0,-0.0
Gradient Boosting,rcs,2025-11-20,-0.0,0.0
Gradient Boosting,rcs,2025-11-21,0.0,0.0
Gradient Boosting,rcs,2025-11-24,-0.5,-0.009529439241032006
Gradient Boosting,rcs,2025-11-25,-0.5,-0.004667755077491842
Gradient Boosting,rcs,2025-11-26,-0.5,-0.007065322003665497
Gradient Boosting,rcs,2025-11-28,0.0,-5e-05
Gradient Boosting,rcs,2025-12-01,0.0,-0.0
Gradient Boosting,rcs,2025-12-02,0.0,-0.0
Gradient Boosting,rcs,2025-12-03,-0.0,-0.0
Gradient Boosting,rcs,2025-12-04,0.0,-0.0
Gradient Boosting,rcs,2025-12-05,-0.0,-0.0
Gradient Boosting,rcs,2025-12-08,0.0,0.0
Gradient Boosting,rcs,2025-12-09,0.0,0.0
Gradient Boosting,rcs,2025-12-10,0.0,-0.0
Gradient Boosting,rcs,2025-12-11,0.0,0.0
Gradient Boosting,rcs,2025-12-12,-0.0,-0.0
Gradient Boosting,rcs,2025-12-15,-0.0,-0.0
Gradient Boosting,rcs,2025-12-16,0.0,0.0
Gradient Boosting,rcs,2025-12-17,0.0,0.0
Gradient Boosting,rcs,2025-12-18,0.0,0.0
Gradient Boosting,rcs,2025-12-19,-0.0,-0.0
Gradient Boosting,rcs,2025-12-22,-0.0,-0.0
Gradient Boosting,rcs,2025-12-23,-0.0,-0.0
Gradient Boosting,rcs,2025-12-24,-0.0,0.0
Gradient Boosting,rcs,2025-12-26,-0.0,-0.0
Gradient Boosting,rcs,2025-12-29,-0.0,0.0
Gradient Boosting,rcs,2025-12-30,0.0,0.0
Gradient Boosting,rcs,2025-12-31,-0.0,0.0
Gradient Boosting,rcs,2026-01-02,0.0,0.0
Gradient Boosting,rcs,2026-01-05,0.0,0.0
Gradient Boosting,rcs,2026-01-06,0.0,0.0
Gradient Boosting,rcs,2026-01-07,0.0,-0.0
Gradient Boosting,rcs,2026-01-08,0.0,-0.0
Gradient Boosting,rcs,2026-01-09,0.0,0.0
Gradient Boosting,rcs,2026-01-12,0.0,0.0
Gradient Boosting,rcs,2026-01-13,0.0,-0.0
Gradient Boosting,rcs,2026-01-14,0.0,0.0
Gradient Boosting,rcs,2026-01-15,-0.0,-0.0
Gradient Boosting,rcs,2026-01-16,-0.0,0.0
Gradient Boosting,rcs,2026-01-20,0.0,0.0
Gradient Boosting,rcs,2026-01-21,-0.0,-0.0
Gradient Boosting,rcs,2026-01-22,-0.0,-0.0
Gradient Boosting,rcs,2026-01-23,-0.0,-0.0
Gradient Boosting,rcs,2026-01-26,-0.0,-0.0
Gradient Boosting,rcs,2026-01-27,-0.0,0.0
Gradient Boosting,rcs,2026-01-28,-0.0,-0.0
Gradient Boosting,rcs,2026-01-29,-0.0,0.0
Gradient Boosting,rcs,2026-01-30,0.0,-0.0
Gradient Boosting,rcs,2026-02-02,0.0,-0.0
Gradient Boosting,rcs,2026-02-03,-0.0,-0.0
Gradient Boosting,rcs,2026-02-04,0.0,-0.0
Gradient Boosting,rcs,2026-02-05,0.0,-0.0
Gradient Boosting,rcs,2026-02-06,0.0,0.0
Gradient Boosting,rcs,2026-02-09,0.0,0.0
Gradient Boosting,rcs,2026-02-10,0.0,-0.0
Gradient Boosting,rcs,2026-02-11,0.0,0.0
Gradient Boosting,rcs,2026-02-12,0.0,-0.0
Gradient Boosting,rcs,2026-02-13,0.0,0.0
Gradient Boosting,rcs,2026-02-17,0.0,-0.0
Gradient Boosting,rcs,2026-02-18,0.0,0.0
Gradient Boosting,rcs,2026-02-19,0.0,-0.0
Gradient Boosting,rcs,2026-02-20,0.0,0.0
Gradient Boosting,rcs,2026-02-23,0.0,-0.0
Gradient Boosting,rcs,2026-02-24,0.0,0.0
Gradient Boosting,rcs,2026-02-25,0.0,0.0
Gradient Boosting,rcs,2026-02-26,0.0,-0.0
Gradient Boosting,rcs,2026-02-27,0.0,0.0
Gradient Boosting,rcs,2026-03-02,0.0,-0.0
Gradient Boosting,rcs,2026-03-03,0.0,-0.0
Gradient Boosting,rcs,2026-03-04,-0.0,-0.0
Gradient Boosting,rcs,2026-03-05,-0.0,0.0
Gradient Boosting,rcs,2026-03-06,-0.0,-0.0
Gradient Boosting,rcs,2026-03-09,0.0,0.0
Gradient Boosting,rcs,2026-03-10,0.0,0.0
Gradient Boosting,rcs,2026-03-11,0.0,-0.0
Gradient Boosting,rcs,2026-03-12,0.0,-0.0
Gradient Boosting,rcs,2026-03-13,0.0,-0.0
Gradient Boosting,rcs,2026-03-16,0.0,0.0
Gradient Boosting,rcs,2026-03-17,0.0,0.0
Gradient Boosting,rcs,2026-03-18,0.0,-0.0
Gradient Boosting,rcs,2026-03-19,0.0,-0.0
Gradient Boosting,rcs,2026-03-20,0.0,0.0
Gradient Boosting,rcs,2026-03-23,-0.0,0.0
Gradient Boosting,rcs,2026-03-24,0.0,0.0
Gradient Boosting,rcs,2026-03-25,0.0,0.0
Gradient Boosting,rcs,2026-03-26,0.0,-0.0
Gradient Boosting,rcs,2026-03-27,0.0,0.0
Gradient Boosting,rcs,2026-03-30,0.0,0.0
Gradient Boosting,rcs,2026-03-31,0.0,0.0
Gradient Boosting,rcs,2026-04-01,-0.0,-0.0
Gradient Boosting,rcs,2026-04-02,0.0,-0.0
Gradient Boosting,rcs,2026-04-06,0.0,-0.0
Gradient Boosting,rcs,2026-04-07,-0.0,0.0
Gradient Boosting,rcs,2026-04-08,-0.0,-0.0
Gradient Boosting,rcs,2026-04-09,0.0,0.0
Gradient Boosting,rcs,2026-04-10,-0.0,0.0
Gradient Boosting,rcs,2026-04-13,-0.0,-0.0
Gradient Boosting,rcs,2026-04-14,0.0,0.0
Gradient Boosting,rcs,2026-04-15,-0.0,-0.0
Gradient Boosting,rcs,2026-04-16,-0.0,0.0
Gradient Boosting,rcs,2026-04-17,-0.0,-0.0
Gradient Boosting,rcs,2026-04-20,-0.0,0.0
Gradient Boosting,rcs,2026-04-21,0.0,-0.0
Gradient Boosting,rcs,2026-04-22,0.0,0.0
Gradient Boosting,rcs,2026-04-23,-0.0,0.0
Gradient Boosting,rcs,2026-04-24,-0.0,0.0
Gradient Boosting,rcs,2026-04-27,0.0,-0.0
Gradient Boosting,rcs,2026-04-28,0.0,-0.0
Gradient Boosting,rcs,2026-04-29,0.0,-0.0
Gradient Boosting,rcs,2026-04-30,0.0,0.0
XGBoost,rcs,2025-07-02,-0.0,-0.0
XGBoost,rcs,2025-07-03,-0.0,0.0
XGBoost,rcs,2025-07-04,-0.0,-0.0
XGBoost,rcs,2025-07-07,-0.0,0.0
XGBoost,rcs,2025-07-08,-0.0,-0.0
XGBoost,rcs,2025-07-09,-0.0,0.0
XGBoost,rcs,2025-07-10,-0.0,-0.0
XGBoost,rcs,2025-07-11,-0.0,-0.0
XGBoost,rcs,2025-07-14,-0.0,0.0
XGBoost,rcs,2025-07-15,-0.0,0.0
XGBoost,rcs,2025-07-16,0.0,0.0
XGBoost,rcs,2025-07-17,-0.0,-0.0
XGBoost,rcs,2025-07-18,-0.0,0.0
XGBoost,rcs,2025-07-21,-0.0,-0.0
XGBoost,rcs,2025-07-22,-0.0,0.0
XGBoost,rcs,2025-07-23,-0.0,0.0
XGBoost,rcs,2025-07-24,-0.0,0.0
XGBoost,rcs,2025-07-25,-0.0,0.0
XGBoost,rcs,2025-07-28,0.0,-0.0
XGBoost,rcs,2025-07-29,-0.0,0.0
XGBoost,rcs,2025-07-30,-0.0,0.0
XGBoost,rcs,2025-07-31,0.0,-0.0
XGBoost,rcs,2025-08-01,-0.0,-0.0
XGBoost,rcs,2025-08-04,-0.0,-0.0
XGBoost,rcs,2025-08-05,0.0,-0.0
XGBoost,rcs,2025-08-06,0.0,0.0
XGBoost,rcs,2025-08-07,0.0,0.0
XGBoost,rcs,2025-08-08,-0.0,0.0
XGBoost,rcs,2025-08-11,-0.0,-0.0
XGBoost,rcs,2025-08-12,-0.0,-0.0
XGBoost,rcs,2025-08-13,0.0,-0.0
XGBoost,rcs,2025-08-14,-0.0,-0.0
XGBoost,rcs,2025-08-15,-0.0,0.0
XGBoost,rcs,2025-08-18,-0.0,0.0
XGBoost,rcs,2025-08-19,0.0,-0.0
XGBoost,rcs,2025-08-20,-0.0,-0.0
XGBoost,rcs,2025-08-21,-0.0,-0.0
XGBoost,rcs,2025-08-22,-0.0,-0.0
XGBoost,rcs,2025-08-25,-0.0,0.0
XGBoost,rcs,2025-08-26,0.0,0.0
XGBoost,rcs,2025-08-27,0.0,-0.0
XGBoost,rcs,2025-08-28,-0.0,-0.0
XGBoost,rcs,2025-08-29,-0.0,-0.0
XGBoost,rcs,2025-09-02,-1.0,-0.02946230437867482
XGBoost,rcs,2025-09-03,-0.5,-0.015272622446730782
XGBoost,rcs,2025-09-04,-0.5,0.026715458276449056
XGBoost,rcs,2025-09-05,0.0,-5e-05
XGBoost,rcs,2025-09-08,0.0,-0.0
XGBoost,rcs,2025-09-09,0.0,-0.0
XGBoost,rcs,2025-09-10,0.0,0.0
XGBoost,rcs,2025-09-11,0.0,0.0
XGBoost,rcs,2025-09-12,0.0,0.0
XGBoost,rcs,2025-09-15,-0.0,-0.0
XGBoost,rcs,2025-09-16,-0.0,0.0
XGBoost,rcs,2025-09-17,0.0,-0.0
XGBoost,rcs,2025-09-18,0.0,0.0
XGBoost,rcs,2025-09-19,-0.0,-0.0
XGBoost,rcs,2025-09-22,-0.0,-0.0
XGBoost,rcs,2025-09-23,-0.0,-0.0
XGBoost,rcs,2025-09-24,0.0,-0.0
XGBoost,rcs,2025-09-25,-0.0,-0.0
XGBoost,rcs,2025-09-26,-0.0,-0.0
XGBoost,rcs,2025-09-29,-0.0,-0.0
XGBoost,rcs,2025-09-30,0.0,-0.0
XGBoost,rcs,2025-10-01,-0.0,0.0
XGBoost,rcs,2025-10-02,0.0,-0.0
XGBoost,rcs,2025-10-03,-0.0,-0.0
XGBoost,rcs,2025-10-06,0.0,0.0
XGBoost,rcs,2025-10-07,0.0,-0.0
XGBoost,rcs,2025-10-08,0.0,0.0
XGBoost,rcs,2025-10-09,-0.0,0.0
XGBoost,rcs,2025-10-10,0.0,-0.0
XGBoost,rcs,2025-10-13,0.0,0.0
XGBoost,rcs,2025-10-14,0.0,-0.0
XGBoost,rcs,2025-10-15,0.0,0.0
XGBoost,rcs,2025-10-16,0.0,0.0
XGBoost,rcs,2025-10-17,-0.0,0.0
XGBoost,rcs,2025-10-20,-0.0,-0.0
XGBoost,rcs,2025-10-21,-0.0,0.0
XGBoost,rcs,2025-10-22,-0.0,-0.0
XGBoost,rcs,2025-10-23,-0.0,-0.0
XGBoost,rcs,2025-10-24,-0.0,-0.0
XGBoost,rcs,2025-10-27,-0.0,0.0
XGBoost,rcs,2025-10-28,0.0,-0.0
XGBoost,rcs,2025-10-29,-0.0,-0.0
XGBoost,rcs,2025-10-30,-0.0,-0.0
XGBoost,rcs,2025-10-31,0.0,-0.0
XGBoost,rcs,2025-11-03,0.0,0.0
XGBoost,rcs,2025-11-04,-0.0,0.0
XGBoost,rcs,2025-11-05,-0.0,-0.0
XGBoost,rcs,2025-11-06,-0.0,0.0
XGBoost,rcs,2025-11-07,0.0,0.0
XGBoost,rcs,2025-11-10,-0.0,-0.0
XGBoost,rcs,2025-11-11,-0.0,0.0
XGBoost,rcs,2025-11-12,-0.0,-0.0
XGBoost,rcs,2025-11-13,-0.0,0.0
XGBoost,rcs,2025-11-14,-0.0,0.0
XGBoost,rcs,2025-11-17,-0.0,0.0
XGBoost,rcs,2025-11-18,-0.0,0.0
XGBoost,rcs,2025-11-19,0.0,0.0
XGBoost,rcs,2025-11-20,0.0,-0.0
XGBoost,rcs,2025-11-21,0.0,0.0
XGBoost,rcs,2025-11-24,-0.5,-0.009529439241032006
XGBoost,rcs,2025-11-25,-0.5,-0.004667755077491842
XGBoost,rcs,2025-11-26,-0.5,-0.007065322003665497
XGBoost,rcs,2025-11-28,0.0,-5e-05
XGBoost,rcs,2025-12-01,0.0,-0.0
XGBoost,rcs,2025-12-02,0.0,-0.0
XGBoost,rcs,2025-12-03,0.0,0.0
XGBoost,rcs,2025-12-04,0.0,-0.0
XGBoost,rcs,2025-12-05,-0.0,-0.0
XGBoost,rcs,2025-12-08,0.0,0.0
XGBoost,rcs,2025-12-09,0.0,0.0
XGBoost,rcs,2025-12-10,0.0,-0.0
XGBoost,rcs,2025-12-11,0.0,0.0
XGBoost,rcs,2025-12-12,-0.0,-0.0
XGBoost,rcs,2025-12-15,-0.0,-0.0
XGBoost,rcs,2025-12-16,0.0,0.0
XGBoost,rcs,2025-12-17,-0.0,-0.0
XGBoost,rcs,2025-12-18,-0.0,-0.0
XGBoost,rcs,2025-12-19,-0.0,-0.0
XGBoost,rcs,2025-12-22,-0.0,-0.0
XGBoost,rcs,2025-12-23,-0.0,-0.0
XGBoost,rcs,2025-12-24,-0.0,0.0
XGBoost,rcs,2025-12-26,-0.0,-0.0
XGBoost,rcs,2025-12-29,-0.0,0.0
XGBoost,rcs,2025-12-30,0.0,0.0
XGBoost,rcs,2025-12-31,-0.0,0.0
XGBoost,rcs,2026-01-02,0.0,0.0
XGBoost,rcs,2026-01-05,-0.0,-0.0
XGBoost,rcs,2026-01-06,0.0,0.0
XGBoost,rcs,2026-01-07,-0.0,0.0
XGBoost,rcs,2026-01-08,0.0,-0.0
XGBoost,rcs,2026-01-09,-0.0,-0.0
XGBoost,rcs,2026-01-12,-0.0,-0.0
XGBoost,rcs,2026-01-13,0.0,-0.0
XGBoost,rcs,2026-01-14,0.0,0.0
XGBoost,rcs,2026-01-15,0.0,0.0
XGBoost,rcs,2026-01-16,0.0,-0.0
XGBoost,rcs,2026-01-20,0.0,0.0
XGBoost,rcs,2026-01-21,-0.0,-0.0
XGBoost,rcs,2026-01-22,0.0,0.0
XGBoost,rcs,2026-01-23,-0.0,-0.0
XGBoost,rcs,2026-01-26,-0.0,-0.0
XGBoost,rcs,2026-01-27,0.0,-0.0
XGBoost,rcs,2026-01-28,0.0,0.0
XGBoost,rcs,2026-01-29,-0.0,0.0
XGBoost,rcs,2026-01-30,0.0,-0.0
XGBoost,rcs,2026-02-02,0.0,-0.0
XGBoost,rcs,2026-02-03,0.0,0.0
XGBoost,rcs,2026-02-04,0.0,-0.0
XGBoost,rcs,2026-02-05,0.0,-0.0
XGBoost,rcs,2026-02-06,-0.0,-0.0
XGBoost,rcs,2026-02-09,0.0,0.0
XGBoost,rcs,2026-02-10,0.0,-0.0
XGBoost,rcs,2026-02-11,0.0,0.0
XGBoost,rcs,2026-02-12,0.0,-0.0
XGBoost,rcs,2026-02-13,-0.0,-0.0
XGBoost,rcs,2026-02-17,0.0,-0.0
XGBoost,rcs,2026-02-18,0.0,0.0
XGBoost,rcs,2026-02-19,-0.0,0.0
XGBoost,rcs,2026-02-20,0.0,0.0
XGBoost,rcs,2026-02-23,-0.0,0.0
XGBoost,rcs,2026-02-24,0.0,0.0
XGBoost,rcs,2026-02-25,0.0,0.0
XGBoost,rcs,2026-02-26,0.0,-0.0
XGBoost,rcs,2026-02-27,0.0,0.0
XGBoost,rcs,2026-03-02,-0.0,0.0
XGBoost,rcs,2026-03-03,0.0,-0.0
XGBoost,rcs,2026-03-04,-0.0,-0.0
XGBoost,rcs,2026-03-05,0.0,-0.0
XGBoost,rcs,2026-03-06,0.0,0.0
XGBoost,rcs,2026-03-09,0.0,0.0
XGBoost,rcs,2026-03-10,0.0,0.0
XGBoost,rcs,2026-03-11,0.0,-0.0
XGBoost,rcs,2026-03-12,0.0,-0.0
XGBoost,rcs,2026-03-13,0.0,-0.0
XGBoost,rcs,2026-03-16,0.0,0.0
XGBoost,rcs,2026-03-17,0.0,0.0
XGBoost,rcs,2026-03-18,0.0,-0.0
XGBoost,rcs,2026-03-19,0.0,-0.0
XGBoost,rcs,2026-03-20,0.0,0.0
XGBoost,rcs,2026-03-23,0.0,-0.0
XGBoost,rcs,2026-03-24,0.0,0.0
XGBoost,rcs,2026-03-25,0.0,0.0
XGBoost,rcs,2026-03-26,0.0,-0.0
XGBoost,rcs,2026-03-27,0.0,0.0
XGBoost,rcs,2026-03-30,0.0,0.0
XGBoost,rcs,2026-03-31,0.0,0.0
XGBoost,rcs,2026-04-01,-0.0,-0.0
XGBoost,rcs,2026-04-02,0.0,-0.0
XGBoost,rcs,2026-04-06,0.0,-0.0
XGBoost,rcs,2026-04-07,-0.0,0.0
XGBoost,rcs,2026-04-08,-0.0,-0.0
XGBoost,rcs,2026-04-09,0.0,0.0
XGBoost,rcs,2026-04-10,0.0,-0.0
XGBoost,rcs,2026-04-13,-0.0,-0.0
XGBoost,rcs,2026-04-14,0.0,0.0
XGBoost,rcs,2026-04-15,-0.0,-0.0
XGBoost,rcs,2026-04-16,-0.0,0.0
XGBoost,rcs,2026-04-17,-0.0,-0.0
XGBoost,rcs,2026-04-20,-0.0,0.0
XGBoost,rcs,2026-04-21,-0.0,0.0
XGBoost,rcs,2026-04-22,0.0,0.0
XGBoost,rcs,2026-04-23,0.0,-0.0
XGBoost,rcs,2026-04-24,0.0,-0.0
XGBoost,rcs,2026-04-27,0.0,-0.0
XGBoost,rcs,2026-04-28,0.0,-0.0
XGBoost,rcs,2026-04-29,0.0,-0.0
XGBoost,rcs,2026-04-30,0.0,0.0
SVR,rcs,2025-07-02,0.0,0.0
SVR,rcs,2025-07-03,0.0,-0.0
SVR,rcs,2025-07-04,-0.0,-0.0
SVR,rcs,2025-07-07,0.0,-0.0
SVR,rcs,2025-07-08,0.0,0.0
SVR,rcs,2025-07-09,-0.0,0.0
SVR,rcs,2025-07-10,-0.0,-0.0
SVR,rcs,2025-07-11,-0.0,-0.0
SVR,rcs,2025-07-14,-0.0,0.0
SVR,rcs,2025-07-15,-0.0,0.0
SVR,rcs,2025-07-16,0.0,0.0
SVR,rcs,2025-07-17,-0.0,-0.0
SVR,rcs,2025-07-18,0.0,-0.0
SVR,rcs,2025-07-21,-0.0,-0.0
SVR,rcs,2025-07-22,-0.0,0.0
SVR,rcs,2025-07-23,-0.0,0.0
SVR,rcs,2025-07-24,-0.0,0.0
SVR,rcs,2025-07-25,-0.0,0.0
SVR,rcs,2025-07-28,0.0,-0.0
SVR,rcs,2025-07-29,-0.0,0.0
SVR,rcs,2025-07-30,-0.0,0.0
SVR,rcs,2025-07-31,-0.0,0.0
SVR,rcs,2025-08-01,-0.0,-0.0
SVR,rcs,2025-08-04,0.0,0.0
SVR,rcs,2025-08-05,0.0,-0.0
SVR,rcs,2025-08-06,-0.0,-0.0
SVR,rcs,2025-08-07,0.0,0.0
SVR,rcs,2025-08-08,-0.0,0.0
SVR,rcs,2025-08-11,0.0,0.0
SVR,rcs,2025-08-12,0.0,0.0
SVR,rcs,2025-08-13,0.0,-0.0
SVR,rcs,2025-08-14,-0.0,-0.0
SVR,rcs,2025-08-15,-0.0,0.0
SVR,rcs,2025-08-18,-0.0,0.0
SVR,rcs,2025-08-19,-0.0,0.0
SVR,rcs,2025-08-20,-0.0,-0.0
SVR,rcs,2025-08-21,-0.0,-0.0
SVR,rcs,2025-08-22,-0.0,-0.0
SVR,rcs,2025-08-25,-0.0,0.0
SVR,rcs,2025-08-26,-0.0,-0.0
SVR,rcs,2025-08-27,-0.0,0.0
SVR,rcs,2025-08-28,-0.0,-0.0
SVR,rcs,2025-08-29,-0.0,-0.0
SVR,rcs,2025-09-02,-1.0,-0.02946230437867482
SVR,rcs,2025-09-03,-0.5,-0.015272622446730782
SVR,rcs,2025-09-04,-0.5,0.026715458276449056
SVR,rcs,2025-09-05,0.0,-5e-05
SVR,rcs,2025-09-08,-0.0,0.0
SVR,rcs,2025-09-09,0.0,-0.0
SVR,rcs,2025-09-10,-0.0,-0.0
SVR,rcs,2025-09-11,0.0,0.0
SVR,rcs,2025-09-12,-0.0,-0.0
SVR,rcs,2025-09-15,-0.0,-0.0
SVR,rcs,2025-09-16,0.0,-0.0
SVR,rcs,2025-09-17,-0.0,0.0
SVR,rcs,2025-09-18,-0.0,-0.0
SVR,rcs,2025-09-19,0.0,0.0
SVR,rcs,2025-09-22,0.0,0.0
SVR,rcs,2025-09-23,-0.0,-0.0
SVR,rcs,2025-09-24,0.0,-0.0
SVR,rcs,2025-09-25,0.0,0.0
SVR,rcs,2025-09-26,-0.0,-0.0
SVR,rcs,2025-09-29,-0.0,-0.0
SVR,rcs,2025-09-30,-0.0,0.0
SVR,rcs,2025-10-01,0.0,-0.0
SVR,rcs,2025-10-02,-0.0,0.0
SVR,rcs,2025-10-03,-0.0,-0.0
SVR,rcs,2025-10-06,-0.0,-0.0
SVR,rcs,2025-10-07,-0.0,0.0
SVR,rcs,2025-10-08,0.0,0.0
SVR,rcs,2025-10-09,0.0,-0.0
SVR,rcs,2025-10-10,0.0,-0.0
SVR,rcs,2025-10-13,-0.0,-0.0
SVR,rcs,2025-10-14,0.0,-0.0
SVR,rcs,2025-10-15,0.0,0.0
SVR,rcs,2025-10-16,0.0,0.0
SVR,rcs,2025-10-17,0.0,-0.0
SVR,rcs,2025-10-20,0.0,0.0
SVR,rcs,2025-10-21,0.0,-0.0
SVR,rcs,2025-10-22,-0.0,-0.0
SVR,rcs,2025-10-23,0.0,0.0
SVR,rcs,2025-10-24,0.0,0.0
SVR,rcs,2025-10-27,0.0,-0.0
SVR,rcs,2025-10-28,-0.0,0.0
SVR,rcs,2025-10-29,0.0,0.0
SVR,rcs,2025-10-30,-0.0,-0.0
SVR,rcs,2025-10-31,-0.0,0.0
SVR,rcs,2025-11-03,-0.0,-0.0
SVR,rcs,2025-11-04,-0.0,0.0
SVR,rcs,2025-11-05,0.0,0.0
SVR,rcs,2025-11-06,-0.0,0.0
SVR,rcs,2025-11-07,0.0,0.0
SVR,rcs,2025-11-10,0.0,0.0
SVR,rcs,2025-11-11,0.0,-0.0
SVR,rcs,2025-11-12,-0.0,-0.0
SVR,rcs,2025-11-13,-0.0,0.0
SVR,rcs,2025-11-14,0.0,-0.0
SVR,rcs,2025-11-17,0.0,-0.0
SVR,rcs,2025-11-18,0.0,-0.0
SVR,rcs,2025-11-19,0.0,0.0
SVR,rcs,2025-11-20,-0.0,0.0
SVR,rcs,2025-11-21,0.0,0.0
SVR,rcs,2025-11-24,-0.5,-0.009529439241032006
SVR,rcs,2025-11-25,0.5,0.004567755077491842
SVR,rcs,2025-11-26,-0.5,-0.007165322003665498
SVR,rcs,2025-11-28,-0.0,-5e-05
SVR,rcs,2025-12-01,0.0,-0.0
SVR,rcs,2025-12-02,0.0,-0.0
SVR,rcs,2025-12-03,0.0,0.0
SVR,rcs,2025-12-04,0.0,-0.0
SVR,rcs,2025-12-05,-0.0,-0.0
SVR,rcs,2025-12-08,-0.0,-0.0
SVR,rcs,2025-12-09,-0.0,-0.0
SVR,rcs,2025-12-10,-0.0,0.0
SVR,rcs,2025-12-11,-0.0,-0.0
SVR,rcs,2025-12-12,-0.0,-0.0
SVR,rcs,2025-12-15,-0.0,-0.0
SVR,rcs,2025-12-16,0.0,0.0
SVR,rcs,2025-12-17,-0.0,-0.0
SVR,rcs,2025-12-18,-0.0,-0.0
SVR,rcs,2025-12-19,0.0,0.0
SVR,rcs,2025-12-22,-0.0,-0.0
SVR,rcs,2025-12-23,-0.0,-0.0
SVR,rcs,2025-12-24,-0.0,0.0
SVR,rcs,2025-12-26,-0.0,-0.0
SVR,rcs,2025-12-29,-0.0,0.0
SVR,rcs,2025-12-30,-0.0,-0.0
SVR,rcs,2025-12-31,-0.0,0.0
SVR,rcs,2026-01-02,-0.0,-0.0
SVR,rcs,2026-01-05,-0.0,-0.0
SVR,rcs,2026-01-06,-0.0,-0.0
SVR,rcs,2026-01-07,-0.0,0.0
SVR,rcs,2026-01-08,-0.0,0.0
SVR,rcs,2026-01-09,-0.0,-0.0
SVR,rcs,2026-01-12,-0.0,-0.0
SVR,rcs,2026-01-13,-0.0,0.0
SVR,rcs,2026-01-14,0.0,0.0
SVR,rcs,2026-01-15,0.0,0.0
SVR,rcs,2026-01-16,-0.0,0.0
SVR,rcs,2026-01-20,0.0,0.0
SVR,rcs,2026-01-21,-0.0,-0.0
SVR,rcs,2026-01-22,-0.0,-0.0
SVR,rcs,2026-01-23,-0.0,-0.0
SVR,rcs,2026-01-26,-0.0,-0.0
SVR,rcs,2026-01-27,-0.0,0.0
SVR,rcs,2026-01-28,-0.0,-0.0
SVR,rcs,2026-01-29,-0.0,0.0
SVR,rcs,2026-01-30,0.0,-0.0
SVR,rcs,2026-02-02,0.0,-0.0
SVR,rcs,2026-02-03,0.0,0.0
SVR,rcs,2026-02-04,0.0,-0.0
SVR,rcs,2026-02-05,0.0,-0.0
SVR,rcs,2026-02-06,0.0,0.0
SVR,rcs,2026-02-09,0.0,0.0
SVR,rcs,2026-02-10,0.0,-0.0
SVR,rcs,2026-02-11,0.0,0.0
SVR,rcs,2026-02-12,0.0,-0.0
SVR,rcs,2026-02-13,0.0,0.0
SVR,rcs,2026-02-17,0.0,-0.0
SVR,rcs,2026-02-18,0.0,0.0
SVR,rcs,2026-02-19,0.0,-0.0
SVR,rcs,2026-02-20,0.0,0.0
SVR,rcs,2026-02-23,0.0,-0.0
SVR,rcs,2026-02-24,0.0,0.0
SVR,rcs,2026-02-25,0.0,0.0
SVR,rcs,2026-02-26,0.0,-0.0
SVR,rcs,2026-02-27,0.0,0.0
SVR,rcs,2026-03-02,0.0,-0.0
SVR,rcs,2026-03-03,0.0,-0.0
SVR,rcs,2026-03-04,0.0,0.0
SVR,rcs,2026-03-05,0.0,-0.0
SVR,rcs,2026-03-06,-0.0,-0.0
SVR,rcs,2026-03-09,-0.0,-0.0
SVR,rcs,2026-03-10,0.0,0.0
SVR,rcs,2026-03-11,0.0,-0.0
SVR,rcs,2026-03-12,-0.0,0.0
SVR,rcs,2026-03-13,0.0,-0.0
SVR,rcs,2026-03-16,-0.0,-0.0
SVR,rcs,2026-03-17,0.0,0.0
SVR,rcs,2026-03-18,0.0,-0.0
SVR,rcs,2026-03-19,-0.0,0.0
SVR,rcs,2026-03-20,0.0,0.0
SVR,rcs,2026-03-23,0.0,-0.0
SVR,rcs,2026-03-24,0.0,0.0
SVR,rcs,2026-03-25,-0.0,-0.0
SVR,rcs,2026-03-26,0.0,-0.0
SVR,rcs,2026-03-27,-0.0,-0.0
SVR,rcs,2026-03-30,0.0,0.0
SVR,rcs,2026-03-31,-0.0,-0.0
SVR,rcs,2026-04-01,0.0,0.0
SVR,rcs,2026-04-02,-0.0,0.0
SVR,rcs,2026-04-06,0.0,-0.0
SVR,rcs,2026-04-07,0.0,-0.0
SVR,rcs,2026-04-08,0.0,0.0
SVR,rcs,2026-04-09,0.0,0.0
SVR,rcs,2026-04-10,-0.0,0.0
SVR,rcs,2026-04-13,0.0,0.0
SVR,rcs,2026-04-14,0.0,0.0
SVR,rcs,2026-04-15,-0.0,-0.0
SVR,rcs,2026-04-16,-0.0,0.0
SVR,rcs,2026-04-17,0.0,0.0
SVR,rcs,2026-04-20,-0.0,0.0
SVR,rcs,2026-04-21,-0.0,0.0
SVR,rcs,2026-04-22,0.0,0.0
SVR,rcs,2026-04-23,-0.0,0.0
SVR,rcs,2026-04-24,-0.0,0.0
SVR,rcs,2026-04-27,-0.0,0.0
SVR,rcs,2026-04-28,-0.0,0.0
SVR,rcs,2026-04-29,-0.0,0.0
SVR,rcs,2026-04-30,0.0,0.0
LSTM,rcs,2025-07-02,0.0,0.0
LSTM,rcs,2025-07-03,0.0,-0.0
LSTM,rcs,2025-07-04,0.0,0.0
LSTM,rcs,2025-07-07,0.0,-0.0
LSTM,rcs,2025-07-08,0.0,0.0
LSTM,rcs,2025-07-09,0.0,-0.0
LSTM,rcs,2025-07-10,0.0,0.0
LSTM,rcs,2025-07-11,0.0,0.0
LSTM,rcs,2025-07-14,0.0,-0.0
LSTM,rcs,2025-07-15,0.0,-0.0
LSTM,rcs,2025-07-16,0.0,0.0
LSTM,rcs,2025-07-17,-0.0,-0.0
LSTM,rcs,2025-07-18,-0.0,0.0
LSTM,rcs,2025-07-21,-0.0,-0.0
LSTM,rcs,2025-07-22,-0.0,0.0
LSTM,rcs,2025-07-23,-0.0,0.0
LSTM,rcs,2025-07-24,-0.0,0.0
LSTM,rcs,2025-07-25,-0.0,0.0
LSTM,rcs,2025-07-28,-0.0,0.0
LSTM,rcs,2025-07-29,-0.0,0.0
LSTM,rcs,2025-07-30,-0.0,0.0
LSTM,rcs,2025-07-31,-0.0,0.0
LSTM,rcs,2025-08-01,0.0,0.0
LSTM,rcs,2025-08-04,-0.0,-0.0
LSTM,rcs,2025-08-05,-0.0,0.0
LSTM,rcs,2025-08-06,-0.0,-0.0
LSTM,rcs,2025-08-07,-0.0,-0.0
LSTM,rcs,2025-08-08,-0.0,0.0
LSTM,rcs,2025-08-11,-0.0,-0.0
LSTM,rcs,2025-08-12,-0.0,-0.0
LSTM,rcs,2025-08-13,-0.0,0.0
LSTM,rcs,2025-08-14,-0.0,-0.0
LSTM,rcs,2025-08-15,-0.0,0.0
LSTM,rcs,2025-08-18,-0.0,0.0
LSTM,rcs,2025-08-19,-0.0,0.0
LSTM,rcs,2025-08-20,-0.0,-0.0
LSTM,rcs,2025-08-21,-0.0,-0.0
LSTM,rcs,2025-08-22,-0.0,-0.0
LSTM,rcs,2025-08-25,-0.0,0.0
LSTM,rcs,2025-08-26,-0.0,-0.0
LSTM,rcs,2025-08-27,-0.0,0.0
LSTM,rcs,2025-08-28,-0.0,-0.0
LSTM,rcs,2025-08-29,-0.0,-0.0
LSTM,rcs,2025-09-02,-1.0,-0.02946230437867482
LSTM,rcs,2025-09-03,-0.5,-0.015272622446730782
LSTM,rcs,2025-09-04,-0.5,0.026715458276449056
LSTM,rcs,2025-09-05,-0.0,-5e-05
LSTM,rcs,2025-09-08,-0.0,0.0
LSTM,rcs,2025-09-09,-0.0,0.0
LSTM,rcs,2025-09-10,-0.0,-0.0
LSTM,rcs,2025-09-11,-0.0,-0.0
LSTM,rcs,2025-09-12,-0.0,-0.0
LSTM,rcs,2025-09-15,-0.0,-0.0
LSTM,rcs,2025-09-16,-0.0,0.0
LSTM,rcs,2025-09-17,-0.0,0.0
LSTM,rcs,2025-09-18,-0.0,-0.0
LSTM,rcs,2025-09-19,-0.0,-0.0
LSTM,rcs,2025-09-22,-0.0,-0.0
LSTM,rcs,2025-09-23,-0.0,-0.0
LSTM,rcs,2025-09-24,-0.0,0.0
LSTM,rcs,2025-09-25,-0.0,-0.0
LSTM,rcs,2025-09-26,-0.0,-0.0
LSTM,rcs,2025-09-29,-0.0,-0.0
LSTM,rcs,2025-09-30,-0.0,0.0
LSTM,rcs,2025-10-01,-0.0,0.0
LSTM,rcs,2025-10-02,-0.0,0.0
LSTM,rcs,2025-10-03,-0.0,-0.0
LSTM,rcs,2025-10-06,-0.0,-0.0
LSTM,rcs,2025-10-07,-0.0,0.0
LSTM,rcs,2025-10-08,-0.0,-0.0
LSTM,rcs,2025-10-09,-0.0,0.0
LSTM,rcs,2025-10-10,-0.0,0.0
LSTM,rcs,2025-10-13,0.0,0.0
LSTM,rcs,2025-10-14,0.0,-0.0
LSTM,rcs,2025-10-15,0.0,0.0
LSTM,rcs,2025-10-16,0.0,0.0
LSTM,rcs,2025-10-17,-0.0,0.0
LSTM,rcs,2025-10-20,0.0,0.0
LSTM,rcs,2025-10-21,0.0,-0.0
LSTM,rcs,2025-10-22,0.0,0.0
LSTM,rcs,2025-10-23,0.0,0.0
LSTM,rcs,2025-10-24,0.0,0.0
LSTM,rcs,2025-10-27,0.0,-0.0
LSTM,rcs,2025-10-28,0.0,-0.0
LSTM,rcs,2025-10-29,-0.0,-0.0
LSTM,rcs,2025-10-30,-0.0,-0.0
LSTM,rcs,2025-10-31,-0.0,0.0
LSTM,rcs,2025-11-03,-0.0,-0.0
LSTM,rcs,2025-11-04,-0.0,0.0
LSTM,rcs,2025-11-05,-0.0,-0.0
LSTM,rcs,2025-11-06,0.0,-0.0
LSTM,rcs,2025-11-07,0.0,0.0
LSTM,rcs,2025-11-10,0.0,0.0
LSTM,rcs,2025-11-11,0.0,-0.0
LSTM,rcs,2025-11-12,0.0,0.0
LSTM,rcs,2025-11-13,0.0,-0.0
LSTM,rcs,2025-11-14,0.0,-0.0
LSTM,rcs,2025-11-17,0.0,-0.0
LSTM,rcs,2025-11-18,0.0,-0.0
LSTM,rcs,2025-11-19,0.0,0.0
LSTM,rcs,2025-11-20,0.0,-0.0
LSTM,rcs,2025-11-21,0.0,0.0
LSTM,rcs,2025-11-24,0.5,0.009429439241032006
LSTM,rcs,2025-11-25,0.5,0.004667755077491842
LSTM,rcs,2025-11-26,0.5,0.007065322003665497
LSTM,rcs,2025-11-28,-0.0,-5e-05
LSTM,rcs,2025-12-01,-0.0,0.0
LSTM,rcs,2025-12-02,-0.0,0.0
LSTM,rcs,2025-12-03,-0.0,-0.0
LSTM,rcs,2025-12-04,-0.0,0.0
LSTM,rcs,2025-12-05,-0.0,-0.0
LSTM,rcs,2025-12-08,-0.0,-0.0
LSTM,rcs,2025-12-09,0.0,0.0
LSTM,rcs,2025-12-10,0.0,-0.0
LSTM,rcs,2025-12-11,0.0,0.0
LSTM,rcs,2025-12-12,0.0,0.0
LSTM,rcs,2025-12-15,0.0,0.0
LSTM,rcs,2025-12-16,0.0,0.0
LSTM,rcs,2025-12-17,0.0,0.0
LSTM,rcs,2025-12-18,-0.0,-0.0
LSTM,rcs,2025-12-19,-0.0,-0.0
LSTM,rcs,2025-12-22,-0.0,-0.0
LSTM,rcs,2025-12-23,0.0,0.0
LSTM,rcs,2025-12-24,0.0,-0.0
LSTM,rcs,2025-12-26,0.0,0.0
LSTM,rcs,2025-12-29,0.0,-0.0
LSTM,rcs,2025-12-30,0.0,0.0
LSTM,rcs,2025-12-31,-0.0,0.0
LSTM,rcs,2026-01-02,0.0,0.0
LSTM,rcs,2026-01-05,0.0,0.0
LSTM,rcs,2026-01-06,0.0,0.0
LSTM,rcs,2026-01-07,0.0,-0.0
LSTM,rcs,2026-01-08,0.0,-0.0
LSTM,rcs,2026-01-09,0.0,0.0
LSTM,rcs,2026-01-12,0.0,0.0
LSTM,rcs,2026-01-13,-0.0,0.0
LSTM,rcs,2026-01-14,0.0,0.0
LSTM,rcs,2026-01-15,-0.0,-0.0
LSTM,rcs,2026-01-16,-0.0,0.0
LSTM,rcs,2026-01-20,-0.0,-0.0
LSTM,rcs,2026-01-21,-0.0,-0.0
LSTM,rcs,2026-01-22,-0.0,-0.0
LSTM,rcs,2026-01-23,-0.0,-0.0
LSTM,rcs,2026-01-26,-0.0,-0.0
LSTM,rcs,2026-01-27,-0.0,0.0
LSTM,rcs,2026-01-28,0.0,0.0
LSTM,rcs,2026-01-29,-0.0,0.0
LSTM,rcs,2026-01-30,0.0,-0.0
LSTM,rcs,2026-02-02,0.0,-0.0
LSTM,rcs,2026-02-03,0.0,0.0
LSTM,rcs,2026-02-04,0.0,-0.0
LSTM,rcs,2026-02-05,0.0,-0.0
LSTM,rcs,2026-02-06,-0.0,-0.0
LSTM,rcs,2026-02-09,0.0,0.0
LSTM,rcs,2026-02-10,-0.0,0.0
LSTM,rcs,2026-02-11,-0.0,-0.0
LSTM,rcs,2026-02-12,-0.0,0.0
LSTM,rcs,2026-02-13,-0.0,-0.0
LSTM,rcs,2026-02-17,-0.0,0.0
LSTM,rcs,2026-02-18,-0.0,-0.0
LSTM,rcs,2026-02-19,-0.0,0.0
LSTM,rcs,2026-02-20,-0.0,-0.0
LSTM,rcs,2026-02-23,-0.0,0.0
LSTM,rcs,2026-02-24,-0.0,-0.0
LSTM,rcs,2026-02-25,-0.0,-0.0
LSTM,rcs,2026-02-26,-0.0,0.0
LSTM,rcs,2026-02-27,0.0,0.0
LSTM,rcs,2026-03-02,-0.0,0.0
LSTM,rcs,2026-03-03,-0.0,0.0
LSTM,rcs,2026-03-04,-0.0,-0.0
LSTM,rcs,2026-03-05,-0.0,0.0
LSTM,rcs,2026-03-06,-0.0,-0.0
LSTM,rcs,2026-03-09,-0.0,-0.0
LSTM,rcs,2026-03-10,-0.0,-0.0
LSTM,rcs,2026-03-11,-0.0,0.0
LSTM,rcs,2026-03-12,-0.0,0.0
LSTM,rcs,2026-03-13,-0.0,0.0
LSTM,rcs,2026-03-16,-0.0,-0.0
LSTM,rcs,2026-03-17,-0.0,-0.0
LSTM,rcs,2026-03-18,-0.0,0.0
LSTM,rcs,2026-03-19,-0.0,0.0
LSTM,rcs,2026-03-20,-0.0,-0.0
LSTM,rcs,2026-03-23,-0.0,0.0
LSTM,rcs,2026-03-24,0.0,0.0
LSTM,rcs,2026-03-25,0.0,0.0
LSTM,rcs,2026-03-26,0.0,-0.0
LSTM,rcs,2026-03-27,0.0,0.0
LSTM,rcs,2026-03-30,0.0,0.0
LSTM,rcs,2026-03-31,0.0,0.0
LSTM,rcs,2026-04-01,0.0,0.0
LSTM,rcs,2026-04-02,-0.0,0.0
LSTM,rcs,2026-04-06,-0.0,0.0
LSTM,rcs,2026-04-07,-0.0,0.0
LSTM,rcs,2026-04-08,0.0,0.0
LSTM,rcs,2026-04-09,-0.0,-0.0
LSTM,rcs,2026-04-10,-0.0,0.0
LSTM,rcs,2026-04-13,-0.0,-0.0
LSTM,rcs,2026-04-14,-0.0,-0.0
LSTM,rcs,2026-04-15,-0.0,-0.0
LSTM,rcs,2026-04-16,-0.0,0.0
LSTM,rcs,2026-04-17,0.0,0.0
LSTM,rcs,2026-04-20,0.0,-0.0
LSTM,rcs,2026-04-21,0.0,-0.0
LSTM,rcs,2026-04-22,0.0,0.0
LSTM,rcs,2026-04-23,0.0,-0.0
LSTM,rcs,2026-04-24,0.0,-0.0
LSTM,rcs,2026-04-27,0.0,-0.0
LSTM,rcs,2026-04-28,0.0,-0.0
LSTM,rcs,2026-04-29,0.0,-0.0
LSTM,rcs,2026-04-30,0.0,0.0
GRU,rcs,2025-07-02,-0.0,-0.0
GRU,rcs,2025-07-03,-0.0,0.0
GRU,rcs,2025-07-04,-0.0,-0.0
GRU,rcs,2025-07-07,-0.0,0.0
GRU,rcs,2025-07-08,-0.0,-0.0
GRU,rcs,2025-07-09,-0.0,0.0
GRU,rcs,2025-07-10,-0.0,-0.0
GRU,rcs,2025-07-11,-0.0,-0.0
GRU,rcs,2025-07-14,-0.0,0.0
GRU,rcs,2025-07-15,0.0,-0.0
GRU,rcs,2025-07-16,-0.0,-0.0
GRU,rcs,2025-07-17,-0.0,-0.0
GRU,rcs,2025-07-18,-0.0,0.0
GRU,rcs,2025-07-21,-0.0,-0.0
GRU,rcs,2025-07-22,-0.0,0.0
GRU,rcs,2025-07-23,0.0,-0.0
GRU,rcs,2025-07-24,-0.0,0.0
GRU,rcs,2025-07-25,-0.0,0.0
GRU,rcs,2025-07-28,-0.0,0.0
GRU,rcs,2025-07-29,-0.0,0.0
GRU,rcs,2025-07-30,-0.0,0.0
GRU,rcs,2025-07-31,-0.0,0.0
GRU,rcs,2025-08-01,-0.0,-0.0
GRU,rcs,2025-08-04,-0.0,-0.0
GRU,rcs,2025-08-05,-0.0,0.0
GRU,rcs,2025-08-06,-0.0,-0.0
GRU,rcs,2025-08-07,-0.0,-0.0
GRU,rcs,2025-08-08,-0.0,0.0
GRU,rcs,2025-08-11,-0.0,-0.0
GRU,rcs,2025-08-12,-0.0,-0.0
GRU,rcs,2025-08-13,-0.0,0.0
GRU,rcs,2025-08-14,-0.0,-0.0
GRU,rcs,2025-08-15,-0.0,0.0
GRU,rcs,2025-08-18,-0.0,0.0
GRU,rcs,2025-08-19,-0.0,0.0
GRU,rcs,2025-08-20,-0.0,-0.0
GRU,rcs,2025-08-21,-0.0,-0.0
GRU,rcs,2025-08-22,-0.0,-0.0
GRU,rcs,2025-08-25,-0.0,0.0
GRU,rcs,2025-08-26,-0.0,-0.0
GRU,rcs,2025-08-27,-0.0,0.0
GRU,rcs,2025-08-28,-0.0,-0.0
GRU,rcs,2025-08-29,-0.0,-0.0
GRU,rcs,2025-09-02,-1.0,-0.02946230437867482
GRU,rcs,2025-09-03,-0.5,-0.015272622446730782
GRU,rcs,2025-09-04,-0.5,0.026715458276449056
GRU,rcs,2025-09-05,-0.0,-5e-05
GRU,rcs,2025-09-08,-0.0,0.0
GRU,rcs,2025-09-09,-0.0,0.0
GRU,rcs,2025-09-10,-0.0,-0.0
GRU,rcs,2025-09-11,-0.0,-0.0
GRU,rcs,2025-09-12,-0.0,-0.0
GRU,rcs,2025-09-15,-0.0,-0.0
GRU,rcs,2025-09-16,-0.0,0.0
GRU,rcs,2025-09-17,-0.0,0.0
GRU,rcs,2025-09-18,-0.0,-0.0
GRU,rcs,2025-09-19,-0.0,-0.0
GRU,rcs,2025-09-22,-0.0,-0.0
GRU,rcs,2025-09-23,-0.0,-0.0
GRU,rcs,2025-09-24,-0.0,0.0
GRU,rcs,2025-09-25,-0.0,-0.0
GRU,rcs,2025-09-26,-0.0,-0.0
GRU,rcs,2025-09-29,-0.0,-0.0
GRU,rcs,2025-09-30,0.0,-0.0
GRU,rcs,2025-10-01,0.0,-0.0
GRU,rcs,2025-10-02,0.0,-0.0
GRU,rcs,2025-10-03,0.0,0.0
GRU,rcs,2025-10-06,-0.0,-0.0
GRU,rcs,2025-10-07,0.0,-0.0
GRU,rcs,2025-10-08,0.0,0.0
GRU,rcs,2025-10-09,0.0,-0.0
GRU,rcs,2025-10-10,0.0,-0.0
GRU,rcs,2025-10-13,0.0,0.0
GRU,rcs,2025-10-14,0.0,-0.0
GRU,rcs,2025-10-15,0.0,0.0
GRU,rcs,2025-10-16,0.0,0.0
GRU,rcs,2025-10-17,0.0,-0.0
GRU,rcs,2025-10-20,0.0,0.0
GRU,rcs,2025-10-21,0.0,-0.0
GRU,rcs,2025-10-22,0.0,0.0
GRU,rcs,2025-10-23,0.0,0.0
GRU,rcs,2025-10-24,0.0,0.0
GRU,rcs,2025-10-27,0.0,-0.0
GRU,rcs,2025-10-28,0.0,-0.0
GRU,rcs,2025-10-29,0.0,0.0
GRU,rcs,2025-10-30,-0.0,-0.0
GRU,rcs,2025-10-31,-0.0,0.0
GRU,rcs,2025-11-03,-0.0,-0.0
GRU,rcs,2025-11-04,-0.0,0.0
GRU,rcs,2025-11-05,0.0,0.0
GRU,rcs,2025-11-06,-0.0,0.0
GRU,rcs,2025-11-07,0.0,0.0
GRU,rcs,2025-11-10,0.0,0.0
GRU,rcs,2025-11-11,0.0,-0.0
GRU,rcs,2025-11-12,0.0,0.0
GRU,rcs,2025-11-13,-0.0,0.0
GRU,rcs,2025-11-14,-0.0,0.0
GRU,rcs,2025-11-17,0.0,-0.0
GRU,rcs,2025-11-18,0.0,-0.0
GRU,rcs,2025-11-19,0.0,0.0
GRU,rcs,2025-11-20,-0.0,0.0
GRU,rcs,2025-11-21,0.0,0.0
GRU,rcs,2025-11-24,0.5,0.009429439241032006
GRU,rcs,2025-11-25,0.5,0.004667755077491842
GRU,rcs,2025-11-26,0.5,0.007065322003665497
GRU,rcs,2025-11-28,0.0,-5e-05
GRU,rcs,2025-12-01,0.0,-0.0
GRU,rcs,2025-12-02,0.0,-0.0
GRU,rcs,2025-12-03,-0.0,-0.0
GRU,rcs,2025-12-04,-0.0,0.0
GRU,rcs,2025-12-05,-0.0,-0.0
GRU,rcs,2025-12-08,-0.0,-0.0
GRU,rcs,2025-12-09,0.0,0.0
GRU,rcs,2025-12-10,0.0,-0.0
GRU,rcs,2025-12-11,0.0,0.0
GRU,rcs,2025-12-12,0.0,0.0
GRU,rcs,2025-12-15,-0.0,-0.0
GRU,rcs,2025-12-16,0.0,0.0
GRU,rcs,2025-12-17,0.0,0.0
GRU,rcs,2025-12-18,0.0,0.0
GRU,rcs,2025-12-19,0.0,0.0
GRU,rcs,2025-12-22,0.0,0.0
GRU,rcs,2025-12-23,0.0,0.0
GRU,rcs,2025-12-24,0.0,-0.0
GRU,rcs,2025-12-26,0.0,0.0
GRU,rcs,2025-12-29,0.0,-0.0
GRU,rcs,2025-12-30,0.0,0.0
GRU,rcs,2025-12-31,-0.0,0.0
GRU,rcs,2026-01-02,0.0,0.0
GRU,rcs,2026-01-05,-0.0,-0.0
GRU,rcs,2026-01-06,-0.0,-0.0
GRU,rcs,2026-01-07,0.0,-0.0
GRU,rcs,2026-01-08,0.0,-0.0
GRU,rcs,2026-01-09,0.0,0.0
GRU,rcs,2026-01-12,-0.0,-0.0
GRU,rcs,2026-01-13,-0.0,0.0
GRU,rcs,2026-01-14,-0.0,-0.0
GRU,rcs,2026-01-15,-0.0,-0.0
GRU,rcs,2026-01-16,-0.0,0.0
GRU,rcs,2026-01-20,-0.0,-0.0
GRU,rcs,2026-01-21,-0.0,-0.0
GRU,rcs,2026-01-22,-0.0,-0.0
GRU,rcs,2026-01-23,-0.0,-0.0
GRU,rcs,2026-01-26,-0.0,-0.0
GRU,rcs,2026-01-27,-0.0,0.0
GRU,rcs,2026-01-28,0.0,0.0
GRU,rcs,2026-01-29,-0.0,0.0
GRU,rcs,2026-01-30,0.0,-0.0
GRU,rcs,2026-02-02,0.0,-0.0
GRU,rcs,2026-02-03,0.0,0.0
GRU,rcs,2026-02-04,0.0,-0.0
GRU,rcs,2026-02-05,0.0,-0.0
GRU,rcs,2026-02-06,0.0,0.0
GRU,rcs,2026-02-09,0.0,0.0
GRU,rcs,2026-02-10,-0.0,0.0
GRU,rcs,2026-02-11,-0.0,-0.0
GRU,rcs,2026-02-12,-0.0,0.0
GRU,rcs,2026-02-13,-0.0,-0.0
GRU,rcs,2026-02-17,-0.0,0.0
GRU,rcs,2026-02-18,-0.0,-0.0
GRU,rcs,2026-02-19,-0.0,0.0
GRU,rcs,2026-02-20,-0.0,-0.0
GRU,rcs,2026-02-23,-0.0,0.0
GRU,rcs,2026-02-24,-0.0,-0.0
GRU,rcs,2026-02-25,-0.0,-0.0
GRU,rcs,2026-02-26,-0.0,0.0
GRU,rcs,2026-02-27,-0.0,-0.0
GRU,rcs,2026-03-02,-0.0,0.0
GRU,rcs,2026-03-03,-0.0,0.0
GRU,rcs,2026-03-04,-0.0,-0.0
GRU,rcs,2026-03-05,-0.0,0.0
GRU,rcs,2026-03-06,-0.0,-0.0
GRU,rcs,2026-03-09,-0.0,-0.0
GRU,rcs,2026-03-10,-0.0,-0.0
GRU,rcs,2026-03-11,-0.0,0.0
GRU,rcs,2026-03-12,-0.0,0.0
GRU,rcs,2026-03-13,-0.0,0.0
GRU,rcs,2026-03-16,0.0,0.0
GRU,rcs,2026-03-17,-0.0,-0.0
GRU,rcs,2026-03-18,-0.0,0.0
GRU,rcs,2026-03-19,-0.0,0.0
GRU,rcs,2026-03-20,0.0,0.0
GRU,rcs,2026-03-23,-0.0,0.0
GRU,rcs,2026-03-24,0.0,0.0
GRU,rcs,2026-03-25,0.0,0.0
GRU,rcs,2026-03-26,0.0,-0.0
GRU,rcs,2026-03-27,0.0,0.0
GRU,rcs,2026-03-30,0.0,0.0
GRU,rcs,2026-03-31,0.0,0.0
GRU,rcs,2026-04-01,-0.0,-0.0
GRU,rcs,2026-04-02,-0.0,0.0
GRU,rcs,2026-04-06,-0.0,0.0
GRU,rcs,2026-04-07,-0.0,0.0
GRU,rcs,2026-04-08,-0.0,-0.0
GRU,rcs,2026-04-09,-0.0,-0.0
GRU,rcs,2026-04-10,-0.0,0.0
GRU,rcs,2026-04-13,-0.0,-0.0
GRU,rcs,2026-04-14,-0.0,-0.0
GRU,rcs,2026-04-15,-0.0,-0.0
GRU,rcs,2026-04-16,-0.0,0.0
GRU,rcs,2026-04-17,-0.0,-0.0
GRU,rcs,2026-04-20,0.0,-0.0
GRU,rcs,2026-04-21,0.0,-0.0
GRU,rcs,2026-04-22,0.0,0.0
GRU,rcs,2026-04-23,0.0,-0.0
GRU,rcs,2026-04-24,0.0,-0.0
GRU,rcs,2026-04-27,0.0,-0.0
GRU,rcs,2026-04-28,0.0,-0.0
GRU,rcs,2026-04-29,0.0,-0.0
GRU,rcs,2026-04-30,0.0,0.0
BiLSTM,rcs,2025-07-02,0.0,0.0
BiLSTM,rcs,2025-07-03,-0.0,0.0
BiLSTM,rcs,2025-07-04,0.0,0.0
BiLSTM,rcs,2025-07-07,0.0,-0.0
BiLSTM,rcs,2025-07-08,0.0,0.0
BiLSTM,rcs,2025-07-09,0.0,-0.0
BiLSTM,rcs,2025-07-10,0.0,0.0
BiLSTM,rcs,2025-07-11,0.0,0.0
BiLSTM,rcs,2025-07-14,0.0,-0.0
BiLSTM,rcs,2025-07-15,0.0,-0.0
BiLSTM,rcs,2025-07-16,0.0,0.0
BiLSTM,rcs,2025-07-17,-0.0,-0.0
BiLSTM,rcs,2025-07-18,-0.0,0.0
BiLSTM,rcs,2025-07-21,-0.0,-0.0
BiLSTM,rcs,2025-07-22,-0.0,0.0
BiLSTM,rcs,2025-07-23,-0.0,0.0
BiLSTM,rcs,2025-07-24,-0.0,0.0
BiLSTM,rcs,2025-07-25,-0.0,0.0
BiLSTM,rcs,2025-07-28,0.0,-0.0
BiLSTM,rcs,2025-07-29,-0.0,0.0
BiLSTM,rcs,2025-07-30,-0.0,0.0
BiLSTM,rcs,2025-07-31,-0.0,0.0
BiLSTM,rcs,2025-08-01,-0.0,-0.0
BiLSTM,rcs,2025-08-04,-0.0,-0.0
BiLSTM,rcs,2025-08-05,-0.0,0.0
BiLSTM,rcs,2025-08-06,-0.0,-0.0
BiLSTM,rcs,2025-08-07,-0.0,-0.0
BiLSTM,rcs,2025-08-08,-0.0,0.0
BiLSTM,rcs,2025-08-11,-0.0,-0.0
BiLSTM,rcs,2025-08-12,-0.0,-0.0
BiLSTM,rcs,2025-08-13,-0.0,0.0
BiLSTM,rcs,2025-08-14,-0.0,-0.0
BiLSTM,rcs,2025-08-15,-0.0,0.0
BiLSTM,rcs,2025-08-18,-0.0,0.0
BiLSTM,rcs,2025-08-19,-0.0,0.0
BiLSTM,rcs,2025-08-20,-0.0,-0.0
BiLSTM,rcs,2025-08-21,-0.0,-0.0
BiLSTM,rcs,2025-08-22,-0.0,-0.0
BiLSTM,rcs,2025-08-25,-0.0,0.0
BiLSTM,rcs,2025-08-26,-0.0,-0.0
BiLSTM,rcs,2025-08-27,-0.0,0.0
BiLSTM,rcs,2025-08-28,-0.0,-0.0
BiLSTM,rcs,2025-08-29,-0.0,-0.0
BiLSTM,rcs,2025-09-02,-1.0,-0.02946230437867482
BiLSTM,rcs,2025-09-03,-0.5,-0.015272622446730782
BiLSTM,rcs,2025-09-04,-0.5,0.026715458276449056
BiLSTM,rcs,2025-09-05,-0.0,-5e-05
BiLSTM,rcs,2025-09-08,-0.0,0.0
BiLSTM,rcs,2025-09-09,-0.0,0.0
BiLSTM,rcs,2025-09-10,-0.0,-0.0
BiLSTM,rcs,2025-09-11,-0.0,-0.0
BiLSTM,rcs,2025-09-12,-0.0,-0.0
BiLSTM,rcs,2025-09-15,-0.0,-0.0
BiLSTM,rcs,2025-09-16,-0.0,0.0
BiLSTM,rcs,2025-09-17,-0.0,0.0
BiLSTM,rcs,2025-09-18,-0.0,-0.0
BiLSTM,rcs,2025-09-19,-0.0,-0.0
BiLSTM,rcs,2025-09-22,-0.0,-0.0
BiLSTM,rcs,2025-09-23,-0.0,-0.0
BiLSTM,rcs,2025-09-24,-0.0,0.0
BiLSTM,rcs,2025-09-25,-0.0,-0.0
BiLSTM,rcs,2025-09-26,-0.0,-0.0
BiLSTM,rcs,2025-09-29,-0.0,-0.0
BiLSTM,rcs,2025-09-30,0.0,-0.0
BiLSTM,rcs,2025-10-01,0.0,-0.0
BiLSTM,rcs,2025-10-02,-0.0,0.0
BiLSTM,rcs,2025-10-03,0.0,0.0
BiLSTM,rcs,2025-10-06,-0.0,-0.0
BiLSTM,rcs,2025-10-07,0.0,-0.0
BiLSTM,rcs,2025-10-08,0.0,0.0
BiLSTM,rcs,2025-10-09,-0.0,0.0
BiLSTM,rcs,2025-10-10,0.0,-0.0
BiLSTM,rcs,2025-10-13,0.0,0.0
BiLSTM,rcs,2025-10-14,-0.0,0.0
BiLSTM,rcs,2025-10-15,0.0,0.0
BiLSTM,rcs,2025-10-16,0.0,0.0
BiLSTM,rcs,2025-10-17,-0.0,0.0
BiLSTM,rcs,2025-10-20,0.0,0.0
BiLSTM,rcs,2025-10-21,0.0,-0.0
BiLSTM,rcs,2025-10-22,0.0,0.0
BiLSTM,rcs,2025-10-23,0.0,0.0
BiLSTM,rcs,2025-10-24,0.0,0.0
BiLSTM,rcs,2025-10-27,0.0,-0.0
BiLSTM,rcs,2025-10-28,0.0,-0.0
BiLSTM,rcs,2025-10-29,0.0,0.0
BiLSTM,rcs,2025-10-30,0.0,0.0
BiLSTM,rcs,2025-10-31,0.0,-0.0
BiLSTM,rcs,2025-11-03,0.0,0.0
BiLSTM,rcs,2025-11-04,0.0,-0.0
BiLSTM,rcs,2025-11-05,0.0,0.0
BiLSTM,rcs,2025-11-06,-0.0,0.0
BiLSTM,rcs,2025-11-07,0.0,0.0
BiLSTM,rcs,2025-11-10,0.0,0.0
BiLSTM,rcs,2025-11-11,0.0,-0.0
BiLSTM,rcs,2025-11-12,0.0,0.0
BiLSTM,rcs,2025-11-13,0.0,-0.0
BiLSTM,rcs,2025-11-14,0.0,-0.0
BiLSTM,rcs,2025-11-17,0.0,-0.0
BiLSTM,rcs,2025-11-18,0.0,-0.0
BiLSTM,rcs,2025-11-19,0.0,0.0
BiLSTM,rcs,2025-11-20,0.0,-0.0
BiLSTM,rcs,2025-11-21,0.0,0.0
BiLSTM,rcs,2025-11-24,0.5,0.009429439241032006
BiLSTM,rcs,2025-11-25,0.5,0.004667755077491842
BiLSTM,rcs,2025-11-26,0.5,0.007065322003665497
BiLSTM,rcs,2025-11-28,-0.0,-5e-05
BiLSTM,rcs,2025-12-01,-0.0,0.0
BiLSTM,rcs,2025-12-02,-0.0,0.0
BiLSTM,rcs,2025-12-03,-0.0,-0.0
BiLSTM,rcs,2025-12-04,-0.0,0.0
BiLSTM,rcs,2025-12-05,-0.0,-0.0
BiLSTM,rcs,2025-12-08,-0.0,-0.0
BiLSTM,rcs,2025-12-09,0.0,0.0
BiLSTM,rcs,2025-12-10,0.0,-0.0
BiLSTM,rcs,2025-12-11,0.0,0.0
BiLSTM,rcs,2025-12-12,0.0,0.0
BiLSTM,rcs,2025-12-15,-0.0,-0.0
BiLSTM,rcs,2025-12-16,-0.0,-0.0
BiLSTM,rcs,2025-12-17,-0.0,-0.0
BiLSTM,rcs,2025-12-18,-0.0,-0.0
BiLSTM,rcs,2025-12-19,-0.0,-0.0
BiLSTM,rcs,2025-12-22,-0.0,-0.0
BiLSTM,rcs,2025-12-23,-0.0,-0.0
BiLSTM,rcs,2025-12-24,-0.0,0.0
BiLSTM,rcs,2025-12-26,-0.0,-0.0
BiLSTM,rcs,2025-12-29,-0.0,0.0
BiLSTM,rcs,2025-12-30,0.0,0.0
BiLSTM,rcs,2025-12-31,-0.0,0.0
BiLSTM,rcs,2026-01-02,0.0,0.0
BiLSTM,rcs,2026-01-05,0.0,0.0
BiLSTM,rcs,2026-01-06,0.0,0.0
BiLSTM,rcs,2026-01-07,0.0,-0.0
BiLSTM,rcs,2026-01-08,0.0,-0.0
BiLSTM,rcs,2026-01-09,0.0,0.0
BiLSTM,rcs,2026-01-12,-0.0,-0.0
BiLSTM,rcs,2026-01-13,-0.0,0.0
BiLSTM,rcs,2026-01-14,-0.0,-0.0
BiLSTM,rcs,2026-01-15,-0.0,-0.0
BiLSTM,rcs,2026-01-16,-0.0,0.0
BiLSTM,rcs,2026-01-20,-0.0,-0.0
BiLSTM,rcs,2026-01-21,-0.0,-0.0
BiLSTM,rcs,2026-01-22,-0.0,-0.0
BiLSTM,rcs,2026-01-23,-0.0,-0.0
BiLSTM,rcs,2026-01-26,-0.0,-0.0
BiLSTM,rcs,2026-01-27,-0.0,0.0
BiLSTM,rcs,2026-01-28,0.0,0.0
BiLSTM,rcs,2026-01-29,-0.0,0.0
BiLSTM,rcs,2026-01-30,0.0,-0.0
BiLSTM,rcs,2026-02-02,0.0,-0.0
BiLSTM,rcs,2026-02-03,0.0,0.0
BiLSTM,rcs,2026-02-04,0.0,-0.0
BiLSTM,rcs,2026-02-05,0.0,-0.0
BiLSTM,rcs,2026-02-06,0.0,0.0
BiLSTM,rcs,2026-02-09,0.0,0.0
BiLSTM,rcs,2026-02-10,0.0,-0.0
BiLSTM,rcs,2026-02-11,-0.0,-0.0
BiLSTM,rcs,2026-02-12,-0.0,0.0
BiLSTM,rcs,2026-02-13,-0.0,-0.0
BiLSTM,rcs,2026-02-17,-0.0,0.0
BiLSTM,rcs,2026-02-18,-0.0,-0.0
BiLSTM,rcs,2026-02-19,-0.0,0.0
BiLSTM,rcs,2026-02-20,-0.0,-0.0
BiLSTM,rcs,2026-02-23,-0.0,0.0
BiLSTM,rcs,2026-02-24,-0.0,-0.0
BiLSTM,rcs,2026-02-25,-0.0,-0.0
BiLSTM,rcs,2026-02-26,-0.0,0.0
BiLSTM,rcs,2026-02-27,0.0,0.0
BiLSTM,rcs,2026-03-02,-0.0,0.0
BiLSTM,rcs,2026-03-03,-0.0,0.0
BiLSTM,rcs,2026-03-04,0.0,0.0
BiLSTM,rcs,2026-03-05,-0.0,0.0
BiLSTM,rcs,2026-03-06,-0.0,-0.0
BiLSTM,rcs,2026-03-09,-0.0,-0.0
BiLSTM,rcs,2026-03-10,-0.0,-0.0
BiLSTM,rcs,2026-03-11,-0.0,0.0
BiLSTM,rcs,2026-03-12,0.0,-0.0
BiLSTM,rcs,2026-03-13,0.0,-0.0
BiLSTM,rcs,2026-03-16,0.0,0.0
BiLSTM,rcs,2026-03-17,-0.0,-0.0
BiLSTM,rcs,2026-03-18,-0.0,0.0
BiLSTM,rcs,2026-03-19,-0.0,0.0
BiLSTM,rcs,2026-03-20,-0.0,-0.0
BiLSTM,rcs,2026-03-23,-0.0,0.0
BiLSTM,rcs,2026-03-24,0.0,0.0
BiLSTM,rcs,2026-03-25,0.0,0.0
BiLSTM,rcs,2026-03-26,0.0,-0.0
BiLSTM,rcs,2026-03-27,0.0,0.0
BiLSTM,rcs,2026-03-30,0.0,0.0
BiLSTM,rcs,2026-03-31,-0.0,-0.0
BiLSTM,rcs,2026-04-01,-0.0,-0.0
BiLSTM,rcs,2026-04-02,-0.0,0.0
BiLSTM,rcs,2026-04-06,0.0,-0.0
BiLSTM,rcs,2026-04-07,0.0,-0.0
BiLSTM,rcs,2026-04-08,0.0,0.0
BiLSTM,rcs,2026-04-09,-0.0,-0.0
BiLSTM,rcs,2026-04-10,0.0,-0.0
BiLSTM,rcs,2026-04-13,0.0,0.0
BiLSTM,rcs,2026-04-14,0.0,0.0
BiLSTM,rcs,2026-04-15,0.0,0.0
BiLSTM,rcs,2026-04-16,0.0,-0.0
BiLSTM,rcs,2026-04-17,0.0,0.0
BiLSTM,rcs,2026-04-20,0.0,-0.0
BiLSTM,rcs,2026-04-21,0.0,-0.0
BiLSTM,rcs,2026-04-22,0.0,0.0
BiLSTM,rcs,2026-04-23,0.0,-0.0
BiLSTM,rcs,2026-04-24,0.0,-0.0
BiLSTM,rcs,2026-04-27,0.0,-0.0
BiLSTM,rcs,2026-04-28,0.0,-0.0
BiLSTM,rcs,2026-04-29,0.0,-0.0
BiLSTM,rcs,2026-04-30,0.0,0.0
Transformer,rcs,2025-07-02,-0.0,-0.0
Transformer,rcs,2025-07-03,-0.0,0.0
Transformer,rcs,2025-07-04,0.0,0.0
Transformer,rcs,2025-07-07,0.0,-0.0
Transformer,rcs,2025-07-08,0.0,0.0
Transformer,rcs,2025-07-09,0.0,-0.0
Transformer,rcs,2025-07-10,0.0,0.0
Transformer,rcs,2025-07-11,0.0,0.0
Transformer,rcs,2025-07-14,0.0,-0.0
Transformer,rcs,2025-07-15,0.0,-0.0
Transformer,rcs,2025-07-16,0.0,0.0
Transformer,rcs,2025-07-17,0.0,0.0
Transformer,rcs,2025-07-18,0.0,-0.0
Transformer,rcs,2025-07-21,0.0,0.0
Transformer,rcs,2025-07-22,0.0,-0.0
Transformer,rcs,2025-07-23,0.0,-0.0
Transformer,rcs,2025-07-24,0.0,-0.0
Transformer,rcs,2025-07-25,0.0,-0.0
Transformer,rcs,2025-07-28,0.0,-0.0
Transformer,rcs,2025-07-29,0.0,-0.0
Transformer,rcs,2025-07-30,0.0,-0.0
Transformer,rcs,2025-07-31,-0.0,0.0
Transformer,rcs,2025-08-01,-0.0,-0.0
Transformer,rcs,2025-08-04,-0.0,-0.0
Transformer,rcs,2025-08-05,0.0,-0.0
Transformer,rcs,2025-08-06,0.0,0.0
Transformer,rcs,2025-08-07,0.0,0.0
Transformer,rcs,2025-08-08,-0.0,0.0
Transformer,rcs,2025-08-11,-0.0,-0.0
Transformer,rcs,2025-08-12,0.0,0.0
Transformer,rcs,2025-08-13,0.0,-0.0
Transformer,rcs,2025-08-14,0.0,0.0
Transformer,rcs,2025-08-15,0.0,-0.0
Transformer,rcs,2025-08-18,0.0,-0.0
Transformer,rcs,2025-08-19,0.0,-0.0
Transformer,rcs,2025-08-20,0.0,0.0
Transformer,rcs,2025-08-21,-0.0,-0.0
Transformer,rcs,2025-08-22,0.0,0.0
Transformer,rcs,2025-08-25,-0.0,0.0
Transformer,rcs,2025-08-26,-0.0,-0.0
Transformer,rcs,2025-08-27,-0.0,0.0
Transformer,rcs,2025-08-28,-0.0,-0.0
Transformer,rcs,2025-08-29,-0.0,-0.0
Transformer,rcs,2025-09-02,-1.0,-0.02946230437867482
Transformer,rcs,2025-09-03,-0.5,-0.015272622446730782
Transformer,rcs,2025-09-04,-0.5,0.026715458276449056
Transformer,rcs,2025-09-05,-0.0,-5e-05
Transformer,rcs,2025-09-08,-0.0,0.0
Transformer,rcs,2025-09-09,-0.0,0.0
Transformer,rcs,2025-09-10,-0.0,-0.0
Transformer,rcs,2025-09-11,-0.0,-0.0
Transformer,rcs,2025-09-12,-0.0,-0.0
Transformer,rcs,2025-09-15,-0.0,-0.0
Transformer,rcs,2025-09-16,-0.0,0.0
Transformer,rcs,2025-09-17,-0.0,0.0
Transformer,rcs,2025-09-18,-0.0,-0.0
Transformer,rcs,2025-09-19,-0.0,-0.0
Transformer,rcs,2025-09-22,-0.0,-0.0
Transformer,rcs,2025-09-23,-0.0,-0.0
Transformer,rcs,2025-09-24,-0.0,0.0
Transformer,rcs,2025-09-25,-0.0,-0.0
Transformer,rcs,2025-09-26,-0.0,-0.0
Transformer,rcs,2025-09-29,-0.0,-0.0
Transformer,rcs,2025-09-30,0.0,-0.0
Transformer,rcs,2025-10-01,0.0,-0.0
Transformer,rcs,2025-10-02,0.0,-0.0
Transformer,rcs,2025-10-03,0.0,0.0
Transformer,rcs,2025-10-06,0.0,0.0
Transformer,rcs,2025-10-07,0.0,-0.0
Transformer,rcs,2025-10-08,0.0,0.0
Transformer,rcs,2025-10-09,0.0,-0.0
Transformer,rcs,2025-10-10,-0.0,0.0
Transformer,rcs,2025-10-13,-0.0,-0.0
Transformer,rcs,2025-10-14,-0.0,0.0
Transformer,rcs,2025-10-15,-0.0,-0.0
Transformer,rcs,2025-10-16,-0.0,-0.0
Transformer,rcs,2025-10-17,-0.0,0.0
Transformer,rcs,2025-10-20,-0.0,-0.0
Transformer,rcs,2025-10-21,-0.0,0.0
Transformer,rcs,2025-10-22,-0.0,-0.0
Transformer,rcs,2025-10-23,-0.0,-0.0
Transformer,rcs,2025-10-24,-0.0,-0.0
Transformer,rcs,2025-10-27,0.0,-0.0
Transformer,rcs,2025-10-28,0.0,-0.0
Transformer,rcs,2025-10-29,-0.0,-0.0
Transformer,rcs,2025-10-30,-0.0,-0.0
Transformer,rcs,2025-10-31,-0.0,0.0
Transformer,rcs,2025-11-03,-0.0,-0.0
Transformer,rcs,2025-11-04,-0.0,0.0
Transformer,rcs,2025-11-05,-0.0,-0.0
Transformer,rcs,2025-11-06,-0.0,0.0
Transformer,rcs,2025-11-07,-0.0,-0.0
Transformer,rcs,2025-11-10,-0.0,-0.0
Transformer,rcs,2025-11-11,-0.0,0.0
Transformer,rcs,2025-11-12,-0.0,-0.0
Transformer,rcs,2025-11-13,-0.0,0.0
Transformer,rcs,2025-11-14,-0.0,0.0
Transformer,rcs,2025-11-17,-0.0,0.0
Transformer,rcs,2025-11-18,-0.0,0.0
Transformer,rcs,2025-11-19,-0.0,-0.0
Transformer,rcs,2025-11-20,-0.0,0.0
Transformer,rcs,2025-11-21,0.0,0.0
Transformer,rcs,2025-11-24,0.5,0.009429439241032006
Transformer,rcs,2025-11-25,0.5,0.004667755077491842
Transformer,rcs,2025-11-26,0.5,0.007065322003665497
Transformer,rcs,2025-11-28,0.0,-5e-05
Transformer,rcs,2025-12-01,0.0,-0.0
Transformer,rcs,2025-12-02,0.0,-0.0
Transformer,rcs,2025-12-03,0.0,0.0
Transformer,rcs,2025-12-04,0.0,-0.0
Transformer,rcs,2025-12-05,0.0,0.0
Transformer,rcs,2025-12-08,0.0,0.0
Transformer,rcs,2025-12-09,0.0,0.0
Transformer,rcs,2025-12-10,-0.0,0.0
Transformer,rcs,2025-12-11,-0.0,-0.0
Transformer,rcs,2025-12-12,0.0,0.0
Transformer,rcs,2025-12-15,0.0,0.0
Transformer,rcs,2025-12-16,0.0,0.0
Transformer,rcs,2025-12-17,-0.0,-0.0
Transformer,rcs,2025-12-18,-0.0,-0.0
Transformer,rcs,2025-12-19,0.0,0.0
Transformer,rcs,2025-12-22,0.0,0.0
Transformer,rcs,2025-12-23,0.0,0.0
Transformer,rcs,2025-12-24,-0.0,0.0
Transformer,rcs,2025-12-26,-0.0,-0.0
Transformer,rcs,2025-12-29,-0.0,0.0
Transformer,rcs,2025-12-30,0.0,0.0
Transformer,rcs,2025-12-31,-0.0,0.0
Transformer,rcs,2026-01-02,-0.0,-0.0
Transformer,rcs,2026-01-05,-0.0,-0.0
Transformer,rcs,2026-01-06,-0.0,-0.0
Transformer,rcs,2026-01-07,-0.0,0.0
Transformer,rcs,2026-01-08,-0.0,0.0
Transformer,rcs,2026-01-09,-0.0,-0.0
Transformer,rcs,2026-01-12,-0.0,-0.0
Transformer,rcs,2026-01-13,-0.0,0.0
Transformer,rcs,2026-01-14,-0.0,-0.0
Transformer,rcs,2026-01-15,-0.0,-0.0
Transformer,rcs,2026-01-16,-0.0,0.0
Transformer,rcs,2026-01-20,-0.0,-0.0
Transformer,rcs,2026-01-21,-0.0,-0.0
Transformer,rcs,2026-01-22,-0.0,-0.0
Transformer,rcs,2026-01-23,0.0,0.0
Transformer,rcs,2026-01-26,0.0,0.0
Transformer,rcs,2026-01-27,0.0,-0.0
Transformer,rcs,2026-01-28,0.0,0.0
Transformer,rcs,2026-01-29,0.0,-0.0
Transformer,rcs,2026-01-30,0.0,-0.0
Transformer,rcs,2026-02-02,0.0,-0.0
Transformer,rcs,2026-02-03,0.0,0.0
Transformer,rcs,2026-02-04,0.0,-0.0
Transformer,rcs,2026-02-05,0.0,-0.0
Transformer,rcs,2026-02-06,0.0,0.0
Transformer,rcs,2026-02-09,0.0,0.0
Transformer,rcs,2026-02-10,0.0,-0.0
Transformer,rcs,2026-02-11,0.0,0.0
Transformer,rcs,2026-02-12,0.0,-0.0
Transformer,rcs,2026-02-13,0.0,0.0
Transformer,rcs,2026-02-17,0.0,-0.0
Transformer,rcs,2026-02-18,0.0,0.0
Transformer,rcs,2026-02-19,0.0,-0.0
Transformer,rcs,2026-02-20,0.0,0.0
Transformer,rcs,2026-02-23,0.0,-0.0
Transformer,rcs,2026-02-24,0.0,0.0
Transformer,rcs,2026-02-25,0.0,0.0
Transformer,rcs,2026-02-26,0.0,-0.0
Transformer,rcs,2026-02-27,0.0,0.0
Transformer,rcs,2026-03-02,0.0,-0.0
Transformer,rcs,2026-03-03,0.0,-0.0
Transformer,rcs,2026-03-04,-0.0,-0.0
Transformer,rcs,2026-03-05,-0.0,0.0
Transformer,rcs,2026-03-06,-0.0,-0.0
Transformer,rcs,2026-03-09,-0.0,-0.0
Transformer,rcs,2026-03-10,-0.0,-0.0
Transformer,rcs,2026-03-11,-0.0,0.0
Transformer,rcs,2026-03-12,-0.0,0.0
Transformer,rcs,2026-03-13,-0.0,0.0
Transformer,rcs,2026-03-16,-0.0,-0.0
Transformer,rcs,2026-03-17,0.0,0.0
Transformer,rcs,2026-03-18,-0.0,0.0
Transformer,rcs,2026-03-19,-0.0,0.0
Transformer,rcs,2026-03-20,-0.0,-0.0
Transformer,rcs,2026-03-23,0.0,-0.0
Transformer,rcs,2026-03-24,0.0,0.0
Transformer,rcs,2026-03-25,0.0,0.0
Transformer,rcs,2026-03-26,0.0,-0.0
Transformer,rcs,2026-03-27,0.0,0.0
Transformer,rcs,2026-03-30,0.0,0.0
Transformer,rcs,2026-03-31,0.0,0.0
Transformer,rcs,2026-04-01,0.0,0.0
Transformer,rcs,2026-04-02,0.0,-0.0
Transformer,rcs,2026-04-06,0.0,-0.0
Transformer,rcs,2026-04-07,0.0,-0.0
Transformer,rcs,2026-04-08,0.0,0.0
Transformer,rcs,2026-04-09,0.0,0.0
Transformer,rcs,2026-04-10,0.0,-0.0
Transformer,rcs,2026-04-13,0.0,0.0
Transformer,rcs,2026-04-14,0.0,0.0
Transformer,rcs,2026-04-15,-0.0,-0.0
Transformer,rcs,2026-04-16,-0.0,0.0
Transformer,rcs,2026-04-17,0.0,0.0
Transformer,rcs,2026-04-20,0.0,-0.0
Transformer,rcs,2026-04-21,-0.0,0.0
Transformer,rcs,2026-04-22,-0.0,-0.0
Transformer,rcs,2026-04-23,-0.0,0.0
Transformer,rcs,2026-04-24,-0.0,0.0
Transformer,rcs,2026-04-27,-0.0,0.0
Transformer,rcs,2026-04-28,0.0,-0.0
Transformer,rcs,2026-04-29,-0.0,0.0
Transformer,rcs,2026-04-30,-0.0,-0.0
TCN,rcs,2025-07-02,0.0,0.0
TCN,rcs,2025-07-03,-0.0,0.0
TCN,rcs,2025-07-04,-0.0,-0.0
TCN,rcs,2025-07-07,-0.0,0.0
TCN,rcs,2025-07-08,-0.0,-0.0
TCN,rcs,2025-07-09,-0.0,0.0
TCN,rcs,2025-07-10,0.0,0.0
TCN,rcs,2025-07-11,-0.0,-0.0
TCN,rcs,2025-07-14,-0.0,0.0
TCN,rcs,2025-07-15,-0.0,0.0
TCN,rcs,2025-07-16,-0.0,-0.0
TCN,rcs,2025-07-17,0.0,0.0
TCN,rcs,2025-07-18,-0.0,0.0
TCN,rcs,2025-07-21,-0.0,-0.0
TCN,rcs,2025-07-22,-0.0,0.0
TCN,rcs,2025-07-23,0.0,-0.0
TCN,rcs,2025-07-24,0.0,-0.0
TCN,rcs,2025-07-25,0.0,-0.0
TCN,rcs,2025-07-28,-0.0,0.0
TCN,rcs,2025-07-29,0.0,-0.0
TCN,rcs,2025-07-30,0.0,-0.0
TCN,rcs,2025-07-31,-0.0,0.0
TCN,rcs,2025-08-01,0.0,0.0
TCN,rcs,2025-08-04,-0.0,-0.0
TCN,rcs,2025-08-05,0.0,-0.0
TCN,rcs,2025-08-06,0.0,0.0
TCN,rcs,2025-08-07,-0.0,-0.0
TCN,rcs,2025-08-08,0.0,-0.0
TCN,rcs,2025-08-11,0.0,0.0
TCN,rcs,2025-08-12,-0.0,-0.0
TCN,rcs,2025-08-13,-0.0,0.0
TCN,rcs,2025-08-14,-0.0,-0.0
TCN,rcs,2025-08-15,0.0,-0.0
TCN,rcs,2025-08-18,-0.0,0.0
TCN,rcs,2025-08-19,0.0,-0.0
TCN,rcs,2025-08-20,0.0,0.0
TCN,rcs,2025-08-21,-0.0,-0.0
TCN,rcs,2025-08-22,-0.0,-0.0
TCN,rcs,2025-08-25,-0.0,0.0
TCN,rcs,2025-08-26,-0.0,-0.0
TCN,rcs,2025-08-27,-0.0,0.0
TCN,rcs,2025-08-28,-0.0,-0.0
TCN,rcs,2025-08-29,-0.0,-0.0
TCN,rcs,2025-09-02,-1.0,-0.02946230437867482
TCN,rcs,2025-09-03,-0.5,-0.015272622446730782
TCN,rcs,2025-09-04,-0.5,0.026715458276449056
TCN,rcs,2025-09-05,-0.0,-5e-05
TCN,rcs,2025-09-08,-0.0,0.0
TCN,rcs,2025-09-09,-0.0,0.0
TCN,rcs,2025-09-10,0.0,0.0
TCN,rcs,2025-09-11,-0.0,-0.0
TCN,rcs,2025-09-12,-0.0,-0.0
TCN,rcs,2025-09-15,-0.0,-0.0
TCN,rcs,2025-09-16,-0.0,0.0
TCN,rcs,2025-09-17,-0.0,0.0
TCN,rcs,2025-09-18,-0.0,-0.0
TCN,rcs,2025-09-19,0.0,0.0
TCN,rcs,2025-09-22,0.0,0.0
TCN,rcs,2025-09-23,-0.0,-0.0
TCN,rcs,2025-09-24,-0.0,0.0
TCN,rcs,2025-09-25,-0.0,-0.0
TCN,rcs,2025-09-26,-0.0,-0.0
TCN,rcs,2025-09-29,0.0,0.0
TCN,rcs,2025-09-30,0.0,-0.0
TCN,rcs,2025-10-01,0.0,-0.0
TCN,rcs,2025-10-02,-0.0,0.0
TCN,rcs,2025-10-03,-0.0,-0.0
TCN,rcs,2025-10-06,0.0,0.0
TCN,rcs,2025-10-07,-0.0,0.0
TCN,rcs,2025-10-08,-0.0,-0.0
TCN,rcs,2025-10-09,-0.0,0.0
TCN,rcs,2025-10-10,-0.0,0.0
TCN,rcs,2025-10-13,-0.0,-0.0
TCN,rcs,2025-10-14,-0.0,0.0
TCN,rcs,2025-10-15,-0.0,-0.0
TCN,rcs,2025-10-16,-0.0,-0.0
TCN,rcs,2025-10-17,-0.0,0.0
TCN,rcs,2025-10-20,0.0,0.0
TCN,rcs,2025-10-21,0.0,-0.0
TCN,rcs,2025-10-22,-0.0,-0.0
TCN,rcs,2025-10-23,-0.0,-0.0
TCN,rcs,2025-10-24,0.0,0.0
TCN,rcs,2025-10-27,0.0,-0.0
TCN,rcs,2025-10-28,-0.0,0.0
TCN,rcs,2025-10-29,-0.0,-0.0
TCN,rcs,2025-10-30,0.0,0.0
TCN,rcs,2025-10-31,-0.0,0.0
TCN,rcs,2025-11-03,-0.0,-0.0
TCN,rcs,2025-11-04,-0.0,0.0
TCN,rcs,2025-11-05,-0.0,-0.0
TCN,rcs,2025-11-06,-0.0,0.0
TCN,rcs,2025-11-07,-0.0,-0.0
TCN,rcs,2025-11-10,-0.0,-0.0
TCN,rcs,2025-11-11,-0.0,0.0
TCN,rcs,2025-11-12,-0.0,-0.0
TCN,rcs,2025-11-13,0.0,-0.0
TCN,rcs,2025-11-14,0.0,-0.0
TCN,rcs,2025-11-17,-0.0,0.0
TCN,rcs,2025-11-18,-0.0,0.0
TCN,rcs,2025-11-19,-0.0,-0.0
TCN,rcs,2025-11-20,-0.0,0.0
TCN,rcs,2025-11-21,0.0,0.0
TCN,rcs,2025-11-24,-0.5,-0.009529439241032006
TCN,rcs,2025-11-25,-0.5,-0.004667755077491842
TCN,rcs,2025-11-26,-0.5,-0.007065322003665497
TCN,rcs,2025-11-28,0.0,-5e-05
TCN,rcs,2025-12-01,0.0,-0.0
TCN,rcs,2025-12-02,-0.0,0.0
TCN,rcs,2025-12-03,-0.0,-0.0
TCN,rcs,2025-12-04,-0.0,0.0
TCN,rcs,2025-12-05,0.0,0.0
TCN,rcs,2025-12-08,-0.0,-0.0
TCN,rcs,2025-12-09,-0.0,-0.0
TCN,rcs,2025-12-10,0.0,-0.0
TCN,rcs,2025-12-11,0.0,0.0
TCN,rcs,2025-12-12,0.0,0.0
TCN,rcs,2025-12-15,-0.0,-0.0
TCN,rcs,2025-12-16,-0.0,-0.0
TCN,rcs,2025-12-17,-0.0,-0.0
TCN,rcs,2025-12-18,0.0,0.0
TCN,rcs,2025-12-19,-0.0,-0.0
TCN,rcs,2025-12-22,-0.0,-0.0
TCN,rcs,2025-12-23,-0.0,-0.0
TCN,rcs,2025-12-24,-0.0,0.0
TCN,rcs,2025-12-26,0.0,0.0
TCN,rcs,2025-12-29,0.0,-0.0
TCN,rcs,2025-12-30,0.0,0.0
TCN,rcs,2025-12-31,0.0,-0.0
TCN,rcs,2026-01-02,0.0,0.0
TCN,rcs,2026-01-05,0.0,0.0
TCN,rcs,2026-01-06,0.0,0.0
TCN,rcs,2026-01-07,0.0,-0.0
TCN,rcs,2026-01-08,0.0,-0.0
TCN,rcs,2026-01-09,0.0,0.0
TCN,rcs,2026-01-12,0.0,0.0
TCN,rcs,2026-01-13,0.0,-0.0
TCN,rcs,2026-01-14,0.0,0.0
TCN,rcs,2026-01-15,0.0,0.0
TCN,rcs,2026-01-16,0.0,-0.0
TCN,rcs,2026-01-20,0.0,0.0
TCN,rcs,2026-01-21,0.0,0.0
TCN,rcs,2026-01-22,-0.0,-0.0
TCN,rcs,2026-01-23,0.0,0.0
TCN,rcs,2026-01-26,0.0,0.0
TCN,rcs,2026-01-27,0.0,-0.0
TCN,rcs,2026-01-28,0.0,0.0
TCN,rcs,2026-01-29,0.0,-0.0
TCN,rcs,2026-01-30,0.0,-0.0
TCN,rcs,2026-02-02,0.0,-0.0
TCN,rcs,2026-02-03,0.0,0.0
TCN,rcs,2026-02-04,0.0,-0.0
TCN,rcs,2026-02-05,0.0,-0.0
TCN,rcs,2026-02-06,0.0,0.0
TCN,rcs,2026-02-09,0.0,0.0
TCN,rcs,2026-02-10,0.0,-0.0
TCN,rcs,2026-02-11,0.0,0.0
TCN,rcs,2026-02-12,-0.0,0.0
TCN,rcs,2026-02-13,0.0,0.0
TCN,rcs,2026-02-17,0.0,-0.0
TCN,rcs,2026-02-18,0.0,0.0
TCN,rcs,2026-02-19,0.0,-0.0
TCN,rcs,2026-02-20,0.0,0.0
TCN,rcs,2026-02-23,0.0,-0.0
TCN,rcs,2026-02-24,-0.0,-0.0
TCN,rcs,2026-02-25,0.0,0.0
TCN,rcs,2026-02-26,-0.0,0.0
TCN,rcs,2026-02-27,0.0,0.0
TCN,rcs,2026-03-02,0.0,-0.0
TCN,rcs,2026-03-03,-0.0,0.0
TCN,rcs,2026-03-04,-0.0,-0.0
TCN,rcs,2026-03-05,-0.0,0.0
TCN,rcs,2026-03-06,0.0,0.0
TCN,rcs,2026-03-09,-0.0,-0.0
TCN,rcs,2026-03-10,-0.0,-0.0
TCN,rcs,2026-03-11,-0.0,0.0
TCN,rcs,2026-03-12,-0.0,0.0
TCN,rcs,2026-03-13,-0.0,0.0
TCN,rcs,2026-03-16,-0.0,-0.0
TCN,rcs,2026-03-17,0.0,0.0
TCN,rcs,2026-03-18,-0.0,0.0
TCN,rcs,2026-03-19,0.0,-0.0
TCN,rcs,2026-03-20,0.0,0.0
TCN,rcs,2026-03-23,-0.0,0.0
TCN,rcs,2026-03-24,0.0,0.0
TCN,rcs,2026-03-25,-0.0,-0.0
TCN,rcs,2026-03-26,-0.0,0.0
TCN,rcs,2026-03-27,-0.0,-0.0
TCN,rcs,2026-03-30,-0.0,-0.0
TCN,rcs,2026-03-31,-0.0,-0.0
TCN,rcs,2026-04-01,0.0,0.0
TCN,rcs,2026-04-02,-0.0,0.0
TCN,rcs,2026-04-06,0.0,-0.0
TCN,rcs,2026-04-07,0.0,-0.0
TCN,rcs,2026-04-08,-0.0,-0.0
TCN,rcs,2026-04-09,0.0,0.0
TCN,rcs,2026-04-10,-0.0,0.0
TCN,rcs,2026-04-13,0.0,0.0
TCN,rcs,2026-04-14,0.0,0.0
TCN,rcs,2026-04-15,0.0,0.0
TCN,rcs,2026-04-16,-0.0,0.0
TCN,rcs,2026-04-17,-0.0,-0.0
TCN,rcs,2026-04-20,0.0,-0.0
TCN,rcs,2026-04-21,0.0,-0.0
TCN,rcs,2026-04-22,0.0,0.0
TCN,rcs,2026-04-23,-0.0,0.0
TCN,rcs,2026-04-24,0.0,-0.0
TCN,rcs,2026-04-27,0.0,-0.0
TCN,rcs,2026-04-28,0.0,-0.0
TCN,rcs,2026-04-29,0.0,-0.0
TCN,rcs,2026-04-30,0.0,0.0
CNN LSTM,rcs,2025-07-02,-0.0,-0.0
CNN LSTM,rcs,2025-07-03,0.0,-0.0
CNN LSTM,rcs,2025-07-04,-0.0,-0.0
CNN LSTM,rcs,2025-07-07,0.0,-0.0
CNN LSTM,rcs,2025-07-08,-0.0,-0.0
CNN LSTM,rcs,2025-07-09,-0.0,0.0
CNN LSTM,rcs,2025-07-10,-0.0,-0.0
CNN LSTM,rcs,2025-07-11,-0.0,-0.0
CNN LSTM,rcs,2025-07-14,0.0,-0.0
CNN LSTM,rcs,2025-07-15,-0.0,0.0
CNN LSTM,rcs,2025-07-16,0.0,0.0
CNN LSTM,rcs,2025-07-17,-0.0,-0.0
CNN LSTM,rcs,2025-07-18,-0.0,0.0
CNN LSTM,rcs,2025-07-21,-0.0,-0.0
CNN LSTM,rcs,2025-07-22,-0.0,0.0
CNN LSTM,rcs,2025-07-23,-0.0,0.0
CNN LSTM,rcs,2025-07-24,-0.0,0.0
CNN LSTM,rcs,2025-07-25,-0.0,0.0
CNN LSTM,rcs,2025-07-28,-0.0,0.0
CNN LSTM,rcs,2025-07-29,-0.0,0.0
CNN LSTM,rcs,2025-07-30,0.0,-0.0
CNN LSTM,rcs,2025-07-31,0.0,-0.0
CNN LSTM,rcs,2025-08-01,-0.0,-0.0
CNN LSTM,rcs,2025-08-04,0.0,0.0
CNN LSTM,rcs,2025-08-05,0.0,-0.0
CNN LSTM,rcs,2025-08-06,0.0,0.0
CNN LSTM,rcs,2025-08-07,0.0,0.0
CNN LSTM,rcs,2025-08-08,0.0,-0.0
CNN LSTM,rcs,2025-08-11,0.0,0.0
CNN LSTM,rcs,2025-08-12,0.0,0.0
CNN LSTM,rcs,2025-08-13,0.0,-0.0
CNN LSTM,rcs,2025-08-14,0.0,0.0
CNN LSTM,rcs,2025-08-15,0.0,-0.0
CNN LSTM,rcs,2025-08-18,0.0,-0.0
CNN LSTM,rcs,2025-08-19,0.0,-0.0
CNN LSTM,rcs,2025-08-20,0.0,0.0
CNN LSTM,rcs,2025-08-21,0.0,0.0
CNN LSTM,rcs,2025-08-22,0.0,0.0
CNN LSTM,rcs,2025-08-25,0.0,-0.0
CNN LSTM,rcs,2025-08-26,0.0,0.0
CNN LSTM,rcs,2025-08-27,0.0,-0.0
CNN LSTM,rcs,2025-08-28,0.0,0.0
CNN LSTM,rcs,2025-08-29,-0.0,-0.0
CNN LSTM,rcs,2025-09-02,-1.0,-0.02946230437867482
CNN LSTM,rcs,2025-09-03,-0.5,-0.015272622446730782
CNN LSTM,rcs,2025-09-04,-0.5,0.026715458276449056
CNN LSTM,rcs,2025-09-05,-0.0,-5e-05
CNN LSTM,rcs,2025-09-08,0.0,-0.0
CNN LSTM,rcs,2025-09-09,-0.0,0.0
CNN LSTM,rcs,2025-09-10,-0.0,-0.0
CNN LSTM,rcs,2025-09-11,-0.0,-0.0
CNN LSTM,rcs,2025-09-12,-0.0,-0.0
CNN LSTM,rcs,2025-09-15,-0.0,-0.0
CNN LSTM,rcs,2025-09-16,-0.0,0.0
CNN LSTM,rcs,2025-09-17,-0.0,0.0
CNN LSTM,rcs,2025-09-18,-0.0,-0.0
CNN LSTM,rcs,2025-09-19,-0.0,-0.0
CNN LSTM,rcs,2025-09-22,-0.0,-0.0
CNN LSTM,rcs,2025-09-23,-0.0,-0.0
CNN LSTM,rcs,2025-09-24,-0.0,0.0
CNN LSTM,rcs,2025-09-25,-0.0,-0.0
CNN LSTM,rcs,2025-09-26,-0.0,-0.0
CNN LSTM,rcs,2025-09-29,-0.0,-0.0
CNN LSTM,rcs,2025-09-30,-0.0,0.0
CNN LSTM,rcs,2025-10-01,-0.0,0.0
CNN LSTM,rcs,2025-10-02,-0.0,0.0
CNN LSTM,rcs,2025-10-03,0.0,0.0
CNN LSTM,rcs,2025-10-06,-0.0,-0.0
CNN LSTM,rcs,2025-10-07,-0.0,0.0
CNN LSTM,rcs,2025-10-08,-0.0,-0.0
CNN LSTM,rcs,2025-10-09,0.0,-0.0
CNN LSTM,rcs,2025-10-10,0.0,-0.0
CNN LSTM,rcs,2025-10-13,0.0,0.0
CNN LSTM,rcs,2025-10-14,0.0,-0.0
CNN LSTM,rcs,2025-10-15,0.0,0.0
CNN LSTM,rcs,2025-10-16,0.0,0.0
CNN LSTM,rcs,2025-10-17,0.0,-0.0
CNN LSTM,rcs,2025-10-20,0.0,0.0
CNN LSTM,rcs,2025-10-21,0.0,-0.0
CNN LSTM,rcs,2025-10-22,0.0,0.0
CNN LSTM,rcs,2025-10-23,0.0,0.0
CNN LSTM,rcs,2025-10-24,0.0,0.0
CNN LSTM,rcs,2025-10-27,0.0,-0.0
CNN LSTM,rcs,2025-10-28,0.0,-0.0
CNN LSTM,rcs,2025-10-29,-0.0,-0.0
CNN LSTM,rcs,2025-10-30,-0.0,-0.0
CNN LSTM,rcs,2025-10-31,-0.0,0.0
CNN LSTM,rcs,2025-11-03,-0.0,-0.0
CNN LSTM,rcs,2025-11-04,-0.0,0.0
CNN LSTM,rcs,2025-11-05,-0.0,-0.0
CNN LSTM,rcs,2025-11-06,-0.0,0.0
CNN LSTM,rcs,2025-11-07,-0.0,-0.0
CNN LSTM,rcs,2025-11-10,-0.0,-0.0
CNN LSTM,rcs,2025-11-11,-0.0,0.0
CNN LSTM,rcs,2025-11-12,-0.0,-0.0
CNN LSTM,rcs,2025-11-13,-0.0,0.0
CNN LSTM,rcs,2025-11-14,-0.0,0.0
CNN LSTM,rcs,2025-11-17,-0.0,0.0
CNN LSTM,rcs,2025-11-18,-0.0,0.0
CNN LSTM,rcs,2025-11-19,-0.0,-0.0
CNN LSTM,rcs,2025-11-20,-0.0,0.0
CNN LSTM,rcs,2025-11-21,-0.0,-0.0
CNN LSTM,rcs,2025-11-24,-0.5,-0.009529439241032006
CNN LSTM,rcs,2025-11-25,-0.5,-0.004667755077491842
CNN LSTM,rcs,2025-11-26,-0.5,-0.007065322003665497
CNN LSTM,rcs,2025-11-28,-0.0,-5e-05
CNN LSTM,rcs,2025-12-01,-0.0,0.0
CNN LSTM,rcs,2025-12-02,-0.0,0.0
CNN LSTM,rcs,2025-12-03,0.0,0.0
CNN LSTM,rcs,2025-12-04,0.0,-0.0
CNN LSTM,rcs,2025-12-05,0.0,0.0
CNN LSTM,rcs,2025-12-08,0.0,0.0
CNN LSTM,rcs,2025-12-09,0.0,0.0
CNN LSTM,rcs,2025-12-10,0.0,-0.0
CNN LSTM,rcs,2025-12-11,0.0,0.0
CNN LSTM,rcs,2025-12-12,0.0,0.0
CNN LSTM,rcs,2025-12-15,0.0,0.0
CNN LSTM,rcs,2025-12-16,-0.0,-0.0
CNN LSTM,rcs,2025-12-17,0.0,0.0
CNN LSTM,rcs,2025-12-18,0.0,0.0
CNN LSTM,rcs,2025-12-19,0.0,0.0
CNN LSTM,rcs,2025-12-22,-0.0,-0.0
CNN LSTM,rcs,2025-12-23,-0.0,-0.0
CNN LSTM,rcs,2025-12-24,0.0,-0.0
CNN LSTM,rcs,2025-12-26,0.0,0.0
CNN LSTM,rcs,2025-12-29,0.0,-0.0
CNN LSTM,rcs,2025-12-30,-0.0,-0.0
CNN LSTM,rcs,2025-12-31,-0.0,0.0
CNN LSTM,rcs,2026-01-02,-0.0,-0.0
CNN LSTM,rcs,2026-01-05,-0.0,-0.0
CNN LSTM,rcs,2026-01-06,0.0,0.0
CNN LSTM,rcs,2026-01-07,0.0,-0.0
CNN LSTM,rcs,2026-01-08,-0.0,0.0
CNN LSTM,rcs,2026-01-09,-0.0,-0.0
CNN LSTM,rcs,2026-01-12,-0.0,-0.0
CNN LSTM,rcs,2026-01-13,-0.0,0.0
CNN LSTM,rcs,2026-01-14,0.0,0.0
CNN LSTM,rcs,2026-01-15,-0.0,-0.0
CNN LSTM,rcs,2026-01-16,0.0,-0.0
CNN LSTM,rcs,2026-01-20,-0.0,-0.0
CNN LSTM,rcs,2026-01-21,-0.0,-0.0
CNN LSTM,rcs,2026-01-22,-0.0,-0.0
CNN LSTM,rcs,2026-01-23,-0.0,-0.0
CNN LSTM,rcs,2026-01-26,-0.0,-0.0
CNN LSTM,rcs,2026-01-27,-0.0,0.0
CNN LSTM,rcs,2026-01-28,-0.0,-0.0
CNN LSTM,rcs,2026-01-29,-0.0,0.0
CNN LSTM,rcs,2026-01-30,0.0,-0.0
CNN LSTM,rcs,2026-02-02,0.0,-0.0
CNN LSTM,rcs,2026-02-03,0.0,0.0
CNN LSTM,rcs,2026-02-04,0.0,-0.0
CNN LSTM,rcs,2026-02-05,0.0,-0.0
CNN LSTM,rcs,2026-02-06,0.0,0.0
CNN LSTM,rcs,2026-02-09,0.0,0.0
CNN LSTM,rcs,2026-02-10,0.0,-0.0
CNN LSTM,rcs,2026-02-11,0.0,0.0
CNN LSTM,rcs,2026-02-12,0.0,-0.0
CNN LSTM,rcs,2026-02-13,0.0,0.0
CNN LSTM,rcs,2026-02-17,0.0,-0.0
CNN LSTM,rcs,2026-02-18,0.0,0.0
CNN LSTM,rcs,2026-02-19,0.0,-0.0
CNN LSTM,rcs,2026-02-20,0.0,0.0
CNN LSTM,rcs,2026-02-23,-0.0,0.0
CNN LSTM,rcs,2026-02-24,-0.0,-0.0
CNN LSTM,rcs,2026-02-25,-0.0,-0.0
CNN LSTM,rcs,2026-02-26,-0.0,0.0
CNN LSTM,rcs,2026-02-27,-0.0,-0.0
CNN LSTM,rcs,2026-03-02,-0.0,0.0
CNN LSTM,rcs,2026-03-03,-0.0,0.0
CNN LSTM,rcs,2026-03-04,-0.0,-0.0
CNN LSTM,rcs,2026-03-05,-0.0,0.0
CNN LSTM,rcs,2026-03-06,0.0,0.0
CNN LSTM,rcs,2026-03-09,0.0,0.0
CNN LSTM,rcs,2026-03-10,0.0,0.0
CNN LSTM,rcs,2026-03-11,0.0,-0.0
CNN LSTM,rcs,2026-03-12,0.0,-0.0
CNN LSTM,rcs,2026-03-13,-0.0,0.0
CNN LSTM,rcs,2026-03-16,-0.0,-0.0
CNN LSTM,rcs,2026-03-17,0.0,0.0
CNN LSTM,rcs,2026-03-18,0.0,-0.0
CNN LSTM,rcs,2026-03-19,0.0,-0.0
CNN LSTM,rcs,2026-03-20,0.0,0.0
CNN LSTM,rcs,2026-03-23,0.0,-0.0
CNN LSTM,rcs,2026-03-24,0.0,0.0
CNN LSTM,rcs,2026-03-25,0.0,0.0
CNN LSTM,rcs,2026-03-26,0.0,-0.0
CNN LSTM,rcs,2026-03-27,0.0,0.0
CNN LSTM,rcs,2026-03-30,0.0,0.0
CNN LSTM,rcs,2026-03-31,0.0,0.0
CNN LSTM,rcs,2026-04-01,-0.0,-0.0
CNN LSTM,rcs,2026-04-02,-0.0,0.0
CNN LSTM,rcs,2026-04-06,-0.0,0.0
CNN LSTM,rcs,2026-04-07,-0.0,0.0
CNN LSTM,rcs,2026-04-08,-0.0,-0.0
CNN LSTM,rcs,2026-04-09,-0.0,-0.0
CNN LSTM,rcs,2026-04-10,-0.0,0.0
CNN LSTM,rcs,2026-04-13,-0.0,-0.0
CNN LSTM,rcs,2026-04-14,-0.0,-0.0
CNN LSTM,rcs,2026-04-15,-0.0,-0.0
CNN LSTM,rcs,2026-04-16,-0.0,0.0
CNN LSTM,rcs,2026-04-17,-0.0,-0.0
CNN LSTM,rcs,2026-04-20,-0.0,0.0
CNN LSTM,rcs,2026-04-21,-0.0,0.0
CNN LSTM,rcs,2026-04-22,-0.0,-0.0
CNN LSTM,rcs,2026-04-23,-0.0,0.0
CNN LSTM,rcs,2026-04-24,-0.0,0.0
CNN LSTM,rcs,2026-04-27,-0.0,0.0
CNN LSTM,rcs,2026-04-28,0.0,-0.0
CNN LSTM,rcs,2026-04-29,-0.0,0.0
CNN LSTM,rcs,2026-04-30,-0.0,-0.0
