Model,Strategy,Date,w,y
Random Walk,static,2025-07-02,0.0,0.0
Random Walk,static,2025-07-03,0.0,0.0
Random Walk,static,2025-07-04,0.0,-0.0
Random Walk,static,2025-07-07,0.0,-0.0
Random Walk,static,2025-07-08,0.0,-0.0
Random Walk,static,2025-07-09,0.0,-0.0
Random Walk,static,2025-07-10,0.0,0.0
Random Walk,static,2025-07-11,0.0,0.0
Random Walk,static,2025-07-14,0.0,-0.0
Random Walk,static,2025-07-15,0.0,-0.0
Random Walk,static,2025-07-16,0.0,0.0
Random Walk,static,2025-07-17,0.0,0.0
Random Walk,static,2025-07-18,0.0,0.0
Random Walk,static,2025-07-21,0.0,0.0
Random Walk,static,2025-07-22,0.0,0.0
Random Walk,static,2025-07-23,0.0,-0.0
Random Walk,static,2025-07-24,0.0,-0.0
Random Walk,static,2025-07-25,0.0,-0.0
Random Walk,static,2025-07-28,0.0,-0.0
Random Walk,static,2025-07-29,0.0,0.0
Random Walk,static,2025-07-30,0.0,-0.0
Random Walk,static,2025-07-31,0.0,-0.0
Random Walk,static,2025-08-01,0.0,0.0
Random Walk,static,2025-08-04,0.0,0.0
Random Walk,static,2025-08-05,0.0,0.0
Random Walk,static,2025-08-06,0.0,0.0
Random Walk,static,2025-08-07,0.0,0.0
Random Walk,static,2025-08-08,0.0,0.0
Random Walk,static,2025-08-11,0.0,-0.0
Random Walk,static,2025-08-12,0.0,0.0
Random Walk,static,2025-08-13,0.0,0.0
Random Walk,static,2025-08-14,0.0,-0.0
Random Walk,static,2025-08-15,0.0,-0.0
Random Walk,static,2025-08-18,0.0,0.0
Random Walk,static,2025-08-19,0.0,-0.0
Random Walk,static,2025-08-20,0.0,0.0
Random Walk,static,2025-08-21,0.0,0.0
Random Walk,static,2025-08-22,0.0,0.0
Random Walk,static,2025-08-25,0.0,-0.0
Random Walk,static,2025-08-26,0.0,-0.0
Random Walk,static,2025-08-27,0.0,0.0
Random Walk,static,2025-08-28,0.0,0.0
Random Walk,static,2025-08-29,0.0,0.0
Random Walk,static,2025-09-02,0.0,0.0
Random Walk,static,2025-09-03,0.0,0.0
Random Walk,static,2025-09-04,0.0,-0.0
Random Walk,static,2025-09-05,0.0,0.0
Random Walk,static,2025-09-08,0.0,0.0
Random Walk,static,2025-09-09,0.0,-0.0
Random Walk,static,2025-09-10,0.0,0.0
Random Walk,static,2025-09-11,0.0,0.0
Random Walk,static,2025-09-12,0.0,0.0
Random Walk,static,2025-09-15,0.0,0.0
Random Walk,static,2025-09-16,0.0,-0.0
Random Walk,static,2025-09-17,0.0,-0.0
Random Walk,static,2025-09-18,0.0,-0.0
Random Walk,static,2025-09-19,0.0,0.0
Random Walk,static,2025-09-22,0.0,0.0
Random Walk,static,2025-09-23,0.0,0.0
Random Walk,static,2025-09-24,0.0,-0.0
Random Walk,static,2025-09-25,0.0,0.0
Random Walk,static,2025-09-26,0.0,0.0
Random Walk,static,2025-09-29,0.0,0.0
Random Walk,static,2025-09-30,0.0,-0.0
Random Walk,static,2025-10-01,0.0,0.0
Random Walk,static,2025-10-02,0.0,-0.0
Random Walk,static,2025-10-03,0.0,0.0
Random Walk,static,2025-10-06,0.0,0.0
Random Walk,static,2025-10-07,0.0,-0.0
Random Walk,static,2025-10-08,0.0,0.0
Random Walk,static,2025-10-09,0.0,-0.0
Random Walk,static,2025-10-10,0.0,0.0
Random Walk,static,2025-10-13,0.0,0.0
Random Walk,static,2025-10-14,0.0,0.0
Random Walk,static,2025-10-15,0.0,0.0
Random Walk,static,2025-10-16,0.0,0.0
Random Walk,static,2025-10-17,0.0,-0.0
Random Walk,static,2025-10-20,0.0,0.0
Random Walk,static,2025-10-21,0.0,-0.0
Random Walk,static,2025-10-22,0.0,0.0
Random Walk,static,2025-10-23,0.0,0.0
Random Walk,static,2025-10-24,0.0,-0.0
Random Walk,static,2025-10-27,0.0,-0.0
Random Walk,static,2025-10-28,0.0,0.0
Random Walk,static,2025-10-29,0.0,0.0
Random Walk,static,2025-10-30,0.0,0.0
Random Walk,static,2025-10-31,0.0,-0.0
Random Walk,static,2025-11-03,0.0,-0.0
Random Walk,static,2025-11-04,0.0,-0.0
Random Walk,static,2025-11-05,0.0,0.0
Random Walk,static,2025-11-06,0.0,-0.0
Random Walk,static,2025-11-07,0.0,0.0
Random Walk,static,2025-11-10,0.0,0.0
Random Walk,static,2025-11-11,0.0,0.0
Random Walk,static,2025-11-12,0.0,0.0
Random Walk,static,2025-11-13,0.0,-0.0
Random Walk,static,2025-11-14,0.0,-0.0
Random Walk,static,2025-11-17,0.0,0.0
Random Walk,static,2025-11-18,0.0,-0.0
Random Walk,static,2025-11-19,0.0,0.0
Random Walk,static,2025-11-20,0.0,-0.0
Random Walk,static,2025-11-21,0.0,-0.0
Random Walk,static,2025-11-24,0.0,0.0
Random Walk,static,2025-11-25,0.0,0.0
Random Walk,static,2025-11-26,0.0,0.0
Random Walk,static,2025-11-28,0.0,0.0
Random Walk,static,2025-12-01,0.0,0.0
Random Walk,static,2025-12-02,0.0,-0.0
Random Walk,static,2025-12-03,0.0,-0.0
Random Walk,static,2025-12-04,0.0,-0.0
Random Walk,static,2025-12-05,0.0,0.0
Random Walk,static,2025-12-08,0.0,-0.0
Random Walk,static,2025-12-09,0.0,0.0
Random Walk,static,2025-12-10,0.0,0.0
Random Walk,static,2025-12-11,0.0,0.0
Random Walk,static,2025-12-12,0.0,-0.0
Random Walk,static,2025-12-15,0.0,0.0
Random Walk,static,2025-12-16,0.0,-0.0
Random Walk,static,2025-12-17,0.0,0.0
Random Walk,static,2025-12-18,0.0,-0.0
Random Walk,static,2025-12-19,0.0,0.0
Random Walk,static,2025-12-22,0.0,0.0
Random Walk,static,2025-12-23,0.0,0.0
Random Walk,static,2025-12-24,0.0,0.0
Random Walk,static,2025-12-26,0.0,0.0
Random Walk,static,2025-12-29,0.0,-0.0
Random Walk,static,2025-12-30,0.0,0.0
Random Walk,static,2025-12-31,0.0,-0.0
Random Walk,static,2026-01-02,0.0,0.0
Random Walk,static,2026-01-05,0.0,0.0
Random Walk,static,2026-01-06,0.0,0.0
Random Walk,static,2026-01-07,0.0,-0.0
Random Walk,static,2026-01-08,0.0,-0.0
Random Walk,static,2026-01-09,0.0,0.0
Random Walk,static,2026-01-12,0.0,0.0
Random Walk,static,2026-01-13,0.0,0.0
Random Walk,static,2026-01-14,0.0,0.0
Random Walk,static,2026-01-15,0.0,0.0
Random Walk,static,2026-01-16,0.0,-0.0
Random Walk,static,2026-01-20,0.0,0.0
Random Walk,static,2026-01-21,0.0,-0.0
Random Walk,static,2026-01-22,0.0,0.0
Random Walk,static,2026-01-23,0.0,0.0
Random Walk,static,2026-01-26,0.0,0.0
Random Walk,static,2026-01-27,0.0,-0.0
Random Walk,static,2026-01-28,0.0,0.0
Random Walk,static,2026-01-29,0.0,0.0
Random Walk,static,2026-01-30,0.0,-0.0
Random Walk,static,2026-02-02,0.0,-0.0
Random Walk,static,2026-02-03,0.0,0.0
Random Walk,static,2026-02-04,0.0,0.0
Random Walk,static,2026-02-05,0.0,-0.0
Random Walk,static,2026-02-06,0.0,0.0
Random Walk,static,2026-02-09,0.0,0.0
Random Walk,static,2026-02-10,0.0,-0.0
Random Walk,static,2026-02-11,0.0,0.0
Random Walk,static,2026-02-12,0.0,-0.0
Random Walk,static,2026-02-13,0.0,0.0
Random Walk,static,2026-02-17,0.0,-0.0
Random Walk,static,2026-02-18,0.0,0.0
Random Walk,static,2026-02-19,0.0,0.0
Random Walk,static,2026-02-20,0.0,0.0
Random Walk,static,2026-02-23,0.0,0.0
Random Walk,static,2026-02-24,0.0,0.0
Random Walk,static,2026-02-25,0.0,0.0
Random Walk,static,2026-02-26,0.0,-0.0
Random Walk,static,2026-02-27,0.0,0.0
Random Walk,static,2026-03-02,0.0,-0.0
Random Walk,static,2026-03-03,0.0,-0.0
Random Walk,static,2026-03-04,0.0,-0.0
Random Walk,static,2026-03-05,0.0,-0.0
Random Walk,static,2026-03-06,0.0,0.0
Random Walk,static,2026-03-09,0.0,0.0
Random Walk,static,2026-03-10,0.0,0.0
Random Walk,static,2026-03-11,0.0,-0.0
Random Walk,static,2026-03-12,0.0,-0.0
Random Walk,static,2026-03-13,0.0,-0.0
Random Walk,static,2026-03-16,0.0,-0.0
Random Walk,static,2026-03-17,0.0,-0.0
Random Walk,static,2026-03-18,0.0,-0.0
Random Walk,static,2026-03-19,0.0,-0.0
Random Walk,static,2026-03-20,0.0,-0.0
Random Walk,static,2026-03-23,0.0,-0.0
Random Walk,static,2026-03-24,0.0,0.0
Random Walk,static,2026-03-25,0.0,0.0
Random Walk,static,2026-03-26,0.0,-0.0
Random Walk,static,2026-03-27,0.0,0.0
Random Walk,static,2026-03-30,0.0,0.0
Random Walk,static,2026-03-31,0.0,0.0
Random Walk,static,2026-04-01,0.0,0.0
Random Walk,static,2026-04-02,0.0,-0.0
Random Walk,static,2026-04-06,0.0,-0.0
Random Walk,static,2026-04-07,0.0,-0.0
Random Walk,static,2026-04-08,0.0,0.0
Random Walk,static,2026-04-09,0.0,0.0
Random Walk,static,2026-04-10,0.0,0.0
Random Walk,static,2026-04-13,0.0,-0.0
Random Walk,static,2026-04-14,0.0,0.0
Random Walk,static,2026-04-15,0.0,0.0
Random Walk,static,2026-04-16,0.0,-0.0
Random Walk,static,2026-04-17,0.0,0.0
Random Walk,static,2026-04-20,0.0,-0.0
Random Walk,static,2026-04-21,0.0,-0.0
Random Walk,static,2026-04-22,0.0,0.0
Random Walk,static,2026-04-23,0.0,-0.0
Random Walk,static,2026-04-24,0.0,0.0
Random Walk,static,2026-04-27,0.0,-0.0
Random Walk,static,2026-04-28,0.0,-0.0
Random Walk,static,2026-04-29,0.0,-0.0
Random Walk,static,2026-04-30,0.0,0.0
ARMA,static,2025-07-02,-1.0,-0.009633782726553585
ARMA,static,2025-07-03,1.0,0.009628192002456548
ARMA,static,2025-07-04,1.0,-0.0002446408969268843
ARMA,static,2025-07-07,1.0,-0.0043507774513487085
ARMA,static,2025-07-08,1.0,-0.0039055455371065366
ARMA,static,2025-07-09,1.0,-0.003317569153415856
ARMA,static,2025-07-10,1.0,0.018898969136643906
ARMA,static,2025-07-11,-1.0,-0.04442486548706094
ARMA,static,2025-07-14,-1.0,0.005533066875267112
ARMA,static,2025-07-15,1.0,-0.016527859636761753
ARMA,static,2025-07-16,1.0,0.0005022204171907241
ARMA,static,2025-07-17,-1.0,-0.005562827558010208
ARMA,static,2025-07-18,1.0,0.00418826513469337
ARMA,static,2025-07-21,1.0,0.022970519754129892
ARMA,static,2025-07-22,-1.0,-0.005800827231518668
ARMA,static,2025-07-23,1.0,-0.0012681540493516773
ARMA,static,2025-07-24,1.0,-0.006543102252689392
ARMA,static,2025-07-25,1.0,-0.021885653713550002
ARMA,static,2025-07-28,1.0,-0.0036942605132305184
ARMA,static,2025-07-29,-1.0,-0.0017252368310385568
ARMA,static,2025-07-30,1.0,-0.01380145327907325
ARMA,static,2025-07-31,1.0,-0.026992591774202768
ARMA,static,2025-08-01,1.0,0.006429213786387056
ARMA,static,2025-08-04,-1.0,-0.01120939483429797
ARMA,static,2025-08-05,-1.0,-0.013309284631463969
ARMA,static,2025-08-06,1.0,0.0018961754742510052
ARMA,static,2025-08-07,1.0,0.010379762689984862
ARMA,static,2025-08-08,-1.0,-0.00698753772284435
ARMA,static,2025-08-11,1.0,-0.019852785790503334
ARMA,static,2025-08-12,1.0,0.006292802283267785
ARMA,static,2025-08-13,-1.0,-0.016031613402925714
ARMA,static,2025-08-14,-1.0,0.013428974735347099
ARMA,static,2025-08-15,1.0,-0.002516819549505911
ARMA,static,2025-08-18,-1.0,-0.001704174936088676
ARMA,static,2025-08-19,1.0,-0.018381302806909992
ARMA,static,2025-08-20,1.0,0.011915950329594915
ARMA,static,2025-08-21,-1.0,-0.008739943788736349
ARMA,static,2025-08-22,1.0,0.02546591931624962
ARMA,static,2025-08-25,-1.0,0.008158337240652491
ARMA,static,2025-08-26,1.0,-0.0026561731928067766
ARMA,static,2025-08-27,1.0,0.0027732735880021675
ARMA,static,2025-08-28,1.0,0.012949403224522982
ARMA,static,2025-08-29,-1.0,-0.026171935994458814
ARMA,static,2025-09-02,-1.0,-0.02166662602084668
ARMA,static,2025-09-03,1.0,0.01126796233804892
ARMA,static,2025-09-04,1.0,-0.015189459380388515
ARMA,static,2025-09-05,1.0,0.003984307813467369
ARMA,static,2025-09-08,-1.0,-0.00876983406151013
ARMA,static,2025-09-09,1.0,-0.01342841580293599
ARMA,static,2025-09-10,1.0,0.006238100650602041
ARMA,static,2025-09-11,-1.0,-0.01391159856990345
ARMA,static,2025-09-12,-1.0,-0.016548012198395412
ARMA,static,2025-09-15,1.0,0.0028669132100820117
ARMA,static,2025-09-16,1.0,-0.0010818642302560244
ARMA,static,2025-09-17,1.0,-0.01763557574524066
ARMA,static,2025-09-18,1.0,-0.00035950792398597997
ARMA,static,2025-09-19,-1.0,-0.020076724557404522
ARMA,static,2025-09-22,-1.0,-0.02969250773750587
ARMA,static,2025-09-23,-1.0,-0.008972843177088352
ARMA,static,2025-09-24,1.0,-0.009590860402732293
ARMA,static,2025-09-25,1.0,0.02101555976806302
ARMA,static,2025-09-26,-1.0,-0.03429629556927718
ARMA,static,2025-09-29,-1.0,-0.00845933308782909
ARMA,static,2025-09-30,1.0,-0.00790190430422779
ARMA,static,2025-10-01,1.0,0.022420223562232833
ARMA,static,2025-10-02,-1.0,0.027078513228021107
ARMA,static,2025-10-03,1.0,0.03451739395805029
ARMA,static,2025-10-06,-1.0,-0.010389730636546602
ARMA,static,2025-10-07,1.0,-0.01898041396311525
ARMA,static,2025-10-08,1.0,0.03130624533663995
ARMA,static,2025-10-09,-1.0,0.03691772076534181
ARMA,static,2025-10-10,1.0,0.0016783618801891943
ARMA,static,2025-10-13,-1.0,-0.06820463082047515
ARMA,static,2025-10-14,-1.0,-0.003670418990419533
ARMA,static,2025-10-15,1.0,0.014885318161481842
ARMA,static,2025-10-16,1.0,0.03818058224827747
ARMA,static,2025-10-17,-1.0,0.059377927835793966
ARMA,static,2025-10-20,1.0,0.024968480427872898
ARMA,static,2025-10-21,-1.0,0.07157368014823881
ARMA,static,2025-10-22,1.0,3.177601770218991e-05
ARMA,static,2025-10-23,-1.0,-0.02171239838940544
ARMA,static,2025-10-24,-1.0,0.0021657428655396105
ARMA,static,2025-10-27,1.0,-0.03771780118501091
ARMA,static,2025-10-28,1.0,0.012091399038288708
ARMA,static,2025-10-29,-1.0,-0.012847229101044433
ARMA,static,2025-10-30,1.0,0.01461529562404571
ARMA,static,2025-10-31,1.0,-0.008961797101403657
ARMA,static,2025-11-03,1.0,-0.0022085884499257746
ARMA,static,2025-11-04,1.0,-0.01582858779730234
ARMA,static,2025-11-05,1.0,0.015552681469871654
ARMA,static,2025-11-06,-1.0,0.001241619740434996
ARMA,static,2025-11-07,1.0,0.004465848824837893
ARMA,static,2025-11-10,1.0,0.044984066565782355
ARMA,static,2025-11-11,-1.0,-0.008988925373200308
ARMA,static,2025-11-12,1.0,0.05341730412635879
ARMA,static,2025-11-13,-1.0,0.0046376100019285054
ARMA,static,2025-11-14,1.0,-0.04700259822608024
ARMA,static,2025-11-17,1.0,0.0006918333130370158
ARMA,static,2025-11-18,-1.0,0.0032567750530478664
ARMA,static,2025-11-19,1.0,0.006539348809636781
ARMA,static,2025-11-20,-1.0,0.010491066308134655
ARMA,static,2025-11-21,1.0,-0.007643241129825084
ARMA,static,2025-11-24,1.0,0.00846143326081239
ARMA,static,2025-11-25,-1.0,-0.012905039511451855
ARMA,static,2025-11-26,1.0,0.03871314901495946
ARMA,static,2025-11-28,-1.0,-0.06710947832162556
ARMA,static,2025-12-01,-1.0,-0.034936047761097155
ARMA,static,2025-12-02,1.0,-0.007646293335060749
ARMA,static,2025-12-03,1.0,-0.0010692836319405874
ARMA,static,2025-12-04,1.0,-0.018542519736534868
ARMA,static,2025-12-05,1.0,0.0277059609048389
ARMA,static,2025-12-08,-1.0,0.010806154302419135
ARMA,static,2025-12-09,1.0,0.04116449951401056
ARMA,static,2025-12-10,-1.0,-0.0036902176144437914
ARMA,static,2025-12-11,1.0,0.05859526229257248
ARMA,static,2025-12-12,-1.0,0.039953941223266544
ARMA,static,2025-12-15,1.0,0.02551622710385868
ARMA,static,2025-12-16,-1.0,0.0036131215285358565
ARMA,static,2025-12-17,1.0,0.056211462611495545
ARMA,static,2025-12-18,-1.0,0.024635011476861514
ARMA,static,2025-12-19,1.0,0.034680453492551534
ARMA,static,2025-12-22,-1.0,-0.016072495921934958
ARMA,static,2025-12-23,1.0,0.03777900697426848
ARMA,static,2025-12-24,-1.0,-0.007946295167779583
ARMA,static,2025-12-26,1.0,0.07659748232444616
ARMA,static,2025-12-29,-1.0,0.08648249415745743
ARMA,static,2025-12-30,1.0,0.10742135592561339
ARMA,static,2025-12-31,-1.0,0.09317145568755908
ARMA,static,2026-01-02,1.0,0.005817011066722811
ARMA,static,2026-01-05,-1.0,-0.07968298838354507
ARMA,static,2026-01-06,-1.0,-0.057323633612769376
ARMA,static,2026-01-07,1.0,-0.04235816086587609
ARMA,static,2026-01-08,1.0,-0.03136058405740949
ARMA,static,2026-01-09,1.0,0.05578455855383391
ARMA,static,2026-01-12,-1.0,-0.07278756819972834
ARMA,static,2026-01-13,-1.0,-0.014974568985650416
ARMA,static,2026-01-14,1.0,0.05792970246276006
ARMA,static,2026-01-15,-1.0,-0.011281844394243535
ARMA,static,2026-01-16,1.0,-0.04139678757613432
ARMA,static,2026-01-20,1.0,0.06941682608331146
ARMA,static,2026-01-21,-1.0,0.02098763316676886
ARMA,static,2026-01-22,1.0,0.040641545143949444
ARMA,static,2026-01-23,-1.0,-0.05176502911103433
ARMA,static,2026-01-26,-1.0,-0.14025264653237327
ARMA,static,2026-01-27,-1.0,0.08304656807855537
ARMA,static,2026-01-28,1.0,0.07170846780132131
ARMA,static,2026-01-29,-1.0,-0.008386670632756688
ARMA,static,2026-01-30,1.0,-0.3136684430875962
ARMA,static,2026-02-02,1.0,-0.019312824369858705
ARMA,static,2026-02-03,-1.0,-0.08178587028737463
ARMA,static,2026-02-04,-1.0,-0.01352329063737634
ARMA,static,2026-02-05,1.0,-0.09092656690847037
ARMA,static,2026-02-06,1.0,0.0026918068123917838
ARMA,static,2026-02-09,-1.0,-0.06965985259216481
ARMA,static,2026-02-10,-1.0,0.022506550504145295
ARMA,static,2026-02-11,1.0,0.043879824742109254
ARMA,static,2026-02-12,-1.0,0.09780129424792058
ARMA,static,2026-02-13,1.0,0.03031121671304635
ARMA,static,2026-02-17,-1.0,0.05636959378821391
ARMA,static,2026-02-18,1.0,0.055105242787226706
ARMA,static,2026-02-19,-1.0,-0.0009224935674448041
ARMA,static,2026-02-20,1.0,0.06062633328743148
ARMA,static,2026-02-23,-1.0,-0.051729546090740784
ARMA,static,2026-02-24,1.0,0.010594795367464082
ARMA,static,2026-02-25,1.0,0.03981387686680571
ARMA,static,2026-02-26,-1.0,0.0431367615927337
ARMA,static,2026-02-27,1.0,0.06493481270984586
ARMA,static,2026-03-02,-1.0,0.04725260851258404
ARMA,static,2026-03-03,1.0,-0.06092448312932743
ARMA,static,2026-03-04,1.0,-0.003497139494463175
ARMA,static,2026-03-05,1.0,-0.01144829230293809
ARMA,static,2026-03-06,1.0,0.026062966254028375
ARMA,static,2026-03-09,-1.0,-0.00277702328550935
ARMA,static,2026-03-10,1.0,0.05990808551328362
ARMA,static,2026-03-11,-1.0,0.04490397868774552
ARMA,static,2026-03-12,1.0,-0.004843557998285197
ARMA,static,2026-03-13,1.0,-0.04436042028260212
ARMA,static,2026-03-16,1.0,-0.008045591180475098
ARMA,static,2026-03-17,1.0,-0.00913249821867046
ARMA,static,2026-03-18,1.0,-0.028819311606618325
ARMA,static,2026-03-19,1.0,-0.08203214247226243
ARMA,static,2026-03-20,1.0,-0.021748325965454396
ARMA,static,2026-03-23,1.0,-0.004483809206179967
ARMA,static,2026-03-24,1.0,0.0032585332501104958
ARMA,static,2026-03-25,1.0,0.044562142988201936
ARMA,static,2026-03-26,-1.0,0.06461395278465362
ARMA,static,2026-03-27,1.0,0.02749281694131287
ARMA,static,2026-03-30,-1.0,-0.011401371042110831
ARMA,static,2026-03-31,-1.0,-0.06208414053821709
ARMA,static,2026-04-01,-1.0,-0.015758391822972673
ARMA,static,2026-04-02,-1.0,0.041282722241938075
ARMA,static,2026-04-06,1.0,-0.0012173574886594984
ARMA,static,2026-04-07,1.0,-0.01149181373908359
ARMA,static,2026-04-08,1.0,0.047308812893301466
ARMA,static,2026-04-09,-1.0,-0.014198210909798914
ARMA,static,2026-04-10,-1.0,-0.000616136843992976
ARMA,static,2026-04-13,1.0,-0.01069466615100314
ARMA,static,2026-04-14,1.0,0.05121613391156288
ARMA,static,2026-04-15,-1.0,-0.0014595694169588168
ARMA,static,2026-04-16,1.0,-0.011333267121244517
ARMA,static,2026-04-17,1.0,0.039844236354957596
ARMA,static,2026-04-20,-1.0,0.021662568036422615
ARMA,static,2026-04-21,1.0,-0.044477037755346525
ARMA,static,2026-04-22,1.0,0.019395042186772793
ARMA,static,2026-04-23,-1.0,0.030970984224539453
ARMA,static,2026-04-24,1.0,0.01196467158975698
ARMA,static,2026-04-27,-1.0,0.017866910495378786
ARMA,static,2026-04-28,1.0,-0.024172328580207146
ARMA,static,2026-04-29,1.0,-0.022348221378228894
ARMA,static,2026-04-30,1.0,0.02725597019921342
Decision Tree,static,2025-07-02,1.0,0.009433782726553586
Decision Tree,static,2025-07-03,1.0,0.009828192002456548
Decision Tree,static,2025-07-04,1.0,-0.0002446408969268843
Decision Tree,static,2025-07-07,1.0,-0.0043507774513487085
Decision Tree,static,2025-07-08,1.0,-0.0039055455371065366
Decision Tree,static,2025-07-09,1.0,-0.003317569153415856
Decision Tree,static,2025-07-10,1.0,0.018898969136643906
Decision Tree,static,2025-07-11,1.0,0.04422486548706094
Decision Tree,static,2025-07-14,1.0,-0.005533066875267112
Decision Tree,static,2025-07-15,1.0,-0.016327859636761755
Decision Tree,static,2025-07-16,1.0,0.0005022204171907241
Decision Tree,static,2025-07-17,1.0,0.005362827558010208
Decision Tree,static,2025-07-18,1.0,0.00438826513469337
Decision Tree,static,2025-07-21,1.0,0.022970519754129892
Decision Tree,static,2025-07-22,1.0,0.005600827231518668
Decision Tree,static,2025-07-23,1.0,-0.0010681540493516772
Decision Tree,static,2025-07-24,1.0,-0.006543102252689392
Decision Tree,static,2025-07-25,1.0,-0.021885653713550002
Decision Tree,static,2025-07-28,1.0,-0.0036942605132305184
Decision Tree,static,2025-07-29,1.0,0.0015252368310385567
Decision Tree,static,2025-07-30,1.0,-0.01360145327907325
Decision Tree,static,2025-07-31,1.0,-0.026992591774202768
Decision Tree,static,2025-08-01,1.0,0.006429213786387056
Decision Tree,static,2025-08-04,1.0,0.01100939483429797
Decision Tree,static,2025-08-05,1.0,0.013309284631463969
Decision Tree,static,2025-08-06,1.0,0.0020961754742510053
Decision Tree,static,2025-08-07,1.0,0.010379762689984862
Decision Tree,static,2025-08-08,1.0,0.00678753772284435
Decision Tree,static,2025-08-11,1.0,-0.019652785790503335
Decision Tree,static,2025-08-12,1.0,0.006292802283267785
Decision Tree,static,2025-08-13,1.0,0.015831613402925715
Decision Tree,static,2025-08-14,1.0,-0.013428974735347099
Decision Tree,static,2025-08-15,1.0,-0.0023168195495059107
Decision Tree,static,2025-08-18,1.0,0.0015041749360886758
Decision Tree,static,2025-08-19,1.0,-0.018181302806909994
Decision Tree,static,2025-08-20,1.0,0.011915950329594915
Decision Tree,static,2025-08-21,1.0,0.008539943788736348
Decision Tree,static,2025-08-22,1.0,0.02566591931624962
Decision Tree,static,2025-08-25,1.0,-0.008358337240652491
Decision Tree,static,2025-08-26,1.0,-0.0024561731928067765
Decision Tree,static,2025-08-27,1.0,0.0027732735880021675
Decision Tree,static,2025-08-28,1.0,0.012949403224522982
Decision Tree,static,2025-08-29,1.0,0.025571935994458818
Decision Tree,static,2025-09-02,1.0,0.02166662602084668
Decision Tree,static,2025-09-03,1.0,0.01146796233804892
Decision Tree,static,2025-09-04,1.0,-0.015189459380388515
Decision Tree,static,2025-09-05,1.0,0.003984307813467369
Decision Tree,static,2025-09-08,1.0,0.008569834061510129
Decision Tree,static,2025-09-09,1.0,-0.013228415802935989
Decision Tree,static,2025-09-10,1.0,0.006238100650602041
Decision Tree,static,2025-09-11,1.0,0.01371159856990345
Decision Tree,static,2025-09-12,1.0,0.016548012198395412
Decision Tree,static,2025-09-15,1.0,0.003066913210082012
Decision Tree,static,2025-09-16,1.0,-0.0010818642302560244
Decision Tree,static,2025-09-17,1.0,-0.01763557574524066
Decision Tree,static,2025-09-18,1.0,-0.00035950792398597997
Decision Tree,static,2025-09-19,1.0,0.019876724557404524
Decision Tree,static,2025-09-22,1.0,0.02969250773750587
Decision Tree,static,2025-09-23,1.0,0.008972843177088352
Decision Tree,static,2025-09-24,1.0,-0.009390860402732293
Decision Tree,static,2025-09-25,1.0,0.02101555976806302
Decision Tree,static,2025-09-26,1.0,0.03409629556927718
Decision Tree,static,2025-09-29,1.0,0.00845933308782909
Decision Tree,static,2025-09-30,1.0,-0.00770190430422779
Decision Tree,static,2025-10-01,1.0,0.022420223562232833
Decision Tree,static,2025-10-02,1.0,-0.027278513228021106
Decision Tree,static,2025-10-03,1.0,0.03471739395805029
Decision Tree,static,2025-10-06,1.0,0.010189730636546601
Decision Tree,static,2025-10-07,1.0,-0.01878041396311525
Decision Tree,static,2025-10-08,1.0,0.03130624533663995
Decision Tree,static,2025-10-09,1.0,-0.03711772076534181
Decision Tree,static,2025-10-10,1.0,0.0018783618801891944
Decision Tree,static,2025-10-13,1.0,0.06800463082047514
Decision Tree,static,2025-10-14,1.0,0.003670418990419533
Decision Tree,static,2025-10-15,1.0,0.015085318161481842
Decision Tree,static,2025-10-16,1.0,0.03818058224827747
Decision Tree,static,2025-10-17,1.0,-0.059577927835793965
Decision Tree,static,2025-10-20,1.0,0.025168480427872897
Decision Tree,static,2025-10-21,1.0,-0.07177368014823882
Decision Tree,static,2025-10-22,1.0,0.00023177601770218992
Decision Tree,static,2025-10-23,1.0,0.02151239838940544
Decision Tree,static,2025-10-24,1.0,-0.0021657428655396105
Decision Tree,static,2025-10-27,1.0,-0.03751780118501091
Decision Tree,static,2025-10-28,1.0,0.012091399038288708
Decision Tree,static,2025-10-29,1.0,0.012647229101044433
Decision Tree,static,2025-10-30,1.0,0.01481529562404571
Decision Tree,static,2025-10-31,1.0,-0.008961797101403657
Decision Tree,static,2025-11-03,1.0,-0.0022085884499257746
Decision Tree,static,2025-11-04,1.0,-0.01582858779730234
Decision Tree,static,2025-11-05,1.0,0.015552681469871654
Decision Tree,static,2025-11-06,1.0,-0.0014416197404349962
Decision Tree,static,2025-11-07,1.0,0.004665848824837893
Decision Tree,static,2025-11-10,1.0,0.044984066565782355
Decision Tree,static,2025-11-11,1.0,0.008788925373200307
Decision Tree,static,2025-11-12,1.0,0.05361730412635879
Decision Tree,static,2025-11-13,1.0,-0.004837610001928505
Decision Tree,static,2025-11-14,1.0,-0.04680259822608024
Decision Tree,static,2025-11-17,1.0,0.0006918333130370158
Decision Tree,static,2025-11-18,1.0,-0.0034567750530478665
Decision Tree,static,2025-11-19,1.0,0.00673934880963678
Decision Tree,static,2025-11-20,1.0,-0.010691066308134656
Decision Tree,static,2025-11-21,1.0,-0.0074432411298250845
Decision Tree,static,2025-11-24,1.0,0.00846143326081239
Decision Tree,static,2025-11-25,1.0,0.012705039511451854
Decision Tree,static,2025-11-26,1.0,0.03891314901495946
Decision Tree,static,2025-11-28,1.0,0.06650947832162554
Decision Tree,static,2025-12-01,1.0,0.034936047761097155
Decision Tree,static,2025-12-02,1.0,-0.00744629333506075
Decision Tree,static,2025-12-03,1.0,-0.0010692836319405874
Decision Tree,static,2025-12-04,1.0,-0.018542519736534868
Decision Tree,static,2025-12-05,1.0,0.0277059609048389
Decision Tree,static,2025-12-08,1.0,-0.011006154302419136
Decision Tree,static,2025-12-09,1.0,0.041364499514010555
Decision Tree,static,2025-12-10,1.0,0.0034902176144437913
Decision Tree,static,2025-12-11,1.0,0.05879526229257248
Decision Tree,static,2025-12-12,1.0,-0.04015394122326654
Decision Tree,static,2025-12-15,1.0,0.02571622710385868
Decision Tree,static,2025-12-16,1.0,-0.0038131215285358566
Decision Tree,static,2025-12-17,1.0,0.056411462611495544
Decision Tree,static,2025-12-18,1.0,-0.024835011476861513
Decision Tree,static,2025-12-19,1.0,0.03488045349255153
Decision Tree,static,2025-12-22,1.0,0.01587249592193496
Decision Tree,static,2025-12-23,1.0,0.03797900697426848
Decision Tree,static,2025-12-24,1.0,0.007746295167779582
Decision Tree,static,2025-12-26,1.0,0.07679748232444616
Decision Tree,static,2025-12-29,-1.0,0.08648249415745743
Decision Tree,static,2025-12-30,1.0,0.10742135592561339
Decision Tree,static,2025-12-31,1.0,-0.0937714556875591
Decision Tree,static,2026-01-02,-1.0,-0.00621701106672281
Decision Tree,static,2026-01-05,1.0,0.07928298838354506
Decision Tree,static,2026-01-06,1.0,0.057323633612769376
Decision Tree,static,2026-01-07,1.0,-0.04215816086587609
Decision Tree,static,2026-01-08,1.0,-0.03136058405740949
Decision Tree,static,2026-01-09,1.0,0.05578455855383391
Decision Tree,static,2026-01-12,1.0,0.07258756819972834
Decision Tree,static,2026-01-13,1.0,0.014974568985650416
Decision Tree,static,2026-01-14,1.0,0.05812970246276006
Decision Tree,static,2026-01-15,-1.0,-0.011281844394243535
Decision Tree,static,2026-01-16,1.0,-0.04139678757613432
Decision Tree,static,2026-01-20,1.0,0.06941682608331146
Decision Tree,static,2026-01-21,1.0,-0.02118763316676886
Decision Tree,static,2026-01-22,1.0,0.04084154514394944
Decision Tree,static,2026-01-23,1.0,0.05156502911103433
Decision Tree,static,2026-01-26,-1.0,-0.14045264653237327
Decision Tree,static,2026-01-27,-1.0,0.08304656807855537
Decision Tree,static,2026-01-28,-1.0,-0.07190846780132132
Decision Tree,static,2026-01-29,-1.0,-0.008186670632756687
Decision Tree,static,2026-01-30,1.0,-0.3136684430875962
Decision Tree,static,2026-02-02,-1.0,0.019112824369858707
Decision Tree,static,2026-02-03,1.0,0.08138587028737462
Decision Tree,static,2026-02-04,1.0,0.01352329063737634
Decision Tree,static,2026-02-05,1.0,-0.09072656690847036
Decision Tree,static,2026-02-06,-1.0,-0.002891806812391784
Decision Tree,static,2026-02-09,1.0,0.0692598525921648
Decision Tree,static,2026-02-10,1.0,-0.022506550504145295
Decision Tree,static,2026-02-11,1.0,0.04407982474210925
Decision Tree,static,2026-02-12,1.0,-0.09800129424792059
Decision Tree,static,2026-02-13,-1.0,-0.030711216713046347
Decision Tree,static,2026-02-17,1.0,-0.05676959378821391
Decision Tree,static,2026-02-18,1.0,0.055305242787226705
Decision Tree,static,2026-02-19,1.0,0.0007224935674448041
Decision Tree,static,2026-02-20,1.0,0.06082633328743148
Decision Tree,static,2026-02-23,1.0,0.051529546090740785
Decision Tree,static,2026-02-24,1.0,0.010794795367464083
Decision Tree,static,2026-02-25,1.0,0.03981387686680571
Decision Tree,static,2026-02-26,1.0,-0.0433367615927337
Decision Tree,static,2026-02-27,1.0,0.06513481270984586
Decision Tree,static,2026-03-02,1.0,-0.04745260851258404
Decision Tree,static,2026-03-03,1.0,-0.06072448312932743
Decision Tree,static,2026-03-04,1.0,-0.003497139494463175
Decision Tree,static,2026-03-05,1.0,-0.01144829230293809
Decision Tree,static,2026-03-06,1.0,0.026062966254028375
Decision Tree,static,2026-03-09,1.0,0.00257702328550935
Decision Tree,static,2026-03-10,1.0,0.060108085513283616
Decision Tree,static,2026-03-11,1.0,-0.045103978687745516
Decision Tree,static,2026-03-12,1.0,-0.004643557998285197
Decision Tree,static,2026-03-13,1.0,-0.04436042028260212
Decision Tree,static,2026-03-16,1.0,-0.008045591180475098
Decision Tree,static,2026-03-17,1.0,-0.00913249821867046
Decision Tree,static,2026-03-18,1.0,-0.028819311606618325
Decision Tree,static,2026-03-19,1.0,-0.08203214247226243
Decision Tree,static,2026-03-20,1.0,-0.021748325965454396
Decision Tree,static,2026-03-23,1.0,-0.004483809206179967
Decision Tree,static,2026-03-24,1.0,0.0032585332501104958
Decision Tree,static,2026-03-25,1.0,0.044562142988201936
Decision Tree,static,2026-03-26,1.0,-0.06481395278465363
Decision Tree,static,2026-03-27,1.0,0.02769281694131287
Decision Tree,static,2026-03-30,1.0,0.01120137104211083
Decision Tree,static,2026-03-31,1.0,0.06208414053821709
Decision Tree,static,2026-04-01,1.0,0.015758391822972673
Decision Tree,static,2026-04-02,1.0,-0.041282722241938075
Decision Tree,static,2026-04-06,1.0,-0.0010173574886594983
Decision Tree,static,2026-04-07,1.0,-0.01149181373908359
Decision Tree,static,2026-04-08,1.0,0.047308812893301466
Decision Tree,static,2026-04-09,1.0,0.013998210909798914
Decision Tree,static,2026-04-10,1.0,0.000616136843992976
Decision Tree,static,2026-04-13,1.0,-0.01049466615100314
Decision Tree,static,2026-04-14,1.0,0.05121613391156288
Decision Tree,static,2026-04-15,1.0,0.0012595694169588167
Decision Tree,static,2026-04-16,1.0,-0.011133267121244517
Decision Tree,static,2026-04-17,1.0,0.039844236354957596
Decision Tree,static,2026-04-20,1.0,-0.021862568036422614
Decision Tree,static,2026-04-21,1.0,-0.04427703775534653
Decision Tree,static,2026-04-22,1.0,0.019395042186772793
Decision Tree,static,2026-04-23,1.0,-0.031170984224539452
Decision Tree,static,2026-04-24,1.0,0.012164671589756981
Decision Tree,static,2026-04-27,1.0,-0.018066910495378785
Decision Tree,static,2026-04-28,1.0,-0.023972328580207147
Decision Tree,static,2026-04-29,1.0,-0.022348221378228894
Decision Tree,static,2026-04-30,1.0,0.02725597019921342
Random Forest,static,2025-07-02,1.0,0.009433782726553586
Random Forest,static,2025-07-03,1.0,0.009828192002456548
Random Forest,static,2025-07-04,1.0,-0.0002446408969268843
Random Forest,static,2025-07-07,1.0,-0.0043507774513487085
Random Forest,static,2025-07-08,1.0,-0.0039055455371065366
Random Forest,static,2025-07-09,1.0,-0.003317569153415856
Random Forest,static,2025-07-10,1.0,0.018898969136643906
Random Forest,static,2025-07-11,1.0,0.04422486548706094
Random Forest,static,2025-07-14,1.0,-0.005533066875267112
Random Forest,static,2025-07-15,1.0,-0.016327859636761755
Random Forest,static,2025-07-16,1.0,0.0005022204171907241
Random Forest,static,2025-07-17,1.0,0.005362827558010208
Random Forest,static,2025-07-18,1.0,0.00438826513469337
Random Forest,static,2025-07-21,1.0,0.022970519754129892
Random Forest,static,2025-07-22,1.0,0.005600827231518668
Random Forest,static,2025-07-23,1.0,-0.0010681540493516772
Random Forest,static,2025-07-24,1.0,-0.006543102252689392
Random Forest,static,2025-07-25,1.0,-0.021885653713550002
Random Forest,static,2025-07-28,1.0,-0.0036942605132305184
Random Forest,static,2025-07-29,1.0,0.0015252368310385567
Random Forest,static,2025-07-30,1.0,-0.01360145327907325
Random Forest,static,2025-07-31,1.0,-0.026992591774202768
Random Forest,static,2025-08-01,1.0,0.006429213786387056
Random Forest,static,2025-08-04,1.0,0.01100939483429797
Random Forest,static,2025-08-05,1.0,0.013309284631463969
Random Forest,static,2025-08-06,1.0,0.0020961754742510053
Random Forest,static,2025-08-07,1.0,0.010379762689984862
Random Forest,static,2025-08-08,1.0,0.00678753772284435
Random Forest,static,2025-08-11,1.0,-0.019652785790503335
Random Forest,static,2025-08-12,1.0,0.006292802283267785
Random Forest,static,2025-08-13,1.0,0.015831613402925715
Random Forest,static,2025-08-14,1.0,-0.013428974735347099
Random Forest,static,2025-08-15,1.0,-0.0023168195495059107
Random Forest,static,2025-08-18,1.0,0.0015041749360886758
Random Forest,static,2025-08-19,1.0,-0.018181302806909994
Random Forest,static,2025-08-20,1.0,0.011915950329594915
Random Forest,static,2025-08-21,1.0,0.008539943788736348
Random Forest,static,2025-08-22,1.0,0.02566591931624962
Random Forest,static,2025-08-25,1.0,-0.008358337240652491
Random Forest,static,2025-08-26,1.0,-0.0024561731928067765
Random Forest,static,2025-08-27,1.0,0.0027732735880021675
Random Forest,static,2025-08-28,1.0,0.012949403224522982
Random Forest,static,2025-08-29,1.0,0.025571935994458818
Random Forest,static,2025-09-02,1.0,0.02166662602084668
Random Forest,static,2025-09-03,1.0,0.01146796233804892
Random Forest,static,2025-09-04,1.0,-0.015189459380388515
Random Forest,static,2025-09-05,1.0,0.003984307813467369
Random Forest,static,2025-09-08,1.0,0.008569834061510129
Random Forest,static,2025-09-09,1.0,-0.013228415802935989
Random Forest,static,2025-09-10,1.0,0.006238100650602041
Random Forest,static,2025-09-11,1.0,0.01371159856990345
Random Forest,static,2025-09-12,1.0,0.016548012198395412
Random Forest,static,2025-09-15,1.0,0.003066913210082012
Random Forest,static,2025-09-16,1.0,-0.0010818642302560244
Random Forest,static,2025-09-17,1.0,-0.01763557574524066
Random Forest,static,2025-09-18,1.0,-0.00035950792398597997
Random Forest,static,2025-09-19,1.0,0.019876724557404524
Random Forest,static,2025-09-22,1.0,0.02969250773750587
Random Forest,static,2025-09-23,1.0,0.008972843177088352
Random Forest,static,2025-09-24,1.0,-0.009390860402732293
Random Forest,static,2025-09-25,1.0,0.02101555976806302
Random Forest,static,2025-09-26,1.0,0.03409629556927718
Random Forest,static,2025-09-29,1.0,0.00845933308782909
Random Forest,static,2025-09-30,1.0,-0.00770190430422779
Random Forest,static,2025-10-01,1.0,0.022420223562232833
Random Forest,static,2025-10-02,1.0,-0.027278513228021106
Random Forest,static,2025-10-03,1.0,0.03471739395805029
Random Forest,static,2025-10-06,1.0,0.010189730636546601
Random Forest,static,2025-10-07,1.0,-0.01878041396311525
Random Forest,static,2025-10-08,1.0,0.03130624533663995
Random Forest,static,2025-10-09,1.0,-0.03711772076534181
Random Forest,static,2025-10-10,1.0,0.0018783618801891944
Random Forest,static,2025-10-13,1.0,0.06800463082047514
Random Forest,static,2025-10-14,1.0,0.003670418990419533
Random Forest,static,2025-10-15,1.0,0.015085318161481842
Random Forest,static,2025-10-16,1.0,0.03818058224827747
Random Forest,static,2025-10-17,1.0,-0.059577927835793965
Random Forest,static,2025-10-20,1.0,0.025168480427872897
Random Forest,static,2025-10-21,1.0,-0.07177368014823882
Random Forest,static,2025-10-22,1.0,0.00023177601770218992
Random Forest,static,2025-10-23,1.0,0.02151239838940544
Random Forest,static,2025-10-24,1.0,-0.0021657428655396105
Random Forest,static,2025-10-27,1.0,-0.03751780118501091
Random Forest,static,2025-10-28,1.0,0.012091399038288708
Random Forest,static,2025-10-29,1.0,0.012647229101044433
Random Forest,static,2025-10-30,1.0,0.01481529562404571
Random Forest,static,2025-10-31,1.0,-0.008961797101403657
Random Forest,static,2025-11-03,1.0,-0.0022085884499257746
Random Forest,static,2025-11-04,1.0,-0.01582858779730234
Random Forest,static,2025-11-05,1.0,0.015552681469871654
Random Forest,static,2025-11-06,1.0,-0.0014416197404349962
Random Forest,static,2025-11-07,1.0,0.004665848824837893
Random Forest,static,2025-11-10,1.0,0.044984066565782355
Random Forest,static,2025-11-11,1.0,0.008788925373200307
Random Forest,static,2025-11-12,1.0,0.05361730412635879
Random Forest,static,2025-11-13,1.0,-0.004837610001928505
Random Forest,static,2025-11-14,1.0,-0.04680259822608024
Random Forest,static,2025-11-17,1.0,0.0006918333130370158
Random Forest,static,2025-11-18,1.0,-0.0034567750530478665
Random Forest,static,2025-11-19,1.0,0.00673934880963678
Random Forest,static,2025-11-20,1.0,-0.010691066308134656
Random Forest,static,2025-11-21,1.0,-0.0074432411298250845
Random Forest,static,2025-11-24,1.0,0.00846143326081239
Random Forest,static,2025-11-25,1.0,0.012705039511451854
Random Forest,static,2025-11-26,1.0,0.03891314901495946
Random Forest,static,2025-11-28,1.0,0.06650947832162554
Random Forest,static,2025-12-01,-1.0,-0.035136047761097154
Random Forest,static,2025-12-02,-1.0,0.00744629333506075
Random Forest,static,2025-12-03,-1.0,0.0010692836319405874
Random Forest,static,2025-12-04,-1.0,0.018542519736534868
Random Forest,static,2025-12-05,1.0,0.0275059609048389
Random Forest,static,2025-12-08,1.0,-0.011006154302419136
Random Forest,static,2025-12-09,1.0,0.041364499514010555
Random Forest,static,2025-12-10,1.0,0.0034902176144437913
Random Forest,static,2025-12-11,1.0,0.05879526229257248
Random Forest,static,2025-12-12,1.0,-0.04015394122326654
Random Forest,static,2025-12-15,1.0,0.02571622710385868
Random Forest,static,2025-12-16,1.0,-0.0038131215285358566
Random Forest,static,2025-12-17,1.0,0.056411462611495544
Random Forest,static,2025-12-18,-1.0,0.024635011476861514
Random Forest,static,2025-12-19,-1.0,-0.03488045349255153
Random Forest,static,2025-12-22,1.0,0.01567249592193496
Random Forest,static,2025-12-23,1.0,0.03797900697426848
Random Forest,static,2025-12-24,1.0,0.007746295167779582
Random Forest,static,2025-12-26,1.0,0.07679748232444616
Random Forest,static,2025-12-29,-1.0,0.08648249415745743
Random Forest,static,2025-12-30,1.0,0.10742135592561339
Random Forest,static,2025-12-31,-1.0,0.09317145568755908
Random Forest,static,2026-01-02,-1.0,-0.0060170110667228105
Random Forest,static,2026-01-05,-1.0,-0.07948298838354506
Random Forest,static,2026-01-06,-1.0,-0.057323633612769376
Random Forest,static,2026-01-07,1.0,-0.04235816086587609
Random Forest,static,2026-01-08,1.0,-0.03136058405740949
Random Forest,static,2026-01-09,1.0,0.05578455855383391
Random Forest,static,2026-01-12,1.0,0.07258756819972834
Random Forest,static,2026-01-13,1.0,0.014974568985650416
Random Forest,static,2026-01-14,1.0,0.05812970246276006
Random Forest,static,2026-01-15,-1.0,-0.011281844394243535
Random Forest,static,2026-01-16,-1.0,0.04119678757613432
Random Forest,static,2026-01-20,1.0,0.06921682608331145
Random Forest,static,2026-01-21,-1.0,0.02098763316676886
Random Forest,static,2026-01-22,1.0,0.040641545143949444
Random Forest,static,2026-01-23,-1.0,-0.05176502911103433
Random Forest,static,2026-01-26,-1.0,-0.14025264653237327
Random Forest,static,2026-01-27,-1.0,0.08304656807855537
Random Forest,static,2026-01-28,-1.0,-0.07190846780132132
Random Forest,static,2026-01-29,-1.0,-0.008186670632756687
Random Forest,static,2026-01-30,-1.0,0.31346844308759625
Random Forest,static,2026-02-02,-1.0,0.019312824369858705
Random Forest,static,2026-02-03,1.0,0.08138587028737462
Random Forest,static,2026-02-04,-1.0,-0.01372329063737634
Random Forest,static,2026-02-05,1.0,-0.09092656690847037
Random Forest,static,2026-02-06,-1.0,-0.002891806812391784
Random Forest,static,2026-02-09,1.0,0.0692598525921648
Random Forest,static,2026-02-10,1.0,-0.022506550504145295
Random Forest,static,2026-02-11,1.0,0.04407982474210925
Random Forest,static,2026-02-12,1.0,-0.09800129424792059
Random Forest,static,2026-02-13,-1.0,-0.030711216713046347
Random Forest,static,2026-02-17,1.0,-0.05676959378821391
Random Forest,static,2026-02-18,1.0,0.055305242787226705
Random Forest,static,2026-02-19,1.0,0.0007224935674448041
Random Forest,static,2026-02-20,1.0,0.06082633328743148
Random Forest,static,2026-02-23,1.0,0.051529546090740785
Random Forest,static,2026-02-24,1.0,0.010794795367464083
Random Forest,static,2026-02-25,-1.0,-0.04001387686680571
Random Forest,static,2026-02-26,-1.0,0.0433367615927337
Random Forest,static,2026-02-27,1.0,0.06493481270984586
Random Forest,static,2026-03-02,-1.0,0.04725260851258404
Random Forest,static,2026-03-03,-1.0,0.06072448312932743
Random Forest,static,2026-03-04,1.0,-0.003697139494463175
Random Forest,static,2026-03-05,1.0,-0.01144829230293809
Random Forest,static,2026-03-06,1.0,0.026062966254028375
Random Forest,static,2026-03-09,1.0,0.00257702328550935
Random Forest,static,2026-03-10,1.0,0.060108085513283616
Random Forest,static,2026-03-11,1.0,-0.045103978687745516
Random Forest,static,2026-03-12,1.0,-0.004643557998285197
Random Forest,static,2026-03-13,1.0,-0.04436042028260212
Random Forest,static,2026-03-16,1.0,-0.008045591180475098
Random Forest,static,2026-03-17,1.0,-0.00913249821867046
Random Forest,static,2026-03-18,1.0,-0.028819311606618325
Random Forest,static,2026-03-19,1.0,-0.08203214247226243
Random Forest,static,2026-03-20,-1.0,0.021548325965454397
Random Forest,static,2026-03-23,1.0,-0.004683809206179967
Random Forest,static,2026-03-24,1.0,0.0032585332501104958
Random Forest,static,2026-03-25,1.0,0.044562142988201936
Random Forest,static,2026-03-26,1.0,-0.06481395278465363
Random Forest,static,2026-03-27,1.0,0.02769281694131287
Random Forest,static,2026-03-30,1.0,0.01120137104211083
Random Forest,static,2026-03-31,1.0,0.06208414053821709
Random Forest,static,2026-04-01,1.0,0.015758391822972673
Random Forest,static,2026-04-02,1.0,-0.041282722241938075
Random Forest,static,2026-04-06,1.0,-0.0010173574886594983
Random Forest,static,2026-04-07,1.0,-0.01149181373908359
Random Forest,static,2026-04-08,1.0,0.047308812893301466
Random Forest,static,2026-04-09,1.0,0.013998210909798914
Random Forest,static,2026-04-10,1.0,0.000616136843992976
Random Forest,static,2026-04-13,1.0,-0.01049466615100314
Random Forest,static,2026-04-14,1.0,0.05121613391156288
Random Forest,static,2026-04-15,1.0,0.0012595694169588167
Random Forest,static,2026-04-16,1.0,-0.011133267121244517
Random Forest,static,2026-04-17,1.0,0.039844236354957596
Random Forest,static,2026-04-20,1.0,-0.021862568036422614
Random Forest,static,2026-04-21,1.0,-0.04427703775534653
Random Forest,static,2026-04-22,1.0,0.019395042186772793
Random Forest,static,2026-04-23,1.0,-0.031170984224539452
Random Forest,static,2026-04-24,1.0,0.012164671589756981
Random Forest,static,2026-04-27,1.0,-0.018066910495378785
Random Forest,static,2026-04-28,1.0,-0.023972328580207147
Random Forest,static,2026-04-29,1.0,-0.022348221378228894
Random Forest,static,2026-04-30,1.0,0.02725597019921342
Gradient Boosting,static,2025-07-02,-1.0,-0.009633782726553585
Gradient Boosting,static,2025-07-03,-1.0,-0.009828192002456548
Gradient Boosting,static,2025-07-04,1.0,-0.00044464089692688427
Gradient Boosting,static,2025-07-07,-1.0,0.004150777451348709
Gradient Boosting,static,2025-07-08,1.0,-0.004105545537106537
Gradient Boosting,static,2025-07-09,1.0,-0.003317569153415856
Gradient Boosting,static,2025-07-10,1.0,0.018898969136643906
Gradient Boosting,static,2025-07-11,1.0,0.04422486548706094
Gradient Boosting,static,2025-07-14,1.0,-0.005533066875267112
Gradient Boosting,static,2025-07-15,1.0,-0.016327859636761755
Gradient Boosting,static,2025-07-16,1.0,0.0005022204171907241
Gradient Boosting,static,2025-07-17,-1.0,-0.005562827558010208
Gradient Boosting,static,2025-07-18,-1.0,-0.00438826513469337
Gradient Boosting,static,2025-07-21,-1.0,-0.022970519754129892
Gradient Boosting,static,2025-07-22,-1.0,-0.005600827231518668
Gradient Boosting,static,2025-07-23,-1.0,0.0010681540493516772
Gradient Boosting,static,2025-07-24,1.0,-0.006743102252689392
Gradient Boosting,static,2025-07-25,-1.0,0.021685653713550003
Gradient Boosting,static,2025-07-28,1.0,-0.0038942605132305185
Gradient Boosting,static,2025-07-29,1.0,0.0015252368310385567
Gradient Boosting,static,2025-07-30,-1.0,0.01340145327907325
Gradient Boosting,static,2025-07-31,1.0,-0.027192591774202766
Gradient Boosting,static,2025-08-01,1.0,0.006429213786387056
Gradient Boosting,static,2025-08-04,-1.0,-0.01120939483429797
Gradient Boosting,static,2025-08-05,-1.0,-0.013309284631463969
Gradient Boosting,static,2025-08-06,-1.0,-0.0020961754742510053
Gradient Boosting,static,2025-08-07,-1.0,-0.010379762689984862
Gradient Boosting,static,2025-08-08,-1.0,-0.00678753772284435
Gradient Boosting,static,2025-08-11,1.0,-0.019852785790503334
Gradient Boosting,static,2025-08-12,1.0,0.006292802283267785
Gradient Boosting,static,2025-08-13,-1.0,-0.016031613402925714
Gradient Boosting,static,2025-08-14,-1.0,0.013428974735347099
Gradient Boosting,static,2025-08-15,1.0,-0.002516819549505911
Gradient Boosting,static,2025-08-18,1.0,0.0015041749360886758
Gradient Boosting,static,2025-08-19,-1.0,0.017981302806909995
Gradient Boosting,static,2025-08-20,1.0,0.011715950329594915
Gradient Boosting,static,2025-08-21,-1.0,-0.008739943788736349
Gradient Boosting,static,2025-08-22,-1.0,-0.02566591931624962
Gradient Boosting,static,2025-08-25,1.0,-0.008558337240652492
Gradient Boosting,static,2025-08-26,1.0,-0.0024561731928067765
Gradient Boosting,static,2025-08-27,-1.0,-0.0029732735880021676
Gradient Boosting,static,2025-08-28,-1.0,-0.012949403224522982
Gradient Boosting,static,2025-08-29,-1.0,-0.025971935994458815
Gradient Boosting,static,2025-09-02,-1.0,-0.02166662602084668
Gradient Boosting,static,2025-09-03,-1.0,-0.01146796233804892
Gradient Boosting,static,2025-09-04,-1.0,0.015189459380388515
Gradient Boosting,static,2025-09-05,1.0,0.003784307813467369
Gradient Boosting,static,2025-09-08,-1.0,-0.00876983406151013
Gradient Boosting,static,2025-09-09,-1.0,0.013228415802935989
Gradient Boosting,static,2025-09-10,1.0,0.006038100650602041
Gradient Boosting,static,2025-09-11,-1.0,-0.01391159856990345
Gradient Boosting,static,2025-09-12,-1.0,-0.016548012198395412
Gradient Boosting,static,2025-09-15,-1.0,-0.003066913210082012
Gradient Boosting,static,2025-09-16,-1.0,0.0010818642302560244
Gradient Boosting,static,2025-09-17,1.0,-0.01783557574524066
Gradient Boosting,static,2025-09-18,1.0,-0.00035950792398597997
Gradient Boosting,static,2025-09-19,-1.0,-0.020076724557404522
Gradient Boosting,static,2025-09-22,-1.0,-0.02969250773750587
Gradient Boosting,static,2025-09-23,1.0,0.008772843177088352
Gradient Boosting,static,2025-09-24,1.0,-0.009390860402732293
Gradient Boosting,static,2025-09-25,1.0,0.02101555976806302
Gradient Boosting,static,2025-09-26,1.0,0.03409629556927718
Gradient Boosting,static,2025-09-29,1.0,0.00845933308782909
Gradient Boosting,static,2025-09-30,1.0,-0.00770190430422779
Gradient Boosting,static,2025-10-01,1.0,0.022420223562232833
Gradient Boosting,static,2025-10-02,1.0,-0.027278513228021106
Gradient Boosting,static,2025-10-03,1.0,0.03471739395805029
Gradient Boosting,static,2025-10-06,1.0,0.010189730636546601
Gradient Boosting,static,2025-10-07,-1.0,0.01858041396311525
Gradient Boosting,static,2025-10-08,1.0,0.03110624533663995
Gradient Boosting,static,2025-10-09,1.0,-0.03711772076534181
Gradient Boosting,static,2025-10-10,1.0,0.0018783618801891944
Gradient Boosting,static,2025-10-13,1.0,0.06800463082047514
Gradient Boosting,static,2025-10-14,-1.0,-0.003870418990419533
Gradient Boosting,static,2025-10-15,-1.0,-0.015085318161481842
Gradient Boosting,static,2025-10-16,-1.0,-0.03818058224827747
Gradient Boosting,static,2025-10-17,1.0,-0.05977792783579396
Gradient Boosting,static,2025-10-20,1.0,0.025168480427872897
Gradient Boosting,static,2025-10-21,-1.0,0.07157368014823881
Gradient Boosting,static,2025-10-22,1.0,3.177601770218991e-05
Gradient Boosting,static,2025-10-23,-1.0,-0.02171239838940544
Gradient Boosting,static,2025-10-24,-1.0,0.0021657428655396105
Gradient Boosting,static,2025-10-27,1.0,-0.03771780118501091
Gradient Boosting,static,2025-10-28,1.0,0.012091399038288708
Gradient Boosting,static,2025-10-29,-1.0,-0.012847229101044433
Gradient Boosting,static,2025-10-30,-1.0,-0.01481529562404571
Gradient Boosting,static,2025-10-31,-1.0,0.008961797101403657
Gradient Boosting,static,2025-11-03,1.0,-0.0024085884499257747
Gradient Boosting,static,2025-11-04,1.0,-0.01582858779730234
Gradient Boosting,static,2025-11-05,1.0,0.015552681469871654
Gradient Boosting,static,2025-11-06,-1.0,0.001241619740434996
Gradient Boosting,static,2025-11-07,1.0,0.004465848824837893
Gradient Boosting,static,2025-11-10,1.0,0.044984066565782355
Gradient Boosting,static,2025-11-11,-1.0,-0.008988925373200308
Gradient Boosting,static,2025-11-12,1.0,0.05341730412635879
Gradient Boosting,static,2025-11-13,1.0,-0.004837610001928505
Gradient Boosting,static,2025-11-14,1.0,-0.04680259822608024
Gradient Boosting,static,2025-11-17,1.0,0.0006918333130370158
Gradient Boosting,static,2025-11-18,-1.0,0.0032567750530478664
Gradient Boosting,static,2025-11-19,1.0,0.006539348809636781
Gradient Boosting,static,2025-11-20,-1.0,0.010491066308134655
Gradient Boosting,static,2025-11-21,1.0,-0.007643241129825084
Gradient Boosting,static,2025-11-24,1.0,0.00846143326081239
Gradient Boosting,static,2025-11-25,1.0,0.012705039511451854
Gradient Boosting,static,2025-11-26,-1.0,-0.03911314901495946
Gradient Boosting,static,2025-11-28,1.0,0.06630947832162554
Gradient Boosting,static,2025-12-01,-1.0,-0.035136047761097154
Gradient Boosting,static,2025-12-02,-1.0,0.00744629333506075
Gradient Boosting,static,2025-12-03,-1.0,0.0010692836319405874
Gradient Boosting,static,2025-12-04,1.0,-0.018742519736534867
Gradient Boosting,static,2025-12-05,1.0,0.0277059609048389
Gradient Boosting,static,2025-12-08,1.0,-0.011006154302419136
Gradient Boosting,static,2025-12-09,1.0,0.041364499514010555
Gradient Boosting,static,2025-12-10,1.0,0.0034902176144437913
Gradient Boosting,static,2025-12-11,1.0,0.05879526229257248
Gradient Boosting,static,2025-12-12,1.0,-0.04015394122326654
Gradient Boosting,static,2025-12-15,1.0,0.02571622710385868
Gradient Boosting,static,2025-12-16,-1.0,0.0036131215285358565
Gradient Boosting,static,2025-12-17,1.0,0.056211462611495545
Gradient Boosting,static,2025-12-18,-1.0,0.024635011476861514
Gradient Boosting,static,2025-12-19,-1.0,-0.03488045349255153
Gradient Boosting,static,2025-12-22,-1.0,-0.01587249592193496
Gradient Boosting,static,2025-12-23,-1.0,-0.03797900697426848
Gradient Boosting,static,2025-12-24,-1.0,-0.007746295167779582
Gradient Boosting,static,2025-12-26,-1.0,-0.07679748232444616
Gradient Boosting,static,2025-12-29,-1.0,0.08668249415745743
Gradient Boosting,static,2025-12-30,1.0,0.10742135592561339
Gradient Boosting,static,2025-12-31,-1.0,0.09317145568755908
Gradient Boosting,static,2026-01-02,-1.0,-0.0060170110667228105
Gradient Boosting,static,2026-01-05,-1.0,-0.07948298838354506
Gradient Boosting,static,2026-01-06,1.0,0.05712363361276938
Gradient Boosting,static,2026-01-07,-1.0,0.041958160865876094
Gradient Boosting,static,2026-01-08,1.0,-0.03156058405740949
Gradient Boosting,static,2026-01-09,1.0,0.05578455855383391
Gradient Boosting,static,2026-01-12,-1.0,-0.07278756819972834
Gradient Boosting,static,2026-01-13,-1.0,-0.014974568985650416
Gradient Boosting,static,2026-01-14,-1.0,-0.05812970246276006
Gradient Boosting,static,2026-01-15,-1.0,-0.011081844394243534
Gradient Boosting,static,2026-01-16,-1.0,0.04119678757613432
Gradient Boosting,static,2026-01-20,1.0,0.06921682608331145
Gradient Boosting,static,2026-01-21,1.0,-0.02118763316676886
Gradient Boosting,static,2026-01-22,1.0,0.04084154514394944
Gradient Boosting,static,2026-01-23,1.0,0.05156502911103433
Gradient Boosting,static,2026-01-26,1.0,0.14025264653237327
Gradient Boosting,static,2026-01-27,-1.0,0.08284656807855537
Gradient Boosting,static,2026-01-28,-1.0,-0.07190846780132132
Gradient Boosting,static,2026-01-29,-1.0,-0.008186670632756687
Gradient Boosting,static,2026-01-30,-1.0,0.31346844308759625
Gradient Boosting,static,2026-02-02,-1.0,0.019312824369858705
Gradient Boosting,static,2026-02-03,1.0,0.08138587028737462
Gradient Boosting,static,2026-02-04,-1.0,-0.01372329063737634
Gradient Boosting,static,2026-02-05,-1.0,0.09072656690847036
Gradient Boosting,static,2026-02-06,-1.0,-0.0026918068123917838
Gradient Boosting,static,2026-02-09,1.0,0.0692598525921648
Gradient Boosting,static,2026-02-10,-1.0,0.022306550504145296
Gradient Boosting,static,2026-02-11,1.0,0.043879824742109254
Gradient Boosting,static,2026-02-12,1.0,-0.09800129424792059
Gradient Boosting,static,2026-02-13,-1.0,-0.030711216713046347
Gradient Boosting,static,2026-02-17,-1.0,0.05656959378821391
Gradient Boosting,static,2026-02-18,1.0,0.055105242787226706
Gradient Boosting,static,2026-02-19,-1.0,-0.0009224935674448041
Gradient Boosting,static,2026-02-20,-1.0,-0.06082633328743148
Gradient Boosting,static,2026-02-23,-1.0,-0.051529546090740785
Gradient Boosting,static,2026-02-24,1.0,0.010594795367464082
Gradient Boosting,static,2026-02-25,-1.0,-0.04001387686680571
Gradient Boosting,static,2026-02-26,-1.0,0.0433367615927337
Gradient Boosting,static,2026-02-27,1.0,0.06493481270984586
Gradient Boosting,static,2026-03-02,-1.0,0.04725260851258404
Gradient Boosting,static,2026-03-03,-1.0,0.06072448312932743
Gradient Boosting,static,2026-03-04,1.0,-0.003697139494463175
Gradient Boosting,static,2026-03-05,1.0,-0.01144829230293809
Gradient Boosting,static,2026-03-06,1.0,0.026062966254028375
Gradient Boosting,static,2026-03-09,-1.0,-0.00277702328550935
Gradient Boosting,static,2026-03-10,1.0,0.05990808551328362
Gradient Boosting,static,2026-03-11,-1.0,0.04490397868774552
Gradient Boosting,static,2026-03-12,1.0,-0.004843557998285197
Gradient Boosting,static,2026-03-13,1.0,-0.04436042028260212
Gradient Boosting,static,2026-03-16,1.0,-0.008045591180475098
Gradient Boosting,static,2026-03-17,1.0,-0.00913249821867046
Gradient Boosting,static,2026-03-18,1.0,-0.028819311606618325
Gradient Boosting,static,2026-03-19,1.0,-0.08203214247226243
Gradient Boosting,static,2026-03-20,1.0,-0.021748325965454396
Gradient Boosting,static,2026-03-23,1.0,-0.004483809206179967
Gradient Boosting,static,2026-03-24,1.0,0.0032585332501104958
Gradient Boosting,static,2026-03-25,1.0,0.044562142988201936
Gradient Boosting,static,2026-03-26,-1.0,0.06461395278465362
Gradient Boosting,static,2026-03-27,-1.0,-0.02769281694131287
Gradient Boosting,static,2026-03-30,-1.0,-0.01120137104211083
Gradient Boosting,static,2026-03-31,-1.0,-0.06208414053821709
Gradient Boosting,static,2026-04-01,-1.0,-0.015758391822972673
Gradient Boosting,static,2026-04-02,-1.0,0.041282722241938075
Gradient Boosting,static,2026-04-06,1.0,-0.0012173574886594984
Gradient Boosting,static,2026-04-07,1.0,-0.01149181373908359
Gradient Boosting,static,2026-04-08,1.0,0.047308812893301466
Gradient Boosting,static,2026-04-09,-1.0,-0.014198210909798914
Gradient Boosting,static,2026-04-10,-1.0,-0.000616136843992976
Gradient Boosting,static,2026-04-13,-1.0,0.01049466615100314
Gradient Boosting,static,2026-04-14,1.0,0.05101613391156288
Gradient Boosting,static,2026-04-15,-1.0,-0.0014595694169588168
Gradient Boosting,static,2026-04-16,1.0,-0.011333267121244517
Gradient Boosting,static,2026-04-17,1.0,0.039844236354957596
Gradient Boosting,static,2026-04-20,1.0,-0.021862568036422614
Gradient Boosting,static,2026-04-21,1.0,-0.04427703775534653
Gradient Boosting,static,2026-04-22,1.0,0.019395042186772793
Gradient Boosting,static,2026-04-23,-1.0,0.030970984224539453
Gradient Boosting,static,2026-04-24,1.0,0.01196467158975698
Gradient Boosting,static,2026-04-27,-1.0,0.017866910495378786
Gradient Boosting,static,2026-04-28,1.0,-0.024172328580207146
Gradient Boosting,static,2026-04-29,1.0,-0.022348221378228894
Gradient Boosting,static,2026-04-30,1.0,0.02725597019921342
XGBoost,static,2025-07-02,-1.0,-0.009633782726553585
XGBoost,static,2025-07-03,-1.0,-0.009828192002456548
XGBoost,static,2025-07-04,-1.0,0.0002446408969268843
XGBoost,static,2025-07-07,1.0,-0.004550777451348708
XGBoost,static,2025-07-08,1.0,-0.0039055455371065366
XGBoost,static,2025-07-09,1.0,-0.003317569153415856
XGBoost,static,2025-07-10,1.0,0.018898969136643906
XGBoost,static,2025-07-11,-1.0,-0.04442486548706094
XGBoost,static,2025-07-14,-1.0,0.005533066875267112
XGBoost,static,2025-07-15,1.0,-0.016527859636761753
XGBoost,static,2025-07-16,1.0,0.0005022204171907241
XGBoost,static,2025-07-17,-1.0,-0.005562827558010208
XGBoost,static,2025-07-18,-1.0,-0.00438826513469337
XGBoost,static,2025-07-21,-1.0,-0.022970519754129892
XGBoost,static,2025-07-22,-1.0,-0.005600827231518668
XGBoost,static,2025-07-23,-1.0,0.0010681540493516772
XGBoost,static,2025-07-24,1.0,-0.006743102252689392
XGBoost,static,2025-07-25,-1.0,0.021685653713550003
XGBoost,static,2025-07-28,1.0,-0.0038942605132305185
XGBoost,static,2025-07-29,1.0,0.0015252368310385567
XGBoost,static,2025-07-30,-1.0,0.01340145327907325
XGBoost,static,2025-07-31,-1.0,0.026992591774202768
XGBoost,static,2025-08-01,1.0,0.006229213786387056
XGBoost,static,2025-08-04,-1.0,-0.01120939483429797
XGBoost,static,2025-08-05,-1.0,-0.013309284631463969
XGBoost,static,2025-08-06,-1.0,-0.0020961754742510053
XGBoost,static,2025-08-07,-1.0,-0.010379762689984862
XGBoost,static,2025-08-08,-1.0,-0.00678753772284435
XGBoost,static,2025-08-11,-1.0,0.019652785790503335
XGBoost,static,2025-08-12,1.0,0.0060928022832677856
XGBoost,static,2025-08-13,-1.0,-0.016031613402925714
XGBoost,static,2025-08-14,-1.0,0.013428974735347099
XGBoost,static,2025-08-15,1.0,-0.002516819549505911
XGBoost,static,2025-08-18,1.0,0.0015041749360886758
XGBoost,static,2025-08-19,-1.0,0.017981302806909995
XGBoost,static,2025-08-20,1.0,0.011715950329594915
XGBoost,static,2025-08-21,-1.0,-0.008739943788736349
XGBoost,static,2025-08-22,-1.0,-0.02566591931624962
XGBoost,static,2025-08-25,1.0,-0.008558337240652492
XGBoost,static,2025-08-26,1.0,-0.0024561731928067765
XGBoost,static,2025-08-27,-1.0,-0.0029732735880021676
XGBoost,static,2025-08-28,-1.0,-0.012949403224522982
XGBoost,static,2025-08-29,-1.0,-0.025971935994458815
XGBoost,static,2025-09-02,1.0,0.02146662602084668
XGBoost,static,2025-09-03,-1.0,-0.011667962338048921
XGBoost,static,2025-09-04,-1.0,0.015189459380388515
XGBoost,static,2025-09-05,1.0,0.003784307813467369
XGBoost,static,2025-09-08,-1.0,-0.00876983406151013
XGBoost,static,2025-09-09,-1.0,0.013228415802935989
XGBoost,static,2025-09-10,1.0,0.006038100650602041
XGBoost,static,2025-09-11,-1.0,-0.01391159856990345
XGBoost,static,2025-09-12,-1.0,-0.016548012198395412
XGBoost,static,2025-09-15,-1.0,-0.003066913210082012
XGBoost,static,2025-09-16,-1.0,0.0010818642302560244
XGBoost,static,2025-09-17,1.0,-0.01783557574524066
XGBoost,static,2025-09-18,1.0,-0.00035950792398597997
XGBoost,static,2025-09-19,-1.0,-0.020076724557404522
XGBoost,static,2025-09-22,-1.0,-0.02969250773750587
XGBoost,static,2025-09-23,-1.0,-0.008972843177088352
XGBoost,static,2025-09-24,-1.0,0.009390860402732293
XGBoost,static,2025-09-25,1.0,0.02081555976806302
XGBoost,static,2025-09-26,1.0,0.03409629556927718
XGBoost,static,2025-09-29,1.0,0.00845933308782909
XGBoost,static,2025-09-30,1.0,-0.00770190430422779
XGBoost,static,2025-10-01,1.0,0.022420223562232833
XGBoost,static,2025-10-02,1.0,-0.027278513228021106
XGBoost,static,2025-10-03,1.0,0.03471739395805029
XGBoost,static,2025-10-06,1.0,0.010189730636546601
XGBoost,static,2025-10-07,-1.0,0.01858041396311525
XGBoost,static,2025-10-08,1.0,0.03110624533663995
XGBoost,static,2025-10-09,1.0,-0.03711772076534181
XGBoost,static,2025-10-10,1.0,0.0018783618801891944
XGBoost,static,2025-10-13,1.0,0.06800463082047514
XGBoost,static,2025-10-14,-1.0,-0.003870418990419533
XGBoost,static,2025-10-15,1.0,0.014885318161481842
XGBoost,static,2025-10-16,-1.0,-0.03838058224827747
XGBoost,static,2025-10-17,-1.0,0.059577927835793965
XGBoost,static,2025-10-20,1.0,0.024968480427872898
XGBoost,static,2025-10-21,-1.0,0.07157368014823881
XGBoost,static,2025-10-22,1.0,3.177601770218991e-05
XGBoost,static,2025-10-23,-1.0,-0.02171239838940544
XGBoost,static,2025-10-24,-1.0,0.0021657428655396105
XGBoost,static,2025-10-27,1.0,-0.03771780118501091
XGBoost,static,2025-10-28,1.0,0.012091399038288708
XGBoost,static,2025-10-29,-1.0,-0.012847229101044433
XGBoost,static,2025-10-30,-1.0,-0.01481529562404571
XGBoost,static,2025-10-31,-1.0,0.008961797101403657
XGBoost,static,2025-11-03,1.0,-0.0024085884499257747
XGBoost,static,2025-11-04,-1.0,0.01562858779730234
XGBoost,static,2025-11-05,1.0,0.015352681469871654
XGBoost,static,2025-11-06,-1.0,0.001241619740434996
XGBoost,static,2025-11-07,1.0,0.004465848824837893
XGBoost,static,2025-11-10,1.0,0.044984066565782355
XGBoost,static,2025-11-11,1.0,0.008788925373200307
XGBoost,static,2025-11-12,-1.0,-0.05381730412635879
XGBoost,static,2025-11-13,1.0,-0.005037610001928505
XGBoost,static,2025-11-14,1.0,-0.04680259822608024
XGBoost,static,2025-11-17,1.0,0.0006918333130370158
XGBoost,static,2025-11-18,-1.0,0.0032567750530478664
XGBoost,static,2025-11-19,1.0,0.006539348809636781
XGBoost,static,2025-11-20,1.0,-0.010691066308134656
XGBoost,static,2025-11-21,1.0,-0.0074432411298250845
XGBoost,static,2025-11-24,1.0,0.00846143326081239
XGBoost,static,2025-11-25,1.0,0.012705039511451854
XGBoost,static,2025-11-26,-1.0,-0.03911314901495946
XGBoost,static,2025-11-28,1.0,0.06630947832162554
XGBoost,static,2025-12-01,1.0,0.034936047761097155
XGBoost,static,2025-12-02,-1.0,0.00724629333506075
XGBoost,static,2025-12-03,-1.0,0.0010692836319405874
XGBoost,static,2025-12-04,1.0,-0.018742519736534867
XGBoost,static,2025-12-05,1.0,0.0277059609048389
XGBoost,static,2025-12-08,1.0,-0.011006154302419136
XGBoost,static,2025-12-09,1.0,0.041364499514010555
XGBoost,static,2025-12-10,-1.0,-0.0036902176144437914
XGBoost,static,2025-12-11,1.0,0.05859526229257248
XGBoost,static,2025-12-12,1.0,-0.04015394122326654
XGBoost,static,2025-12-15,1.0,0.02571622710385868
XGBoost,static,2025-12-16,-1.0,0.0036131215285358565
XGBoost,static,2025-12-17,1.0,0.056211462611495545
XGBoost,static,2025-12-18,-1.0,0.024635011476861514
XGBoost,static,2025-12-19,1.0,0.034680453492551534
XGBoost,static,2025-12-22,-1.0,-0.016072495921934958
XGBoost,static,2025-12-23,1.0,0.03777900697426848
XGBoost,static,2025-12-24,1.0,0.007746295167779582
XGBoost,static,2025-12-26,1.0,0.07679748232444616
XGBoost,static,2025-12-29,-1.0,0.08648249415745743
XGBoost,static,2025-12-30,1.0,0.10742135592561339
XGBoost,static,2025-12-31,-1.0,0.09317145568755908
XGBoost,static,2026-01-02,-1.0,-0.0060170110667228105
XGBoost,static,2026-01-05,-1.0,-0.07948298838354506
XGBoost,static,2026-01-06,-1.0,-0.057323633612769376
XGBoost,static,2026-01-07,-1.0,0.04215816086587609
XGBoost,static,2026-01-08,1.0,-0.03156058405740949
XGBoost,static,2026-01-09,1.0,0.05578455855383391
XGBoost,static,2026-01-12,-1.0,-0.07278756819972834
XGBoost,static,2026-01-13,-1.0,-0.014974568985650416
XGBoost,static,2026-01-14,1.0,0.05792970246276006
XGBoost,static,2026-01-15,-1.0,-0.011281844394243535
XGBoost,static,2026-01-16,-1.0,0.04119678757613432
XGBoost,static,2026-01-20,1.0,0.06921682608331145
XGBoost,static,2026-01-21,-1.0,0.02098763316676886
XGBoost,static,2026-01-22,1.0,0.040641545143949444
XGBoost,static,2026-01-23,-1.0,-0.05176502911103433
XGBoost,static,2026-01-26,1.0,0.14005264653237326
XGBoost,static,2026-01-27,-1.0,0.08284656807855537
XGBoost,static,2026-01-28,1.0,0.07170846780132131
XGBoost,static,2026-01-29,-1.0,-0.008386670632756688
XGBoost,static,2026-01-30,-1.0,0.31346844308759625
XGBoost,static,2026-02-02,-1.0,0.019312824369858705
XGBoost,static,2026-02-03,1.0,0.08138587028737462
XGBoost,static,2026-02-04,-1.0,-0.01372329063737634
XGBoost,static,2026-02-05,1.0,-0.09092656690847037
XGBoost,static,2026-02-06,-1.0,-0.002891806812391784
XGBoost,static,2026-02-09,1.0,0.0692598525921648
XGBoost,static,2026-02-10,-1.0,0.022306550504145296
XGBoost,static,2026-02-11,1.0,0.043879824742109254
XGBoost,static,2026-02-12,1.0,-0.09800129424792059
XGBoost,static,2026-02-13,-1.0,-0.030711216713046347
XGBoost,static,2026-02-17,1.0,-0.05676959378821391
XGBoost,static,2026-02-18,1.0,0.055305242787226705
XGBoost,static,2026-02-19,1.0,0.0007224935674448041
XGBoost,static,2026-02-20,1.0,0.06082633328743148
XGBoost,static,2026-02-23,1.0,0.051529546090740785
XGBoost,static,2026-02-24,1.0,0.010794795367464083
XGBoost,static,2026-02-25,-1.0,-0.04001387686680571
XGBoost,static,2026-02-26,-1.0,0.0433367615927337
XGBoost,static,2026-02-27,1.0,0.06493481270984586
XGBoost,static,2026-03-02,1.0,-0.04745260851258404
XGBoost,static,2026-03-03,1.0,-0.06072448312932743
XGBoost,static,2026-03-04,1.0,-0.003497139494463175
XGBoost,static,2026-03-05,1.0,-0.01144829230293809
XGBoost,static,2026-03-06,1.0,0.026062966254028375
XGBoost,static,2026-03-09,-1.0,-0.00277702328550935
XGBoost,static,2026-03-10,1.0,0.05990808551328362
XGBoost,static,2026-03-11,1.0,-0.045103978687745516
XGBoost,static,2026-03-12,1.0,-0.004643557998285197
XGBoost,static,2026-03-13,1.0,-0.04436042028260212
XGBoost,static,2026-03-16,1.0,-0.008045591180475098
XGBoost,static,2026-03-17,1.0,-0.00913249821867046
XGBoost,static,2026-03-18,1.0,-0.028819311606618325
XGBoost,static,2026-03-19,1.0,-0.08203214247226243
XGBoost,static,2026-03-20,1.0,-0.021748325965454396
XGBoost,static,2026-03-23,1.0,-0.004483809206179967
XGBoost,static,2026-03-24,1.0,0.0032585332501104958
XGBoost,static,2026-03-25,-1.0,-0.044762142988201935
XGBoost,static,2026-03-26,1.0,-0.06501395278465363
XGBoost,static,2026-03-27,1.0,0.02769281694131287
XGBoost,static,2026-03-30,1.0,0.01120137104211083
XGBoost,static,2026-03-31,1.0,0.06208414053821709
XGBoost,static,2026-04-01,-1.0,-0.01595839182297267
XGBoost,static,2026-04-02,-1.0,0.041282722241938075
XGBoost,static,2026-04-06,1.0,-0.0012173574886594984
XGBoost,static,2026-04-07,-1.0,0.011291813739083589
XGBoost,static,2026-04-08,1.0,0.04710881289330147
XGBoost,static,2026-04-09,-1.0,-0.014198210909798914
XGBoost,static,2026-04-10,1.0,0.000416136843992976
XGBoost,static,2026-04-13,1.0,-0.01049466615100314
XGBoost,static,2026-04-14,1.0,0.05121613391156288
XGBoost,static,2026-04-15,-1.0,-0.0014595694169588168
XGBoost,static,2026-04-16,1.0,-0.011333267121244517
XGBoost,static,2026-04-17,1.0,0.039844236354957596
XGBoost,static,2026-04-20,1.0,-0.021862568036422614
XGBoost,static,2026-04-21,1.0,-0.04427703775534653
XGBoost,static,2026-04-22,1.0,0.019395042186772793
XGBoost,static,2026-04-23,-1.0,0.030970984224539453
XGBoost,static,2026-04-24,1.0,0.01196467158975698
XGBoost,static,2026-04-27,-1.0,0.017866910495378786
XGBoost,static,2026-04-28,1.0,-0.024172328580207146
XGBoost,static,2026-04-29,1.0,-0.022348221378228894
XGBoost,static,2026-04-30,1.0,0.02725597019921342
SVR,static,2025-07-02,-1.0,-0.009633782726553585
SVR,static,2025-07-03,1.0,0.009628192002456548
SVR,static,2025-07-04,1.0,-0.0002446408969268843
SVR,static,2025-07-07,1.0,-0.0043507774513487085
SVR,static,2025-07-08,-1.0,0.0037055455371065365
SVR,static,2025-07-09,-1.0,0.003317569153415856
SVR,static,2025-07-10,1.0,0.018698969136643907
SVR,static,2025-07-11,-1.0,-0.04442486548706094
SVR,static,2025-07-14,1.0,-0.005733066875267112
SVR,static,2025-07-15,1.0,-0.016327859636761755
SVR,static,2025-07-16,1.0,0.0005022204171907241
SVR,static,2025-07-17,1.0,0.005362827558010208
SVR,static,2025-07-18,-1.0,-0.0045882651346933695
SVR,static,2025-07-21,-1.0,-0.022970519754129892
SVR,static,2025-07-22,-1.0,-0.005600827231518668
SVR,static,2025-07-23,-1.0,0.0010681540493516772
SVR,static,2025-07-24,-1.0,0.006543102252689392
SVR,static,2025-07-25,-1.0,0.021885653713550002
SVR,static,2025-07-28,1.0,-0.0038942605132305185
SVR,static,2025-07-29,1.0,0.0015252368310385567
SVR,static,2025-07-30,1.0,-0.01360145327907325
SVR,static,2025-07-31,1.0,-0.026992591774202768
SVR,static,2025-08-01,1.0,0.006429213786387056
SVR,static,2025-08-04,-1.0,-0.01120939483429797
SVR,static,2025-08-05,-1.0,-0.013309284631463969
SVR,static,2025-08-06,1.0,0.0018961754742510052
SVR,static,2025-08-07,-1.0,-0.010579762689984862
SVR,static,2025-08-08,-1.0,-0.00678753772284435
SVR,static,2025-08-11,-1.0,0.019652785790503335
SVR,static,2025-08-12,1.0,0.0060928022832677856
SVR,static,2025-08-13,1.0,0.015831613402925715
SVR,static,2025-08-14,1.0,-0.013428974735347099
SVR,static,2025-08-15,-1.0,0.0021168195495059106
SVR,static,2025-08-18,-1.0,-0.0015041749360886758
SVR,static,2025-08-19,-1.0,0.018181302806909994
SVR,static,2025-08-20,-1.0,-0.011915950329594915
SVR,static,2025-08-21,1.0,0.008339943788736348
SVR,static,2025-08-22,-1.0,-0.025865919316249618
SVR,static,2025-08-25,1.0,-0.008558337240652492
SVR,static,2025-08-26,-1.0,0.0022561731928067764
SVR,static,2025-08-27,1.0,0.0025732735880021674
SVR,static,2025-08-28,1.0,0.012949403224522982
SVR,static,2025-08-29,-1.0,-0.026171935994458814
SVR,static,2025-09-02,1.0,0.02146662602084668
SVR,static,2025-09-03,-1.0,-0.011667962338048921
SVR,static,2025-09-04,1.0,-0.015389459380388515
SVR,static,2025-09-05,1.0,0.003984307813467369
SVR,static,2025-09-08,1.0,0.008569834061510129
SVR,static,2025-09-09,1.0,-0.013228415802935989
SVR,static,2025-09-10,1.0,0.006238100650602041
SVR,static,2025-09-11,1.0,0.01371159856990345
SVR,static,2025-09-12,1.0,0.016548012198395412
SVR,static,2025-09-15,1.0,0.003066913210082012
SVR,static,2025-09-16,-1.0,0.0008818642302560244
SVR,static,2025-09-17,1.0,-0.01783557574524066
SVR,static,2025-09-18,1.0,-0.00035950792398597997
SVR,static,2025-09-19,1.0,0.019876724557404524
SVR,static,2025-09-22,1.0,0.02969250773750587
SVR,static,2025-09-23,1.0,0.008972843177088352
SVR,static,2025-09-24,-1.0,0.009190860402732292
SVR,static,2025-09-25,1.0,0.02081555976806302
SVR,static,2025-09-26,1.0,0.03409629556927718
SVR,static,2025-09-29,1.0,0.00845933308782909
SVR,static,2025-09-30,1.0,-0.00770190430422779
SVR,static,2025-10-01,-1.0,-0.02262022356223283
SVR,static,2025-10-02,1.0,-0.027478513228021105
SVR,static,2025-10-03,1.0,0.03471739395805029
SVR,static,2025-10-06,1.0,0.010189730636546601
SVR,static,2025-10-07,-1.0,0.01858041396311525
SVR,static,2025-10-08,1.0,0.03110624533663995
SVR,static,2025-10-09,-1.0,0.03691772076534181
SVR,static,2025-10-10,1.0,0.0016783618801891943
SVR,static,2025-10-13,-1.0,-0.06820463082047515
SVR,static,2025-10-14,1.0,0.0034704189904195327
SVR,static,2025-10-15,-1.0,-0.015285318161481843
SVR,static,2025-10-16,-1.0,-0.03818058224827747
SVR,static,2025-10-17,1.0,-0.05977792783579396
SVR,static,2025-10-20,1.0,0.025168480427872897
SVR,static,2025-10-21,-1.0,0.07157368014823881
SVR,static,2025-10-22,1.0,3.177601770218991e-05
SVR,static,2025-10-23,-1.0,-0.02171239838940544
SVR,static,2025-10-24,1.0,-0.0023657428655396106
SVR,static,2025-10-27,1.0,-0.03751780118501091
SVR,static,2025-10-28,1.0,0.012091399038288708
SVR,static,2025-10-29,1.0,0.012647229101044433
SVR,static,2025-10-30,-1.0,-0.01501529562404571
SVR,static,2025-10-31,-1.0,0.008961797101403657
SVR,static,2025-11-03,1.0,-0.0024085884499257747
SVR,static,2025-11-04,-1.0,0.01562858779730234
SVR,static,2025-11-05,1.0,0.015352681469871654
SVR,static,2025-11-06,-1.0,0.001241619740434996
SVR,static,2025-11-07,-1.0,-0.004665848824837893
SVR,static,2025-11-10,-1.0,-0.044984066565782355
SVR,static,2025-11-11,-1.0,-0.008788925373200307
SVR,static,2025-11-12,-1.0,-0.05361730412635879
SVR,static,2025-11-13,1.0,-0.005037610001928505
SVR,static,2025-11-14,1.0,-0.04680259822608024
SVR,static,2025-11-17,-1.0,-0.0008918333130370158
SVR,static,2025-11-18,1.0,-0.0036567750530478666
SVR,static,2025-11-19,-1.0,-0.00693934880963678
SVR,static,2025-11-20,1.0,-0.010891066308134656
SVR,static,2025-11-21,-1.0,0.007243241129825085
SVR,static,2025-11-24,-1.0,-0.00846143326081239
SVR,static,2025-11-25,1.0,0.012505039511451854
SVR,static,2025-11-26,-1.0,-0.03911314901495946
SVR,static,2025-11-28,1.0,0.06630947832162554
SVR,static,2025-12-01,1.0,0.034936047761097155
SVR,static,2025-12-02,-1.0,0.00724629333506075
SVR,static,2025-12-03,-1.0,0.0010692836319405874
SVR,static,2025-12-04,-1.0,0.018542519736534868
SVR,static,2025-12-05,-1.0,-0.0277059609048389
SVR,static,2025-12-08,1.0,-0.011206154302419136
SVR,static,2025-12-09,1.0,0.041364499514010555
SVR,static,2025-12-10,-1.0,-0.0036902176144437914
SVR,static,2025-12-11,1.0,0.05859526229257248
SVR,static,2025-12-12,1.0,-0.04015394122326654
SVR,static,2025-12-15,-1.0,-0.02591622710385868
SVR,static,2025-12-16,-1.0,0.0038131215285358566
SVR,static,2025-12-17,-1.0,-0.056411462611495544
SVR,static,2025-12-18,-1.0,0.024835011476861513
SVR,static,2025-12-19,-1.0,-0.03488045349255153
SVR,static,2025-12-22,-1.0,-0.01587249592193496
SVR,static,2025-12-23,1.0,0.03777900697426848
SVR,static,2025-12-24,-1.0,-0.007946295167779583
SVR,static,2025-12-26,1.0,0.07659748232444616
SVR,static,2025-12-29,-1.0,0.08648249415745743
SVR,static,2025-12-30,1.0,0.10742135592561339
SVR,static,2025-12-31,-1.0,0.09317145568755908
SVR,static,2026-01-02,1.0,0.005817011066722811
SVR,static,2026-01-05,1.0,0.07948298838354506
SVR,static,2026-01-06,-1.0,-0.057523633612769375
SVR,static,2026-01-07,1.0,-0.04235816086587609
SVR,static,2026-01-08,1.0,-0.03136058405740949
SVR,static,2026-01-09,-1.0,-0.055984558553833906
SVR,static,2026-01-12,-1.0,-0.07258756819972834
SVR,static,2026-01-13,1.0,0.014774568985650416
SVR,static,2026-01-14,1.0,0.05812970246276006
SVR,static,2026-01-15,-1.0,-0.011281844394243535
SVR,static,2026-01-16,1.0,-0.04139678757613432
SVR,static,2026-01-20,1.0,0.06941682608331146
SVR,static,2026-01-21,1.0,-0.02118763316676886
SVR,static,2026-01-22,1.0,0.04084154514394944
SVR,static,2026-01-23,1.0,0.05156502911103433
SVR,static,2026-01-26,1.0,0.14025264653237327
SVR,static,2026-01-27,1.0,-0.08304656807855537
SVR,static,2026-01-28,1.0,0.07190846780132132
SVR,static,2026-01-29,1.0,0.008186670632756687
SVR,static,2026-01-30,1.0,-0.31346844308759625
SVR,static,2026-02-02,1.0,-0.019312824369858705
SVR,static,2026-02-03,1.0,0.08158587028737463
SVR,static,2026-02-04,1.0,0.01352329063737634
SVR,static,2026-02-05,1.0,-0.09072656690847036
SVR,static,2026-02-06,1.0,0.0026918068123917838
SVR,static,2026-02-09,1.0,0.0694598525921648
SVR,static,2026-02-10,1.0,-0.022506550504145295
SVR,static,2026-02-11,1.0,0.04407982474210925
SVR,static,2026-02-12,1.0,-0.09800129424792059
SVR,static,2026-02-13,1.0,0.03051121671304635
SVR,static,2026-02-17,1.0,-0.05656959378821391
SVR,static,2026-02-18,1.0,0.055305242787226705
SVR,static,2026-02-19,1.0,0.0007224935674448041
SVR,static,2026-02-20,1.0,0.06082633328743148
SVR,static,2026-02-23,1.0,0.051529546090740785
SVR,static,2026-02-24,1.0,0.010794795367464083
SVR,static,2026-02-25,1.0,0.03981387686680571
SVR,static,2026-02-26,1.0,-0.0433367615927337
SVR,static,2026-02-27,1.0,0.06513481270984586
SVR,static,2026-03-02,1.0,-0.04745260851258404
SVR,static,2026-03-03,1.0,-0.06072448312932743
SVR,static,2026-03-04,-1.0,0.003297139494463175
SVR,static,2026-03-05,1.0,-0.01164829230293809
SVR,static,2026-03-06,1.0,0.026062966254028375
SVR,static,2026-03-09,1.0,0.00257702328550935
SVR,static,2026-03-10,1.0,0.060108085513283616
SVR,static,2026-03-11,-1.0,0.04490397868774552
SVR,static,2026-03-12,1.0,-0.004843557998285197
SVR,static,2026-03-13,-1.0,0.04416042028260212
SVR,static,2026-03-16,1.0,-0.008245591180475098
SVR,static,2026-03-17,-1.0,0.008932498218670459
SVR,static,2026-03-18,1.0,-0.029019311606618324
SVR,static,2026-03-19,1.0,-0.08203214247226243
SVR,static,2026-03-20,-1.0,0.021548325965454397
SVR,static,2026-03-23,1.0,-0.004683809206179967
SVR,static,2026-03-24,1.0,0.0032585332501104958
SVR,static,2026-03-25,1.0,0.044562142988201936
SVR,static,2026-03-26,-1.0,0.06461395278465362
SVR,static,2026-03-27,1.0,0.02749281694131287
SVR,static,2026-03-30,1.0,0.01120137104211083
SVR,static,2026-03-31,1.0,0.06208414053821709
SVR,static,2026-04-01,1.0,0.015758391822972673
SVR,static,2026-04-02,1.0,-0.041282722241938075
SVR,static,2026-04-06,1.0,-0.0010173574886594983
SVR,static,2026-04-07,1.0,-0.01149181373908359
SVR,static,2026-04-08,1.0,0.047308812893301466
SVR,static,2026-04-09,-1.0,-0.014198210909798914
SVR,static,2026-04-10,1.0,0.000416136843992976
SVR,static,2026-04-13,1.0,-0.01049466615100314
SVR,static,2026-04-14,1.0,0.05121613391156288
SVR,static,2026-04-15,1.0,0.0012595694169588167
SVR,static,2026-04-16,-1.0,0.010933267121244516
SVR,static,2026-04-17,1.0,0.0396442363549576
SVR,static,2026-04-20,-1.0,0.021662568036422615
SVR,static,2026-04-21,-1.0,0.04427703775534653
SVR,static,2026-04-22,1.0,0.019195042186772794
SVR,static,2026-04-23,-1.0,0.030970984224539453
SVR,static,2026-04-24,1.0,0.01196467158975698
SVR,static,2026-04-27,1.0,-0.018066910495378785
SVR,static,2026-04-28,1.0,-0.023972328580207147
SVR,static,2026-04-29,1.0,-0.022348221378228894
SVR,static,2026-04-30,1.0,0.02725597019921342
LSTM,static,2025-07-02,1.0,0.009433782726553586
LSTM,static,2025-07-03,1.0,0.009828192002456548
LSTM,static,2025-07-04,1.0,-0.0002446408969268843
LSTM,static,2025-07-07,1.0,-0.0043507774513487085
LSTM,static,2025-07-08,1.0,-0.0039055455371065366
LSTM,static,2025-07-09,1.0,-0.003317569153415856
LSTM,static,2025-07-10,1.0,0.018898969136643906
LSTM,static,2025-07-11,1.0,0.04422486548706094
LSTM,static,2025-07-14,1.0,-0.005533066875267112
LSTM,static,2025-07-15,1.0,-0.016327859636761755
LSTM,static,2025-07-16,1.0,0.0005022204171907241
LSTM,static,2025-07-17,1.0,0.005362827558010208
LSTM,static,2025-07-18,1.0,0.00438826513469337
LSTM,static,2025-07-21,1.0,0.022970519754129892
LSTM,static,2025-07-22,1.0,0.005600827231518668
LSTM,static,2025-07-23,1.0,-0.0010681540493516772
LSTM,static,2025-07-24,1.0,-0.006543102252689392
LSTM,static,2025-07-25,1.0,-0.021885653713550002
LSTM,static,2025-07-28,1.0,-0.0036942605132305184
LSTM,static,2025-07-29,1.0,0.0015252368310385567
LSTM,static,2025-07-30,1.0,-0.01360145327907325
LSTM,static,2025-07-31,1.0,-0.026992591774202768
LSTM,static,2025-08-01,1.0,0.006429213786387056
LSTM,static,2025-08-04,1.0,0.01100939483429797
LSTM,static,2025-08-05,1.0,0.013309284631463969
LSTM,static,2025-08-06,1.0,0.0020961754742510053
LSTM,static,2025-08-07,1.0,0.010379762689984862
LSTM,static,2025-08-08,-1.0,-0.00698753772284435
LSTM,static,2025-08-11,-1.0,0.019652785790503335
LSTM,static,2025-08-12,-1.0,-0.006292802283267785
LSTM,static,2025-08-13,-1.0,-0.015831613402925715
LSTM,static,2025-08-14,-1.0,0.013428974735347099
LSTM,static,2025-08-15,-1.0,0.0023168195495059107
LSTM,static,2025-08-18,-1.0,-0.0015041749360886758
LSTM,static,2025-08-19,1.0,-0.018381302806909992
LSTM,static,2025-08-20,-1.0,-0.012115950329594916
LSTM,static,2025-08-21,-1.0,-0.008539943788736348
LSTM,static,2025-08-22,-1.0,-0.02566591931624962
LSTM,static,2025-08-25,1.0,-0.008558337240652492
LSTM,static,2025-08-26,1.0,-0.0024561731928067765
LSTM,static,2025-08-27,-1.0,-0.0029732735880021676
LSTM,static,2025-08-28,-1.0,-0.012949403224522982
LSTM,static,2025-08-29,1.0,0.02537193599445882
LSTM,static,2025-09-02,1.0,0.02166662602084668
LSTM,static,2025-09-03,1.0,0.01146796233804892
LSTM,static,2025-09-04,1.0,-0.015189459380388515
LSTM,static,2025-09-05,-1.0,-0.004184307813467369
LSTM,static,2025-09-08,-1.0,-0.008569834061510129
LSTM,static,2025-09-09,-1.0,0.013228415802935989
LSTM,static,2025-09-10,-1.0,-0.006238100650602041
LSTM,static,2025-09-11,-1.0,-0.01371159856990345
LSTM,static,2025-09-12,-1.0,-0.016548012198395412
LSTM,static,2025-09-15,-1.0,-0.003066913210082012
LSTM,static,2025-09-16,1.0,-0.0012818642302560245
LSTM,static,2025-09-17,-1.0,0.017435575745240663
LSTM,static,2025-09-18,-1.0,0.00035950792398597997
LSTM,static,2025-09-19,1.0,0.019676724557404525
LSTM,static,2025-09-22,1.0,0.02969250773750587
LSTM,static,2025-09-23,1.0,0.008972843177088352
LSTM,static,2025-09-24,1.0,-0.009390860402732293
LSTM,static,2025-09-25,1.0,0.02101555976806302
LSTM,static,2025-09-26,1.0,0.03409629556927718
LSTM,static,2025-09-29,1.0,0.00845933308782909
LSTM,static,2025-09-30,1.0,-0.00770190430422779
LSTM,static,2025-10-01,1.0,0.022420223562232833
LSTM,static,2025-10-02,1.0,-0.027278513228021106
LSTM,static,2025-10-03,1.0,0.03471739395805029
LSTM,static,2025-10-06,1.0,0.010189730636546601
LSTM,static,2025-10-07,1.0,-0.01878041396311525
LSTM,static,2025-10-08,1.0,0.03130624533663995
LSTM,static,2025-10-09,1.0,-0.03711772076534181
LSTM,static,2025-10-10,1.0,0.0018783618801891944
LSTM,static,2025-10-13,1.0,0.06800463082047514
LSTM,static,2025-10-14,-1.0,-0.003870418990419533
LSTM,static,2025-10-15,-1.0,-0.015085318161481842
LSTM,static,2025-10-16,-1.0,-0.03818058224827747
LSTM,static,2025-10-17,-1.0,0.059577927835793965
LSTM,static,2025-10-20,-1.0,-0.025168480427872897
LSTM,static,2025-10-21,-1.0,0.07177368014823882
LSTM,static,2025-10-22,1.0,3.177601770218991e-05
LSTM,static,2025-10-23,1.0,0.02151239838940544
LSTM,static,2025-10-24,-1.0,0.0019657428655396104
LSTM,static,2025-10-27,-1.0,0.03751780118501091
LSTM,static,2025-10-28,-1.0,-0.012091399038288708
LSTM,static,2025-10-29,1.0,0.012447229101044432
LSTM,static,2025-10-30,1.0,0.01481529562404571
LSTM,static,2025-10-31,1.0,-0.008961797101403657
LSTM,static,2025-11-03,1.0,-0.0022085884499257746
LSTM,static,2025-11-04,1.0,-0.01582858779730234
LSTM,static,2025-11-05,1.0,0.015552681469871654
LSTM,static,2025-11-06,-1.0,0.001241619740434996
LSTM,static,2025-11-07,1.0,0.004465848824837893
LSTM,static,2025-11-10,1.0,0.044984066565782355
LSTM,static,2025-11-11,1.0,0.008788925373200307
LSTM,static,2025-11-12,-1.0,-0.05381730412635879
LSTM,static,2025-11-13,-1.0,0.004837610001928505
LSTM,static,2025-11-14,1.0,-0.04700259822608024
LSTM,static,2025-11-17,1.0,0.0006918333130370158
LSTM,static,2025-11-18,1.0,-0.0034567750530478665
LSTM,static,2025-11-19,1.0,0.00673934880963678
LSTM,static,2025-11-20,1.0,-0.010691066308134656
LSTM,static,2025-11-21,1.0,-0.0074432411298250845
LSTM,static,2025-11-24,1.0,0.00846143326081239
LSTM,static,2025-11-25,1.0,0.012705039511451854
LSTM,static,2025-11-26,-1.0,-0.03911314901495946
LSTM,static,2025-11-28,-1.0,-0.06690947832162555
LSTM,static,2025-12-01,-1.0,-0.034936047761097155
LSTM,static,2025-12-02,-1.0,0.00744629333506075
LSTM,static,2025-12-03,-1.0,0.0010692836319405874
LSTM,static,2025-12-04,-1.0,0.018542519736534868
LSTM,static,2025-12-05,-1.0,-0.0277059609048389
LSTM,static,2025-12-08,-1.0,0.011006154302419136
LSTM,static,2025-12-09,-1.0,-0.041364499514010555
LSTM,static,2025-12-10,-1.0,-0.0034902176144437913
LSTM,static,2025-12-11,-1.0,-0.05879526229257248
LSTM,static,2025-12-12,-1.0,0.04015394122326654
LSTM,static,2025-12-15,-1.0,-0.02571622710385868
LSTM,static,2025-12-16,-1.0,0.0038131215285358566
LSTM,static,2025-12-17,-1.0,-0.056411462611495544
LSTM,static,2025-12-18,-1.0,0.024835011476861513
LSTM,static,2025-12-19,-1.0,-0.03488045349255153
LSTM,static,2025-12-22,-1.0,-0.01587249592193496
LSTM,static,2025-12-23,-1.0,-0.03797900697426848
LSTM,static,2025-12-24,-1.0,-0.007746295167779582
LSTM,static,2025-12-26,-1.0,-0.07679748232444616
LSTM,static,2025-12-29,-1.0,0.08668249415745743
LSTM,static,2025-12-30,-1.0,-0.1076213559256134
LSTM,static,2025-12-31,-1.0,0.09337145568755909
LSTM,static,2026-01-02,-1.0,-0.0060170110667228105
LSTM,static,2026-01-05,-1.0,-0.07948298838354506
LSTM,static,2026-01-06,-1.0,-0.057323633612769376
LSTM,static,2026-01-07,-1.0,0.04215816086587609
LSTM,static,2026-01-08,-1.0,0.03136058405740949
LSTM,static,2026-01-09,-1.0,-0.05578455855383391
LSTM,static,2026-01-12,-1.0,-0.07258756819972834
LSTM,static,2026-01-13,-1.0,-0.014974568985650416
LSTM,static,2026-01-14,-1.0,-0.05812970246276006
LSTM,static,2026-01-15,-1.0,-0.011081844394243534
LSTM,static,2026-01-16,-1.0,0.04119678757613432
LSTM,static,2026-01-20,-1.0,-0.06941682608331146
LSTM,static,2026-01-21,-1.0,0.02118763316676886
LSTM,static,2026-01-22,-1.0,-0.04084154514394944
LSTM,static,2026-01-23,-1.0,-0.05156502911103433
LSTM,static,2026-01-26,-1.0,-0.14025264653237327
LSTM,static,2026-01-27,-1.0,0.08304656807855537
LSTM,static,2026-01-28,-1.0,-0.07190846780132132
LSTM,static,2026-01-29,-1.0,-0.008186670632756687
LSTM,static,2026-01-30,1.0,-0.3136684430875962
LSTM,static,2026-02-02,1.0,-0.019312824369858705
LSTM,static,2026-02-03,1.0,0.08158587028737463
LSTM,static,2026-02-04,1.0,0.01352329063737634
LSTM,static,2026-02-05,1.0,-0.09072656690847036
LSTM,static,2026-02-06,1.0,0.0026918068123917838
LSTM,static,2026-02-09,1.0,0.0694598525921648
LSTM,static,2026-02-10,1.0,-0.022506550504145295
LSTM,static,2026-02-11,1.0,0.04407982474210925
LSTM,static,2026-02-12,1.0,-0.09800129424792059
LSTM,static,2026-02-13,1.0,0.03051121671304635
LSTM,static,2026-02-17,1.0,-0.05656959378821391
LSTM,static,2026-02-18,1.0,0.055305242787226705
LSTM,static,2026-02-19,1.0,0.0007224935674448041
LSTM,static,2026-02-20,1.0,0.06082633328743148
LSTM,static,2026-02-23,1.0,0.051529546090740785
LSTM,static,2026-02-24,-1.0,-0.010994795367464083
LSTM,static,2026-02-25,-1.0,-0.03981387686680571
LSTM,static,2026-02-26,-1.0,0.0433367615927337
LSTM,static,2026-02-27,-1.0,-0.06553481270984587
LSTM,static,2026-03-02,-1.0,0.04745260851258404
LSTM,static,2026-03-03,1.0,-0.06092448312932743
LSTM,static,2026-03-04,1.0,-0.003497139494463175
LSTM,static,2026-03-05,1.0,-0.01144829230293809
LSTM,static,2026-03-06,1.0,0.026062966254028375
LSTM,static,2026-03-09,1.0,0.00257702328550935
LSTM,static,2026-03-10,1.0,0.060108085513283616
LSTM,static,2026-03-11,1.0,-0.045103978687745516
LSTM,static,2026-03-12,1.0,-0.004643557998285197
LSTM,static,2026-03-13,1.0,-0.04436042028260212
LSTM,static,2026-03-16,1.0,-0.008045591180475098
LSTM,static,2026-03-17,1.0,-0.00913249821867046
LSTM,static,2026-03-18,1.0,-0.028819311606618325
LSTM,static,2026-03-19,1.0,-0.08203214247226243
LSTM,static,2026-03-20,1.0,-0.021748325965454396
LSTM,static,2026-03-23,1.0,-0.004483809206179967
LSTM,static,2026-03-24,1.0,0.0032585332501104958
LSTM,static,2026-03-25,1.0,0.044562142988201936
LSTM,static,2026-03-26,-1.0,0.06461395278465362
LSTM,static,2026-03-27,1.0,0.02749281694131287
LSTM,static,2026-03-30,1.0,0.01120137104211083
LSTM,static,2026-03-31,1.0,0.06208414053821709
LSTM,static,2026-04-01,-1.0,-0.01595839182297267
LSTM,static,2026-04-02,-1.0,0.041282722241938075
LSTM,static,2026-04-06,1.0,-0.0012173574886594984
LSTM,static,2026-04-07,1.0,-0.01149181373908359
LSTM,static,2026-04-08,1.0,0.047308812893301466
LSTM,static,2026-04-09,-1.0,-0.014198210909798914
LSTM,static,2026-04-10,-1.0,-0.000616136843992976
LSTM,static,2026-04-13,1.0,-0.01069466615100314
LSTM,static,2026-04-14,1.0,0.05121613391156288
LSTM,static,2026-04-15,-1.0,-0.0014595694169588168
LSTM,static,2026-04-16,-1.0,0.011133267121244517
LSTM,static,2026-04-17,1.0,0.0396442363549576
LSTM,static,2026-04-20,-1.0,0.021662568036422615
LSTM,static,2026-04-21,1.0,-0.044477037755346525
LSTM,static,2026-04-22,1.0,0.019395042186772793
LSTM,static,2026-04-23,1.0,-0.031170984224539452
LSTM,static,2026-04-24,1.0,0.012164671589756981
LSTM,static,2026-04-27,1.0,-0.018066910495378785
LSTM,static,2026-04-28,1.0,-0.023972328580207147
LSTM,static,2026-04-29,1.0,-0.022348221378228894
LSTM,static,2026-04-30,1.0,0.02725597019921342
GRU,static,2025-07-02,1.0,0.009433782726553586
GRU,static,2025-07-03,1.0,0.009828192002456548
GRU,static,2025-07-04,1.0,-0.0002446408969268843
GRU,static,2025-07-07,1.0,-0.0043507774513487085
GRU,static,2025-07-08,1.0,-0.0039055455371065366
GRU,static,2025-07-09,1.0,-0.003317569153415856
GRU,static,2025-07-10,1.0,0.018898969136643906
GRU,static,2025-07-11,1.0,0.04422486548706094
GRU,static,2025-07-14,-1.0,0.005333066875267112
GRU,static,2025-07-15,-1.0,0.016327859636761755
GRU,static,2025-07-16,-1.0,-0.0005022204171907241
GRU,static,2025-07-17,-1.0,-0.005362827558010208
GRU,static,2025-07-18,-1.0,-0.00438826513469337
GRU,static,2025-07-21,-1.0,-0.022970519754129892
GRU,static,2025-07-22,-1.0,-0.005600827231518668
GRU,static,2025-07-23,-1.0,0.0010681540493516772
GRU,static,2025-07-24,-1.0,0.006543102252689392
GRU,static,2025-07-25,1.0,-0.02208565371355
GRU,static,2025-07-28,1.0,-0.0036942605132305184
GRU,static,2025-07-29,1.0,0.0015252368310385567
GRU,static,2025-07-30,1.0,-0.01360145327907325
GRU,static,2025-07-31,1.0,-0.026992591774202768
GRU,static,2025-08-01,-1.0,-0.006629213786387055
GRU,static,2025-08-04,1.0,0.01080939483429797
GRU,static,2025-08-05,1.0,0.013309284631463969
GRU,static,2025-08-06,1.0,0.0020961754742510053
GRU,static,2025-08-07,1.0,0.010379762689984862
GRU,static,2025-08-08,1.0,0.00678753772284435
GRU,static,2025-08-11,-1.0,0.019452785790503337
GRU,static,2025-08-12,-1.0,-0.006292802283267785
GRU,static,2025-08-13,-1.0,-0.015831613402925715
GRU,static,2025-08-14,1.0,-0.0136289747353471
GRU,static,2025-08-15,1.0,-0.0023168195495059107
GRU,static,2025-08-18,1.0,0.0015041749360886758
GRU,static,2025-08-19,1.0,-0.018181302806909994
GRU,static,2025-08-20,1.0,0.011915950329594915
GRU,static,2025-08-21,1.0,0.008539943788736348
GRU,static,2025-08-22,1.0,0.02566591931624962
GRU,static,2025-08-25,1.0,-0.008358337240652491
GRU,static,2025-08-26,1.0,-0.0024561731928067765
GRU,static,2025-08-27,-1.0,-0.0029732735880021676
GRU,static,2025-08-28,-1.0,-0.012949403224522982
GRU,static,2025-08-29,-1.0,-0.025971935994458815
GRU,static,2025-09-02,1.0,0.02146662602084668
GRU,static,2025-09-03,-1.0,-0.011667962338048921
GRU,static,2025-09-04,-1.0,0.015189459380388515
GRU,static,2025-09-05,1.0,0.003784307813467369
GRU,static,2025-09-08,-1.0,-0.00876983406151013
GRU,static,2025-09-09,-1.0,0.013228415802935989
GRU,static,2025-09-10,-1.0,-0.006238100650602041
GRU,static,2025-09-11,-1.0,-0.01371159856990345
GRU,static,2025-09-12,-1.0,-0.016548012198395412
GRU,static,2025-09-15,-1.0,-0.003066913210082012
GRU,static,2025-09-16,-1.0,0.0010818642302560244
GRU,static,2025-09-17,-1.0,0.01763557574524066
GRU,static,2025-09-18,-1.0,0.00035950792398597997
GRU,static,2025-09-19,1.0,0.019676724557404525
GRU,static,2025-09-22,1.0,0.02969250773750587
GRU,static,2025-09-23,1.0,0.008972843177088352
GRU,static,2025-09-24,1.0,-0.009390860402732293
GRU,static,2025-09-25,-1.0,-0.021215559768063018
GRU,static,2025-09-26,1.0,0.03389629556927718
GRU,static,2025-09-29,1.0,0.00845933308782909
GRU,static,2025-09-30,-1.0,0.007501904304227791
GRU,static,2025-10-01,1.0,0.022220223562232834
GRU,static,2025-10-02,1.0,-0.027278513228021106
GRU,static,2025-10-03,1.0,0.03471739395805029
GRU,static,2025-10-06,1.0,0.010189730636546601
GRU,static,2025-10-07,-1.0,0.01858041396311525
GRU,static,2025-10-08,-1.0,-0.03130624533663995
GRU,static,2025-10-09,-1.0,0.03711772076534181
GRU,static,2025-10-10,1.0,0.0016783618801891943
GRU,static,2025-10-13,1.0,0.06800463082047514
GRU,static,2025-10-14,-1.0,-0.003870418990419533
GRU,static,2025-10-15,-1.0,-0.015085318161481842
GRU,static,2025-10-16,-1.0,-0.03818058224827747
GRU,static,2025-10-17,-1.0,0.059577927835793965
GRU,static,2025-10-20,1.0,0.024968480427872898
GRU,static,2025-10-21,-1.0,0.07157368014823881
GRU,static,2025-10-22,1.0,3.177601770218991e-05
GRU,static,2025-10-23,1.0,0.02151239838940544
GRU,static,2025-10-24,1.0,-0.0021657428655396105
GRU,static,2025-10-27,1.0,-0.03751780118501091
GRU,static,2025-10-28,1.0,0.012091399038288708
GRU,static,2025-10-29,1.0,0.012647229101044433
GRU,static,2025-10-30,1.0,0.01481529562404571
GRU,static,2025-10-31,1.0,-0.008961797101403657
GRU,static,2025-11-03,1.0,-0.0022085884499257746
GRU,static,2025-11-04,1.0,-0.01582858779730234
GRU,static,2025-11-05,-1.0,-0.015752681469871653
GRU,static,2025-11-06,-1.0,0.0014416197404349962
GRU,static,2025-11-07,-1.0,-0.004665848824837893
GRU,static,2025-11-10,-1.0,-0.044984066565782355
GRU,static,2025-11-11,-1.0,-0.008788925373200307
GRU,static,2025-11-12,-1.0,-0.05361730412635879
GRU,static,2025-11-13,-1.0,0.004837610001928505
GRU,static,2025-11-14,1.0,-0.04700259822608024
GRU,static,2025-11-17,1.0,0.0006918333130370158
GRU,static,2025-11-18,1.0,-0.0034567750530478665
GRU,static,2025-11-19,1.0,0.00673934880963678
GRU,static,2025-11-20,1.0,-0.010691066308134656
GRU,static,2025-11-21,1.0,-0.0074432411298250845
GRU,static,2025-11-24,1.0,0.00846143326081239
GRU,static,2025-11-25,-1.0,-0.012905039511451855
GRU,static,2025-11-26,-1.0,-0.03891314901495946
GRU,static,2025-11-28,-1.0,-0.06690947832162555
GRU,static,2025-12-01,-1.0,-0.034936047761097155
GRU,static,2025-12-02,-1.0,0.00744629333506075
GRU,static,2025-12-03,-1.0,0.0010692836319405874
GRU,static,2025-12-04,-1.0,0.018542519736534868
GRU,static,2025-12-05,-1.0,-0.0277059609048389
GRU,static,2025-12-08,-1.0,0.011006154302419136
GRU,static,2025-12-09,-1.0,-0.041364499514010555
GRU,static,2025-12-10,-1.0,-0.0034902176144437913
GRU,static,2025-12-11,-1.0,-0.05879526229257248
GRU,static,2025-12-12,-1.0,0.04015394122326654
GRU,static,2025-12-15,-1.0,-0.02571622710385868
GRU,static,2025-12-16,-1.0,0.0038131215285358566
GRU,static,2025-12-17,-1.0,-0.056411462611495544
GRU,static,2025-12-18,-1.0,0.024835011476861513
GRU,static,2025-12-19,-1.0,-0.03488045349255153
GRU,static,2025-12-22,-1.0,-0.01587249592193496
GRU,static,2025-12-23,-1.0,-0.03797900697426848
GRU,static,2025-12-24,-1.0,-0.007746295167779582
GRU,static,2025-12-26,-1.0,-0.07679748232444616
GRU,static,2025-12-29,-1.0,0.08668249415745743
GRU,static,2025-12-30,-1.0,-0.1076213559256134
GRU,static,2025-12-31,-1.0,0.09337145568755909
GRU,static,2026-01-02,-1.0,-0.0060170110667228105
GRU,static,2026-01-05,-1.0,-0.07948298838354506
GRU,static,2026-01-06,-1.0,-0.057323633612769376
GRU,static,2026-01-07,-1.0,0.04215816086587609
GRU,static,2026-01-08,-1.0,0.03136058405740949
GRU,static,2026-01-09,-1.0,-0.05578455855383391
GRU,static,2026-01-12,-1.0,-0.07258756819972834
GRU,static,2026-01-13,-1.0,-0.014974568985650416
GRU,static,2026-01-14,-1.0,-0.05812970246276006
GRU,static,2026-01-15,-1.0,-0.011081844394243534
GRU,static,2026-01-16,-1.0,0.04119678757613432
GRU,static,2026-01-20,-1.0,-0.06941682608331146
GRU,static,2026-01-21,-1.0,0.02118763316676886
GRU,static,2026-01-22,-1.0,-0.04084154514394944
GRU,static,2026-01-23,-1.0,-0.05156502911103433
GRU,static,2026-01-26,-1.0,-0.14025264653237327
GRU,static,2026-01-27,-1.0,0.08304656807855537
GRU,static,2026-01-28,-1.0,-0.07190846780132132
GRU,static,2026-01-29,-1.0,-0.008186670632756687
GRU,static,2026-01-30,1.0,-0.3136684430875962
GRU,static,2026-02-02,1.0,-0.019312824369858705
GRU,static,2026-02-03,1.0,0.08158587028737463
GRU,static,2026-02-04,1.0,0.01352329063737634
GRU,static,2026-02-05,1.0,-0.09072656690847036
GRU,static,2026-02-06,1.0,0.0026918068123917838
GRU,static,2026-02-09,1.0,0.0694598525921648
GRU,static,2026-02-10,-1.0,0.022306550504145296
GRU,static,2026-02-11,-1.0,-0.04407982474210925
GRU,static,2026-02-12,-1.0,0.09800129424792059
GRU,static,2026-02-13,1.0,0.03031121671304635
GRU,static,2026-02-17,-1.0,0.05636959378821391
GRU,static,2026-02-18,1.0,0.055105242787226706
GRU,static,2026-02-19,-1.0,-0.0009224935674448041
GRU,static,2026-02-20,1.0,0.06062633328743148
GRU,static,2026-02-23,-1.0,-0.051729546090740784
GRU,static,2026-02-24,-1.0,-0.010794795367464083
GRU,static,2026-02-25,-1.0,-0.03981387686680571
GRU,static,2026-02-26,-1.0,0.0433367615927337
GRU,static,2026-02-27,-1.0,-0.06553481270984587
GRU,static,2026-03-02,-1.0,0.04745260851258404
GRU,static,2026-03-03,1.0,-0.06092448312932743
GRU,static,2026-03-04,1.0,-0.003497139494463175
GRU,static,2026-03-05,1.0,-0.01144829230293809
GRU,static,2026-03-06,1.0,0.026062966254028375
GRU,static,2026-03-09,1.0,0.00257702328550935
GRU,static,2026-03-10,1.0,0.060108085513283616
GRU,static,2026-03-11,-1.0,0.04490397868774552
GRU,static,2026-03-12,1.0,-0.004843557998285197
GRU,static,2026-03-13,1.0,-0.04436042028260212
GRU,static,2026-03-16,1.0,-0.008045591180475098
GRU,static,2026-03-17,1.0,-0.00913249821867046
GRU,static,2026-03-18,1.0,-0.028819311606618325
GRU,static,2026-03-19,1.0,-0.08203214247226243
GRU,static,2026-03-20,1.0,-0.021748325965454396
GRU,static,2026-03-23,1.0,-0.004483809206179967
GRU,static,2026-03-24,1.0,0.0032585332501104958
GRU,static,2026-03-25,1.0,0.044562142988201936
GRU,static,2026-03-26,1.0,-0.06481395278465363
GRU,static,2026-03-27,1.0,0.02769281694131287
GRU,static,2026-03-30,1.0,0.01120137104211083
GRU,static,2026-03-31,1.0,0.06208414053821709
GRU,static,2026-04-01,1.0,0.015758391822972673
GRU,static,2026-04-02,1.0,-0.041282722241938075
GRU,static,2026-04-06,1.0,-0.0010173574886594983
GRU,static,2026-04-07,1.0,-0.01149181373908359
GRU,static,2026-04-08,1.0,0.047308812893301466
GRU,static,2026-04-09,-1.0,-0.014198210909798914
GRU,static,2026-04-10,-1.0,-0.000616136843992976
GRU,static,2026-04-13,-1.0,0.01049466615100314
GRU,static,2026-04-14,1.0,0.05101613391156288
GRU,static,2026-04-15,-1.0,-0.0014595694169588168
GRU,static,2026-04-16,-1.0,0.011133267121244517
GRU,static,2026-04-17,1.0,0.0396442363549576
GRU,static,2026-04-20,-1.0,0.021662568036422615
GRU,static,2026-04-21,1.0,-0.044477037755346525
GRU,static,2026-04-22,1.0,0.019395042186772793
GRU,static,2026-04-23,1.0,-0.031170984224539452
GRU,static,2026-04-24,1.0,0.012164671589756981
GRU,static,2026-04-27,1.0,-0.018066910495378785
GRU,static,2026-04-28,1.0,-0.023972328580207147
GRU,static,2026-04-29,1.0,-0.022348221378228894
GRU,static,2026-04-30,1.0,0.02725597019921342
BiLSTM,static,2025-07-02,1.0,0.009433782726553586
BiLSTM,static,2025-07-03,1.0,0.009828192002456548
BiLSTM,static,2025-07-04,-1.0,4.464089692688428e-05
BiLSTM,static,2025-07-07,1.0,-0.004550777451348708
BiLSTM,static,2025-07-08,1.0,-0.0039055455371065366
BiLSTM,static,2025-07-09,1.0,-0.003317569153415856
BiLSTM,static,2025-07-10,1.0,0.018898969136643906
BiLSTM,static,2025-07-11,1.0,0.04422486548706094
BiLSTM,static,2025-07-14,-1.0,0.005333066875267112
BiLSTM,static,2025-07-15,-1.0,0.016327859636761755
BiLSTM,static,2025-07-16,1.0,0.0003022204171907241
BiLSTM,static,2025-07-17,1.0,0.005362827558010208
BiLSTM,static,2025-07-18,-1.0,-0.0045882651346933695
BiLSTM,static,2025-07-21,-1.0,-0.022970519754129892
BiLSTM,static,2025-07-22,-1.0,-0.005600827231518668
BiLSTM,static,2025-07-23,-1.0,0.0010681540493516772
BiLSTM,static,2025-07-24,-1.0,0.006543102252689392
BiLSTM,static,2025-07-25,1.0,-0.02208565371355
BiLSTM,static,2025-07-28,1.0,-0.0036942605132305184
BiLSTM,static,2025-07-29,1.0,0.0015252368310385567
BiLSTM,static,2025-07-30,1.0,-0.01360145327907325
BiLSTM,static,2025-07-31,1.0,-0.026992591774202768
BiLSTM,static,2025-08-01,-1.0,-0.006629213786387055
BiLSTM,static,2025-08-04,1.0,0.01080939483429797
BiLSTM,static,2025-08-05,1.0,0.013309284631463969
BiLSTM,static,2025-08-06,1.0,0.0020961754742510053
BiLSTM,static,2025-08-07,1.0,0.010379762689984862
BiLSTM,static,2025-08-08,1.0,0.00678753772284435
BiLSTM,static,2025-08-11,1.0,-0.019652785790503335
BiLSTM,static,2025-08-12,-1.0,-0.006492802283267785
BiLSTM,static,2025-08-13,-1.0,-0.015831613402925715
BiLSTM,static,2025-08-14,-1.0,0.013428974735347099
BiLSTM,static,2025-08-15,1.0,-0.002516819549505911
BiLSTM,static,2025-08-18,1.0,0.0015041749360886758
BiLSTM,static,2025-08-19,-1.0,0.017981302806909995
BiLSTM,static,2025-08-20,-1.0,-0.011915950329594915
BiLSTM,static,2025-08-21,-1.0,-0.008539943788736348
BiLSTM,static,2025-08-22,-1.0,-0.02566591931624962
BiLSTM,static,2025-08-25,-1.0,0.008358337240652491
BiLSTM,static,2025-08-26,-1.0,0.0024561731928067765
BiLSTM,static,2025-08-27,-1.0,-0.0027732735880021675
BiLSTM,static,2025-08-28,-1.0,-0.012949403224522982
BiLSTM,static,2025-08-29,1.0,0.02537193599445882
BiLSTM,static,2025-09-02,1.0,0.02166662602084668
BiLSTM,static,2025-09-03,-1.0,-0.011667962338048921
BiLSTM,static,2025-09-04,-1.0,0.015189459380388515
BiLSTM,static,2025-09-05,1.0,0.003784307813467369
BiLSTM,static,2025-09-08,1.0,0.008569834061510129
BiLSTM,static,2025-09-09,1.0,-0.013228415802935989
BiLSTM,static,2025-09-10,-1.0,-0.0064381006506020405
BiLSTM,static,2025-09-11,-1.0,-0.01371159856990345
BiLSTM,static,2025-09-12,-1.0,-0.016548012198395412
BiLSTM,static,2025-09-15,1.0,0.0028669132100820117
BiLSTM,static,2025-09-16,1.0,-0.0010818642302560244
BiLSTM,static,2025-09-17,-1.0,0.017435575745240663
BiLSTM,static,2025-09-18,-1.0,0.00035950792398597997
BiLSTM,static,2025-09-19,-1.0,-0.019876724557404524
BiLSTM,static,2025-09-22,1.0,0.02949250773750587
BiLSTM,static,2025-09-23,1.0,0.008972843177088352
BiLSTM,static,2025-09-24,1.0,-0.009390860402732293
BiLSTM,static,2025-09-25,1.0,0.02101555976806302
BiLSTM,static,2025-09-26,1.0,0.03409629556927718
BiLSTM,static,2025-09-29,1.0,0.00845933308782909
BiLSTM,static,2025-09-30,1.0,-0.00770190430422779
BiLSTM,static,2025-10-01,1.0,0.022420223562232833
BiLSTM,static,2025-10-02,-1.0,0.027078513228021107
BiLSTM,static,2025-10-03,1.0,0.03451739395805029
BiLSTM,static,2025-10-06,1.0,0.010189730636546601
BiLSTM,static,2025-10-07,-1.0,0.01858041396311525
BiLSTM,static,2025-10-08,-1.0,-0.03130624533663995
BiLSTM,static,2025-10-09,-1.0,0.03711772076534181
BiLSTM,static,2025-10-10,1.0,0.0016783618801891943
BiLSTM,static,2025-10-13,1.0,0.06800463082047514
BiLSTM,static,2025-10-14,-1.0,-0.003870418990419533
BiLSTM,static,2025-10-15,-1.0,-0.015085318161481842
BiLSTM,static,2025-10-16,-1.0,-0.03818058224827747
BiLSTM,static,2025-10-17,-1.0,0.059577927835793965
BiLSTM,static,2025-10-20,1.0,0.024968480427872898
BiLSTM,static,2025-10-21,1.0,-0.07177368014823882
BiLSTM,static,2025-10-22,1.0,0.00023177601770218992
BiLSTM,static,2025-10-23,1.0,0.02151239838940544
BiLSTM,static,2025-10-24,1.0,-0.0021657428655396105
BiLSTM,static,2025-10-27,1.0,-0.03751780118501091
BiLSTM,static,2025-10-28,1.0,0.012091399038288708
BiLSTM,static,2025-10-29,-1.0,-0.012847229101044433
BiLSTM,static,2025-10-30,-1.0,-0.01481529562404571
BiLSTM,static,2025-10-31,1.0,-0.009161797101403657
BiLSTM,static,2025-11-03,1.0,-0.0022085884499257746
BiLSTM,static,2025-11-04,1.0,-0.01582858779730234
BiLSTM,static,2025-11-05,1.0,0.015552681469871654
BiLSTM,static,2025-11-06,1.0,-0.0014416197404349962
BiLSTM,static,2025-11-07,1.0,0.004665848824837893
BiLSTM,static,2025-11-10,1.0,0.044984066565782355
BiLSTM,static,2025-11-11,-1.0,-0.008988925373200308
BiLSTM,static,2025-11-12,-1.0,-0.05361730412635879
BiLSTM,static,2025-11-13,-1.0,0.004837610001928505
BiLSTM,static,2025-11-14,1.0,-0.04700259822608024
BiLSTM,static,2025-11-17,1.0,0.0006918333130370158
BiLSTM,static,2025-11-18,1.0,-0.0034567750530478665
BiLSTM,static,2025-11-19,-1.0,-0.00693934880963678
BiLSTM,static,2025-11-20,1.0,-0.010891066308134656
BiLSTM,static,2025-11-21,1.0,-0.0074432411298250845
BiLSTM,static,2025-11-24,-1.0,-0.00866143326081239
BiLSTM,static,2025-11-25,-1.0,-0.012705039511451854
BiLSTM,static,2025-11-26,-1.0,-0.03891314901495946
BiLSTM,static,2025-11-28,-1.0,-0.06690947832162555
BiLSTM,static,2025-12-01,-1.0,-0.034936047761097155
BiLSTM,static,2025-12-02,-1.0,0.00744629333506075
BiLSTM,static,2025-12-03,-1.0,0.0010692836319405874
BiLSTM,static,2025-12-04,-1.0,0.018542519736534868
BiLSTM,static,2025-12-05,-1.0,-0.0277059609048389
BiLSTM,static,2025-12-08,-1.0,0.011006154302419136
BiLSTM,static,2025-12-09,-1.0,-0.041364499514010555
BiLSTM,static,2025-12-10,-1.0,-0.0034902176144437913
BiLSTM,static,2025-12-11,-1.0,-0.05879526229257248
BiLSTM,static,2025-12-12,-1.0,0.04015394122326654
BiLSTM,static,2025-12-15,-1.0,-0.02571622710385868
BiLSTM,static,2025-12-16,-1.0,0.0038131215285358566
BiLSTM,static,2025-12-17,-1.0,-0.056411462611495544
BiLSTM,static,2025-12-18,-1.0,0.024835011476861513
BiLSTM,static,2025-12-19,-1.0,-0.03488045349255153
BiLSTM,static,2025-12-22,-1.0,-0.01587249592193496
BiLSTM,static,2025-12-23,-1.0,-0.03797900697426848
BiLSTM,static,2025-12-24,-1.0,-0.007746295167779582
BiLSTM,static,2025-12-26,-1.0,-0.07679748232444616
BiLSTM,static,2025-12-29,-1.0,0.08668249415745743
BiLSTM,static,2025-12-30,-1.0,-0.1076213559256134
BiLSTM,static,2025-12-31,-1.0,0.09337145568755909
BiLSTM,static,2026-01-02,-1.0,-0.0060170110667228105
BiLSTM,static,2026-01-05,-1.0,-0.07948298838354506
BiLSTM,static,2026-01-06,-1.0,-0.057323633612769376
BiLSTM,static,2026-01-07,-1.0,0.04215816086587609
BiLSTM,static,2026-01-08,-1.0,0.03136058405740949
BiLSTM,static,2026-01-09,-1.0,-0.05578455855383391
BiLSTM,static,2026-01-12,-1.0,-0.07258756819972834
BiLSTM,static,2026-01-13,-1.0,-0.014974568985650416
BiLSTM,static,2026-01-14,-1.0,-0.05812970246276006
BiLSTM,static,2026-01-15,-1.0,-0.011081844394243534
BiLSTM,static,2026-01-16,-1.0,0.04119678757613432
BiLSTM,static,2026-01-20,-1.0,-0.06941682608331146
BiLSTM,static,2026-01-21,-1.0,0.02118763316676886
BiLSTM,static,2026-01-22,-1.0,-0.04084154514394944
BiLSTM,static,2026-01-23,-1.0,-0.05156502911103433
BiLSTM,static,2026-01-26,-1.0,-0.14025264653237327
BiLSTM,static,2026-01-27,-1.0,0.08304656807855537
BiLSTM,static,2026-01-28,-1.0,-0.07190846780132132
BiLSTM,static,2026-01-29,-1.0,-0.008186670632756687
BiLSTM,static,2026-01-30,1.0,-0.3136684430875962
BiLSTM,static,2026-02-02,1.0,-0.019312824369858705
BiLSTM,static,2026-02-03,1.0,0.08158587028737463
BiLSTM,static,2026-02-04,1.0,0.01352329063737634
BiLSTM,static,2026-02-05,1.0,-0.09072656690847036
BiLSTM,static,2026-02-06,1.0,0.0026918068123917838
BiLSTM,static,2026-02-09,1.0,0.0694598525921648
BiLSTM,static,2026-02-10,1.0,-0.022506550504145295
BiLSTM,static,2026-02-11,1.0,0.04407982474210925
BiLSTM,static,2026-02-12,-1.0,0.09780129424792058
BiLSTM,static,2026-02-13,-1.0,-0.03051121671304635
BiLSTM,static,2026-02-17,1.0,-0.05676959378821391
BiLSTM,static,2026-02-18,1.0,0.055305242787226705
BiLSTM,static,2026-02-19,1.0,0.0007224935674448041
BiLSTM,static,2026-02-20,1.0,0.06082633328743148
BiLSTM,static,2026-02-23,-1.0,-0.051729546090740784
BiLSTM,static,2026-02-24,-1.0,-0.010794795367464083
BiLSTM,static,2026-02-25,-1.0,-0.03981387686680571
BiLSTM,static,2026-02-26,-1.0,0.0433367615927337
BiLSTM,static,2026-02-27,-1.0,-0.06553481270984587
BiLSTM,static,2026-03-02,-1.0,0.04745260851258404
BiLSTM,static,2026-03-03,1.0,-0.06092448312932743
BiLSTM,static,2026-03-04,1.0,-0.003497139494463175
BiLSTM,static,2026-03-05,1.0,-0.01144829230293809
BiLSTM,static,2026-03-06,1.0,0.026062966254028375
BiLSTM,static,2026-03-09,1.0,0.00257702328550935
BiLSTM,static,2026-03-10,1.0,0.060108085513283616
BiLSTM,static,2026-03-11,-1.0,0.04490397868774552
BiLSTM,static,2026-03-12,1.0,-0.004843557998285197
BiLSTM,static,2026-03-13,-1.0,0.04416042028260212
BiLSTM,static,2026-03-16,1.0,-0.008245591180475098
BiLSTM,static,2026-03-17,1.0,-0.00913249821867046
BiLSTM,static,2026-03-18,1.0,-0.028819311606618325
BiLSTM,static,2026-03-19,1.0,-0.08203214247226243
BiLSTM,static,2026-03-20,1.0,-0.021748325965454396
BiLSTM,static,2026-03-23,1.0,-0.004483809206179967
BiLSTM,static,2026-03-24,1.0,0.0032585332501104958
BiLSTM,static,2026-03-25,-1.0,-0.044762142988201935
BiLSTM,static,2026-03-26,-1.0,0.06481395278465363
BiLSTM,static,2026-03-27,-1.0,-0.02769281694131287
BiLSTM,static,2026-03-30,-1.0,-0.01120137104211083
BiLSTM,static,2026-03-31,-1.0,-0.06208414053821709
BiLSTM,static,2026-04-01,-1.0,-0.015758391822972673
BiLSTM,static,2026-04-02,-1.0,0.041282722241938075
BiLSTM,static,2026-04-06,1.0,-0.0012173574886594984
BiLSTM,static,2026-04-07,1.0,-0.01149181373908359
BiLSTM,static,2026-04-08,1.0,0.047308812893301466
BiLSTM,static,2026-04-09,-1.0,-0.014198210909798914
BiLSTM,static,2026-04-10,1.0,0.000416136843992976
BiLSTM,static,2026-04-13,1.0,-0.01049466615100314
BiLSTM,static,2026-04-14,1.0,0.05121613391156288
BiLSTM,static,2026-04-15,1.0,0.0012595694169588167
BiLSTM,static,2026-04-16,1.0,-0.011133267121244517
BiLSTM,static,2026-04-17,1.0,0.039844236354957596
BiLSTM,static,2026-04-20,1.0,-0.021862568036422614
BiLSTM,static,2026-04-21,1.0,-0.04427703775534653
BiLSTM,static,2026-04-22,1.0,0.019395042186772793
BiLSTM,static,2026-04-23,1.0,-0.031170984224539452
BiLSTM,static,2026-04-24,1.0,0.012164671589756981
BiLSTM,static,2026-04-27,1.0,-0.018066910495378785
BiLSTM,static,2026-04-28,1.0,-0.023972328580207147
BiLSTM,static,2026-04-29,1.0,-0.022348221378228894
BiLSTM,static,2026-04-30,1.0,0.02725597019921342
Transformer,static,2025-07-02,1.0,0.009433782726553586
Transformer,static,2025-07-03,1.0,0.009828192002456548
Transformer,static,2025-07-04,1.0,-0.0002446408969268843
Transformer,static,2025-07-07,1.0,-0.0043507774513487085
Transformer,static,2025-07-08,1.0,-0.0039055455371065366
Transformer,static,2025-07-09,1.0,-0.003317569153415856
Transformer,static,2025-07-10,1.0,0.018898969136643906
Transformer,static,2025-07-11,1.0,0.04422486548706094
Transformer,static,2025-07-14,-1.0,0.005333066875267112
Transformer,static,2025-07-15,1.0,-0.016527859636761753
Transformer,static,2025-07-16,1.0,0.0005022204171907241
Transformer,static,2025-07-17,1.0,0.005362827558010208
Transformer,static,2025-07-18,1.0,0.00438826513469337
Transformer,static,2025-07-21,1.0,0.022970519754129892
Transformer,static,2025-07-22,1.0,0.005600827231518668
Transformer,static,2025-07-23,1.0,-0.0010681540493516772
Transformer,static,2025-07-24,1.0,-0.006543102252689392
Transformer,static,2025-07-25,1.0,-0.021885653713550002
Transformer,static,2025-07-28,1.0,-0.0036942605132305184
Transformer,static,2025-07-29,1.0,0.0015252368310385567
Transformer,static,2025-07-30,1.0,-0.01360145327907325
Transformer,static,2025-07-31,-1.0,0.02679259177420277
Transformer,static,2025-08-01,-1.0,-0.006429213786387056
Transformer,static,2025-08-04,-1.0,-0.01100939483429797
Transformer,static,2025-08-05,-1.0,-0.013309284631463969
Transformer,static,2025-08-06,-1.0,-0.0020961754742510053
Transformer,static,2025-08-07,-1.0,-0.010379762689984862
Transformer,static,2025-08-08,-1.0,-0.00678753772284435
Transformer,static,2025-08-11,-1.0,0.019652785790503335
Transformer,static,2025-08-12,-1.0,-0.006292802283267785
Transformer,static,2025-08-13,-1.0,-0.015831613402925715
Transformer,static,2025-08-14,-1.0,0.013428974735347099
Transformer,static,2025-08-15,-1.0,0.0023168195495059107
Transformer,static,2025-08-18,-1.0,-0.0015041749360886758
Transformer,static,2025-08-19,-1.0,0.018181302806909994
Transformer,static,2025-08-20,-1.0,-0.011915950329594915
Transformer,static,2025-08-21,-1.0,-0.008539943788736348
Transformer,static,2025-08-22,-1.0,-0.02566591931624962
Transformer,static,2025-08-25,-1.0,0.008358337240652491
Transformer,static,2025-08-26,-1.0,0.0024561731928067765
Transformer,static,2025-08-27,-1.0,-0.0027732735880021675
Transformer,static,2025-08-28,-1.0,-0.012949403224522982
Transformer,static,2025-08-29,-1.0,-0.025971935994458815
Transformer,static,2025-09-02,-1.0,-0.02166662602084668
Transformer,static,2025-09-03,-1.0,-0.01146796233804892
Transformer,static,2025-09-04,-1.0,0.015189459380388515
Transformer,static,2025-09-05,-1.0,-0.003984307813467369
Transformer,static,2025-09-08,-1.0,-0.008569834061510129
Transformer,static,2025-09-09,-1.0,0.013228415802935989
Transformer,static,2025-09-10,-1.0,-0.006238100650602041
Transformer,static,2025-09-11,-1.0,-0.01371159856990345
Transformer,static,2025-09-12,-1.0,-0.016548012198395412
Transformer,static,2025-09-15,-1.0,-0.003066913210082012
Transformer,static,2025-09-16,-1.0,0.0010818642302560244
Transformer,static,2025-09-17,-1.0,0.01763557574524066
Transformer,static,2025-09-18,-1.0,0.00035950792398597997
Transformer,static,2025-09-19,-1.0,-0.019876724557404524
Transformer,static,2025-09-22,1.0,0.02949250773750587
Transformer,static,2025-09-23,1.0,0.008972843177088352
Transformer,static,2025-09-24,1.0,-0.009390860402732293
Transformer,static,2025-09-25,1.0,0.02101555976806302
Transformer,static,2025-09-26,1.0,0.03409629556927718
Transformer,static,2025-09-29,1.0,0.00845933308782909
Transformer,static,2025-09-30,1.0,-0.00770190430422779
Transformer,static,2025-10-01,1.0,0.022420223562232833
Transformer,static,2025-10-02,1.0,-0.027278513228021106
Transformer,static,2025-10-03,1.0,0.03471739395805029
Transformer,static,2025-10-06,1.0,0.010189730636546601
Transformer,static,2025-10-07,1.0,-0.01878041396311525
Transformer,static,2025-10-08,1.0,0.03130624533663995
Transformer,static,2025-10-09,1.0,-0.03711772076534181
Transformer,static,2025-10-10,1.0,0.0018783618801891944
Transformer,static,2025-10-13,1.0,0.06800463082047514
Transformer,static,2025-10-14,1.0,0.003670418990419533
Transformer,static,2025-10-15,-1.0,-0.015285318161481843
Transformer,static,2025-10-16,-1.0,-0.03818058224827747
Transformer,static,2025-10-17,-1.0,0.059577927835793965
Transformer,static,2025-10-20,-1.0,-0.025168480427872897
Transformer,static,2025-10-21,-1.0,0.07177368014823882
Transformer,static,2025-10-22,1.0,3.177601770218991e-05
Transformer,static,2025-10-23,-1.0,-0.02171239838940544
Transformer,static,2025-10-24,1.0,-0.0023657428655396106
Transformer,static,2025-10-27,1.0,-0.03751780118501091
Transformer,static,2025-10-28,1.0,0.012091399038288708
Transformer,static,2025-10-29,1.0,0.012647229101044433
Transformer,static,2025-10-30,1.0,0.01481529562404571
Transformer,static,2025-10-31,1.0,-0.008961797101403657
Transformer,static,2025-11-03,1.0,-0.0022085884499257746
Transformer,static,2025-11-04,1.0,-0.01582858779730234
Transformer,static,2025-11-05,1.0,0.015552681469871654
Transformer,static,2025-11-06,1.0,-0.0014416197404349962
Transformer,static,2025-11-07,1.0,0.004665848824837893
Transformer,static,2025-11-10,1.0,0.044984066565782355
Transformer,static,2025-11-11,1.0,0.008788925373200307
Transformer,static,2025-11-12,1.0,0.05361730412635879
Transformer,static,2025-11-13,1.0,-0.004837610001928505
Transformer,static,2025-11-14,-1.0,0.04660259822608024
Transformer,static,2025-11-17,-1.0,-0.0006918333130370158
Transformer,static,2025-11-18,1.0,-0.0036567750530478666
Transformer,static,2025-11-19,1.0,0.00673934880963678
Transformer,static,2025-11-20,1.0,-0.010691066308134656
Transformer,static,2025-11-21,1.0,-0.0074432411298250845
Transformer,static,2025-11-24,-1.0,-0.00866143326081239
Transformer,static,2025-11-25,-1.0,-0.012705039511451854
Transformer,static,2025-11-26,-1.0,-0.03891314901495946
Transformer,static,2025-11-28,-1.0,-0.06690947832162555
Transformer,static,2025-12-01,-1.0,-0.034936047761097155
Transformer,static,2025-12-02,-1.0,0.00744629333506075
Transformer,static,2025-12-03,-1.0,0.0010692836319405874
Transformer,static,2025-12-04,-1.0,0.018542519736534868
Transformer,static,2025-12-05,-1.0,-0.0277059609048389
Transformer,static,2025-12-08,-1.0,0.011006154302419136
Transformer,static,2025-12-09,-1.0,-0.041364499514010555
Transformer,static,2025-12-10,-1.0,-0.0034902176144437913
Transformer,static,2025-12-11,-1.0,-0.05879526229257248
Transformer,static,2025-12-12,-1.0,0.04015394122326654
Transformer,static,2025-12-15,-1.0,-0.02571622710385868
Transformer,static,2025-12-16,-1.0,0.0038131215285358566
Transformer,static,2025-12-17,-1.0,-0.056411462611495544
Transformer,static,2025-12-18,-1.0,0.024835011476861513
Transformer,static,2025-12-19,-1.0,-0.03488045349255153
Transformer,static,2025-12-22,-1.0,-0.01587249592193496
Transformer,static,2025-12-23,-1.0,-0.03797900697426848
Transformer,static,2025-12-24,-1.0,-0.007746295167779582
Transformer,static,2025-12-26,-1.0,-0.07679748232444616
Transformer,static,2025-12-29,-1.0,0.08668249415745743
Transformer,static,2025-12-30,-1.0,-0.1076213559256134
Transformer,static,2025-12-31,-1.0,0.09337145568755909
Transformer,static,2026-01-02,-1.0,-0.0060170110667228105
Transformer,static,2026-01-05,1.0,0.07928298838354506
Transformer,static,2026-01-06,1.0,0.057323633612769376
Transformer,static,2026-01-07,-1.0,0.041958160865876094
Transformer,static,2026-01-08,-1.0,0.03136058405740949
Transformer,static,2026-01-09,1.0,0.05558455855383391
Transformer,static,2026-01-12,-1.0,-0.07278756819972834
Transformer,static,2026-01-13,-1.0,-0.014974568985650416
Transformer,static,2026-01-14,-1.0,-0.05812970246276006
Transformer,static,2026-01-15,-1.0,-0.011081844394243534
Transformer,static,2026-01-16,1.0,-0.04139678757613432
Transformer,static,2026-01-20,-1.0,-0.06961682608331146
Transformer,static,2026-01-21,1.0,-0.02138763316676886
Transformer,static,2026-01-22,-1.0,-0.04104154514394944
Transformer,static,2026-01-23,-1.0,-0.05156502911103433
Transformer,static,2026-01-26,1.0,0.14005264653237326
Transformer,static,2026-01-27,1.0,-0.08304656807855537
Transformer,static,2026-01-28,-1.0,-0.07210846780132132
Transformer,static,2026-01-29,-1.0,-0.008186670632756687
Transformer,static,2026-01-30,1.0,-0.3136684430875962
Transformer,static,2026-02-02,-1.0,0.019112824369858707
Transformer,static,2026-02-03,-1.0,-0.08158587028737463
Transformer,static,2026-02-04,-1.0,-0.01352329063737634
Transformer,static,2026-02-05,-1.0,0.09072656690847036
Transformer,static,2026-02-06,-1.0,-0.0026918068123917838
Transformer,static,2026-02-09,-1.0,-0.0694598525921648
Transformer,static,2026-02-10,-1.0,0.022506550504145295
Transformer,static,2026-02-11,-1.0,-0.04407982474210925
Transformer,static,2026-02-12,-1.0,0.09800129424792059
Transformer,static,2026-02-13,-1.0,-0.03051121671304635
Transformer,static,2026-02-17,-1.0,0.05656959378821391
Transformer,static,2026-02-18,-1.0,-0.055305242787226705
Transformer,static,2026-02-19,-1.0,-0.0007224935674448041
Transformer,static,2026-02-20,-1.0,-0.06082633328743148
Transformer,static,2026-02-23,-1.0,-0.051529546090740785
Transformer,static,2026-02-24,-1.0,-0.010794795367464083
Transformer,static,2026-02-25,-1.0,-0.03981387686680571
Transformer,static,2026-02-26,-1.0,0.0433367615927337
Transformer,static,2026-02-27,-1.0,-0.06553481270984587
Transformer,static,2026-03-02,-1.0,0.04745260851258404
Transformer,static,2026-03-03,1.0,-0.06092448312932743
Transformer,static,2026-03-04,-1.0,0.003297139494463175
Transformer,static,2026-03-05,-1.0,0.01144829230293809
Transformer,static,2026-03-06,-1.0,-0.026062966254028375
Transformer,static,2026-03-09,1.0,0.00237702328550935
Transformer,static,2026-03-10,1.0,0.060108085513283616
Transformer,static,2026-03-11,-1.0,0.04490397868774552
Transformer,static,2026-03-12,-1.0,0.004643557998285197
Transformer,static,2026-03-13,-1.0,0.04436042028260212
Transformer,static,2026-03-16,1.0,-0.008245591180475098
Transformer,static,2026-03-17,1.0,-0.00913249821867046
Transformer,static,2026-03-18,1.0,-0.028819311606618325
Transformer,static,2026-03-19,1.0,-0.08203214247226243
Transformer,static,2026-03-20,1.0,-0.021748325965454396
Transformer,static,2026-03-23,-1.0,0.004283809206179968
Transformer,static,2026-03-24,-1.0,-0.0032585332501104958
Transformer,static,2026-03-25,-1.0,-0.044562142988201936
Transformer,static,2026-03-26,-1.0,0.06481395278465363
Transformer,static,2026-03-27,-1.0,-0.02769281694131287
Transformer,static,2026-03-30,-1.0,-0.01120137104211083
Transformer,static,2026-03-31,1.0,0.06188414053821709
Transformer,static,2026-04-01,-1.0,-0.01595839182297267
Transformer,static,2026-04-02,-1.0,0.041282722241938075
Transformer,static,2026-04-06,-1.0,0.0010173574886594983
Transformer,static,2026-04-07,-1.0,0.01149181373908359
Transformer,static,2026-04-08,1.0,0.04710881289330147
Transformer,static,2026-04-09,1.0,0.013998210909798914
Transformer,static,2026-04-10,1.0,0.000616136843992976
Transformer,static,2026-04-13,-1.0,0.01029466615100314
Transformer,static,2026-04-14,-1.0,-0.05121613391156288
Transformer,static,2026-04-15,-1.0,-0.0012595694169588167
Transformer,static,2026-04-16,-1.0,0.011133267121244517
Transformer,static,2026-04-17,-1.0,-0.039844236354957596
Transformer,static,2026-04-20,-1.0,0.021862568036422614
Transformer,static,2026-04-21,1.0,-0.044477037755346525
Transformer,static,2026-04-22,-1.0,-0.01959504218677279
Transformer,static,2026-04-23,-1.0,0.031170984224539452
Transformer,static,2026-04-24,-1.0,-0.012164671589756981
Transformer,static,2026-04-27,1.0,-0.018266910495378784
Transformer,static,2026-04-28,1.0,-0.023972328580207147
Transformer,static,2026-04-29,-1.0,0.022148221378228895
Transformer,static,2026-04-30,-1.0,-0.02765597019921342
TCN,static,2025-07-02,1.0,0.009433782726553586
TCN,static,2025-07-03,1.0,0.009828192002456548
TCN,static,2025-07-04,1.0,-0.0002446408969268843
TCN,static,2025-07-07,-1.0,0.004150777451348709
TCN,static,2025-07-08,1.0,-0.004105545537106537
TCN,static,2025-07-09,1.0,-0.003317569153415856
TCN,static,2025-07-10,-1.0,-0.019098969136643905
TCN,static,2025-07-11,1.0,0.044024865487060943
TCN,static,2025-07-14,-1.0,0.005333066875267112
TCN,static,2025-07-15,-1.0,0.016327859636761755
TCN,static,2025-07-16,-1.0,-0.0005022204171907241
TCN,static,2025-07-17,-1.0,-0.005362827558010208
TCN,static,2025-07-18,-1.0,-0.00438826513469337
TCN,static,2025-07-21,1.0,0.022770519754129893
TCN,static,2025-07-22,-1.0,-0.005800827231518668
TCN,static,2025-07-23,1.0,-0.0012681540493516773
TCN,static,2025-07-24,-1.0,0.006343102252689393
TCN,static,2025-07-25,1.0,-0.02208565371355
TCN,static,2025-07-28,1.0,-0.0036942605132305184
TCN,static,2025-07-29,-1.0,-0.0017252368310385568
TCN,static,2025-07-30,-1.0,0.01360145327907325
TCN,static,2025-07-31,-1.0,0.026992591774202768
TCN,static,2025-08-01,-1.0,-0.006429213786387056
TCN,static,2025-08-04,-1.0,-0.01100939483429797
TCN,static,2025-08-05,1.0,0.013109284631463968
TCN,static,2025-08-06,-1.0,-0.0022961754742510053
TCN,static,2025-08-07,-1.0,-0.010379762689984862
TCN,static,2025-08-08,1.0,0.00658753772284435
TCN,static,2025-08-11,-1.0,0.019452785790503337
TCN,static,2025-08-12,-1.0,-0.006292802283267785
TCN,static,2025-08-13,-1.0,-0.015831613402925715
TCN,static,2025-08-14,-1.0,0.013428974735347099
TCN,static,2025-08-15,-1.0,0.0023168195495059107
TCN,static,2025-08-18,1.0,0.0013041749360886757
TCN,static,2025-08-19,-1.0,0.017981302806909995
TCN,static,2025-08-20,1.0,0.011715950329594915
TCN,static,2025-08-21,1.0,0.008539943788736348
TCN,static,2025-08-22,1.0,0.02566591931624962
TCN,static,2025-08-25,-1.0,0.008158337240652491
TCN,static,2025-08-26,-1.0,0.0024561731928067765
TCN,static,2025-08-27,-1.0,-0.0027732735880021675
TCN,static,2025-08-28,-1.0,-0.012949403224522982
TCN,static,2025-08-29,-1.0,-0.025971935994458815
TCN,static,2025-09-02,-1.0,-0.02166662602084668
TCN,static,2025-09-03,-1.0,-0.01146796233804892
TCN,static,2025-09-04,-1.0,0.015189459380388515
TCN,static,2025-09-05,1.0,0.003784307813467369
TCN,static,2025-09-08,1.0,0.008569834061510129
TCN,static,2025-09-09,-1.0,0.013028415802935988
TCN,static,2025-09-10,1.0,0.006038100650602041
TCN,static,2025-09-11,1.0,0.01371159856990345
TCN,static,2025-09-12,1.0,0.016548012198395412
TCN,static,2025-09-15,1.0,0.003066913210082012
TCN,static,2025-09-16,-1.0,0.0008818642302560244
TCN,static,2025-09-17,-1.0,0.01763557574524066
TCN,static,2025-09-18,1.0,-0.00055950792398598
TCN,static,2025-09-19,1.0,0.019876724557404524
TCN,static,2025-09-22,1.0,0.02969250773750587
TCN,static,2025-09-23,-1.0,-0.009172843177088353
TCN,static,2025-09-24,-1.0,0.009390860402732293
TCN,static,2025-09-25,1.0,0.02081555976806302
TCN,static,2025-09-26,1.0,0.03409629556927718
TCN,static,2025-09-29,1.0,0.00845933308782909
TCN,static,2025-09-30,1.0,-0.00770190430422779
TCN,static,2025-10-01,1.0,0.022420223562232833
TCN,static,2025-10-02,1.0,-0.027278513228021106
TCN,static,2025-10-03,1.0,0.03471739395805029
TCN,static,2025-10-06,-1.0,-0.010389730636546602
TCN,static,2025-10-07,1.0,-0.01898041396311525
TCN,static,2025-10-08,1.0,0.03130624533663995
TCN,static,2025-10-09,1.0,-0.03711772076534181
TCN,static,2025-10-10,1.0,0.0018783618801891944
TCN,static,2025-10-13,1.0,0.06800463082047514
TCN,static,2025-10-14,1.0,0.003670418990419533
TCN,static,2025-10-15,-1.0,-0.015285318161481843
TCN,static,2025-10-16,1.0,0.037980582248277474
TCN,static,2025-10-17,1.0,-0.059577927835793965
TCN,static,2025-10-20,1.0,0.025168480427872897
TCN,static,2025-10-21,1.0,-0.07177368014823882
TCN,static,2025-10-22,-1.0,-0.0004317760177021899
TCN,static,2025-10-23,1.0,0.02131239838940544
TCN,static,2025-10-24,1.0,-0.0021657428655396105
TCN,static,2025-10-27,1.0,-0.03751780118501091
TCN,static,2025-10-28,1.0,0.012091399038288708
TCN,static,2025-10-29,-1.0,-0.012847229101044433
TCN,static,2025-10-30,1.0,0.01461529562404571
TCN,static,2025-10-31,1.0,-0.008961797101403657
TCN,static,2025-11-03,1.0,-0.0022085884499257746
TCN,static,2025-11-04,-1.0,0.01562858779730234
TCN,static,2025-11-05,1.0,0.015352681469871654
TCN,static,2025-11-06,1.0,-0.0014416197404349962
TCN,static,2025-11-07,1.0,0.004665848824837893
TCN,static,2025-11-10,1.0,0.044984066565782355
TCN,static,2025-11-11,-1.0,-0.008988925373200308
TCN,static,2025-11-12,1.0,0.05341730412635879
TCN,static,2025-11-13,1.0,-0.004837610001928505
TCN,static,2025-11-14,1.0,-0.04680259822608024
TCN,static,2025-11-17,-1.0,-0.0008918333130370158
TCN,static,2025-11-18,-1.0,0.0034567750530478665
TCN,static,2025-11-19,1.0,0.006539348809636781
TCN,static,2025-11-20,1.0,-0.010691066308134656
TCN,static,2025-11-21,-1.0,0.007243241129825085
TCN,static,2025-11-24,1.0,0.00826143326081239
TCN,static,2025-11-25,1.0,0.012705039511451854
TCN,static,2025-11-26,1.0,0.03891314901495946
TCN,static,2025-11-28,-1.0,-0.06710947832162556
TCN,static,2025-12-01,-1.0,-0.034936047761097155
TCN,static,2025-12-02,1.0,-0.007646293335060749
TCN,static,2025-12-03,-1.0,0.0008692836319405874
TCN,static,2025-12-04,-1.0,0.018542519736534868
TCN,static,2025-12-05,1.0,0.0275059609048389
TCN,static,2025-12-08,1.0,-0.011006154302419136
TCN,static,2025-12-09,1.0,0.041364499514010555
TCN,static,2025-12-10,-1.0,-0.0036902176144437914
TCN,static,2025-12-11,-1.0,-0.05879526229257248
TCN,static,2025-12-12,-1.0,0.04015394122326654
TCN,static,2025-12-15,-1.0,-0.02571622710385868
TCN,static,2025-12-16,-1.0,0.0038131215285358566
TCN,static,2025-12-17,-1.0,-0.056411462611495544
TCN,static,2025-12-18,-1.0,0.024835011476861513
TCN,static,2025-12-19,-1.0,-0.03488045349255153
TCN,static,2025-12-22,-1.0,-0.01587249592193496
TCN,static,2025-12-23,-1.0,-0.03797900697426848
TCN,static,2025-12-24,-1.0,-0.007746295167779582
TCN,static,2025-12-26,-1.0,-0.07679748232444616
TCN,static,2025-12-29,-1.0,0.08668249415745743
TCN,static,2025-12-30,1.0,0.10742135592561339
TCN,static,2025-12-31,1.0,-0.0937714556875591
TCN,static,2026-01-02,1.0,0.0060170110667228105
TCN,static,2026-01-05,1.0,0.07948298838354506
TCN,static,2026-01-06,1.0,0.057323633612769376
TCN,static,2026-01-07,1.0,-0.04215816086587609
TCN,static,2026-01-08,1.0,-0.03136058405740949
TCN,static,2026-01-09,1.0,0.05578455855383391
TCN,static,2026-01-12,1.0,0.07258756819972834
TCN,static,2026-01-13,1.0,0.014974568985650416
TCN,static,2026-01-14,1.0,0.05812970246276006
TCN,static,2026-01-15,1.0,0.011081844394243534
TCN,static,2026-01-16,1.0,-0.04119678757613432
TCN,static,2026-01-20,1.0,0.06941682608331146
TCN,static,2026-01-21,1.0,-0.02118763316676886
TCN,static,2026-01-22,1.0,0.04084154514394944
TCN,static,2026-01-23,1.0,0.05156502911103433
TCN,static,2026-01-26,1.0,0.14025264653237327
TCN,static,2026-01-27,1.0,-0.08304656807855537
TCN,static,2026-01-28,-1.0,-0.07210846780132132
TCN,static,2026-01-29,1.0,0.007986670632756687
TCN,static,2026-01-30,1.0,-0.31346844308759625
TCN,static,2026-02-02,1.0,-0.019312824369858705
TCN,static,2026-02-03,1.0,0.08158587028737463
TCN,static,2026-02-04,1.0,0.01352329063737634
TCN,static,2026-02-05,1.0,-0.09072656690847036
TCN,static,2026-02-06,1.0,0.0026918068123917838
TCN,static,2026-02-09,1.0,0.0694598525921648
TCN,static,2026-02-10,1.0,-0.022506550504145295
TCN,static,2026-02-11,-1.0,-0.04427982474210925
TCN,static,2026-02-12,1.0,-0.0982012942479206
TCN,static,2026-02-13,1.0,0.03051121671304635
TCN,static,2026-02-17,1.0,-0.05656959378821391
TCN,static,2026-02-18,1.0,0.055305242787226705
TCN,static,2026-02-19,1.0,0.0007224935674448041
TCN,static,2026-02-20,1.0,0.06082633328743148
TCN,static,2026-02-23,1.0,0.051529546090740785
TCN,static,2026-02-24,1.0,0.010794795367464083
TCN,static,2026-02-25,1.0,0.03981387686680571
TCN,static,2026-02-26,1.0,-0.0433367615927337
TCN,static,2026-02-27,1.0,0.06513481270984586
TCN,static,2026-03-02,1.0,-0.04745260851258404
TCN,static,2026-03-03,1.0,-0.06072448312932743
TCN,static,2026-03-04,1.0,-0.003497139494463175
TCN,static,2026-03-05,1.0,-0.01144829230293809
TCN,static,2026-03-06,1.0,0.026062966254028375
TCN,static,2026-03-09,1.0,0.00257702328550935
TCN,static,2026-03-10,1.0,0.060108085513283616
TCN,static,2026-03-11,1.0,-0.045103978687745516
TCN,static,2026-03-12,1.0,-0.004643557998285197
TCN,static,2026-03-13,1.0,-0.04436042028260212
TCN,static,2026-03-16,1.0,-0.008045591180475098
TCN,static,2026-03-17,1.0,-0.00913249821867046
TCN,static,2026-03-18,1.0,-0.028819311606618325
TCN,static,2026-03-19,1.0,-0.08203214247226243
TCN,static,2026-03-20,1.0,-0.021748325965454396
TCN,static,2026-03-23,1.0,-0.004483809206179967
TCN,static,2026-03-24,1.0,0.0032585332501104958
TCN,static,2026-03-25,1.0,0.044562142988201936
TCN,static,2026-03-26,1.0,-0.06481395278465363
TCN,static,2026-03-27,1.0,0.02769281694131287
TCN,static,2026-03-30,1.0,0.01120137104211083
TCN,static,2026-03-31,1.0,0.06208414053821709
TCN,static,2026-04-01,-1.0,-0.01595839182297267
TCN,static,2026-04-02,1.0,-0.04148272224193807
TCN,static,2026-04-06,-1.0,0.0008173574886594983
TCN,static,2026-04-07,-1.0,0.01149181373908359
TCN,static,2026-04-08,-1.0,-0.047308812893301466
TCN,static,2026-04-09,-1.0,-0.013998210909798914
TCN,static,2026-04-10,-1.0,-0.000616136843992976
TCN,static,2026-04-13,1.0,-0.01069466615100314
TCN,static,2026-04-14,-1.0,-0.05141613391156288
TCN,static,2026-04-15,-1.0,-0.0012595694169588167
TCN,static,2026-04-16,-1.0,0.011133267121244517
TCN,static,2026-04-17,1.0,0.0396442363549576
TCN,static,2026-04-20,-1.0,0.021662568036422615
TCN,static,2026-04-21,-1.0,0.04427703775534653
TCN,static,2026-04-22,-1.0,-0.019395042186772793
TCN,static,2026-04-23,1.0,-0.031370984224539454
TCN,static,2026-04-24,1.0,0.012164671589756981
TCN,static,2026-04-27,-1.0,0.017866910495378786
TCN,static,2026-04-28,-1.0,0.023972328580207147
TCN,static,2026-04-29,-1.0,0.022348221378228894
TCN,static,2026-04-30,1.0,0.027055970199213422
CNN LSTM,static,2025-07-02,1.0,0.009433782726553586
CNN LSTM,static,2025-07-03,1.0,0.009828192002456548
CNN LSTM,static,2025-07-04,1.0,-0.0002446408969268843
CNN LSTM,static,2025-07-07,1.0,-0.0043507774513487085
CNN LSTM,static,2025-07-08,1.0,-0.0039055455371065366
CNN LSTM,static,2025-07-09,1.0,-0.003317569153415856
CNN LSTM,static,2025-07-10,1.0,0.018898969136643906
CNN LSTM,static,2025-07-11,1.0,0.04422486548706094
CNN LSTM,static,2025-07-14,1.0,-0.005533066875267112
CNN LSTM,static,2025-07-15,1.0,-0.016327859636761755
CNN LSTM,static,2025-07-16,1.0,0.0005022204171907241
CNN LSTM,static,2025-07-17,1.0,0.005362827558010208
CNN LSTM,static,2025-07-18,1.0,0.00438826513469337
CNN LSTM,static,2025-07-21,1.0,0.022970519754129892
CNN LSTM,static,2025-07-22,1.0,0.005600827231518668
CNN LSTM,static,2025-07-23,1.0,-0.0010681540493516772
CNN LSTM,static,2025-07-24,1.0,-0.006543102252689392
CNN LSTM,static,2025-07-25,1.0,-0.021885653713550002
CNN LSTM,static,2025-07-28,1.0,-0.0036942605132305184
CNN LSTM,static,2025-07-29,1.0,0.0015252368310385567
CNN LSTM,static,2025-07-30,1.0,-0.01360145327907325
CNN LSTM,static,2025-07-31,-1.0,0.02679259177420277
CNN LSTM,static,2025-08-01,-1.0,-0.006429213786387056
CNN LSTM,static,2025-08-04,-1.0,-0.01100939483429797
CNN LSTM,static,2025-08-05,-1.0,-0.013309284631463969
CNN LSTM,static,2025-08-06,-1.0,-0.0020961754742510053
CNN LSTM,static,2025-08-07,-1.0,-0.010379762689984862
CNN LSTM,static,2025-08-08,-1.0,-0.00678753772284435
CNN LSTM,static,2025-08-11,-1.0,0.019652785790503335
CNN LSTM,static,2025-08-12,-1.0,-0.006292802283267785
CNN LSTM,static,2025-08-13,-1.0,-0.015831613402925715
CNN LSTM,static,2025-08-14,-1.0,0.013428974735347099
CNN LSTM,static,2025-08-15,-1.0,0.0023168195495059107
CNN LSTM,static,2025-08-18,-1.0,-0.0015041749360886758
CNN LSTM,static,2025-08-19,-1.0,0.018181302806909994
CNN LSTM,static,2025-08-20,-1.0,-0.011915950329594915
CNN LSTM,static,2025-08-21,-1.0,-0.008539943788736348
CNN LSTM,static,2025-08-22,-1.0,-0.02566591931624962
CNN LSTM,static,2025-08-25,-1.0,0.008358337240652491
CNN LSTM,static,2025-08-26,-1.0,0.0024561731928067765
CNN LSTM,static,2025-08-27,-1.0,-0.0027732735880021675
CNN LSTM,static,2025-08-28,-1.0,-0.012949403224522982
CNN LSTM,static,2025-08-29,-1.0,-0.025971935994458815
CNN LSTM,static,2025-09-02,-1.0,-0.02166662602084668
CNN LSTM,static,2025-09-03,-1.0,-0.01146796233804892
CNN LSTM,static,2025-09-04,-1.0,0.015189459380388515
CNN LSTM,static,2025-09-05,-1.0,-0.003984307813467369
CNN LSTM,static,2025-09-08,-1.0,-0.008569834061510129
CNN LSTM,static,2025-09-09,-1.0,0.013228415802935989
CNN LSTM,static,2025-09-10,-1.0,-0.006238100650602041
CNN LSTM,static,2025-09-11,-1.0,-0.01371159856990345
CNN LSTM,static,2025-09-12,-1.0,-0.016548012198395412
CNN LSTM,static,2025-09-15,-1.0,-0.003066913210082012
CNN LSTM,static,2025-09-16,-1.0,0.0010818642302560244
CNN LSTM,static,2025-09-17,-1.0,0.01763557574524066
CNN LSTM,static,2025-09-18,-1.0,0.00035950792398597997
CNN LSTM,static,2025-09-19,-1.0,-0.019876724557404524
CNN LSTM,static,2025-09-22,-1.0,-0.02969250773750587
CNN LSTM,static,2025-09-23,-1.0,-0.008972843177088352
CNN LSTM,static,2025-09-24,-1.0,0.009390860402732293
CNN LSTM,static,2025-09-25,-1.0,-0.02101555976806302
CNN LSTM,static,2025-09-26,-1.0,-0.03409629556927718
CNN LSTM,static,2025-09-29,-1.0,-0.00845933308782909
CNN LSTM,static,2025-09-30,1.0,-0.00790190430422779
CNN LSTM,static,2025-10-01,-1.0,-0.02262022356223283
CNN LSTM,static,2025-10-02,-1.0,0.027278513228021106
CNN LSTM,static,2025-10-03,1.0,0.03451739395805029
CNN LSTM,static,2025-10-06,1.0,0.010189730636546601
CNN LSTM,static,2025-10-07,-1.0,0.01858041396311525
CNN LSTM,static,2025-10-08,1.0,0.03110624533663995
CNN LSTM,static,2025-10-09,-1.0,0.03691772076534181
CNN LSTM,static,2025-10-10,1.0,0.0016783618801891943
CNN LSTM,static,2025-10-13,1.0,0.06800463082047514
CNN LSTM,static,2025-10-14,1.0,0.003670418990419533
CNN LSTM,static,2025-10-15,1.0,0.015085318161481842
CNN LSTM,static,2025-10-16,-1.0,-0.03838058224827747
CNN LSTM,static,2025-10-17,1.0,-0.05977792783579396
CNN LSTM,static,2025-10-20,1.0,0.025168480427872897
CNN LSTM,static,2025-10-21,1.0,-0.07177368014823882
CNN LSTM,static,2025-10-22,-1.0,-0.0004317760177021899
CNN LSTM,static,2025-10-23,1.0,0.02131239838940544
CNN LSTM,static,2025-10-24,1.0,-0.0021657428655396105
CNN LSTM,static,2025-10-27,1.0,-0.03751780118501091
CNN LSTM,static,2025-10-28,1.0,0.012091399038288708
CNN LSTM,static,2025-10-29,1.0,0.012647229101044433
CNN LSTM,static,2025-10-30,1.0,0.01481529562404571
CNN LSTM,static,2025-10-31,-1.0,0.008761797101403656
CNN LSTM,static,2025-11-03,1.0,-0.0024085884499257747
CNN LSTM,static,2025-11-04,1.0,-0.01582858779730234
CNN LSTM,static,2025-11-05,1.0,0.015552681469871654
CNN LSTM,static,2025-11-06,-1.0,0.001241619740434996
CNN LSTM,static,2025-11-07,1.0,0.004465848824837893
CNN LSTM,static,2025-11-10,-1.0,-0.04518406656578235
CNN LSTM,static,2025-11-11,-1.0,-0.008788925373200307
CNN LSTM,static,2025-11-12,-1.0,-0.05361730412635879
CNN LSTM,static,2025-11-13,-1.0,0.004837610001928505
CNN LSTM,static,2025-11-14,-1.0,0.04680259822608024
CNN LSTM,static,2025-11-17,-1.0,-0.0006918333130370158
CNN LSTM,static,2025-11-18,1.0,-0.0036567750530478666
CNN LSTM,static,2025-11-19,-1.0,-0.00693934880963678
CNN LSTM,static,2025-11-20,-1.0,0.010691066308134656
CNN LSTM,static,2025-11-21,-1.0,0.0074432411298250845
CNN LSTM,static,2025-11-24,-1.0,-0.00846143326081239
CNN LSTM,static,2025-11-25,-1.0,-0.012705039511451854
CNN LSTM,static,2025-11-26,-1.0,-0.03891314901495946
CNN LSTM,static,2025-11-28,-1.0,-0.06690947832162555
CNN LSTM,static,2025-12-01,-1.0,-0.034936047761097155
CNN LSTM,static,2025-12-02,-1.0,0.00744629333506075
CNN LSTM,static,2025-12-03,-1.0,0.0010692836319405874
CNN LSTM,static,2025-12-04,-1.0,0.018542519736534868
CNN LSTM,static,2025-12-05,-1.0,-0.0277059609048389
CNN LSTM,static,2025-12-08,-1.0,0.011006154302419136
CNN LSTM,static,2025-12-09,-1.0,-0.041364499514010555
CNN LSTM,static,2025-12-10,-1.0,-0.0034902176144437913
CNN LSTM,static,2025-12-11,-1.0,-0.05879526229257248
CNN LSTM,static,2025-12-12,-1.0,0.04015394122326654
CNN LSTM,static,2025-12-15,-1.0,-0.02571622710385868
CNN LSTM,static,2025-12-16,-1.0,0.0038131215285358566
CNN LSTM,static,2025-12-17,-1.0,-0.056411462611495544
CNN LSTM,static,2025-12-18,-1.0,0.024835011476861513
CNN LSTM,static,2025-12-19,-1.0,-0.03488045349255153
CNN LSTM,static,2025-12-22,-1.0,-0.01587249592193496
CNN LSTM,static,2025-12-23,-1.0,-0.03797900697426848
CNN LSTM,static,2025-12-24,-1.0,-0.007746295167779582
CNN LSTM,static,2025-12-26,-1.0,-0.07679748232444616
CNN LSTM,static,2025-12-29,-1.0,0.08668249415745743
CNN LSTM,static,2025-12-30,-1.0,-0.1076213559256134
CNN LSTM,static,2025-12-31,-1.0,0.09337145568755909
CNN LSTM,static,2026-01-02,-1.0,-0.0060170110667228105
CNN LSTM,static,2026-01-05,-1.0,-0.07948298838354506
CNN LSTM,static,2026-01-06,-1.0,-0.057323633612769376
CNN LSTM,static,2026-01-07,1.0,-0.04235816086587609
CNN LSTM,static,2026-01-08,-1.0,0.031160584057409492
CNN LSTM,static,2026-01-09,-1.0,-0.05578455855383391
CNN LSTM,static,2026-01-12,-1.0,-0.07258756819972834
CNN LSTM,static,2026-01-13,-1.0,-0.014974568985650416
CNN LSTM,static,2026-01-14,1.0,0.05792970246276006
CNN LSTM,static,2026-01-15,-1.0,-0.011281844394243535
CNN LSTM,static,2026-01-16,-1.0,0.04119678757613432
CNN LSTM,static,2026-01-20,-1.0,-0.06941682608331146
CNN LSTM,static,2026-01-21,-1.0,0.02118763316676886
CNN LSTM,static,2026-01-22,-1.0,-0.04084154514394944
CNN LSTM,static,2026-01-23,-1.0,-0.05156502911103433
CNN LSTM,static,2026-01-26,-1.0,-0.14025264653237327
CNN LSTM,static,2026-01-27,1.0,-0.08324656807855538
CNN LSTM,static,2026-01-28,1.0,0.07190846780132132
CNN LSTM,static,2026-01-29,-1.0,-0.008386670632756688
CNN LSTM,static,2026-01-30,1.0,-0.3136684430875962
CNN LSTM,static,2026-02-02,1.0,-0.019312824369858705
CNN LSTM,static,2026-02-03,1.0,0.08158587028737463
CNN LSTM,static,2026-02-04,1.0,0.01352329063737634
CNN LSTM,static,2026-02-05,1.0,-0.09072656690847036
CNN LSTM,static,2026-02-06,1.0,0.0026918068123917838
CNN LSTM,static,2026-02-09,1.0,0.0694598525921648
CNN LSTM,static,2026-02-10,1.0,-0.022506550504145295
CNN LSTM,static,2026-02-11,1.0,0.04407982474210925
CNN LSTM,static,2026-02-12,1.0,-0.09800129424792059
CNN LSTM,static,2026-02-13,1.0,0.03051121671304635
CNN LSTM,static,2026-02-17,1.0,-0.05656959378821391
CNN LSTM,static,2026-02-18,1.0,0.055305242787226705
CNN LSTM,static,2026-02-19,1.0,0.0007224935674448041
CNN LSTM,static,2026-02-20,1.0,0.06082633328743148
CNN LSTM,static,2026-02-23,1.0,0.051529546090740785
CNN LSTM,static,2026-02-24,1.0,0.010794795367464083
CNN LSTM,static,2026-02-25,1.0,0.03981387686680571
CNN LSTM,static,2026-02-26,1.0,-0.0433367615927337
CNN LSTM,static,2026-02-27,1.0,0.06513481270984586
CNN LSTM,static,2026-03-02,1.0,-0.04745260851258404
CNN LSTM,static,2026-03-03,1.0,-0.06072448312932743
CNN LSTM,static,2026-03-04,1.0,-0.003497139494463175
CNN LSTM,static,2026-03-05,1.0,-0.01144829230293809
CNN LSTM,static,2026-03-06,1.0,0.026062966254028375
CNN LSTM,static,2026-03-09,1.0,0.00257702328550935
CNN LSTM,static,2026-03-10,1.0,0.060108085513283616
CNN LSTM,static,2026-03-11,1.0,-0.045103978687745516
CNN LSTM,static,2026-03-12,1.0,-0.004643557998285197
CNN LSTM,static,2026-03-13,1.0,-0.04436042028260212
CNN LSTM,static,2026-03-16,1.0,-0.008045591180475098
CNN LSTM,static,2026-03-17,1.0,-0.00913249821867046
CNN LSTM,static,2026-03-18,1.0,-0.028819311606618325
CNN LSTM,static,2026-03-19,1.0,-0.08203214247226243
CNN LSTM,static,2026-03-20,1.0,-0.021748325965454396
CNN LSTM,static,2026-03-23,1.0,-0.004483809206179967
CNN LSTM,static,2026-03-24,1.0,0.0032585332501104958
CNN LSTM,static,2026-03-25,1.0,0.044562142988201936
CNN LSTM,static,2026-03-26,1.0,-0.06481395278465363
CNN LSTM,static,2026-03-27,1.0,0.02769281694131287
CNN LSTM,static,2026-03-30,1.0,0.01120137104211083
CNN LSTM,static,2026-03-31,1.0,0.06208414053821709
CNN LSTM,static,2026-04-01,-1.0,-0.01595839182297267
CNN LSTM,static,2026-04-02,-1.0,0.041282722241938075
CNN LSTM,static,2026-04-06,1.0,-0.0012173574886594984
CNN LSTM,static,2026-04-07,-1.0,0.011291813739083589
CNN LSTM,static,2026-04-08,-1.0,-0.047308812893301466
CNN LSTM,static,2026-04-09,-1.0,-0.013998210909798914
CNN LSTM,static,2026-04-10,-1.0,-0.000616136843992976
CNN LSTM,static,2026-04-13,-1.0,0.01049466615100314
CNN LSTM,static,2026-04-14,-1.0,-0.05121613391156288
CNN LSTM,static,2026-04-15,-1.0,-0.0012595694169588167
CNN LSTM,static,2026-04-16,-1.0,0.011133267121244517
CNN LSTM,static,2026-04-17,-1.0,-0.039844236354957596
CNN LSTM,static,2026-04-20,-1.0,0.021862568036422614
CNN LSTM,static,2026-04-21,-1.0,0.04427703775534653
CNN LSTM,static,2026-04-22,1.0,0.019195042186772794
CNN LSTM,static,2026-04-23,-1.0,0.030970984224539453
CNN LSTM,static,2026-04-24,-1.0,-0.012164671589756981
CNN LSTM,static,2026-04-27,-1.0,0.018066910495378785
CNN LSTM,static,2026-04-28,-1.0,0.023972328580207147
CNN LSTM,static,2026-04-29,-1.0,0.022348221378228894
CNN LSTM,static,2026-04-30,-1.0,-0.02765597019921342
ARMA,rcs,2025-07-02,-0.5,-0.0048168913632767926
ARMA,rcs,2025-07-03,1.0,0.009678192002456548
ARMA,rcs,2025-07-04,1.0,-0.0002446408969268843
ARMA,rcs,2025-07-07,1.0,-0.0043507774513487085
ARMA,rcs,2025-07-08,1.0,-0.0039055455371065366
ARMA,rcs,2025-07-09,1.0,-0.003317569153415856
ARMA,rcs,2025-07-10,1.0,0.018898969136643906
ARMA,rcs,2025-07-11,-1.0,-0.04442486548706094
ARMA,rcs,2025-07-14,-0.5,0.002716533437633556
ARMA,rcs,2025-07-15,0.5,-0.008263929818380877
ARMA,rcs,2025-07-16,0.5,0.00025111020859536204
ARMA,rcs,2025-07-17,-0.5,-0.002781413779005104
ARMA,rcs,2025-07-18,0.5,0.002094132567346685
ARMA,rcs,2025-07-21,0.5,0.011485259877064946
ARMA,rcs,2025-07-22,-1.0,-0.005750827231518668
ARMA,rcs,2025-07-23,1.0,-0.0012681540493516773
ARMA,rcs,2025-07-24,1.0,-0.006543102252689392
ARMA,rcs,2025-07-25,1.0,-0.021885653713550002
ARMA,rcs,2025-07-28,0.5,-0.0018971302566152591
ARMA,rcs,2025-07-29,-1.0,-0.0016752368310385566
ARMA,rcs,2025-07-30,1.0,-0.01380145327907325
ARMA,rcs,2025-07-31,0.5,-0.013546295887101384
ARMA,rcs,2025-08-01,0.5,0.003214606893193528
ARMA,rcs,2025-08-04,-0.5,-0.005604697417148985
ARMA,rcs,2025-08-05,-0.5,-0.0066546423157319845
ARMA,rcs,2025-08-06,0.5,0.0009480877371255026
ARMA,rcs,2025-08-07,0.5,0.005189881344992431
ARMA,rcs,2025-08-08,-0.5,-0.003493768861422175
ARMA,rcs,2025-08-11,0.5,-0.009926392895251667
ARMA,rcs,2025-08-12,1.0,0.0062428022832677855
ARMA,rcs,2025-08-13,-1.0,-0.016031613402925714
ARMA,rcs,2025-08-14,-1.0,0.013428974735347099
ARMA,rcs,2025-08-15,1.0,-0.002516819549505911
ARMA,rcs,2025-08-18,-1.0,-0.001704174936088676
ARMA,rcs,2025-08-19,1.0,-0.018381302806909992
ARMA,rcs,2025-08-20,1.0,0.011915950329594915
ARMA,rcs,2025-08-21,-1.0,-0.008739943788736349
ARMA,rcs,2025-08-22,1.0,0.02546591931624962
ARMA,rcs,2025-08-25,-0.5,0.004029168620326246
ARMA,rcs,2025-08-26,1.0,-0.0026061731928067764
ARMA,rcs,2025-08-27,1.0,0.0027732735880021675
ARMA,rcs,2025-08-28,1.0,0.012949403224522982
ARMA,rcs,2025-08-29,-1.0,-0.026171935994458814
ARMA,rcs,2025-09-02,-1.0,-0.02166662602084668
ARMA,rcs,2025-09-03,1.0,0.01126796233804892
ARMA,rcs,2025-09-04,1.0,-0.015189459380388515
ARMA,rcs,2025-09-05,1.0,0.003984307813467369
ARMA,rcs,2025-09-08,-1.0,-0.00876983406151013
ARMA,rcs,2025-09-09,1.0,-0.01342841580293599
ARMA,rcs,2025-09-10,1.0,0.006238100650602041
ARMA,rcs,2025-09-11,-1.0,-0.01391159856990345
ARMA,rcs,2025-09-12,-1.0,-0.016548012198395412
ARMA,rcs,2025-09-15,1.0,0.0028669132100820117
ARMA,rcs,2025-09-16,1.0,-0.0010818642302560244
ARMA,rcs,2025-09-17,1.0,-0.01763557574524066
ARMA,rcs,2025-09-18,1.0,-0.00035950792398597997
ARMA,rcs,2025-09-19,-1.0,-0.020076724557404522
ARMA,rcs,2025-09-22,-1.0,-0.02969250773750587
ARMA,rcs,2025-09-23,-1.0,-0.008972843177088352
ARMA,rcs,2025-09-24,1.0,-0.009590860402732293
ARMA,rcs,2025-09-25,1.0,0.02101555976806302
ARMA,rcs,2025-09-26,-1.0,-0.03429629556927718
ARMA,rcs,2025-09-29,-0.5,-0.004279666543914545
ARMA,rcs,2025-09-30,0.5,-0.003950952152113895
ARMA,rcs,2025-10-01,0.5,0.011210111781116416
ARMA,rcs,2025-10-02,-0.5,0.013539256614010554
ARMA,rcs,2025-10-03,0.5,0.017258696979025146
ARMA,rcs,2025-10-06,-0.5,-0.005194865318273301
ARMA,rcs,2025-10-07,0.5,-0.009490206981557624
ARMA,rcs,2025-10-08,0.5,0.015653122668319974
ARMA,rcs,2025-10-09,-0.5,0.018458860382670906
ARMA,rcs,2025-10-10,0.0,-5e-05
ARMA,rcs,2025-10-13,-0.0,-0.0
ARMA,rcs,2025-10-14,-0.0,-0.0
ARMA,rcs,2025-10-15,0.0,0.0
ARMA,rcs,2025-10-16,0.0,0.0
ARMA,rcs,2025-10-17,-0.0,0.0
ARMA,rcs,2025-10-20,0.0,0.0
ARMA,rcs,2025-10-21,-0.0,0.0
ARMA,rcs,2025-10-22,0.0,0.0
ARMA,rcs,2025-10-23,-0.0,-0.0
ARMA,rcs,2025-10-24,-0.0,0.0
ARMA,rcs,2025-10-27,0.0,-0.0
ARMA,rcs,2025-10-28,0.0,0.0
ARMA,rcs,2025-10-29,-0.0,-0.0
ARMA,rcs,2025-10-30,0.0,0.0
ARMA,rcs,2025-10-31,0.0,-0.0
ARMA,rcs,2025-11-03,0.0,-0.0
ARMA,rcs,2025-11-04,0.0,-0.0
ARMA,rcs,2025-11-05,0.0,0.0
ARMA,rcs,2025-11-06,-0.0,0.0
ARMA,rcs,2025-11-07,0.0,0.0
ARMA,rcs,2025-11-10,0.0,0.0
ARMA,rcs,2025-11-11,-0.0,-0.0
ARMA,rcs,2025-11-12,0.0,0.0
ARMA,rcs,2025-11-13,-0.0,0.0
ARMA,rcs,2025-11-14,0.0,-0.0
ARMA,rcs,2025-11-17,0.0,0.0
ARMA,rcs,2025-11-18,-0.0,0.0
ARMA,rcs,2025-11-19,0.0,0.0
ARMA,rcs,2025-11-20,-0.0,0.0
ARMA,rcs,2025-11-21,0.0,-0.0
ARMA,rcs,2025-11-24,0.0,0.0
ARMA,rcs,2025-11-25,-0.0,-0.0
ARMA,rcs,2025-11-26,0.0,0.0
ARMA,rcs,2025-11-28,-0.0,-0.0
ARMA,rcs,2025-12-01,-0.0,-0.0
ARMA,rcs,2025-12-02,0.0,-0.0
ARMA,rcs,2025-12-03,0.0,-0.0
ARMA,rcs,2025-12-04,0.0,-0.0
ARMA,rcs,2025-12-05,0.0,0.0
ARMA,rcs,2025-12-08,-0.0,0.0
ARMA,rcs,2025-12-09,0.0,0.0
ARMA,rcs,2025-12-10,-0.0,-0.0
ARMA,rcs,2025-12-11,0.0,0.0
ARMA,rcs,2025-12-12,-0.0,0.0
ARMA,rcs,2025-12-15,0.0,0.0
ARMA,rcs,2025-12-16,-0.0,0.0
ARMA,rcs,2025-12-17,0.0,0.0
ARMA,rcs,2025-12-18,-0.0,0.0
ARMA,rcs,2025-12-19,0.0,0.0
ARMA,rcs,2025-12-22,-0.0,-0.0
ARMA,rcs,2025-12-23,0.0,0.0
ARMA,rcs,2025-12-24,-0.0,-0.0
ARMA,rcs,2025-12-26,0.0,0.0
ARMA,rcs,2025-12-29,-0.0,0.0
ARMA,rcs,2025-12-30,0.0,0.0
ARMA,rcs,2025-12-31,-0.0,0.0
ARMA,rcs,2026-01-02,0.0,0.0
ARMA,rcs,2026-01-05,-0.0,-0.0
ARMA,rcs,2026-01-06,-0.0,-0.0
ARMA,rcs,2026-01-07,0.0,-0.0
ARMA,rcs,2026-01-08,0.0,-0.0
ARMA,rcs,2026-01-09,0.0,0.0
ARMA,rcs,2026-01-12,-0.0,-0.0
ARMA,rcs,2026-01-13,-0.0,-0.0
ARMA,rcs,2026-01-14,0.0,0.0
ARMA,rcs,2026-01-15,-0.0,-0.0
ARMA,rcs,2026-01-16,0.0,-0.0
ARMA,rcs,2026-01-20,0.0,0.0
ARMA,rcs,2026-01-21,-0.0,0.0
ARMA,rcs,2026-01-22,0.0,0.0
ARMA,rcs,2026-01-23,-0.0,-0.0
ARMA,rcs,2026-01-26,-0.0,-0.0
ARMA,rcs,2026-01-27,-0.0,0.0
ARMA,rcs,2026-01-28,0.0,0.0
ARMA,rcs,2026-01-29,-0.0,-0.0
ARMA,rcs,2026-01-30,0.0,-0.0
ARMA,rcs,2026-02-02,0.0,-0.0
ARMA,rcs,2026-02-03,-0.0,-0.0
ARMA,rcs,2026-02-04,-0.0,-0.0
ARMA,rcs,2026-02-05,0.0,-0.0
ARMA,rcs,2026-02-06,0.0,0.0
ARMA,rcs,2026-02-09,-0.0,-0.0
ARMA,rcs,2026-02-10,-0.0,0.0
ARMA,rcs,2026-02-11,0.0,0.0
ARMA,rcs,2026-02-12,-0.0,0.0
ARMA,rcs,2026-02-13,0.0,0.0
ARMA,rcs,2026-02-17,-0.0,0.0
ARMA,rcs,2026-02-18,0.0,0.0
ARMA,rcs,2026-02-19,-0.0,-0.0
ARMA,rcs,2026-02-20,0.0,0.0
ARMA,rcs,2026-02-23,-0.0,-0.0
ARMA,rcs,2026-02-24,0.0,0.0
ARMA,rcs,2026-02-25,0.0,0.0
ARMA,rcs,2026-02-26,-0.0,0.0
ARMA,rcs,2026-02-27,0.0,0.0
ARMA,rcs,2026-03-02,-0.0,0.0
ARMA,rcs,2026-03-03,0.0,-0.0
ARMA,rcs,2026-03-04,0.0,-0.0
ARMA,rcs,2026-03-05,0.0,-0.0
ARMA,rcs,2026-03-06,0.0,0.0
ARMA,rcs,2026-03-09,-0.0,-0.0
ARMA,rcs,2026-03-10,0.0,0.0
ARMA,rcs,2026-03-11,-0.0,0.0
ARMA,rcs,2026-03-12,0.0,-0.0
ARMA,rcs,2026-03-13,0.0,-0.0
ARMA,rcs,2026-03-16,0.0,-0.0
ARMA,rcs,2026-03-17,0.0,-0.0
ARMA,rcs,2026-03-18,0.0,-0.0
ARMA,rcs,2026-03-19,0.0,-0.0
ARMA,rcs,2026-03-20,0.0,-0.0
ARMA,rcs,2026-03-23,0.0,-0.0
ARMA,rcs,2026-03-24,0.0,0.0
ARMA,rcs,2026-03-25,0.0,0.0
ARMA,rcs,2026-03-26,-0.0,0.0
ARMA,rcs,2026-03-27,0.0,0.0
ARMA,rcs,2026-03-30,-0.0,-0.0
ARMA,rcs,2026-03-31,-0.0,-0.0
ARMA,rcs,2026-04-01,-0.0,-0.0
ARMA,rcs,2026-04-02,-0.0,0.0
ARMA,rcs,2026-04-06,0.0,-0.0
ARMA,rcs,2026-04-07,0.0,-0.0
ARMA,rcs,2026-04-08,0.0,0.0
ARMA,rcs,2026-04-09,-0.0,-0.0
ARMA,rcs,2026-04-10,-0.0,-0.0
ARMA,rcs,2026-04-13,0.0,-0.0
ARMA,rcs,2026-04-14,0.0,0.0
ARMA,rcs,2026-04-15,-0.0,-0.0
ARMA,rcs,2026-04-16,0.0,-0.0
ARMA,rcs,2026-04-17,0.0,0.0
ARMA,rcs,2026-04-20,-0.0,0.0
ARMA,rcs,2026-04-21,0.0,-0.0
ARMA,rcs,2026-04-22,0.0,0.0
ARMA,rcs,2026-04-23,-0.0,0.0
ARMA,rcs,2026-04-24,0.0,0.0
ARMA,rcs,2026-04-27,-0.0,0.0
ARMA,rcs,2026-04-28,0.0,-0.0
ARMA,rcs,2026-04-29,0.0,-0.0
ARMA,rcs,2026-04-30,0.0,0.0
Decision Tree,rcs,2025-07-02,0.5,0.004716891363276793
Decision Tree,rcs,2025-07-03,1.0,0.009778192002456549
Decision Tree,rcs,2025-07-04,1.0,-0.0002446408969268843
Decision Tree,rcs,2025-07-07,1.0,-0.0043507774513487085
Decision Tree,rcs,2025-07-08,1.0,-0.0039055455371065366
Decision Tree,rcs,2025-07-09,1.0,-0.003317569153415856
Decision Tree,rcs,2025-07-10,1.0,0.018898969136643906
Decision Tree,rcs,2025-07-11,1.0,0.04422486548706094
Decision Tree,rcs,2025-07-14,0.5,-0.002816533437633556
Decision Tree,rcs,2025-07-15,0.5,-0.008163929818380877
Decision Tree,rcs,2025-07-16,0.5,0.00025111020859536204
Decision Tree,rcs,2025-07-17,0.5,0.002681413779005104
Decision Tree,rcs,2025-07-18,0.5,0.002194132567346685
Decision Tree,rcs,2025-07-21,0.5,0.011485259877064946
Decision Tree,rcs,2025-07-22,1.0,0.005550827231518668
Decision Tree,rcs,2025-07-23,1.0,-0.0010681540493516772
Decision Tree,rcs,2025-07-24,1.0,-0.006543102252689392
Decision Tree,rcs,2025-07-25,1.0,-0.021885653713550002
Decision Tree,rcs,2025-07-28,0.5,-0.0018971302566152591
Decision Tree,rcs,2025-07-29,1.0,0.0014752368310385568
Decision Tree,rcs,2025-07-30,1.0,-0.01360145327907325
Decision Tree,rcs,2025-07-31,0.5,-0.013546295887101384
Decision Tree,rcs,2025-08-01,0.5,0.003214606893193528
Decision Tree,rcs,2025-08-04,0.5,0.005504697417148985
Decision Tree,rcs,2025-08-05,0.5,0.0066546423157319845
Decision Tree,rcs,2025-08-06,0.5,0.0010480877371255026
Decision Tree,rcs,2025-08-07,0.5,0.005189881344992431
Decision Tree,rcs,2025-08-08,0.5,0.003393768861422175
Decision Tree,rcs,2025-08-11,0.5,-0.009826392895251668
Decision Tree,rcs,2025-08-12,1.0,0.0062428022832677855
Decision Tree,rcs,2025-08-13,1.0,0.015831613402925715
Decision Tree,rcs,2025-08-14,1.0,-0.013428974735347099
Decision Tree,rcs,2025-08-15,1.0,-0.0023168195495059107
Decision Tree,rcs,2025-08-18,1.0,0.0015041749360886758
Decision Tree,rcs,2025-08-19,1.0,-0.018181302806909994
Decision Tree,rcs,2025-08-20,1.0,0.011915950329594915
Decision Tree,rcs,2025-08-21,1.0,0.008539943788736348
Decision Tree,rcs,2025-08-22,1.0,0.02566591931624962
Decision Tree,rcs,2025-08-25,0.5,-0.004229168620326245
Decision Tree,rcs,2025-08-26,1.0,-0.0025061731928067766
Decision Tree,rcs,2025-08-27,1.0,0.0027732735880021675
Decision Tree,rcs,2025-08-28,1.0,0.012949403224522982
Decision Tree,rcs,2025-08-29,1.0,0.025571935994458818
Decision Tree,rcs,2025-09-02,1.0,0.02166662602084668
Decision Tree,rcs,2025-09-03,1.0,0.01146796233804892
Decision Tree,rcs,2025-09-04,1.0,-0.015189459380388515
Decision Tree,rcs,2025-09-05,1.0,0.003984307813467369
Decision Tree,rcs,2025-09-08,1.0,0.008569834061510129
Decision Tree,rcs,2025-09-09,1.0,-0.013228415802935989
Decision Tree,rcs,2025-09-10,1.0,0.006238100650602041
Decision Tree,rcs,2025-09-11,1.0,0.01371159856990345
Decision Tree,rcs,2025-09-12,1.0,0.016548012198395412
Decision Tree,rcs,2025-09-15,1.0,0.003066913210082012
Decision Tree,rcs,2025-09-16,1.0,-0.0010818642302560244
Decision Tree,rcs,2025-09-17,1.0,-0.01763557574524066
Decision Tree,rcs,2025-09-18,1.0,-0.00035950792398597997
Decision Tree,rcs,2025-09-19,1.0,0.019876724557404524
Decision Tree,rcs,2025-09-22,1.0,0.02969250773750587
Decision Tree,rcs,2025-09-23,1.0,0.008972843177088352
Decision Tree,rcs,2025-09-24,1.0,-0.009390860402732293
Decision Tree,rcs,2025-09-25,1.0,0.02101555976806302
Decision Tree,rcs,2025-09-26,1.0,0.03409629556927718
Decision Tree,rcs,2025-09-29,0.5,0.004179666543914546
Decision Tree,rcs,2025-09-30,0.5,-0.003850952152113895
Decision Tree,rcs,2025-10-01,0.5,0.011210111781116416
Decision Tree,rcs,2025-10-02,0.5,-0.013639256614010553
Decision Tree,rcs,2025-10-03,0.5,0.017358696979025146
Decision Tree,rcs,2025-10-06,0.5,0.005094865318273301
Decision Tree,rcs,2025-10-07,0.5,-0.009390206981557625
Decision Tree,rcs,2025-10-08,0.5,0.015653122668319974
Decision Tree,rcs,2025-10-09,0.5,-0.018558860382670905
Decision Tree,rcs,2025-10-10,0.0,-5e-05
Decision Tree,rcs,2025-10-13,0.0,0.0
Decision Tree,rcs,2025-10-14,0.0,0.0
Decision Tree,rcs,2025-10-15,0.0,0.0
Decision Tree,rcs,2025-10-16,0.0,0.0
Decision Tree,rcs,2025-10-17,0.0,-0.0
Decision Tree,rcs,2025-10-20,0.0,0.0
Decision Tree,rcs,2025-10-21,0.0,-0.0
Decision Tree,rcs,2025-10-22,0.0,0.0
Decision Tree,rcs,2025-10-23,0.0,0.0
Decision Tree,rcs,2025-10-24,0.0,-0.0
Decision Tree,rcs,2025-10-27,0.0,-0.0
Decision Tree,rcs,2025-10-28,0.0,0.0
Decision Tree,rcs,2025-10-29,0.0,0.0
Decision Tree,rcs,2025-10-30,0.0,0.0
Decision Tree,rcs,2025-10-31,0.0,-0.0
Decision Tree,rcs,2025-11-03,0.0,-0.0
Decision Tree,rcs,2025-11-04,0.0,-0.0
Decision Tree,rcs,2025-11-05,0.0,0.0
Decision Tree,rcs,2025-11-06,0.0,-0.0
Decision Tree,rcs,2025-11-07,0.0,0.0
Decision Tree,rcs,2025-11-10,0.0,0.0
Decision Tree,rcs,2025-11-11,0.0,0.0
Decision Tree,rcs,2025-11-12,0.0,0.0
Decision Tree,rcs,2025-11-13,0.0,-0.0
Decision Tree,rcs,2025-11-14,0.0,-0.0
Decision Tree,rcs,2025-11-17,0.0,0.0
Decision Tree,rcs,2025-11-18,0.0,-0.0
Decision Tree,rcs,2025-11-19,0.0,0.0
Decision Tree,rcs,2025-11-20,0.0,-0.0
Decision Tree,rcs,2025-11-21,0.0,-0.0
Decision Tree,rcs,2025-11-24,0.0,0.0
Decision Tree,rcs,2025-11-25,0.0,0.0
Decision Tree,rcs,2025-11-26,0.0,0.0
Decision Tree,rcs,2025-11-28,0.0,0.0
Decision Tree,rcs,2025-12-01,0.0,0.0
Decision Tree,rcs,2025-12-02,0.0,-0.0
Decision Tree,rcs,2025-12-03,0.0,-0.0
Decision Tree,rcs,2025-12-04,0.0,-0.0
Decision Tree,rcs,2025-12-05,0.0,0.0
Decision Tree,rcs,2025-12-08,0.0,-0.0
Decision Tree,rcs,2025-12-09,0.0,0.0
Decision Tree,rcs,2025-12-10,0.0,0.0
Decision Tree,rcs,2025-12-11,0.0,0.0
Decision Tree,rcs,2025-12-12,0.0,-0.0
Decision Tree,rcs,2025-12-15,0.0,0.0
Decision Tree,rcs,2025-12-16,0.0,-0.0
Decision Tree,rcs,2025-12-17,0.0,0.0
Decision Tree,rcs,2025-12-18,0.0,-0.0
Decision Tree,rcs,2025-12-19,0.0,0.0
Decision Tree,rcs,2025-12-22,0.0,0.0
Decision Tree,rcs,2025-12-23,0.0,0.0
Decision Tree,rcs,2025-12-24,0.0,0.0
Decision Tree,rcs,2025-12-26,0.0,0.0
Decision Tree,rcs,2025-12-29,-0.0,0.0
Decision Tree,rcs,2025-12-30,0.0,0.0
Decision Tree,rcs,2025-12-31,0.0,-0.0
Decision Tree,rcs,2026-01-02,-0.0,-0.0
Decision Tree,rcs,2026-01-05,0.0,0.0
Decision Tree,rcs,2026-01-06,0.0,0.0
Decision Tree,rcs,2026-01-07,0.0,-0.0
Decision Tree,rcs,2026-01-08,0.0,-0.0
Decision Tree,rcs,2026-01-09,0.0,0.0
Decision Tree,rcs,2026-01-12,0.0,0.0
Decision Tree,rcs,2026-01-13,0.0,0.0
Decision Tree,rcs,2026-01-14,0.0,0.0
Decision Tree,rcs,2026-01-15,-0.0,-0.0
Decision Tree,rcs,2026-01-16,0.0,-0.0
Decision Tree,rcs,2026-01-20,0.0,0.0
Decision Tree,rcs,2026-01-21,0.0,-0.0
Decision Tree,rcs,2026-01-22,0.0,0.0
Decision Tree,rcs,2026-01-23,0.0,0.0
Decision Tree,rcs,2026-01-26,-0.0,-0.0
Decision Tree,rcs,2026-01-27,-0.0,0.0
Decision Tree,rcs,2026-01-28,-0.0,-0.0
Decision Tree,rcs,2026-01-29,-0.0,-0.0
Decision Tree,rcs,2026-01-30,0.0,-0.0
Decision Tree,rcs,2026-02-02,-0.0,0.0
Decision Tree,rcs,2026-02-03,0.0,0.0
Decision Tree,rcs,2026-02-04,0.0,0.0
Decision Tree,rcs,2026-02-05,0.0,-0.0
Decision Tree,rcs,2026-02-06,-0.0,-0.0
Decision Tree,rcs,2026-02-09,0.0,0.0
Decision Tree,rcs,2026-02-10,0.0,-0.0
Decision Tree,rcs,2026-02-11,0.0,0.0
Decision Tree,rcs,2026-02-12,0.0,-0.0
Decision Tree,rcs,2026-02-13,-0.0,-0.0
Decision Tree,rcs,2026-02-17,0.0,-0.0
Decision Tree,rcs,2026-02-18,0.0,0.0
Decision Tree,rcs,2026-02-19,0.0,0.0
Decision Tree,rcs,2026-02-20,0.0,0.0
Decision Tree,rcs,2026-02-23,0.0,0.0
Decision Tree,rcs,2026-02-24,0.0,0.0
Decision Tree,rcs,2026-02-25,0.0,0.0
Decision Tree,rcs,2026-02-26,0.0,-0.0
Decision Tree,rcs,2026-02-27,0.0,0.0
Decision Tree,rcs,2026-03-02,0.0,-0.0
Decision Tree,rcs,2026-03-03,0.0,-0.0
Decision Tree,rcs,2026-03-04,0.0,-0.0
Decision Tree,rcs,2026-03-05,0.0,-0.0
Decision Tree,rcs,2026-03-06,0.0,0.0
Decision Tree,rcs,2026-03-09,0.0,0.0
Decision Tree,rcs,2026-03-10,0.0,0.0
Decision Tree,rcs,2026-03-11,0.0,-0.0
Decision Tree,rcs,2026-03-12,0.0,-0.0
Decision Tree,rcs,2026-03-13,0.0,-0.0
Decision Tree,rcs,2026-03-16,0.0,-0.0
Decision Tree,rcs,2026-03-17,0.0,-0.0
Decision Tree,rcs,2026-03-18,0.0,-0.0
Decision Tree,rcs,2026-03-19,0.0,-0.0
Decision Tree,rcs,2026-03-20,0.0,-0.0
Decision Tree,rcs,2026-03-23,0.0,-0.0
Decision Tree,rcs,2026-03-24,0.0,0.0
Decision Tree,rcs,2026-03-25,0.0,0.0
Decision Tree,rcs,2026-03-26,0.0,-0.0
Decision Tree,rcs,2026-03-27,0.0,0.0
Decision Tree,rcs,2026-03-30,0.0,0.0
Decision Tree,rcs,2026-03-31,0.0,0.0
Decision Tree,rcs,2026-04-01,0.0,0.0
Decision Tree,rcs,2026-04-02,0.0,-0.0
Decision Tree,rcs,2026-04-06,0.0,-0.0
Decision Tree,rcs,2026-04-07,0.0,-0.0
Decision Tree,rcs,2026-04-08,0.0,0.0
Decision Tree,rcs,2026-04-09,0.0,0.0
Decision Tree,rcs,2026-04-10,0.0,0.0
Decision Tree,rcs,2026-04-13,0.0,-0.0
Decision Tree,rcs,2026-04-14,0.0,0.0
Decision Tree,rcs,2026-04-15,0.0,0.0
Decision Tree,rcs,2026-04-16,0.0,-0.0
Decision Tree,rcs,2026-04-17,0.0,0.0
Decision Tree,rcs,2026-04-20,0.0,-0.0
Decision Tree,rcs,2026-04-21,0.0,-0.0
Decision Tree,rcs,2026-04-22,0.0,0.0
Decision Tree,rcs,2026-04-23,0.0,-0.0
Decision Tree,rcs,2026-04-24,0.0,0.0
Decision Tree,rcs,2026-04-27,0.0,-0.0
Decision Tree,rcs,2026-04-28,0.0,-0.0
Decision Tree,rcs,2026-04-29,0.0,-0.0
Decision Tree,rcs,2026-04-30,0.0,0.0
Random Forest,rcs,2025-07-02,0.5,0.004716891363276793
Random Forest,rcs,2025-07-03,1.0,0.009778192002456549
Random Forest,rcs,2025-07-04,1.0,-0.0002446408969268843
Random Forest,rcs,2025-07-07,1.0,-0.0043507774513487085
Random Forest,rcs,2025-07-08,1.0,-0.0039055455371065366
Random Forest,rcs,2025-07-09,1.0,-0.003317569153415856
Random Forest,rcs,2025-07-10,1.0,0.018898969136643906
Random Forest,rcs,2025-07-11,1.0,0.04422486548706094
Random Forest,rcs,2025-07-14,0.5,-0.002816533437633556
Random Forest,rcs,2025-07-15,0.5,-0.008163929818380877
Random Forest,rcs,2025-07-16,0.5,0.00025111020859536204
Random Forest,rcs,2025-07-17,0.5,0.002681413779005104
Random Forest,rcs,2025-07-18,0.5,0.002194132567346685
Random Forest,rcs,2025-07-21,0.5,0.011485259877064946
Random Forest,rcs,2025-07-22,1.0,0.005550827231518668
Random Forest,rcs,2025-07-23,1.0,-0.0010681540493516772
Random Forest,rcs,2025-07-24,1.0,-0.006543102252689392
Random Forest,rcs,2025-07-25,1.0,-0.021885653713550002
Random Forest,rcs,2025-07-28,0.5,-0.0018971302566152591
Random Forest,rcs,2025-07-29,1.0,0.0014752368310385568
Random Forest,rcs,2025-07-30,1.0,-0.01360145327907325
Random Forest,rcs,2025-07-31,0.5,-0.013546295887101384
Random Forest,rcs,2025-08-01,0.5,0.003214606893193528
Random Forest,rcs,2025-08-04,0.5,0.005504697417148985
Random Forest,rcs,2025-08-05,0.5,0.0066546423157319845
Random Forest,rcs,2025-08-06,0.5,0.0010480877371255026
Random Forest,rcs,2025-08-07,0.5,0.005189881344992431
Random Forest,rcs,2025-08-08,0.5,0.003393768861422175
Random Forest,rcs,2025-08-11,0.5,-0.009826392895251668
Random Forest,rcs,2025-08-12,1.0,0.0062428022832677855
Random Forest,rcs,2025-08-13,1.0,0.015831613402925715
Random Forest,rcs,2025-08-14,1.0,-0.013428974735347099
Random Forest,rcs,2025-08-15,1.0,-0.0023168195495059107
Random Forest,rcs,2025-08-18,1.0,0.0015041749360886758
Random Forest,rcs,2025-08-19,1.0,-0.018181302806909994
Random Forest,rcs,2025-08-20,1.0,0.011915950329594915
Random Forest,rcs,2025-08-21,1.0,0.008539943788736348
Random Forest,rcs,2025-08-22,1.0,0.02566591931624962
Random Forest,rcs,2025-08-25,0.5,-0.004229168620326245
Random Forest,rcs,2025-08-26,1.0,-0.0025061731928067766
Random Forest,rcs,2025-08-27,1.0,0.0027732735880021675
Random Forest,rcs,2025-08-28,1.0,0.012949403224522982
Random Forest,rcs,2025-08-29,1.0,0.025571935994458818
Random Forest,rcs,2025-09-02,1.0,0.02166662602084668
Random Forest,rcs,2025-09-03,1.0,0.01146796233804892
Random Forest,rcs,2025-09-04,1.0,-0.015189459380388515
Random Forest,rcs,2025-09-05,1.0,0.003984307813467369
Random Forest,rcs,2025-09-08,1.0,0.008569834061510129
Random Forest,rcs,2025-09-09,1.0,-0.013228415802935989
Random Forest,rcs,2025-09-10,1.0,0.006238100650602041
Random Forest,rcs,2025-09-11,1.0,0.01371159856990345
Random Forest,rcs,2025-09-12,1.0,0.016548012198395412
Random Forest,rcs,2025-09-15,1.0,0.003066913210082012
Random Forest,rcs,2025-09-16,1.0,-0.0010818642302560244
Random Forest,rcs,2025-09-17,1.0,-0.01763557574524066
Random Forest,rcs,2025-09-18,1.0,-0.00035950792398597997
Random Forest,rcs,2025-09-19,1.0,0.019876724557404524
Random Forest,rcs,2025-09-22,1.0,0.02969250773750587
Random Forest,rcs,2025-09-23,1.0,0.008972843177088352
Random Forest,rcs,2025-09-24,1.0,-0.009390860402732293
Random Forest,rcs,2025-09-25,1.0,0.02101555976806302
Random Forest,rcs,2025-09-26,1.0,0.03409629556927718
Random Forest,rcs,2025-09-29,0.5,0.004179666543914546
Random Forest,rcs,2025-09-30,0.5,-0.003850952152113895
Random Forest,rcs,2025-10-01,0.5,0.011210111781116416
Random Forest,rcs,2025-10-02,0.5,-0.013639256614010553
Random Forest,rcs,2025-10-03,0.5,0.017358696979025146
Random Forest,rcs,2025-10-06,0.5,0.005094865318273301
Random Forest,rcs,2025-10-07,0.5,-0.009390206981557625
Random Forest,rcs,2025-10-08,0.5,0.015653122668319974
Random Forest,rcs,2025-10-09,0.5,-0.018558860382670905
Random Forest,rcs,2025-10-10,0.0,-5e-05
Random Forest,rcs,2025-10-13,0.0,0.0
Random Forest,rcs,2025-10-14,0.0,0.0
Random Forest,rcs,2025-10-15,0.0,0.0
Random Forest,rcs,2025-10-16,0.0,0.0
Random Forest,rcs,2025-10-17,0.0,-0.0
Random Forest,rcs,2025-10-20,0.0,0.0
Random Forest,rcs,2025-10-21,0.0,-0.0
Random Forest,rcs,2025-10-22,0.0,0.0
Random Forest,rcs,2025-10-23,0.0,0.0
Random Forest,rcs,2025-10-24,0.0,-0.0
Random Forest,rcs,2025-10-27,0.0,-0.0
Random Forest,rcs,2025-10-28,0.0,0.0
Random Forest,rcs,2025-10-29,0.0,0.0
Random Forest,rcs,2025-10-30,0.0,0.0
Random Forest,rcs,2025-10-31,0.0,-0.0
Random Forest,rcs,2025-11-03,0.0,-0.0
Random Forest,rcs,2025-11-04,0.0,-0.0
Random Forest,rcs,2025-11-05,0.0,0.0
Random Forest,rcs,2025-11-06,0.0,-0.0
Random Forest,rcs,2025-11-07,0.0,0.0
Random Forest,rcs,2025-11-10,0.0,0.0
Random Forest,rcs,2025-11-11,0.0,0.0
Random Forest,rcs,2025-11-12,0.0,0.0
Random Forest,rcs,2025-11-13,0.0,-0.0
Random Forest,rcs,2025-11-14,0.0,-0.0
Random Forest,rcs,2025-11-17,0.0,0.0
Random Forest,rcs,2025-11-18,0.0,-0.0
Random Forest,rcs,2025-11-19,0.0,0.0
Random Forest,rcs,2025-11-20,0.0,-0.0
Random Forest,rcs,2025-11-21,0.0,-0.0
Random Forest,rcs,2025-11-24,0.0,0.0
Random Forest,rcs,2025-11-25,0.0,0.0
Random Forest,rcs,2025-11-26,0.0,0.0
Random Forest,rcs,2025-11-28,0.0,0.0
Random Forest,rcs,2025-12-01,-0.0,-0.0
Random Forest,rcs,2025-12-02,-0.0,0.0
Random Forest,rcs,2025-12-03,-0.0,0.0
Random Forest,rcs,2025-12-04,-0.0,0.0
Random Forest,rcs,2025-12-05,0.0,0.0
Random Forest,rcs,2025-12-08,0.0,-0.0
Random Forest,rcs,2025-12-09,0.0,0.0
Random Forest,rcs,2025-12-10,0.0,0.0
Random Forest,rcs,2025-12-11,0.0,0.0
Random Forest,rcs,2025-12-12,0.0,-0.0
Random Forest,rcs,2025-12-15,0.0,0.0
Random Forest,rcs,2025-12-16,0.0,-0.0
Random Forest,rcs,2025-12-17,0.0,0.0
Random Forest,rcs,2025-12-18,-0.0,0.0
Random Forest,rcs,2025-12-19,-0.0,-0.0
Random Forest,rcs,2025-12-22,0.0,0.0
Random Forest,rcs,2025-12-23,0.0,0.0
Random Forest,rcs,2025-12-24,0.0,0.0
Random Forest,rcs,2025-12-26,0.0,0.0
Random Forest,rcs,2025-12-29,-0.0,0.0
Random Forest,rcs,2025-12-30,0.0,0.0
Random Forest,rcs,2025-12-31,-0.0,0.0
Random Forest,rcs,2026-01-02,-0.0,-0.0
Random Forest,rcs,2026-01-05,-0.0,-0.0
Random Forest,rcs,2026-01-06,-0.0,-0.0
Random Forest,rcs,2026-01-07,0.0,-0.0
Random Forest,rcs,2026-01-08,0.0,-0.0
Random Forest,rcs,2026-01-09,0.0,0.0
Random Forest,rcs,2026-01-12,0.0,0.0
Random Forest,rcs,2026-01-13,0.0,0.0
Random Forest,rcs,2026-01-14,0.0,0.0
Random Forest,rcs,2026-01-15,-0.0,-0.0
Random Forest,rcs,2026-01-16,-0.0,0.0
Random Forest,rcs,2026-01-20,0.0,0.0
Random Forest,rcs,2026-01-21,-0.0,0.0
Random Forest,rcs,2026-01-22,0.0,0.0
Random Forest,rcs,2026-01-23,-0.0,-0.0
Random Forest,rcs,2026-01-26,-0.0,-0.0
Random Forest,rcs,2026-01-27,-0.0,0.0
Random Forest,rcs,2026-01-28,-0.0,-0.0
Random Forest,rcs,2026-01-29,-0.0,-0.0
Random Forest,rcs,2026-01-30,-0.0,0.0
Random Forest,rcs,2026-02-02,-0.0,0.0
Random Forest,rcs,2026-02-03,0.0,0.0
Random Forest,rcs,2026-02-04,-0.0,-0.0
Random Forest,rcs,2026-02-05,0.0,-0.0
Random Forest,rcs,2026-02-06,-0.0,-0.0
Random Forest,rcs,2026-02-09,0.0,0.0
Random Forest,rcs,2026-02-10,0.0,-0.0
Random Forest,rcs,2026-02-11,0.0,0.0
Random Forest,rcs,2026-02-12,0.0,-0.0
Random Forest,rcs,2026-02-13,-0.0,-0.0
Random Forest,rcs,2026-02-17,0.0,-0.0
Random Forest,rcs,2026-02-18,0.0,0.0
Random Forest,rcs,2026-02-19,0.0,0.0
Random Forest,rcs,2026-02-20,0.0,0.0
Random Forest,rcs,2026-02-23,0.0,0.0
Random Forest,rcs,2026-02-24,0.0,0.0
Random Forest,rcs,2026-02-25,-0.0,-0.0
Random Forest,rcs,2026-02-26,-0.0,0.0
Random Forest,rcs,2026-02-27,0.0,0.0
Random Forest,rcs,2026-03-02,-0.0,0.0
Random Forest,rcs,2026-03-03,-0.0,0.0
Random Forest,rcs,2026-03-04,0.0,-0.0
Random Forest,rcs,2026-03-05,0.0,-0.0
Random Forest,rcs,2026-03-06,0.0,0.0
Random Forest,rcs,2026-03-09,0.0,0.0
Random Forest,rcs,2026-03-10,0.0,0.0
Random Forest,rcs,2026-03-11,0.0,-0.0
Random Forest,rcs,2026-03-12,0.0,-0.0
Random Forest,rcs,2026-03-13,0.0,-0.0
Random Forest,rcs,2026-03-16,0.0,-0.0
Random Forest,rcs,2026-03-17,0.0,-0.0
Random Forest,rcs,2026-03-18,0.0,-0.0
Random Forest,rcs,2026-03-19,0.0,-0.0
Random Forest,rcs,2026-03-20,-0.0,0.0
Random Forest,rcs,2026-03-23,0.0,-0.0
Random Forest,rcs,2026-03-24,0.0,0.0
Random Forest,rcs,2026-03-25,0.0,0.0
Random Forest,rcs,2026-03-26,0.0,-0.0
Random Forest,rcs,2026-03-27,0.0,0.0
Random Forest,rcs,2026-03-30,0.0,0.0
Random Forest,rcs,2026-03-31,0.0,0.0
Random Forest,rcs,2026-04-01,0.0,0.0
Random Forest,rcs,2026-04-02,0.0,-0.0
Random Forest,rcs,2026-04-06,0.0,-0.0
Random Forest,rcs,2026-04-07,0.0,-0.0
Random Forest,rcs,2026-04-08,0.0,0.0
Random Forest,rcs,2026-04-09,0.0,0.0
Random Forest,rcs,2026-04-10,0.0,0.0
Random Forest,rcs,2026-04-13,0.0,-0.0
Random Forest,rcs,2026-04-14,0.0,0.0
Random Forest,rcs,2026-04-15,0.0,0.0
Random Forest,rcs,2026-04-16,0.0,-0.0
Random Forest,rcs,2026-04-17,0.0,0.0
Random Forest,rcs,2026-04-20,0.0,-0.0
Random Forest,rcs,2026-04-21,0.0,-0.0
Random Forest,rcs,2026-04-22,0.0,0.0
Random Forest,rcs,2026-04-23,0.0,-0.0
Random Forest,rcs,2026-04-24,0.0,0.0
Random Forest,rcs,2026-04-27,0.0,-0.0
Random Forest,rcs,2026-04-28,0.0,-0.0
Random Forest,rcs,2026-04-29,0.0,-0.0
Random Forest,rcs,2026-04-30,0.0,0.0
Gradient Boosting,rcs,2025-07-02,-0.5,-0.0048168913632767926
Gradient Boosting,rcs,2025-07-03,-1.0,-0.009878192002456548
Gradient Boosting,rcs,2025-07-04,1.0,-0.00044464089692688427
Gradient Boosting,rcs,2025-07-07,-1.0,0.004150777451348709
Gradient Boosting,rcs,2025-07-08,1.0,-0.004105545537106537
Gradient Boosting,rcs,2025-07-09,1.0,-0.003317569153415856
Gradient Boosting,rcs,2025-07-10,1.0,0.018898969136643906
Gradient Boosting,rcs,2025-07-11,1.0,0.04422486548706094
Gradient Boosting,rcs,2025-07-14,0.5,-0.002816533437633556
Gradient Boosting,rcs,2025-07-15,0.5,-0.008163929818380877
Gradient Boosting,rcs,2025-07-16,0.5,0.00025111020859536204
Gradient Boosting,rcs,2025-07-17,-0.5,-0.002781413779005104
Gradient Boosting,rcs,2025-07-18,-0.5,-0.002194132567346685
Gradient Boosting,rcs,2025-07-21,-0.5,-0.011485259877064946
Gradient Boosting,rcs,2025-07-22,-1.0,-0.005650827231518668
Gradient Boosting,rcs,2025-07-23,-1.0,0.0010681540493516772
Gradient Boosting,rcs,2025-07-24,1.0,-0.006743102252689392
Gradient Boosting,rcs,2025-07-25,-1.0,0.021685653713550003
Gradient Boosting,rcs,2025-07-28,0.5,-0.001997130256615259
Gradient Boosting,rcs,2025-07-29,1.0,0.0014752368310385568
Gradient Boosting,rcs,2025-07-30,-1.0,0.01340145327907325
Gradient Boosting,rcs,2025-07-31,0.5,-0.013646295887101385
Gradient Boosting,rcs,2025-08-01,0.5,0.003214606893193528
Gradient Boosting,rcs,2025-08-04,-0.5,-0.005604697417148985
Gradient Boosting,rcs,2025-08-05,-0.5,-0.0066546423157319845
Gradient Boosting,rcs,2025-08-06,-0.5,-0.0010480877371255026
Gradient Boosting,rcs,2025-08-07,-0.5,-0.005189881344992431
Gradient Boosting,rcs,2025-08-08,-0.5,-0.003393768861422175
Gradient Boosting,rcs,2025-08-11,0.5,-0.009926392895251667
Gradient Boosting,rcs,2025-08-12,1.0,0.0062428022832677855
Gradient Boosting,rcs,2025-08-13,-1.0,-0.016031613402925714
Gradient Boosting,rcs,2025-08-14,-1.0,0.013428974735347099
Gradient Boosting,rcs,2025-08-15,1.0,-0.002516819549505911
Gradient Boosting,rcs,2025-08-18,1.0,0.0015041749360886758
Gradient Boosting,rcs,2025-08-19,-1.0,0.017981302806909995
Gradient Boosting,rcs,2025-08-20,1.0,0.011715950329594915
Gradient Boosting,rcs,2025-08-21,-1.0,-0.008739943788736349
Gradient Boosting,rcs,2025-08-22,-1.0,-0.02566591931624962
Gradient Boosting,rcs,2025-08-25,0.5,-0.004329168620326246
Gradient Boosting,rcs,2025-08-26,1.0,-0.0025061731928067766
Gradient Boosting,rcs,2025-08-27,-1.0,-0.0029732735880021676
Gradient Boosting,rcs,2025-08-28,-1.0,-0.012949403224522982
Gradient Boosting,rcs,2025-08-29,-1.0,-0.025971935994458815
Gradient Boosting,rcs,2025-09-02,-1.0,-0.02166662602084668
Gradient Boosting,rcs,2025-09-03,-1.0,-0.01146796233804892
Gradient Boosting,rcs,2025-09-04,-1.0,0.015189459380388515
Gradient Boosting,rcs,2025-09-05,1.0,0.003784307813467369
Gradient Boosting,rcs,2025-09-08,-1.0,-0.00876983406151013
Gradient Boosting,rcs,2025-09-09,-1.0,0.013228415802935989
Gradient Boosting,rcs,2025-09-10,1.0,0.006038100650602041
Gradient Boosting,rcs,2025-09-11,-1.0,-0.01391159856990345
Gradient Boosting,rcs,2025-09-12,-1.0,-0.016548012198395412
Gradient Boosting,rcs,2025-09-15,-1.0,-0.003066913210082012
Gradient Boosting,rcs,2025-09-16,-1.0,0.0010818642302560244
Gradient Boosting,rcs,2025-09-17,1.0,-0.01783557574524066
Gradient Boosting,rcs,2025-09-18,1.0,-0.00035950792398597997
Gradient Boosting,rcs,2025-09-19,-1.0,-0.020076724557404522
Gradient Boosting,rcs,2025-09-22,-1.0,-0.02969250773750587
Gradient Boosting,rcs,2025-09-23,1.0,0.008772843177088352
Gradient Boosting,rcs,2025-09-24,1.0,-0.009390860402732293
Gradient Boosting,rcs,2025-09-25,1.0,0.02101555976806302
Gradient Boosting,rcs,2025-09-26,1.0,0.03409629556927718
Gradient Boosting,rcs,2025-09-29,0.5,0.004179666543914546
Gradient Boosting,rcs,2025-09-30,0.5,-0.003850952152113895
Gradient Boosting,rcs,2025-10-01,0.5,0.011210111781116416
Gradient Boosting,rcs,2025-10-02,0.5,-0.013639256614010553
Gradient Boosting,rcs,2025-10-03,0.5,0.017358696979025146
Gradient Boosting,rcs,2025-10-06,0.5,0.005094865318273301
Gradient Boosting,rcs,2025-10-07,-0.5,0.009290206981557626
Gradient Boosting,rcs,2025-10-08,0.5,0.015553122668319975
Gradient Boosting,rcs,2025-10-09,0.5,-0.018558860382670905
Gradient Boosting,rcs,2025-10-10,0.0,-5e-05
Gradient Boosting,rcs,2025-10-13,0.0,0.0
Gradient Boosting,rcs,2025-10-14,-0.0,-0.0
Gradient Boosting,rcs,2025-10-15,-0.0,-0.0
Gradient Boosting,rcs,2025-10-16,-0.0,-0.0
Gradient Boosting,rcs,2025-10-17,0.0,-0.0
Gradient Boosting,rcs,2025-10-20,0.0,0.0
Gradient Boosting,rcs,2025-10-21,-0.0,0.0
Gradient Boosting,rcs,2025-10-22,0.0,0.0
Gradient Boosting,rcs,2025-10-23,-0.0,-0.0
Gradient Boosting,rcs,2025-10-24,-0.0,0.0
Gradient Boosting,rcs,2025-10-27,0.0,-0.0
Gradient Boosting,rcs,2025-10-28,0.0,0.0
Gradient Boosting,rcs,2025-10-29,-0.0,-0.0
Gradient Boosting,rcs,2025-10-30,-0.0,-0.0
Gradient Boosting,rcs,2025-10-31,-0.0,0.0
Gradient Boosting,rcs,2025-11-03,0.0,-0.0
Gradient Boosting,rcs,2025-11-04,0.0,-0.0
Gradient Boosting,rcs,2025-11-05,0.0,0.0
Gradient Boosting,rcs,2025-11-06,-0.0,0.0
Gradient Boosting,rcs,2025-11-07,0.0,0.0
Gradient Boosting,rcs,2025-11-10,0.0,0.0
Gradient Boosting,rcs,2025-11-11,-0.0,-0.0
Gradient Boosting,rcs,2025-11-12,0.0,0.0
Gradient Boosting,rcs,2025-11-13,0.0,-0.0
Gradient Boosting,rcs,2025-11-14,0.0,-0.0
Gradient Boosting,rcs,2025-11-17,0.0,0.0
Gradient Boosting,rcs,2025-11-18,-0.0,0.0
Gradient Boosting,rcs,2025-11-19,0.0,0.0
Gradient Boosting,rcs,2025-11-20,-0.0,0.0
Gradient Boosting,rcs,2025-11-21,0.0,-0.0
Gradient Boosting,rcs,2025-11-24,0.0,0.0
Gradient Boosting,rcs,2025-11-25,0.0,0.0
Gradient Boosting,rcs,2025-11-26,-0.0,-0.0
Gradient Boosting,rcs,2025-11-28,0.0,0.0
Gradient Boosting,rcs,2025-12-01,-0.0,-0.0
Gradient Boosting,rcs,2025-12-02,-0.0,0.0
Gradient Boosting,rcs,2025-12-03,-0.0,0.0
Gradient Boosting,rcs,2025-12-04,0.0,-0.0
Gradient Boosting,rcs,2025-12-05,0.0,0.0
Gradient Boosting,rcs,2025-12-08,0.0,-0.0
Gradient Boosting,rcs,2025-12-09,0.0,0.0
Gradient Boosting,rcs,2025-12-10,0.0,0.0
Gradient Boosting,rcs,2025-12-11,0.0,0.0
Gradient Boosting,rcs,2025-12-12,0.0,-0.0
Gradient Boosting,rcs,2025-12-15,0.0,0.0
Gradient Boosting,rcs,2025-12-16,-0.0,0.0
Gradient Boosting,rcs,2025-12-17,0.0,0.0
Gradient Boosting,rcs,2025-12-18,-0.0,0.0
Gradient Boosting,rcs,2025-12-19,-0.0,-0.0
Gradient Boosting,rcs,2025-12-22,-0.0,-0.0
Gradient Boosting,rcs,2025-12-23,-0.0,-0.0
Gradient Boosting,rcs,2025-12-24,-0.0,-0.0
Gradient Boosting,rcs,2025-12-26,-0.0,-0.0
Gradient Boosting,rcs,2025-12-29,-0.0,0.0
Gradient Boosting,rcs,2025-12-30,0.0,0.0
Gradient Boosting,rcs,2025-12-31,-0.0,0.0
Gradient Boosting,rcs,2026-01-02,-0.0,-0.0
Gradient Boosting,rcs,2026-01-05,-0.0,-0.0
Gradient Boosting,rcs,2026-01-06,0.0,0.0
Gradient Boosting,rcs,2026-01-07,-0.0,0.0
Gradient Boosting,rcs,2026-01-08,0.0,-0.0
Gradient Boosting,rcs,2026-01-09,0.0,0.0
Gradient Boosting,rcs,2026-01-12,-0.0,-0.0
Gradient Boosting,rcs,2026-01-13,-0.0,-0.0
Gradient Boosting,rcs,2026-01-14,-0.0,-0.0
Gradient Boosting,rcs,2026-01-15,-0.0,-0.0
Gradient Boosting,rcs,2026-01-16,-0.0,0.0
Gradient Boosting,rcs,2026-01-20,0.0,0.0
Gradient Boosting,rcs,2026-01-21,0.0,-0.0
Gradient Boosting,rcs,2026-01-22,0.0,0.0
Gradient Boosting,rcs,2026-01-23,0.0,0.0
Gradient Boosting,rcs,2026-01-26,0.0,0.0
Gradient Boosting,rcs,2026-01-27,-0.0,0.0
Gradient Boosting,rcs,2026-01-28,-0.0,-0.0
Gradient Boosting,rcs,2026-01-29,-0.0,-0.0
Gradient Boosting,rcs,2026-01-30,-0.0,0.0
Gradient Boosting,rcs,2026-02-02,-0.0,0.0
Gradient Boosting,rcs,2026-02-03,0.0,0.0
Gradient Boosting,rcs,2026-02-04,-0.0,-0.0
Gradient Boosting,rcs,2026-02-05,-0.0,0.0
Gradient Boosting,rcs,2026-02-06,-0.0,-0.0
Gradient Boosting,rcs,2026-02-09,0.0,0.0
Gradient Boosting,rcs,2026-02-10,-0.0,0.0
Gradient Boosting,rcs,2026-02-11,0.0,0.0
Gradient Boosting,rcs,2026-02-12,0.0,-0.0
Gradient Boosting,rcs,2026-02-13,-0.0,-0.0
Gradient Boosting,rcs,2026-02-17,-0.0,0.0
Gradient Boosting,rcs,2026-02-18,0.0,0.0
Gradient Boosting,rcs,2026-02-19,-0.0,-0.0
Gradient Boosting,rcs,2026-02-20,-0.0,-0.0
Gradient Boosting,rcs,2026-02-23,-0.0,-0.0
Gradient Boosting,rcs,2026-02-24,0.0,0.0
Gradient Boosting,rcs,2026-02-25,-0.0,-0.0
Gradient Boosting,rcs,2026-02-26,-0.0,0.0
Gradient Boosting,rcs,2026-02-27,0.0,0.0
Gradient Boosting,rcs,2026-03-02,-0.0,0.0
Gradient Boosting,rcs,2026-03-03,-0.0,0.0
Gradient Boosting,rcs,2026-03-04,0.0,-0.0
Gradient Boosting,rcs,2026-03-05,0.0,-0.0
Gradient Boosting,rcs,2026-03-06,0.0,0.0
Gradient Boosting,rcs,2026-03-09,-0.0,-0.0
Gradient Boosting,rcs,2026-03-10,0.0,0.0
Gradient Boosting,rcs,2026-03-11,-0.0,0.0
Gradient Boosting,rcs,2026-03-12,0.0,-0.0
Gradient Boosting,rcs,2026-03-13,0.0,-0.0
Gradient Boosting,rcs,2026-03-16,0.0,-0.0
Gradient Boosting,rcs,2026-03-17,0.0,-0.0
Gradient Boosting,rcs,2026-03-18,0.0,-0.0
Gradient Boosting,rcs,2026-03-19,0.0,-0.0
Gradient Boosting,rcs,2026-03-20,0.0,-0.0
Gradient Boosting,rcs,2026-03-23,0.0,-0.0
Gradient Boosting,rcs,2026-03-24,0.0,0.0
Gradient Boosting,rcs,2026-03-25,0.0,0.0
Gradient Boosting,rcs,2026-03-26,-0.0,0.0
Gradient Boosting,rcs,2026-03-27,-0.0,-0.0
Gradient Boosting,rcs,2026-03-30,-0.0,-0.0
Gradient Boosting,rcs,2026-03-31,-0.0,-0.0
Gradient Boosting,rcs,2026-04-01,-0.0,-0.0
Gradient Boosting,rcs,2026-04-02,-0.0,0.0
Gradient Boosting,rcs,2026-04-06,0.0,-0.0
Gradient Boosting,rcs,2026-04-07,0.0,-0.0
Gradient Boosting,rcs,2026-04-08,0.0,0.0
Gradient Boosting,rcs,2026-04-09,-0.0,-0.0
Gradient Boosting,rcs,2026-04-10,-0.0,-0.0
Gradient Boosting,rcs,2026-04-13,-0.0,0.0
Gradient Boosting,rcs,2026-04-14,0.0,0.0
Gradient Boosting,rcs,2026-04-15,-0.0,-0.0
Gradient Boosting,rcs,2026-04-16,0.0,-0.0
Gradient Boosting,rcs,2026-04-17,0.0,0.0
Gradient Boosting,rcs,2026-04-20,0.0,-0.0
Gradient Boosting,rcs,2026-04-21,0.0,-0.0
Gradient Boosting,rcs,2026-04-22,0.0,0.0
Gradient Boosting,rcs,2026-04-23,-0.0,0.0
Gradient Boosting,rcs,2026-04-24,0.0,0.0
Gradient Boosting,rcs,2026-04-27,-0.0,0.0
Gradient Boosting,rcs,2026-04-28,0.0,-0.0
Gradient Boosting,rcs,2026-04-29,0.0,-0.0
Gradient Boosting,rcs,2026-04-30,0.0,0.0
XGBoost,rcs,2025-07-02,-0.5,-0.0048168913632767926
XGBoost,rcs,2025-07-03,-1.0,-0.009878192002456548
XGBoost,rcs,2025-07-04,-1.0,0.0002446408969268843
XGBoost,rcs,2025-07-07,1.0,-0.004550777451348708
XGBoost,rcs,2025-07-08,1.0,-0.0039055455371065366
XGBoost,rcs,2025-07-09,1.0,-0.003317569153415856
XGBoost,rcs,2025-07-10,1.0,0.018898969136643906
XGBoost,rcs,2025-07-11,-1.0,-0.04442486548706094
XGBoost,rcs,2025-07-14,-0.5,0.002716533437633556
XGBoost,rcs,2025-07-15,0.5,-0.008263929818380877
XGBoost,rcs,2025-07-16,0.5,0.00025111020859536204
XGBoost,rcs,2025-07-17,-0.5,-0.002781413779005104
XGBoost,rcs,2025-07-18,-0.5,-0.002194132567346685
XGBoost,rcs,2025-07-21,-0.5,-0.011485259877064946
XGBoost,rcs,2025-07-22,-1.0,-0.005650827231518668
XGBoost,rcs,2025-07-23,-1.0,0.0010681540493516772
XGBoost,rcs,2025-07-24,1.0,-0.006743102252689392
XGBoost,rcs,2025-07-25,-1.0,0.021685653713550003
XGBoost,rcs,2025-07-28,0.5,-0.001997130256615259
XGBoost,rcs,2025-07-29,1.0,0.0014752368310385568
XGBoost,rcs,2025-07-30,-1.0,0.01340145327907325
XGBoost,rcs,2025-07-31,-0.5,0.013446295887101384
XGBoost,rcs,2025-08-01,0.5,0.003114606893193528
XGBoost,rcs,2025-08-04,-0.5,-0.005604697417148985
XGBoost,rcs,2025-08-05,-0.5,-0.0066546423157319845
XGBoost,rcs,2025-08-06,-0.5,-0.0010480877371255026
XGBoost,rcs,2025-08-07,-0.5,-0.005189881344992431
XGBoost,rcs,2025-08-08,-0.5,-0.003393768861422175
XGBoost,rcs,2025-08-11,-0.5,0.009826392895251668
XGBoost,rcs,2025-08-12,1.0,0.006142802283267785
XGBoost,rcs,2025-08-13,-1.0,-0.016031613402925714
XGBoost,rcs,2025-08-14,-1.0,0.013428974735347099
XGBoost,rcs,2025-08-15,1.0,-0.002516819549505911
XGBoost,rcs,2025-08-18,1.0,0.0015041749360886758
XGBoost,rcs,2025-08-19,-1.0,0.017981302806909995
XGBoost,rcs,2025-08-20,1.0,0.011715950329594915
XGBoost,rcs,2025-08-21,-1.0,-0.008739943788736349
XGBoost,rcs,2025-08-22,-1.0,-0.02566591931624962
XGBoost,rcs,2025-08-25,0.5,-0.004329168620326246
XGBoost,rcs,2025-08-26,1.0,-0.0025061731928067766
XGBoost,rcs,2025-08-27,-1.0,-0.0029732735880021676
XGBoost,rcs,2025-08-28,-1.0,-0.012949403224522982
XGBoost,rcs,2025-08-29,-1.0,-0.025971935994458815
XGBoost,rcs,2025-09-02,1.0,0.02146662602084668
XGBoost,rcs,2025-09-03,-1.0,-0.011667962338048921
XGBoost,rcs,2025-09-04,-1.0,0.015189459380388515
XGBoost,rcs,2025-09-05,1.0,0.003784307813467369
XGBoost,rcs,2025-09-08,-1.0,-0.00876983406151013
XGBoost,rcs,2025-09-09,-1.0,0.013228415802935989
XGBoost,rcs,2025-09-10,1.0,0.006038100650602041
XGBoost,rcs,2025-09-11,-1.0,-0.01391159856990345
XGBoost,rcs,2025-09-12,-1.0,-0.016548012198395412
XGBoost,rcs,2025-09-15,-1.0,-0.003066913210082012
XGBoost,rcs,2025-09-16,-1.0,0.0010818642302560244
XGBoost,rcs,2025-09-17,1.0,-0.01783557574524066
XGBoost,rcs,2025-09-18,1.0,-0.00035950792398597997
XGBoost,rcs,2025-09-19,-1.0,-0.020076724557404522
XGBoost,rcs,2025-09-22,-1.0,-0.02969250773750587
XGBoost,rcs,2025-09-23,-1.0,-0.008972843177088352
XGBoost,rcs,2025-09-24,-1.0,0.009390860402732293
XGBoost,rcs,2025-09-25,1.0,0.02081555976806302
XGBoost,rcs,2025-09-26,1.0,0.03409629556927718
XGBoost,rcs,2025-09-29,0.5,0.004179666543914546
XGBoost,rcs,2025-09-30,0.5,-0.003850952152113895
XGBoost,rcs,2025-10-01,0.5,0.011210111781116416
XGBoost,rcs,2025-10-02,0.5,-0.013639256614010553
XGBoost,rcs,2025-10-03,0.5,0.017358696979025146
XGBoost,rcs,2025-10-06,0.5,0.005094865318273301
XGBoost,rcs,2025-10-07,-0.5,0.009290206981557626
XGBoost,rcs,2025-10-08,0.5,0.015553122668319975
XGBoost,rcs,2025-10-09,0.5,-0.018558860382670905
XGBoost,rcs,2025-10-10,0.0,-5e-05
XGBoost,rcs,2025-10-13,0.0,0.0
XGBoost,rcs,2025-10-14,-0.0,-0.0
XGBoost,rcs,2025-10-15,0.0,0.0
XGBoost,rcs,2025-10-16,-0.0,-0.0
XGBoost,rcs,2025-10-17,-0.0,0.0
XGBoost,rcs,2025-10-20,0.0,0.0
XGBoost,rcs,2025-10-21,-0.0,0.0
XGBoost,rcs,2025-10-22,0.0,0.0
XGBoost,rcs,2025-10-23,-0.0,-0.0
XGBoost,rcs,2025-10-24,-0.0,0.0
XGBoost,rcs,2025-10-27,0.0,-0.0
XGBoost,rcs,2025-10-28,0.0,0.0
XGBoost,rcs,2025-10-29,-0.0,-0.0
XGBoost,rcs,2025-10-30,-0.0,-0.0
XGBoost,rcs,2025-10-31,-0.0,0.0
XGBoost,rcs,2025-11-03,0.0,-0.0
XGBoost,rcs,2025-11-04,-0.0,0.0
XGBoost,rcs,2025-11-05,0.0,0.0
XGBoost,rcs,2025-11-06,-0.0,0.0
XGBoost,rcs,2025-11-07,0.0,0.0
XGBoost,rcs,2025-11-10,0.0,0.0
XGBoost,rcs,2025-11-11,0.0,0.0
XGBoost,rcs,2025-11-12,-0.0,-0.0
XGBoost,rcs,2025-11-13,0.0,-0.0
XGBoost,rcs,2025-11-14,0.0,-0.0
XGBoost,rcs,2025-11-17,0.0,0.0
XGBoost,rcs,2025-11-18,-0.0,0.0
XGBoost,rcs,2025-11-19,0.0,0.0
XGBoost,rcs,2025-11-20,0.0,-0.0
XGBoost,rcs,2025-11-21,0.0,-0.0
XGBoost,rcs,2025-11-24,0.0,0.0
XGBoost,rcs,2025-11-25,0.0,0.0
XGBoost,rcs,2025-11-26,-0.0,-0.0
XGBoost,rcs,2025-11-28,0.0,0.0
XGBoost,rcs,2025-12-01,0.0,0.0
XGBoost,rcs,2025-12-02,-0.0,0.0
XGBoost,rcs,2025-12-03,-0.0,0.0
XGBoost,rcs,2025-12-04,0.0,-0.0
XGBoost,rcs,2025-12-05,0.0,0.0
XGBoost,rcs,2025-12-08,0.0,-0.0
XGBoost,rcs,2025-12-09,0.0,0.0
XGBoost,rcs,2025-12-10,-0.0,-0.0
XGBoost,rcs,2025-12-11,0.0,0.0
XGBoost,rcs,2025-12-12,0.0,-0.0
XGBoost,rcs,2025-12-15,0.0,0.0
XGBoost,rcs,2025-12-16,-0.0,0.0
XGBoost,rcs,2025-12-17,0.0,0.0
XGBoost,rcs,2025-12-18,-0.0,0.0
XGBoost,rcs,2025-12-19,0.0,0.0
XGBoost,rcs,2025-12-22,-0.0,-0.0
XGBoost,rcs,2025-12-23,0.0,0.0
XGBoost,rcs,2025-12-24,0.0,0.0
XGBoost,rcs,2025-12-26,0.0,0.0
XGBoost,rcs,2025-12-29,-0.0,0.0
XGBoost,rcs,2025-12-30,0.0,0.0
XGBoost,rcs,2025-12-31,-0.0,0.0
XGBoost,rcs,2026-01-02,-0.0,-0.0
XGBoost,rcs,2026-01-05,-0.0,-0.0
XGBoost,rcs,2026-01-06,-0.0,-0.0
XGBoost,rcs,2026-01-07,-0.0,0.0
XGBoost,rcs,2026-01-08,0.0,-0.0
XGBoost,rcs,2026-01-09,0.0,0.0
XGBoost,rcs,2026-01-12,-0.0,-0.0
XGBoost,rcs,2026-01-13,-0.0,-0.0
XGBoost,rcs,2026-01-14,0.0,0.0
XGBoost,rcs,2026-01-15,-0.0,-0.0
XGBoost,rcs,2026-01-16,-0.0,0.0
XGBoost,rcs,2026-01-20,0.0,0.0
XGBoost,rcs,2026-01-21,-0.0,0.0
XGBoost,rcs,2026-01-22,0.0,0.0
XGBoost,rcs,2026-01-23,-0.0,-0.0
XGBoost,rcs,2026-01-26,0.0,0.0
XGBoost,rcs,2026-01-27,-0.0,0.0
XGBoost,rcs,2026-01-28,0.0,0.0
XGBoost,rcs,2026-01-29,-0.0,-0.0
XGBoost,rcs,2026-01-30,-0.0,0.0
XGBoost,rcs,2026-02-02,-0.0,0.0
XGBoost,rcs,2026-02-03,0.0,0.0
XGBoost,rcs,2026-02-04,-0.0,-0.0
XGBoost,rcs,2026-02-05,0.0,-0.0
XGBoost,rcs,2026-02-06,-0.0,-0.0
XGBoost,rcs,2026-02-09,0.0,0.0
XGBoost,rcs,2026-02-10,-0.0,0.0
XGBoost,rcs,2026-02-11,0.0,0.0
XGBoost,rcs,2026-02-12,0.0,-0.0
XGBoost,rcs,2026-02-13,-0.0,-0.0
XGBoost,rcs,2026-02-17,0.0,-0.0
XGBoost,rcs,2026-02-18,0.0,0.0
XGBoost,rcs,2026-02-19,0.0,0.0
XGBoost,rcs,2026-02-20,0.0,0.0
XGBoost,rcs,2026-02-23,0.0,0.0
XGBoost,rcs,2026-02-24,0.0,0.0
XGBoost,rcs,2026-02-25,-0.0,-0.0
XGBoost,rcs,2026-02-26,-0.0,0.0
XGBoost,rcs,2026-02-27,0.0,0.0
XGBoost,rcs,2026-03-02,0.0,-0.0
XGBoost,rcs,2026-03-03,0.0,-0.0
XGBoost,rcs,2026-03-04,0.0,-0.0
XGBoost,rcs,2026-03-05,0.0,-0.0
XGBoost,rcs,2026-03-06,0.0,0.0
XGBoost,rcs,2026-03-09,-0.0,-0.0
XGBoost,rcs,2026-03-10,0.0,0.0
XGBoost,rcs,2026-03-11,0.0,-0.0
XGBoost,rcs,2026-03-12,0.0,-0.0
XGBoost,rcs,2026-03-13,0.0,-0.0
XGBoost,rcs,2026-03-16,0.0,-0.0
XGBoost,rcs,2026-03-17,0.0,-0.0
XGBoost,rcs,2026-03-18,0.0,-0.0
XGBoost,rcs,2026-03-19,0.0,-0.0
XGBoost,rcs,2026-03-20,0.0,-0.0
XGBoost,rcs,2026-03-23,0.0,-0.0
XGBoost,rcs,2026-03-24,0.0,0.0
XGBoost,rcs,2026-03-25,-0.0,-0.0
XGBoost,rcs,2026-03-26,0.0,-0.0
XGBoost,rcs,2026-03-27,0.0,0.0
XGBoost,rcs,2026-03-30,0.0,0.0
XGBoost,rcs,2026-03-31,0.0,0.0
XGBoost,rcs,2026-04-01,-0.0,-0.0
XGBoost,rcs,2026-04-02,-0.0,0.0
XGBoost,rcs,2026-04-06,0.0,-0.0
XGBoost,rcs,2026-04-07,-0.0,0.0
XGBoost,rcs,2026-04-08,0.0,0.0
XGBoost,rcs,2026-04-09,-0.0,-0.0
XGBoost,rcs,2026-04-10,0.0,0.0
XGBoost,rcs,2026-04-13,0.0,-0.0
XGBoost,rcs,2026-04-14,0.0,0.0
XGBoost,rcs,2026-04-15,-0.0,-0.0
XGBoost,rcs,2026-04-16,0.0,-0.0
XGBoost,rcs,2026-04-17,0.0,0.0
XGBoost,rcs,2026-04-20,0.0,-0.0
XGBoost,rcs,2026-04-21,0.0,-0.0
XGBoost,rcs,2026-04-22,0.0,0.0
XGBoost,rcs,2026-04-23,-0.0,0.0
XGBoost,rcs,2026-04-24,0.0,0.0
XGBoost,rcs,2026-04-27,-0.0,0.0
XGBoost,rcs,2026-04-28,0.0,-0.0
XGBoost,rcs,2026-04-29,0.0,-0.0
XGBoost,rcs,2026-04-30,0.0,0.0
SVR,rcs,2025-07-02,-0.5,-0.0048168913632767926
SVR,rcs,2025-07-03,1.0,0.009678192002456548
SVR,rcs,2025-07-04,1.0,-0.0002446408969268843
SVR,rcs,2025-07-07,1.0,-0.0043507774513487085
SVR,rcs,2025-07-08,-1.0,0.0037055455371065365
SVR,rcs,2025-07-09,-1.0,0.003317569153415856
SVR,rcs,2025-07-10,1.0,0.018698969136643907
SVR,rcs,2025-07-11,-1.0,-0.04442486548706094
SVR,rcs,2025-07-14,0.5,-0.002916533437633556
SVR,rcs,2025-07-15,0.5,-0.008163929818380877
SVR,rcs,2025-07-16,0.5,0.00025111020859536204
SVR,rcs,2025-07-17,0.5,0.002681413779005104
SVR,rcs,2025-07-18,-0.5,-0.0022941325673466848
SVR,rcs,2025-07-21,-0.5,-0.011485259877064946
SVR,rcs,2025-07-22,-1.0,-0.005650827231518668
SVR,rcs,2025-07-23,-1.0,0.0010681540493516772
SVR,rcs,2025-07-24,-1.0,0.006543102252689392
SVR,rcs,2025-07-25,-1.0,0.021885653713550002
SVR,rcs,2025-07-28,0.5,-0.001997130256615259
SVR,rcs,2025-07-29,1.0,0.0014752368310385568
SVR,rcs,2025-07-30,1.0,-0.01360145327907325
SVR,rcs,2025-07-31,0.5,-0.013546295887101384
SVR,rcs,2025-08-01,0.5,0.003214606893193528
SVR,rcs,2025-08-04,-0.5,-0.005604697417148985
SVR,rcs,2025-08-05,-0.5,-0.0066546423157319845
SVR,rcs,2025-08-06,0.5,0.0009480877371255026
SVR,rcs,2025-08-07,-0.5,-0.005289881344992431
SVR,rcs,2025-08-08,-0.5,-0.003393768861422175
SVR,rcs,2025-08-11,-0.5,0.009826392895251668
SVR,rcs,2025-08-12,1.0,0.006142802283267785
SVR,rcs,2025-08-13,1.0,0.015831613402925715
SVR,rcs,2025-08-14,1.0,-0.013428974735347099
SVR,rcs,2025-08-15,-1.0,0.0021168195495059106
SVR,rcs,2025-08-18,-1.0,-0.0015041749360886758
SVR,rcs,2025-08-19,-1.0,0.018181302806909994
SVR,rcs,2025-08-20,-1.0,-0.011915950329594915
SVR,rcs,2025-08-21,1.0,0.008339943788736348
SVR,rcs,2025-08-22,-1.0,-0.025865919316249618
SVR,rcs,2025-08-25,0.5,-0.004329168620326246
SVR,rcs,2025-08-26,-1.0,0.0023061731928067765
SVR,rcs,2025-08-27,1.0,0.0025732735880021674
SVR,rcs,2025-08-28,1.0,0.012949403224522982
SVR,rcs,2025-08-29,-1.0,-0.026171935994458814
SVR,rcs,2025-09-02,1.0,0.02146662602084668
SVR,rcs,2025-09-03,-1.0,-0.011667962338048921
SVR,rcs,2025-09-04,1.0,-0.015389459380388515
SVR,rcs,2025-09-05,1.0,0.003984307813467369
SVR,rcs,2025-09-08,1.0,0.008569834061510129
SVR,rcs,2025-09-09,1.0,-0.013228415802935989
SVR,rcs,2025-09-10,1.0,0.006238100650602041
SVR,rcs,2025-09-11,1.0,0.01371159856990345
SVR,rcs,2025-09-12,1.0,0.016548012198395412
SVR,rcs,2025-09-15,1.0,0.003066913210082012
SVR,rcs,2025-09-16,-1.0,0.0008818642302560244
SVR,rcs,2025-09-17,1.0,-0.01783557574524066
SVR,rcs,2025-09-18,1.0,-0.00035950792398597997
SVR,rcs,2025-09-19,1.0,0.019876724557404524
SVR,rcs,2025-09-22,1.0,0.02969250773750587
SVR,rcs,2025-09-23,1.0,0.008972843177088352
SVR,rcs,2025-09-24,-1.0,0.009190860402732292
SVR,rcs,2025-09-25,1.0,0.02081555976806302
SVR,rcs,2025-09-26,1.0,0.03409629556927718
SVR,rcs,2025-09-29,0.5,0.004179666543914546
SVR,rcs,2025-09-30,0.5,-0.003850952152113895
SVR,rcs,2025-10-01,-0.5,-0.011310111781116416
SVR,rcs,2025-10-02,0.5,-0.013739256614010553
SVR,rcs,2025-10-03,0.5,0.017358696979025146
SVR,rcs,2025-10-06,0.5,0.005094865318273301
SVR,rcs,2025-10-07,-0.5,0.009290206981557626
SVR,rcs,2025-10-08,0.5,0.015553122668319975
SVR,rcs,2025-10-09,-0.5,0.018458860382670906
SVR,rcs,2025-10-10,0.0,-5e-05
SVR,rcs,2025-10-13,-0.0,-0.0
SVR,rcs,2025-10-14,0.0,0.0
SVR,rcs,2025-10-15,-0.0,-0.0
SVR,rcs,2025-10-16,-0.0,-0.0
SVR,rcs,2025-10-17,0.0,-0.0
SVR,rcs,2025-10-20,0.0,0.0
SVR,rcs,2025-10-21,-0.0,0.0
SVR,rcs,2025-10-22,0.0,0.0
SVR,rcs,2025-10-23,-0.0,-0.0
SVR,rcs,2025-10-24,0.0,-0.0
SVR,rcs,2025-10-27,0.0,-0.0
SVR,rcs,2025-10-28,0.0,0.0
SVR,rcs,2025-10-29,0.0,0.0
SVR,rcs,2025-10-30,-0.0,-0.0
SVR,rcs,2025-10-31,-0.0,0.0
SVR,rcs,2025-11-03,0.0,-0.0
SVR,rcs,2025-11-04,-0.0,0.0
SVR,rcs,2025-11-05,0.0,0.0
SVR,rcs,2025-11-06,-0.0,0.0
SVR,rcs,2025-11-07,-0.0,-0.0
SVR,rcs,2025-11-10,-0.0,-0.0
SVR,rcs,2025-11-11,-0.0,-0.0
SVR,rcs,2025-11-12,-0.0,-0.0
SVR,rcs,2025-11-13,0.0,-0.0
SVR,rcs,2025-11-14,0.0,-0.0
SVR,rcs,2025-11-17,-0.0,-0.0
SVR,rcs,2025-11-18,0.0,-0.0
SVR,rcs,2025-11-19,-0.0,-0.0
SVR,rcs,2025-11-20,0.0,-0.0
SVR,rcs,2025-11-21,-0.0,0.0
SVR,rcs,2025-11-24,-0.0,-0.0
SVR,rcs,2025-11-25,0.0,0.0
SVR,rcs,2025-11-26,-0.0,-0.0
SVR,rcs,2025-11-28,0.0,0.0
SVR,rcs,2025-12-01,0.0,0.0
SVR,rcs,2025-12-02,-0.0,0.0
SVR,rcs,2025-12-03,-0.0,0.0
SVR,rcs,2025-12-04,-0.0,0.0
SVR,rcs,2025-12-05,-0.0,-0.0
SVR,rcs,2025-12-08,0.0,-0.0
SVR,rcs,2025-12-09,0.0,0.0
SVR,rcs,2025-12-10,-0.0,-0.0
SVR,rcs,2025-12-11,0.0,0.0
SVR,rcs,2025-12-12,0.0,-0.0
SVR,rcs,2025-12-15,-0.0,-0.0
SVR,rcs,2025-12-16,-0.0,0.0
SVR,rcs,2025-12-17,-0.0,-0.0
SVR,rcs,2025-12-18,-0.0,0.0
SVR,rcs,2025-12-19,-0.0,-0.0
SVR,rcs,2025-12-22,-0.0,-0.0
SVR,rcs,2025-12-23,0.0,0.0
SVR,rcs,2025-12-24,-0.0,-0.0
SVR,rcs,2025-12-26,0.0,0.0
SVR,rcs,2025-12-29,-0.0,0.0
SVR,rcs,2025-12-30,0.0,0.0
SVR,rcs,2025-12-31,-0.0,0.0
SVR,rcs,2026-01-02,0.0,0.0
SVR,rcs,2026-01-05,0.0,0.0
SVR,rcs,2026-01-06,-0.0,-0.0
SVR,rcs,2026-01-07,0.0,-0.0
SVR,rcs,2026-01-08,0.0,-0.0
SVR,rcs,2026-01-09,-0.0,-0.0
SVR,rcs,2026-01-12,-0.0,-0.0
SVR,rcs,2026-01-13,0.0,0.0
SVR,rcs,2026-01-14,0.0,0.0
SVR,rcs,2026-01-15,-0.0,-0.0
SVR,rcs,2026-01-16,0.0,-0.0
SVR,rcs,2026-01-20,0.0,0.0
SVR,rcs,2026-01-21,0.0,-0.0
SVR,rcs,2026-01-22,0.0,0.0
SVR,rcs,2026-01-23,0.0,0.0
SVR,rcs,2026-01-26,0.0,0.0
SVR,rcs,2026-01-27,0.0,-0.0
SVR,rcs,2026-01-28,0.0,0.0
SVR,rcs,2026-01-29,0.0,0.0
SVR,rcs,2026-01-30,0.0,-0.0
SVR,rcs,2026-02-02,0.0,-0.0
SVR,rcs,2026-02-03,0.0,0.0
SVR,rcs,2026-02-04,0.0,0.0
SVR,rcs,2026-02-05,0.0,-0.0
SVR,rcs,2026-02-06,0.0,0.0
SVR,rcs,2026-02-09,0.0,0.0
SVR,rcs,2026-02-10,0.0,-0.0
SVR,rcs,2026-02-11,0.0,0.0
SVR,rcs,2026-02-12,0.0,-0.0
SVR,rcs,2026-02-13,0.0,0.0
SVR,rcs,2026-02-17,0.0,-0.0
SVR,rcs,2026-02-18,0.0,0.0
SVR,rcs,2026-02-19,0.0,0.0
SVR,rcs,2026-02-20,0.0,0.0
SVR,rcs,2026-02-23,0.0,0.0
SVR,rcs,2026-02-24,0.0,0.0
SVR,rcs,2026-02-25,0.0,0.0
SVR,rcs,2026-02-26,0.0,-0.0
SVR,rcs,2026-02-27,0.0,0.0
SVR,rcs,2026-03-02,0.0,-0.0
SVR,rcs,2026-03-03,0.0,-0.0
SVR,rcs,2026-03-04,-0.0,0.0
SVR,rcs,2026-03-05,0.0,-0.0
SVR,rcs,2026-03-06,0.0,0.0
SVR,rcs,2026-03-09,0.0,0.0
SVR,rcs,2026-03-10,0.0,0.0
SVR,rcs,2026-03-11,-0.0,0.0
SVR,rcs,2026-03-12,0.0,-0.0
SVR,rcs,2026-03-13,-0.0,0.0
SVR,rcs,2026-03-16,0.0,-0.0
SVR,rcs,2026-03-17,-0.0,0.0
SVR,rcs,2026-03-18,0.0,-0.0
SVR,rcs,2026-03-19,0.0,-0.0
SVR,rcs,2026-03-20,-0.0,0.0
SVR,rcs,2026-03-23,0.0,-0.0
SVR,rcs,2026-03-24,0.0,0.0
SVR,rcs,2026-03-25,0.0,0.0
SVR,rcs,2026-03-26,-0.0,0.0
SVR,rcs,2026-03-27,0.0,0.0
SVR,rcs,2026-03-30,0.0,0.0
SVR,rcs,2026-03-31,0.0,0.0
SVR,rcs,2026-04-01,0.0,0.0
SVR,rcs,2026-04-02,0.0,-0.0
SVR,rcs,2026-04-06,0.0,-0.0
SVR,rcs,2026-04-07,0.0,-0.0
SVR,rcs,2026-04-08,0.0,0.0
SVR,rcs,2026-04-09,-0.0,-0.0
SVR,rcs,2026-04-10,0.0,0.0
SVR,rcs,2026-04-13,0.0,-0.0
SVR,rcs,2026-04-14,0.0,0.0
SVR,rcs,2026-04-15,0.0,0.0
SVR,rcs,2026-04-16,-0.0,0.0
SVR,rcs,2026-04-17,0.0,0.0
SVR,rcs,2026-04-20,-0.0,0.0
SVR,rcs,2026-04-21,-0.0,0.0
SVR,rcs,2026-04-22,0.0,0.0
SVR,rcs,2026-04-23,-0.0,0.0
SVR,rcs,2026-04-24,0.0,0.0
SVR,rcs,2026-04-27,0.0,-0.0
SVR,rcs,2026-04-28,0.0,-0.0
SVR,rcs,2026-04-29,0.0,-0.0
SVR,rcs,2026-04-30,0.0,0.0
LSTM,rcs,2025-07-02,0.5,0.004716891363276793
LSTM,rcs,2025-07-03,1.0,0.009778192002456549
LSTM,rcs,2025-07-04,1.0,-0.0002446408969268843
LSTM,rcs,2025-07-07,1.0,-0.0043507774513487085
LSTM,rcs,2025-07-08,1.0,-0.0039055455371065366
LSTM,rcs,2025-07-09,1.0,-0.003317569153415856
LSTM,rcs,2025-07-10,1.0,0.018898969136643906
LSTM,rcs,2025-07-11,1.0,0.04422486548706094
LSTM,rcs,2025-07-14,0.5,-0.002816533437633556
LSTM,rcs,2025-07-15,0.5,-0.008163929818380877
LSTM,rcs,2025-07-16,0.5,0.00025111020859536204
LSTM,rcs,2025-07-17,0.5,0.002681413779005104
LSTM,rcs,2025-07-18,0.5,0.002194132567346685
LSTM,rcs,2025-07-21,0.5,0.011485259877064946
LSTM,rcs,2025-07-22,1.0,0.005550827231518668
LSTM,rcs,2025-07-23,1.0,-0.0010681540493516772
LSTM,rcs,2025-07-24,1.0,-0.006543102252689392
LSTM,rcs,2025-07-25,1.0,-0.021885653713550002
LSTM,rcs,2025-07-28,0.5,-0.0018971302566152591
LSTM,rcs,2025-07-29,1.0,0.0014752368310385568
LSTM,rcs,2025-07-30,1.0,-0.01360145327907325
LSTM,rcs,2025-07-31,0.5,-0.013546295887101384
LSTM,rcs,2025-08-01,0.5,0.003214606893193528
LSTM,rcs,2025-08-04,0.5,0.005504697417148985
LSTM,rcs,2025-08-05,0.5,0.0066546423157319845
LSTM,rcs,2025-08-06,0.5,0.0010480877371255026
LSTM,rcs,2025-08-07,0.5,0.005189881344992431
LSTM,rcs,2025-08-08,-0.5,-0.003493768861422175
LSTM,rcs,2025-08-11,-0.5,0.009826392895251668
LSTM,rcs,2025-08-12,-1.0,-0.006342802283267785
LSTM,rcs,2025-08-13,-1.0,-0.015831613402925715
LSTM,rcs,2025-08-14,-1.0,0.013428974735347099
LSTM,rcs,2025-08-15,-1.0,0.0023168195495059107
LSTM,rcs,2025-08-18,-1.0,-0.0015041749360886758
LSTM,rcs,2025-08-19,1.0,-0.018381302806909992
LSTM,rcs,2025-08-20,-1.0,-0.012115950329594916
LSTM,rcs,2025-08-21,-1.0,-0.008539943788736348
LSTM,rcs,2025-08-22,-1.0,-0.02566591931624962
LSTM,rcs,2025-08-25,0.5,-0.004329168620326246
LSTM,rcs,2025-08-26,1.0,-0.0025061731928067766
LSTM,rcs,2025-08-27,-1.0,-0.0029732735880021676
LSTM,rcs,2025-08-28,-1.0,-0.012949403224522982
LSTM,rcs,2025-08-29,1.0,0.02537193599445882
LSTM,rcs,2025-09-02,1.0,0.02166662602084668
LSTM,rcs,2025-09-03,1.0,0.01146796233804892
LSTM,rcs,2025-09-04,1.0,-0.015189459380388515
LSTM,rcs,2025-09-05,-1.0,-0.004184307813467369
LSTM,rcs,2025-09-08,-1.0,-0.008569834061510129
LSTM,rcs,2025-09-09,-1.0,0.013228415802935989
LSTM,rcs,2025-09-10,-1.0,-0.006238100650602041
LSTM,rcs,2025-09-11,-1.0,-0.01371159856990345
LSTM,rcs,2025-09-12,-1.0,-0.016548012198395412
LSTM,rcs,2025-09-15,-1.0,-0.003066913210082012
LSTM,rcs,2025-09-16,1.0,-0.0012818642302560245
LSTM,rcs,2025-09-17,-1.0,0.017435575745240663
LSTM,rcs,2025-09-18,-1.0,0.00035950792398597997
LSTM,rcs,2025-09-19,1.0,0.019676724557404525
LSTM,rcs,2025-09-22,1.0,0.02969250773750587
LSTM,rcs,2025-09-23,1.0,0.008972843177088352
LSTM,rcs,2025-09-24,1.0,-0.009390860402732293
LSTM,rcs,2025-09-25,1.0,0.02101555976806302
LSTM,rcs,2025-09-26,1.0,0.03409629556927718
LSTM,rcs,2025-09-29,0.5,0.004179666543914546
LSTM,rcs,2025-09-30,0.5,-0.003850952152113895
LSTM,rcs,2025-10-01,0.5,0.011210111781116416
LSTM,rcs,2025-10-02,0.5,-0.013639256614010553
LSTM,rcs,2025-10-03,0.5,0.017358696979025146
LSTM,rcs,2025-10-06,0.5,0.005094865318273301
LSTM,rcs,2025-10-07,0.5,-0.009390206981557625
LSTM,rcs,2025-10-08,0.5,0.015653122668319974
LSTM,rcs,2025-10-09,0.5,-0.018558860382670905
LSTM,rcs,2025-10-10,0.0,-5e-05
LSTM,rcs,2025-10-13,0.0,0.0
LSTM,rcs,2025-10-14,-0.0,-0.0
LSTM,rcs,2025-10-15,-0.0,-0.0
LSTM,rcs,2025-10-16,-0.0,-0.0
LSTM,rcs,2025-10-17,-0.0,0.0
LSTM,rcs,2025-10-20,-0.0,-0.0
LSTM,rcs,2025-10-21,-0.0,0.0
LSTM,rcs,2025-10-22,0.0,0.0
LSTM,rcs,2025-10-23,0.0,0.0
LSTM,rcs,2025-10-24,-0.0,0.0
LSTM,rcs,2025-10-27,-0.0,0.0
LSTM,rcs,2025-10-28,-0.0,-0.0
LSTM,rcs,2025-10-29,0.0,0.0
LSTM,rcs,2025-10-30,0.0,0.0
LSTM,rcs,2025-10-31,0.0,-0.0
LSTM,rcs,2025-11-03,0.0,-0.0
LSTM,rcs,2025-11-04,0.0,-0.0
LSTM,rcs,2025-11-05,0.0,0.0
LSTM,rcs,2025-11-06,-0.0,0.0
LSTM,rcs,2025-11-07,0.0,0.0
LSTM,rcs,2025-11-10,0.0,0.0
LSTM,rcs,2025-11-11,0.0,0.0
LSTM,rcs,2025-11-12,-0.0,-0.0
LSTM,rcs,2025-11-13,-0.0,0.0
LSTM,rcs,2025-11-14,0.0,-0.0
LSTM,rcs,2025-11-17,0.0,0.0
LSTM,rcs,2025-11-18,0.0,-0.0
LSTM,rcs,2025-11-19,0.0,0.0
LSTM,rcs,2025-11-20,0.0,-0.0
LSTM,rcs,2025-11-21,0.0,-0.0
LSTM,rcs,2025-11-24,0.0,0.0
LSTM,rcs,2025-11-25,0.0,0.0
LSTM,rcs,2025-11-26,-0.0,-0.0
LSTM,rcs,2025-11-28,-0.0,-0.0
LSTM,rcs,2025-12-01,-0.0,-0.0
LSTM,rcs,2025-12-02,-0.0,0.0
LSTM,rcs,2025-12-03,-0.0,0.0
LSTM,rcs,2025-12-04,-0.0,0.0
LSTM,rcs,2025-12-05,-0.0,-0.0
LSTM,rcs,2025-12-08,-0.0,0.0
LSTM,rcs,2025-12-09,-0.0,-0.0
LSTM,rcs,2025-12-10,-0.0,-0.0
LSTM,rcs,2025-12-11,-0.0,-0.0
LSTM,rcs,2025-12-12,-0.0,0.0
LSTM,rcs,2025-12-15,-0.0,-0.0
LSTM,rcs,2025-12-16,-0.0,0.0
LSTM,rcs,2025-12-17,-0.0,-0.0
LSTM,rcs,2025-12-18,-0.0,0.0
LSTM,rcs,2025-12-19,-0.0,-0.0
LSTM,rcs,2025-12-22,-0.0,-0.0
LSTM,rcs,2025-12-23,-0.0,-0.0
LSTM,rcs,2025-12-24,-0.0,-0.0
LSTM,rcs,2025-12-26,-0.0,-0.0
LSTM,rcs,2025-12-29,-0.0,0.0
LSTM,rcs,2025-12-30,-0.0,-0.0
LSTM,rcs,2025-12-31,-0.0,0.0
LSTM,rcs,2026-01-02,-0.0,-0.0
LSTM,rcs,2026-01-05,-0.0,-0.0
LSTM,rcs,2026-01-06,-0.0,-0.0
LSTM,rcs,2026-01-07,-0.0,0.0
LSTM,rcs,2026-01-08,-0.0,0.0
LSTM,rcs,2026-01-09,-0.0,-0.0
LSTM,rcs,2026-01-12,-0.0,-0.0
LSTM,rcs,2026-01-13,-0.0,-0.0
LSTM,rcs,2026-01-14,-0.0,-0.0
LSTM,rcs,2026-01-15,-0.0,-0.0
LSTM,rcs,2026-01-16,-0.0,0.0
LSTM,rcs,2026-01-20,-0.0,-0.0
LSTM,rcs,2026-01-21,-0.0,0.0
LSTM,rcs,2026-01-22,-0.0,-0.0
LSTM,rcs,2026-01-23,-0.0,-0.0
LSTM,rcs,2026-01-26,-0.0,-0.0
LSTM,rcs,2026-01-27,-0.0,0.0
LSTM,rcs,2026-01-28,-0.0,-0.0
LSTM,rcs,2026-01-29,-0.0,-0.0
LSTM,rcs,2026-01-30,0.0,-0.0
LSTM,rcs,2026-02-02,0.0,-0.0
LSTM,rcs,2026-02-03,0.0,0.0
LSTM,rcs,2026-02-04,0.0,0.0
LSTM,rcs,2026-02-05,0.0,-0.0
LSTM,rcs,2026-02-06,0.0,0.0
LSTM,rcs,2026-02-09,0.0,0.0
LSTM,rcs,2026-02-10,0.0,-0.0
LSTM,rcs,2026-02-11,0.0,0.0
LSTM,rcs,2026-02-12,0.0,-0.0
LSTM,rcs,2026-02-13,0.0,0.0
LSTM,rcs,2026-02-17,0.0,-0.0
LSTM,rcs,2026-02-18,0.0,0.0
LSTM,rcs,2026-02-19,0.0,0.0
LSTM,rcs,2026-02-20,0.0,0.0
LSTM,rcs,2026-02-23,0.0,0.0
LSTM,rcs,2026-02-24,-0.0,-0.0
LSTM,rcs,2026-02-25,-0.0,-0.0
LSTM,rcs,2026-02-26,-0.0,0.0
LSTM,rcs,2026-02-27,-0.0,-0.0
LSTM,rcs,2026-03-02,-0.0,0.0
LSTM,rcs,2026-03-03,0.0,-0.0
LSTM,rcs,2026-03-04,0.0,-0.0
LSTM,rcs,2026-03-05,0.0,-0.0
LSTM,rcs,2026-03-06,0.0,0.0
LSTM,rcs,2026-03-09,0.0,0.0
LSTM,rcs,2026-03-10,0.0,0.0
LSTM,rcs,2026-03-11,0.0,-0.0
LSTM,rcs,2026-03-12,0.0,-0.0
LSTM,rcs,2026-03-13,0.0,-0.0
LSTM,rcs,2026-03-16,0.0,-0.0
LSTM,rcs,2026-03-17,0.0,-0.0
LSTM,rcs,2026-03-18,0.0,-0.0
LSTM,rcs,2026-03-19,0.0,-0.0
LSTM,rcs,2026-03-20,0.0,-0.0
LSTM,rcs,2026-03-23,0.0,-0.0
LSTM,rcs,2026-03-24,0.0,0.0
LSTM,rcs,2026-03-25,0.0,0.0
LSTM,rcs,2026-03-26,-0.0,0.0
LSTM,rcs,2026-03-27,0.0,0.0
LSTM,rcs,2026-03-30,0.0,0.0
LSTM,rcs,2026-03-31,0.0,0.0
LSTM,rcs,2026-04-01,-0.0,-0.0
LSTM,rcs,2026-04-02,-0.0,0.0
LSTM,rcs,2026-04-06,0.0,-0.0
LSTM,rcs,2026-04-07,0.0,-0.0
LSTM,rcs,2026-04-08,0.0,0.0
LSTM,rcs,2026-04-09,-0.0,-0.0
LSTM,rcs,2026-04-10,-0.0,-0.0
LSTM,rcs,2026-04-13,0.0,-0.0
LSTM,rcs,2026-04-14,0.0,0.0
LSTM,rcs,2026-04-15,-0.0,-0.0
LSTM,rcs,2026-04-16,-0.0,0.0
LSTM,rcs,2026-04-17,0.0,0.0
LSTM,rcs,2026-04-20,-0.0,0.0
LSTM,rcs,2026-04-21,0.0,-0.0
LSTM,rcs,2026-04-22,0.0,0.0
LSTM,rcs,2026-04-23,0.0,-0.0
LSTM,rcs,2026-04-24,0.0,0.0
LSTM,rcs,2026-04-27,0.0,-0.0
LSTM,rcs,2026-04-28,0.0,-0.0
LSTM,rcs,2026-04-29,0.0,-0.0
LSTM,rcs,2026-04-30,0.0,0.0
GRU,rcs,2025-07-02,0.5,0.004716891363276793
GRU,rcs,2025-07-03,1.0,0.009778192002456549
GRU,rcs,2025-07-04,1.0,-0.0002446408969268843
GRU,rcs,2025-07-07,1.0,-0.0043507774513487085
GRU,rcs,2025-07-08,1.0,-0.0039055455371065366
GRU,rcs,2025-07-09,1.0,-0.003317569153415856
GRU,rcs,2025-07-10,1.0,0.018898969136643906
GRU,rcs,2025-07-11,1.0,0.04422486548706094
GRU,rcs,2025-07-14,-0.5,0.002616533437633556
GRU,rcs,2025-07-15,-0.5,0.008163929818380877
GRU,rcs,2025-07-16,-0.5,-0.00025111020859536204
GRU,rcs,2025-07-17,-0.5,-0.002681413779005104
GRU,rcs,2025-07-18,-0.5,-0.002194132567346685
GRU,rcs,2025-07-21,-0.5,-0.011485259877064946
GRU,rcs,2025-07-22,-1.0,-0.005650827231518668
GRU,rcs,2025-07-23,-1.0,0.0010681540493516772
GRU,rcs,2025-07-24,-1.0,0.006543102252689392
GRU,rcs,2025-07-25,1.0,-0.02208565371355
GRU,rcs,2025-07-28,0.5,-0.0018971302566152591
GRU,rcs,2025-07-29,1.0,0.0014752368310385568
GRU,rcs,2025-07-30,1.0,-0.01360145327907325
GRU,rcs,2025-07-31,0.5,-0.013546295887101384
GRU,rcs,2025-08-01,-0.5,-0.0033146068931935277
GRU,rcs,2025-08-04,0.5,0.005404697417148985
GRU,rcs,2025-08-05,0.5,0.0066546423157319845
GRU,rcs,2025-08-06,0.5,0.0010480877371255026
GRU,rcs,2025-08-07,0.5,0.005189881344992431
GRU,rcs,2025-08-08,0.5,0.003393768861422175
GRU,rcs,2025-08-11,-0.5,0.009726392895251668
GRU,rcs,2025-08-12,-1.0,-0.006342802283267785
GRU,rcs,2025-08-13,-1.0,-0.015831613402925715
GRU,rcs,2025-08-14,1.0,-0.0136289747353471
GRU,rcs,2025-08-15,1.0,-0.0023168195495059107
GRU,rcs,2025-08-18,1.0,0.0015041749360886758
GRU,rcs,2025-08-19,1.0,-0.018181302806909994
GRU,rcs,2025-08-20,1.0,0.011915950329594915
GRU,rcs,2025-08-21,1.0,0.008539943788736348
GRU,rcs,2025-08-22,1.0,0.02566591931624962
GRU,rcs,2025-08-25,0.5,-0.004229168620326245
GRU,rcs,2025-08-26,1.0,-0.0025061731928067766
GRU,rcs,2025-08-27,-1.0,-0.0029732735880021676
GRU,rcs,2025-08-28,-1.0,-0.012949403224522982
GRU,rcs,2025-08-29,-1.0,-0.025971935994458815
GRU,rcs,2025-09-02,1.0,0.02146662602084668
GRU,rcs,2025-09-03,-1.0,-0.011667962338048921
GRU,rcs,2025-09-04,-1.0,0.015189459380388515
GRU,rcs,2025-09-05,1.0,0.003784307813467369
GRU,rcs,2025-09-08,-1.0,-0.00876983406151013
GRU,rcs,2025-09-09,-1.0,0.013228415802935989
GRU,rcs,2025-09-10,-1.0,-0.006238100650602041
GRU,rcs,2025-09-11,-1.0,-0.01371159856990345
GRU,rcs,2025-09-12,-1.0,-0.016548012198395412
GRU,rcs,2025-09-15,-1.0,-0.003066913210082012
GRU,rcs,2025-09-16,-1.0,0.0010818642302560244
GRU,rcs,2025-09-17,-1.0,0.01763557574524066
GRU,rcs,2025-09-18,-1.0,0.00035950792398597997
GRU,rcs,2025-09-19,1.0,0.019676724557404525
GRU,rcs,2025-09-22,1.0,0.02969250773750587
GRU,rcs,2025-09-23,1.0,0.008972843177088352
GRU,rcs,2025-09-24,1.0,-0.009390860402732293
GRU,rcs,2025-09-25,-1.0,-0.021215559768063018
GRU,rcs,2025-09-26,1.0,0.03389629556927718
GRU,rcs,2025-09-29,0.5,0.004179666543914546
GRU,rcs,2025-09-30,-0.5,0.0037509521521138954
GRU,rcs,2025-10-01,0.5,0.011110111781116417
GRU,rcs,2025-10-02,0.5,-0.013639256614010553
GRU,rcs,2025-10-03,0.5,0.017358696979025146
GRU,rcs,2025-10-06,0.5,0.005094865318273301
GRU,rcs,2025-10-07,-0.5,0.009290206981557626
GRU,rcs,2025-10-08,-0.5,-0.015653122668319974
GRU,rcs,2025-10-09,-0.5,0.018558860382670905
GRU,rcs,2025-10-10,0.0,-5e-05
GRU,rcs,2025-10-13,0.0,0.0
GRU,rcs,2025-10-14,-0.0,-0.0
GRU,rcs,2025-10-15,-0.0,-0.0
GRU,rcs,2025-10-16,-0.0,-0.0
GRU,rcs,2025-10-17,-0.0,0.0
GRU,rcs,2025-10-20,0.0,0.0
GRU,rcs,2025-10-21,-0.0,0.0
GRU,rcs,2025-10-22,0.0,0.0
GRU,rcs,2025-10-23,0.0,0.0
GRU,rcs,2025-10-24,0.0,-0.0
GRU,rcs,2025-10-27,0.0,-0.0
GRU,rcs,2025-10-28,0.0,0.0
GRU,rcs,2025-10-29,0.0,0.0
GRU,rcs,2025-10-30,0.0,0.0
GRU,rcs,2025-10-31,0.0,-0.0
GRU,rcs,2025-11-03,0.0,-0.0
GRU,rcs,2025-11-04,0.0,-0.0
GRU,rcs,2025-11-05,-0.0,-0.0
GRU,rcs,2025-11-06,-0.0,0.0
GRU,rcs,2025-11-07,-0.0,-0.0
GRU,rcs,2025-11-10,-0.0,-0.0
GRU,rcs,2025-11-11,-0.0,-0.0
GRU,rcs,2025-11-12,-0.0,-0.0
GRU,rcs,2025-11-13,-0.0,0.0
GRU,rcs,2025-11-14,0.0,-0.0
GRU,rcs,2025-11-17,0.0,0.0
GRU,rcs,2025-11-18,0.0,-0.0
GRU,rcs,2025-11-19,0.0,0.0
GRU,rcs,2025-11-20,0.0,-0.0
GRU,rcs,2025-11-21,0.0,-0.0
GRU,rcs,2025-11-24,0.0,0.0
GRU,rcs,2025-11-25,-0.0,-0.0
GRU,rcs,2025-11-26,-0.0,-0.0
GRU,rcs,2025-11-28,-0.0,-0.0
GRU,rcs,2025-12-01,-0.0,-0.0
GRU,rcs,2025-12-02,-0.0,0.0
GRU,rcs,2025-12-03,-0.0,0.0
GRU,rcs,2025-12-04,-0.0,0.0
GRU,rcs,2025-12-05,-0.0,-0.0
GRU,rcs,2025-12-08,-0.0,0.0
GRU,rcs,2025-12-09,-0.0,-0.0
GRU,rcs,2025-12-10,-0.0,-0.0
GRU,rcs,2025-12-11,-0.0,-0.0
GRU,rcs,2025-12-12,-0.0,0.0
GRU,rcs,2025-12-15,-0.0,-0.0
GRU,rcs,2025-12-16,-0.0,0.0
GRU,rcs,2025-12-17,-0.0,-0.0
GRU,rcs,2025-12-18,-0.0,0.0
GRU,rcs,2025-12-19,-0.0,-0.0
GRU,rcs,2025-12-22,-0.0,-0.0
GRU,rcs,2025-12-23,-0.0,-0.0
GRU,rcs,2025-12-24,-0.0,-0.0
GRU,rcs,2025-12-26,-0.0,-0.0
GRU,rcs,2025-12-29,-0.0,0.0
GRU,rcs,2025-12-30,-0.0,-0.0
GRU,rcs,2025-12-31,-0.0,0.0
GRU,rcs,2026-01-02,-0.0,-0.0
GRU,rcs,2026-01-05,-0.0,-0.0
GRU,rcs,2026-01-06,-0.0,-0.0
GRU,rcs,2026-01-07,-0.0,0.0
GRU,rcs,2026-01-08,-0.0,0.0
GRU,rcs,2026-01-09,-0.0,-0.0
GRU,rcs,2026-01-12,-0.0,-0.0
GRU,rcs,2026-01-13,-0.0,-0.0
GRU,rcs,2026-01-14,-0.0,-0.0
GRU,rcs,2026-01-15,-0.0,-0.0
GRU,rcs,2026-01-16,-0.0,0.0
GRU,rcs,2026-01-20,-0.0,-0.0
GRU,rcs,2026-01-21,-0.0,0.0
GRU,rcs,2026-01-22,-0.0,-0.0
GRU,rcs,2026-01-23,-0.0,-0.0
GRU,rcs,2026-01-26,-0.0,-0.0
GRU,rcs,2026-01-27,-0.0,0.0
GRU,rcs,2026-01-28,-0.0,-0.0
GRU,rcs,2026-01-29,-0.0,-0.0
GRU,rcs,2026-01-30,0.0,-0.0
GRU,rcs,2026-02-02,0.0,-0.0
GRU,rcs,2026-02-03,0.0,0.0
GRU,rcs,2026-02-04,0.0,0.0
GRU,rcs,2026-02-05,0.0,-0.0
GRU,rcs,2026-02-06,0.0,0.0
GRU,rcs,2026-02-09,0.0,0.0
GRU,rcs,2026-02-10,-0.0,0.0
GRU,rcs,2026-02-11,-0.0,-0.0
GRU,rcs,2026-02-12,-0.0,0.0
GRU,rcs,2026-02-13,0.0,0.0
GRU,rcs,2026-02-17,-0.0,0.0
GRU,rcs,2026-02-18,0.0,0.0
GRU,rcs,2026-02-19,-0.0,-0.0
GRU,rcs,2026-02-20,0.0,0.0
GRU,rcs,2026-02-23,-0.0,-0.0
GRU,rcs,2026-02-24,-0.0,-0.0
GRU,rcs,2026-02-25,-0.0,-0.0
GRU,rcs,2026-02-26,-0.0,0.0
GRU,rcs,2026-02-27,-0.0,-0.0
GRU,rcs,2026-03-02,-0.0,0.0
GRU,rcs,2026-03-03,0.0,-0.0
GRU,rcs,2026-03-04,0.0,-0.0
GRU,rcs,2026-03-05,0.0,-0.0
GRU,rcs,2026-03-06,0.0,0.0
GRU,rcs,2026-03-09,0.0,0.0
GRU,rcs,2026-03-10,0.0,0.0
GRU,rcs,2026-03-11,-0.0,0.0
GRU,rcs,2026-03-12,0.0,-0.0
GRU,rcs,2026-03-13,0.0,-0.0
GRU,rcs,2026-03-16,0.0,-0.0
GRU,rcs,2026-03-17,0.0,-0.0
GRU,rcs,2026-03-18,0.0,-0.0
GRU,rcs,2026-03-19,0.0,-0.0
GRU,rcs,2026-03-20,0.0,-0.0
GRU,rcs,2026-03-23,0.0,-0.0
GRU,rcs,2026-03-24,0.0,0.0
GRU,rcs,2026-03-25,0.0,0.0
GRU,rcs,2026-03-26,0.0,-0.0
GRU,rcs,2026-03-27,0.0,0.0
GRU,rcs,2026-03-30,0.0,0.0
GRU,rcs,2026-03-31,0.0,0.0
GRU,rcs,2026-04-01,0.0,0.0
GRU,rcs,2026-04-02,0.0,-0.0
GRU,rcs,2026-04-06,0.0,-0.0
GRU,rcs,2026-04-07,0.0,-0.0
GRU,rcs,2026-04-08,0.0,0.0
GRU,rcs,2026-04-09,-0.0,-0.0
GRU,rcs,2026-04-10,-0.0,-0.0
GRU,rcs,2026-04-13,-0.0,0.0
GRU,rcs,2026-04-14,0.0,0.0
GRU,rcs,2026-04-15,-0.0,-0.0
GRU,rcs,2026-04-16,-0.0,0.0
GRU,rcs,2026-04-17,0.0,0.0
GRU,rcs,2026-04-20,-0.0,0.0
GRU,rcs,2026-04-21,0.0,-0.0
GRU,rcs,2026-04-22,0.0,0.0
GRU,rcs,2026-04-23,0.0,-0.0
GRU,rcs,2026-04-24,0.0,0.0
GRU,rcs,2026-04-27,0.0,-0.0
GRU,rcs,2026-04-28,0.0,-0.0
GRU,rcs,2026-04-29,0.0,-0.0
GRU,rcs,2026-04-30,0.0,0.0
BiLSTM,rcs,2025-07-02,0.5,0.004716891363276793
BiLSTM,rcs,2025-07-03,1.0,0.009778192002456549
BiLSTM,rcs,2025-07-04,-1.0,4.464089692688428e-05
BiLSTM,rcs,2025-07-07,1.0,-0.004550777451348708
BiLSTM,rcs,2025-07-08,1.0,-0.0039055455371065366
BiLSTM,rcs,2025-07-09,1.0,-0.003317569153415856
BiLSTM,rcs,2025-07-10,1.0,0.018898969136643906
BiLSTM,rcs,2025-07-11,1.0,0.04422486548706094
BiLSTM,rcs,2025-07-14,-0.5,0.002616533437633556
BiLSTM,rcs,2025-07-15,-0.5,0.008163929818380877
BiLSTM,rcs,2025-07-16,0.5,0.00015111020859536205
BiLSTM,rcs,2025-07-17,0.5,0.002681413779005104
BiLSTM,rcs,2025-07-18,-0.5,-0.0022941325673466848
BiLSTM,rcs,2025-07-21,-0.5,-0.011485259877064946
BiLSTM,rcs,2025-07-22,-1.0,-0.005650827231518668
BiLSTM,rcs,2025-07-23,-1.0,0.0010681540493516772
BiLSTM,rcs,2025-07-24,-1.0,0.006543102252689392
BiLSTM,rcs,2025-07-25,1.0,-0.02208565371355
BiLSTM,rcs,2025-07-28,0.5,-0.0018971302566152591
BiLSTM,rcs,2025-07-29,1.0,0.0014752368310385568
BiLSTM,rcs,2025-07-30,1.0,-0.01360145327907325
BiLSTM,rcs,2025-07-31,0.5,-0.013546295887101384
BiLSTM,rcs,2025-08-01,-0.5,-0.0033146068931935277
BiLSTM,rcs,2025-08-04,0.5,0.005404697417148985
BiLSTM,rcs,2025-08-05,0.5,0.0066546423157319845
BiLSTM,rcs,2025-08-06,0.5,0.0010480877371255026
BiLSTM,rcs,2025-08-07,0.5,0.005189881344992431
BiLSTM,rcs,2025-08-08,0.5,0.003393768861422175
BiLSTM,rcs,2025-08-11,0.5,-0.009826392895251668
BiLSTM,rcs,2025-08-12,-1.0,-0.006442802283267785
BiLSTM,rcs,2025-08-13,-1.0,-0.015831613402925715
BiLSTM,rcs,2025-08-14,-1.0,0.013428974735347099
BiLSTM,rcs,2025-08-15,1.0,-0.002516819549505911
BiLSTM,rcs,2025-08-18,1.0,0.0015041749360886758
BiLSTM,rcs,2025-08-19,-1.0,0.017981302806909995
BiLSTM,rcs,2025-08-20,-1.0,-0.011915950329594915
BiLSTM,rcs,2025-08-21,-1.0,-0.008539943788736348
BiLSTM,rcs,2025-08-22,-1.0,-0.02566591931624962
BiLSTM,rcs,2025-08-25,-0.5,0.004129168620326246
BiLSTM,rcs,2025-08-26,-1.0,0.0024061731928067764
BiLSTM,rcs,2025-08-27,-1.0,-0.0027732735880021675
BiLSTM,rcs,2025-08-28,-1.0,-0.012949403224522982
BiLSTM,rcs,2025-08-29,1.0,0.02537193599445882
BiLSTM,rcs,2025-09-02,1.0,0.02166662602084668
BiLSTM,rcs,2025-09-03,-1.0,-0.011667962338048921
BiLSTM,rcs,2025-09-04,-1.0,0.015189459380388515
BiLSTM,rcs,2025-09-05,1.0,0.003784307813467369
BiLSTM,rcs,2025-09-08,1.0,0.008569834061510129
BiLSTM,rcs,2025-09-09,1.0,-0.013228415802935989
BiLSTM,rcs,2025-09-10,-1.0,-0.0064381006506020405
BiLSTM,rcs,2025-09-11,-1.0,-0.01371159856990345
BiLSTM,rcs,2025-09-12,-1.0,-0.016548012198395412
BiLSTM,rcs,2025-09-15,1.0,0.0028669132100820117
BiLSTM,rcs,2025-09-16,1.0,-0.0010818642302560244
BiLSTM,rcs,2025-09-17,-1.0,0.017435575745240663
BiLSTM,rcs,2025-09-18,-1.0,0.00035950792398597997
BiLSTM,rcs,2025-09-19,-1.0,-0.019876724557404524
BiLSTM,rcs,2025-09-22,1.0,0.02949250773750587
BiLSTM,rcs,2025-09-23,1.0,0.008972843177088352
BiLSTM,rcs,2025-09-24,1.0,-0.009390860402732293
BiLSTM,rcs,2025-09-25,1.0,0.02101555976806302
BiLSTM,rcs,2025-09-26,1.0,0.03409629556927718
BiLSTM,rcs,2025-09-29,0.5,0.004179666543914546
BiLSTM,rcs,2025-09-30,0.5,-0.003850952152113895
BiLSTM,rcs,2025-10-01,0.5,0.011210111781116416
BiLSTM,rcs,2025-10-02,-0.5,0.013539256614010554
BiLSTM,rcs,2025-10-03,0.5,0.017258696979025146
BiLSTM,rcs,2025-10-06,0.5,0.005094865318273301
BiLSTM,rcs,2025-10-07,-0.5,0.009290206981557626
BiLSTM,rcs,2025-10-08,-0.5,-0.015653122668319974
BiLSTM,rcs,2025-10-09,-0.5,0.018558860382670905
BiLSTM,rcs,2025-10-10,0.0,-5e-05
BiLSTM,rcs,2025-10-13,0.0,0.0
BiLSTM,rcs,2025-10-14,-0.0,-0.0
BiLSTM,rcs,2025-10-15,-0.0,-0.0
BiLSTM,rcs,2025-10-16,-0.0,-0.0
BiLSTM,rcs,2025-10-17,-0.0,0.0
BiLSTM,rcs,2025-10-20,0.0,0.0
BiLSTM,rcs,2025-10-21,0.0,-0.0
BiLSTM,rcs,2025-10-22,0.0,0.0
BiLSTM,rcs,2025-10-23,0.0,0.0
BiLSTM,rcs,2025-10-24,0.0,-0.0
BiLSTM,rcs,2025-10-27,0.0,-0.0
BiLSTM,rcs,2025-10-28,0.0,0.0
BiLSTM,rcs,2025-10-29,-0.0,-0.0
BiLSTM,rcs,2025-10-30,-0.0,-0.0
BiLSTM,rcs,2025-10-31,0.0,-0.0
BiLSTM,rcs,2025-11-03,0.0,-0.0
BiLSTM,rcs,2025-11-04,0.0,-0.0
BiLSTM,rcs,2025-11-05,0.0,0.0
BiLSTM,rcs,2025-11-06,0.0,-0.0
BiLSTM,rcs,2025-11-07,0.0,0.0
BiLSTM,rcs,2025-11-10,0.0,0.0
BiLSTM,rcs,2025-11-11,-0.0,-0.0
BiLSTM,rcs,2025-11-12,-0.0,-0.0
BiLSTM,rcs,2025-11-13,-0.0,0.0
BiLSTM,rcs,2025-11-14,0.0,-0.0
BiLSTM,rcs,2025-11-17,0.0,0.0
BiLSTM,rcs,2025-11-18,0.0,-0.0
BiLSTM,rcs,2025-11-19,-0.0,-0.0
BiLSTM,rcs,2025-11-20,0.0,-0.0
BiLSTM,rcs,2025-11-21,0.0,-0.0
BiLSTM,rcs,2025-11-24,-0.0,-0.0
BiLSTM,rcs,2025-11-25,-0.0,-0.0
BiLSTM,rcs,2025-11-26,-0.0,-0.0
BiLSTM,rcs,2025-11-28,-0.0,-0.0
BiLSTM,rcs,2025-12-01,-0.0,-0.0
BiLSTM,rcs,2025-12-02,-0.0,0.0
BiLSTM,rcs,2025-12-03,-0.0,0.0
BiLSTM,rcs,2025-12-04,-0.0,0.0
BiLSTM,rcs,2025-12-05,-0.0,-0.0
BiLSTM,rcs,2025-12-08,-0.0,0.0
BiLSTM,rcs,2025-12-09,-0.0,-0.0
BiLSTM,rcs,2025-12-10,-0.0,-0.0
BiLSTM,rcs,2025-12-11,-0.0,-0.0
BiLSTM,rcs,2025-12-12,-0.0,0.0
BiLSTM,rcs,2025-12-15,-0.0,-0.0
BiLSTM,rcs,2025-12-16,-0.0,0.0
BiLSTM,rcs,2025-12-17,-0.0,-0.0
BiLSTM,rcs,2025-12-18,-0.0,0.0
BiLSTM,rcs,2025-12-19,-0.0,-0.0
BiLSTM,rcs,2025-12-22,-0.0,-0.0
BiLSTM,rcs,2025-12-23,-0.0,-0.0
BiLSTM,rcs,2025-12-24,-0.0,-0.0
BiLSTM,rcs,2025-12-26,-0.0,-0.0
BiLSTM,rcs,2025-12-29,-0.0,0.0
BiLSTM,rcs,2025-12-30,-0.0,-0.0
BiLSTM,rcs,2025-12-31,-0.0,0.0
BiLSTM,rcs,2026-01-02,-0.0,-0.0
BiLSTM,rcs,2026-01-05,-0.0,-0.0
BiLSTM,rcs,2026-01-06,-0.0,-0.0
BiLSTM,rcs,2026-01-07,-0.0,0.0
BiLSTM,rcs,2026-01-08,-0.0,0.0
BiLSTM,rcs,2026-01-09,-0.0,-0.0
BiLSTM,rcs,2026-01-12,-0.0,-0.0
BiLSTM,rcs,2026-01-13,-0.0,-0.0
BiLSTM,rcs,2026-01-14,-0.0,-0.0
BiLSTM,rcs,2026-01-15,-0.0,-0.0
BiLSTM,rcs,2026-01-16,-0.0,0.0
BiLSTM,rcs,2026-01-20,-0.0,-0.0
BiLSTM,rcs,2026-01-21,-0.0,0.0
BiLSTM,rcs,2026-01-22,-0.0,-0.0
BiLSTM,rcs,2026-01-23,-0.0,-0.0
BiLSTM,rcs,2026-01-26,-0.0,-0.0
BiLSTM,rcs,2026-01-27,-0.0,0.0
BiLSTM,rcs,2026-01-28,-0.0,-0.0
BiLSTM,rcs,2026-01-29,-0.0,-0.0
BiLSTM,rcs,2026-01-30,0.0,-0.0
BiLSTM,rcs,2026-02-02,0.0,-0.0
BiLSTM,rcs,2026-02-03,0.0,0.0
BiLSTM,rcs,2026-02-04,0.0,0.0
BiLSTM,rcs,2026-02-05,0.0,-0.0
BiLSTM,rcs,2026-02-06,0.0,0.0
BiLSTM,rcs,2026-02-09,0.0,0.0
BiLSTM,rcs,2026-02-10,0.0,-0.0
BiLSTM,rcs,2026-02-11,0.0,0.0
BiLSTM,rcs,2026-02-12,-0.0,0.0
BiLSTM,rcs,2026-02-13,-0.0,-0.0
BiLSTM,rcs,2026-02-17,0.0,-0.0
BiLSTM,rcs,2026-02-18,0.0,0.0
BiLSTM,rcs,2026-02-19,0.0,0.0
BiLSTM,rcs,2026-02-20,0.0,0.0
BiLSTM,rcs,2026-02-23,-0.0,-0.0
BiLSTM,rcs,2026-02-24,-0.0,-0.0
BiLSTM,rcs,2026-02-25,-0.0,-0.0
BiLSTM,rcs,2026-02-26,-0.0,0.0
BiLSTM,rcs,2026-02-27,-0.0,-0.0
BiLSTM,rcs,2026-03-02,-0.0,0.0
BiLSTM,rcs,2026-03-03,0.0,-0.0
BiLSTM,rcs,2026-03-04,0.0,-0.0
BiLSTM,rcs,2026-03-05,0.0,-0.0
BiLSTM,rcs,2026-03-06,0.0,0.0
BiLSTM,rcs,2026-03-09,0.0,0.0
BiLSTM,rcs,2026-03-10,0.0,0.0
BiLSTM,rcs,2026-03-11,-0.0,0.0
BiLSTM,rcs,2026-03-12,0.0,-0.0
BiLSTM,rcs,2026-03-13,-0.0,0.0
BiLSTM,rcs,2026-03-16,0.0,-0.0
BiLSTM,rcs,2026-03-17,0.0,-0.0
BiLSTM,rcs,2026-03-18,0.0,-0.0
BiLSTM,rcs,2026-03-19,0.0,-0.0
BiLSTM,rcs,2026-03-20,0.0,-0.0
BiLSTM,rcs,2026-03-23,0.0,-0.0
BiLSTM,rcs,2026-03-24,0.0,0.0
BiLSTM,rcs,2026-03-25,-0.0,-0.0
BiLSTM,rcs,2026-03-26,-0.0,0.0
BiLSTM,rcs,2026-03-27,-0.0,-0.0
BiLSTM,rcs,2026-03-30,-0.0,-0.0
BiLSTM,rcs,2026-03-31,-0.0,-0.0
BiLSTM,rcs,2026-04-01,-0.0,-0.0
BiLSTM,rcs,2026-04-02,-0.0,0.0
BiLSTM,rcs,2026-04-06,0.0,-0.0
BiLSTM,rcs,2026-04-07,0.0,-0.0
BiLSTM,rcs,2026-04-08,0.0,0.0
BiLSTM,rcs,2026-04-09,-0.0,-0.0
BiLSTM,rcs,2026-04-10,0.0,0.0
BiLSTM,rcs,2026-04-13,0.0,-0.0
BiLSTM,rcs,2026-04-14,0.0,0.0
BiLSTM,rcs,2026-04-15,0.0,0.0
BiLSTM,rcs,2026-04-16,0.0,-0.0
BiLSTM,rcs,2026-04-17,0.0,0.0
BiLSTM,rcs,2026-04-20,0.0,-0.0
BiLSTM,rcs,2026-04-21,0.0,-0.0
BiLSTM,rcs,2026-04-22,0.0,0.0
BiLSTM,rcs,2026-04-23,0.0,-0.0
BiLSTM,rcs,2026-04-24,0.0,0.0
BiLSTM,rcs,2026-04-27,0.0,-0.0
BiLSTM,rcs,2026-04-28,0.0,-0.0
BiLSTM,rcs,2026-04-29,0.0,-0.0
BiLSTM,rcs,2026-04-30,0.0,0.0
Transformer,rcs,2025-07-02,0.5,0.004716891363276793
Transformer,rcs,2025-07-03,1.0,0.009778192002456549
Transformer,rcs,2025-07-04,1.0,-0.0002446408969268843
Transformer,rcs,2025-07-07,1.0,-0.0043507774513487085
Transformer,rcs,2025-07-08,1.0,-0.0039055455371065366
Transformer,rcs,2025-07-09,1.0,-0.003317569153415856
Transformer,rcs,2025-07-10,1.0,0.018898969136643906
Transformer,rcs,2025-07-11,1.0,0.04422486548706094
Transformer,rcs,2025-07-14,-0.5,0.002616533437633556
Transformer,rcs,2025-07-15,0.5,-0.008263929818380877
Transformer,rcs,2025-07-16,0.5,0.00025111020859536204
Transformer,rcs,2025-07-17,0.5,0.002681413779005104
Transformer,rcs,2025-07-18,0.5,0.002194132567346685
Transformer,rcs,2025-07-21,0.5,0.011485259877064946
Transformer,rcs,2025-07-22,1.0,0.005550827231518668
Transformer,rcs,2025-07-23,1.0,-0.0010681540493516772
Transformer,rcs,2025-07-24,1.0,-0.006543102252689392
Transformer,rcs,2025-07-25,1.0,-0.021885653713550002
Transformer,rcs,2025-07-28,0.5,-0.0018971302566152591
Transformer,rcs,2025-07-29,1.0,0.0014752368310385568
Transformer,rcs,2025-07-30,1.0,-0.01360145327907325
Transformer,rcs,2025-07-31,-0.5,0.013346295887101383
Transformer,rcs,2025-08-01,-0.5,-0.003214606893193528
Transformer,rcs,2025-08-04,-0.5,-0.005504697417148985
Transformer,rcs,2025-08-05,-0.5,-0.0066546423157319845
Transformer,rcs,2025-08-06,-0.5,-0.0010480877371255026
Transformer,rcs,2025-08-07,-0.5,-0.005189881344992431
Transformer,rcs,2025-08-08,-0.5,-0.003393768861422175
Transformer,rcs,2025-08-11,-0.5,0.009826392895251668
Transformer,rcs,2025-08-12,-1.0,-0.006342802283267785
Transformer,rcs,2025-08-13,-1.0,-0.015831613402925715
Transformer,rcs,2025-08-14,-1.0,0.013428974735347099
Transformer,rcs,2025-08-15,-1.0,0.0023168195495059107
Transformer,rcs,2025-08-18,-1.0,-0.0015041749360886758
Transformer,rcs,2025-08-19,-1.0,0.018181302806909994
Transformer,rcs,2025-08-20,-1.0,-0.011915950329594915
Transformer,rcs,2025-08-21,-1.0,-0.008539943788736348
Transformer,rcs,2025-08-22,-1.0,-0.02566591931624962
Transformer,rcs,2025-08-25,-0.5,0.004129168620326246
Transformer,rcs,2025-08-26,-1.0,0.0024061731928067764
Transformer,rcs,2025-08-27,-1.0,-0.0027732735880021675
Transformer,rcs,2025-08-28,-1.0,-0.012949403224522982
Transformer,rcs,2025-08-29,-1.0,-0.025971935994458815
Transformer,rcs,2025-09-02,-1.0,-0.02166662602084668
Transformer,rcs,2025-09-03,-1.0,-0.01146796233804892
Transformer,rcs,2025-09-04,-1.0,0.015189459380388515
Transformer,rcs,2025-09-05,-1.0,-0.003984307813467369
Transformer,rcs,2025-09-08,-1.0,-0.008569834061510129
Transformer,rcs,2025-09-09,-1.0,0.013228415802935989
Transformer,rcs,2025-09-10,-1.0,-0.006238100650602041
Transformer,rcs,2025-09-11,-1.0,-0.01371159856990345
Transformer,rcs,2025-09-12,-1.0,-0.016548012198395412
Transformer,rcs,2025-09-15,-1.0,-0.003066913210082012
Transformer,rcs,2025-09-16,-1.0,0.0010818642302560244
Transformer,rcs,2025-09-17,-1.0,0.01763557574524066
Transformer,rcs,2025-09-18,-1.0,0.00035950792398597997
Transformer,rcs,2025-09-19,-1.0,-0.019876724557404524
Transformer,rcs,2025-09-22,1.0,0.02949250773750587
Transformer,rcs,2025-09-23,1.0,0.008972843177088352
Transformer,rcs,2025-09-24,1.0,-0.009390860402732293
Transformer,rcs,2025-09-25,1.0,0.02101555976806302
Transformer,rcs,2025-09-26,1.0,0.03409629556927718
Transformer,rcs,2025-09-29,0.5,0.004179666543914546
Transformer,rcs,2025-09-30,0.5,-0.003850952152113895
Transformer,rcs,2025-10-01,0.5,0.011210111781116416
Transformer,rcs,2025-10-02,0.5,-0.013639256614010553
Transformer,rcs,2025-10-03,0.5,0.017358696979025146
Transformer,rcs,2025-10-06,0.5,0.005094865318273301
Transformer,rcs,2025-10-07,0.5,-0.009390206981557625
Transformer,rcs,2025-10-08,0.5,0.015653122668319974
Transformer,rcs,2025-10-09,0.5,-0.018558860382670905
Transformer,rcs,2025-10-10,0.0,-5e-05
Transformer,rcs,2025-10-13,0.0,0.0
Transformer,rcs,2025-10-14,0.0,0.0
Transformer,rcs,2025-10-15,-0.0,-0.0
Transformer,rcs,2025-10-16,-0.0,-0.0
Transformer,rcs,2025-10-17,-0.0,0.0
Transformer,rcs,2025-10-20,-0.0,-0.0
Transformer,rcs,2025-10-21,-0.0,0.0
Transformer,rcs,2025-10-22,0.0,0.0
Transformer,rcs,2025-10-23,-0.0,-0.0
Transformer,rcs,2025-10-24,0.0,-0.0
Transformer,rcs,2025-10-27,0.0,-0.0
Transformer,rcs,2025-10-28,0.0,0.0
Transformer,rcs,2025-10-29,0.0,0.0
Transformer,rcs,2025-10-30,0.0,0.0
Transformer,rcs,2025-10-31,0.0,-0.0
Transformer,rcs,2025-11-03,0.0,-0.0
Transformer,rcs,2025-11-04,0.0,-0.0
Transformer,rcs,2025-11-05,0.0,0.0
Transformer,rcs,2025-11-06,0.0,-0.0
Transformer,rcs,2025-11-07,0.0,0.0
Transformer,rcs,2025-11-10,0.0,0.0
Transformer,rcs,2025-11-11,0.0,0.0
Transformer,rcs,2025-11-12,0.0,0.0
Transformer,rcs,2025-11-13,0.0,-0.0
Transformer,rcs,2025-11-14,-0.0,0.0
Transformer,rcs,2025-11-17,-0.0,-0.0
Transformer,rcs,2025-11-18,0.0,-0.0
Transformer,rcs,2025-11-19,0.0,0.0
Transformer,rcs,2025-11-20,0.0,-0.0
Transformer,rcs,2025-11-21,0.0,-0.0
Transformer,rcs,2025-11-24,-0.0,-0.0
Transformer,rcs,2025-11-25,-0.0,-0.0
Transformer,rcs,2025-11-26,-0.0,-0.0
Transformer,rcs,2025-11-28,-0.0,-0.0
Transformer,rcs,2025-12-01,-0.0,-0.0
Transformer,rcs,2025-12-02,-0.0,0.0
Transformer,rcs,2025-12-03,-0.0,0.0
Transformer,rcs,2025-12-04,-0.0,0.0
Transformer,rcs,2025-12-05,-0.0,-0.0
Transformer,rcs,2025-12-08,-0.0,0.0
Transformer,rcs,2025-12-09,-0.0,-0.0
Transformer,rcs,2025-12-10,-0.0,-0.0
Transformer,rcs,2025-12-11,-0.0,-0.0
Transformer,rcs,2025-12-12,-0.0,0.0
Transformer,rcs,2025-12-15,-0.0,-0.0
Transformer,rcs,2025-12-16,-0.0,0.0
Transformer,rcs,2025-12-17,-0.0,-0.0
Transformer,rcs,2025-12-18,-0.0,0.0
Transformer,rcs,2025-12-19,-0.0,-0.0
Transformer,rcs,2025-12-22,-0.0,-0.0
Transformer,rcs,2025-12-23,-0.0,-0.0
Transformer,rcs,2025-12-24,-0.0,-0.0
Transformer,rcs,2025-12-26,-0.0,-0.0
Transformer,rcs,2025-12-29,-0.0,0.0
Transformer,rcs,2025-12-30,-0.0,-0.0
Transformer,rcs,2025-12-31,-0.0,0.0
Transformer,rcs,2026-01-02,-0.0,-0.0
Transformer,rcs,2026-01-05,0.0,0.0
Transformer,rcs,2026-01-06,0.0,0.0
Transformer,rcs,2026-01-07,-0.0,0.0
Transformer,rcs,2026-01-08,-0.0,0.0
Transformer,rcs,2026-01-09,0.0,0.0
Transformer,rcs,2026-01-12,-0.0,-0.0
Transformer,rcs,2026-01-13,-0.0,-0.0
Transformer,rcs,2026-01-14,-0.0,-0.0
Transformer,rcs,2026-01-15,-0.0,-0.0
Transformer,rcs,2026-01-16,0.0,-0.0
Transformer,rcs,2026-01-20,-0.0,-0.0
Transformer,rcs,2026-01-21,0.0,-0.0
Transformer,rcs,2026-01-22,-0.0,-0.0
Transformer,rcs,2026-01-23,-0.0,-0.0
Transformer,rcs,2026-01-26,0.0,0.0
Transformer,rcs,2026-01-27,0.0,-0.0
Transformer,rcs,2026-01-28,-0.0,-0.0
Transformer,rcs,2026-01-29,-0.0,-0.0
Transformer,rcs,2026-01-30,0.0,-0.0
Transformer,rcs,2026-02-02,-0.0,0.0
Transformer,rcs,2026-02-03,-0.0,-0.0
Transformer,rcs,2026-02-04,-0.0,-0.0
Transformer,rcs,2026-02-05,-0.0,0.0
Transformer,rcs,2026-02-06,-0.0,-0.0
Transformer,rcs,2026-02-09,-0.0,-0.0
Transformer,rcs,2026-02-10,-0.0,0.0
Transformer,rcs,2026-02-11,-0.0,-0.0
Transformer,rcs,2026-02-12,-0.0,0.0
Transformer,rcs,2026-02-13,-0.0,-0.0
Transformer,rcs,2026-02-17,-0.0,0.0
Transformer,rcs,2026-02-18,-0.0,-0.0
Transformer,rcs,2026-02-19,-0.0,-0.0
Transformer,rcs,2026-02-20,-0.0,-0.0
Transformer,rcs,2026-02-23,-0.0,-0.0
Transformer,rcs,2026-02-24,-0.0,-0.0
Transformer,rcs,2026-02-25,-0.0,-0.0
Transformer,rcs,2026-02-26,-0.0,0.0
Transformer,rcs,2026-02-27,-0.0,-0.0
Transformer,rcs,2026-03-02,-0.0,0.0
Transformer,rcs,2026-03-03,0.0,-0.0
Transformer,rcs,2026-03-04,-0.0,0.0
Transformer,rcs,2026-03-05,-0.0,0.0
Transformer,rcs,2026-03-06,-0.0,-0.0
Transformer,rcs,2026-03-09,0.0,0.0
Transformer,rcs,2026-03-10,0.0,0.0
Transformer,rcs,2026-03-11,-0.0,0.0
Transformer,rcs,2026-03-12,-0.0,0.0
Transformer,rcs,2026-03-13,-0.0,0.0
Transformer,rcs,2026-03-16,0.0,-0.0
Transformer,rcs,2026-03-17,0.0,-0.0
Transformer,rcs,2026-03-18,0.0,-0.0
Transformer,rcs,2026-03-19,0.0,-0.0
Transformer,rcs,2026-03-20,0.0,-0.0
Transformer,rcs,2026-03-23,-0.0,0.0
Transformer,rcs,2026-03-24,-0.0,-0.0
Transformer,rcs,2026-03-25,-0.0,-0.0
Transformer,rcs,2026-03-26,-0.0,0.0
Transformer,rcs,2026-03-27,-0.0,-0.0
Transformer,rcs,2026-03-30,-0.0,-0.0
Transformer,rcs,2026-03-31,0.0,0.0
Transformer,rcs,2026-04-01,-0.0,-0.0
Transformer,rcs,2026-04-02,-0.0,0.0
Transformer,rcs,2026-04-06,-0.0,0.0
Transformer,rcs,2026-04-07,-0.0,0.0
Transformer,rcs,2026-04-08,0.0,0.0
Transformer,rcs,2026-04-09,0.0,0.0
Transformer,rcs,2026-04-10,0.0,0.0
Transformer,rcs,2026-04-13,-0.0,0.0
Transformer,rcs,2026-04-14,-0.0,-0.0
Transformer,rcs,2026-04-15,-0.0,-0.0
Transformer,rcs,2026-04-16,-0.0,0.0
Transformer,rcs,2026-04-17,-0.0,-0.0
Transformer,rcs,2026-04-20,-0.0,0.0
Transformer,rcs,2026-04-21,0.0,-0.0
Transformer,rcs,2026-04-22,-0.0,-0.0
Transformer,rcs,2026-04-23,-0.0,0.0
Transformer,rcs,2026-04-24,-0.0,-0.0
Transformer,rcs,2026-04-27,0.0,-0.0
Transformer,rcs,2026-04-28,0.0,-0.0
Transformer,rcs,2026-04-29,-0.0,0.0
Transformer,rcs,2026-04-30,-0.0,-0.0
TCN,rcs,2025-07-02,0.5,0.004716891363276793
TCN,rcs,2025-07-03,1.0,0.009778192002456549
TCN,rcs,2025-07-04,1.0,-0.0002446408969268843
TCN,rcs,2025-07-07,-1.0,0.004150777451348709
TCN,rcs,2025-07-08,1.0,-0.004105545537106537
TCN,rcs,2025-07-09,1.0,-0.003317569153415856
TCN,rcs,2025-07-10,-1.0,-0.019098969136643905
TCN,rcs,2025-07-11,1.0,0.044024865487060943
TCN,rcs,2025-07-14,-0.5,0.002616533437633556
TCN,rcs,2025-07-15,-0.5,0.008163929818380877
TCN,rcs,2025-07-16,-0.5,-0.00025111020859536204
TCN,rcs,2025-07-17,-0.5,-0.002681413779005104
TCN,rcs,2025-07-18,-0.5,-0.002194132567346685
TCN,rcs,2025-07-21,0.5,0.011385259877064947
TCN,rcs,2025-07-22,-1.0,-0.005750827231518668
TCN,rcs,2025-07-23,1.0,-0.0012681540493516773
TCN,rcs,2025-07-24,-1.0,0.006343102252689393
TCN,rcs,2025-07-25,1.0,-0.02208565371355
TCN,rcs,2025-07-28,0.5,-0.0018971302566152591
TCN,rcs,2025-07-29,-1.0,-0.0016752368310385566
TCN,rcs,2025-07-30,-1.0,0.01360145327907325
TCN,rcs,2025-07-31,-0.5,0.013446295887101384
TCN,rcs,2025-08-01,-0.5,-0.003214606893193528
TCN,rcs,2025-08-04,-0.5,-0.005504697417148985
TCN,rcs,2025-08-05,0.5,0.006554642315731984
TCN,rcs,2025-08-06,-0.5,-0.0011480877371255027
TCN,rcs,2025-08-07,-0.5,-0.005189881344992431
TCN,rcs,2025-08-08,0.5,0.003293768861422175
TCN,rcs,2025-08-11,-0.5,0.009726392895251668
TCN,rcs,2025-08-12,-1.0,-0.006342802283267785
TCN,rcs,2025-08-13,-1.0,-0.015831613402925715
TCN,rcs,2025-08-14,-1.0,0.013428974735347099
TCN,rcs,2025-08-15,-1.0,0.0023168195495059107
TCN,rcs,2025-08-18,1.0,0.0013041749360886757
TCN,rcs,2025-08-19,-1.0,0.017981302806909995
TCN,rcs,2025-08-20,1.0,0.011715950329594915
TCN,rcs,2025-08-21,1.0,0.008539943788736348
TCN,rcs,2025-08-22,1.0,0.02566591931624962
TCN,rcs,2025-08-25,-0.5,0.004029168620326246
TCN,rcs,2025-08-26,-1.0,0.0024061731928067764
TCN,rcs,2025-08-27,-1.0,-0.0027732735880021675
TCN,rcs,2025-08-28,-1.0,-0.012949403224522982
TCN,rcs,2025-08-29,-1.0,-0.025971935994458815
TCN,rcs,2025-09-02,-1.0,-0.02166662602084668
TCN,rcs,2025-09-03,-1.0,-0.01146796233804892
TCN,rcs,2025-09-04,-1.0,0.015189459380388515
TCN,rcs,2025-09-05,1.0,0.003784307813467369
TCN,rcs,2025-09-08,1.0,0.008569834061510129
TCN,rcs,2025-09-09,-1.0,0.013028415802935988
TCN,rcs,2025-09-10,1.0,0.006038100650602041
TCN,rcs,2025-09-11,1.0,0.01371159856990345
TCN,rcs,2025-09-12,1.0,0.016548012198395412
TCN,rcs,2025-09-15,1.0,0.003066913210082012
TCN,rcs,2025-09-16,-1.0,0.0008818642302560244
TCN,rcs,2025-09-17,-1.0,0.01763557574524066
TCN,rcs,2025-09-18,1.0,-0.00055950792398598
TCN,rcs,2025-09-19,1.0,0.019876724557404524
TCN,rcs,2025-09-22,1.0,0.02969250773750587
TCN,rcs,2025-09-23,-1.0,-0.009172843177088353
TCN,rcs,2025-09-24,-1.0,0.009390860402732293
TCN,rcs,2025-09-25,1.0,0.02081555976806302
TCN,rcs,2025-09-26,1.0,0.03409629556927718
TCN,rcs,2025-09-29,0.5,0.004179666543914546
TCN,rcs,2025-09-30,0.5,-0.003850952152113895
TCN,rcs,2025-10-01,0.5,0.011210111781116416
TCN,rcs,2025-10-02,0.5,-0.013639256614010553
TCN,rcs,2025-10-03,0.5,0.017358696979025146
TCN,rcs,2025-10-06,-0.5,-0.005194865318273301
TCN,rcs,2025-10-07,0.5,-0.009490206981557624
TCN,rcs,2025-10-08,0.5,0.015653122668319974
TCN,rcs,2025-10-09,0.5,-0.018558860382670905
TCN,rcs,2025-10-10,0.0,-5e-05
TCN,rcs,2025-10-13,0.0,0.0
TCN,rcs,2025-10-14,0.0,0.0
TCN,rcs,2025-10-15,-0.0,-0.0
TCN,rcs,2025-10-16,0.0,0.0
TCN,rcs,2025-10-17,0.0,-0.0
TCN,rcs,2025-10-20,0.0,0.0
TCN,rcs,2025-10-21,0.0,-0.0
TCN,rcs,2025-10-22,-0.0,-0.0
TCN,rcs,2025-10-23,0.0,0.0
TCN,rcs,2025-10-24,0.0,-0.0
TCN,rcs,2025-10-27,0.0,-0.0
TCN,rcs,2025-10-28,0.0,0.0
TCN,rcs,2025-10-29,-0.0,-0.0
TCN,rcs,2025-10-30,0.0,0.0
TCN,rcs,2025-10-31,0.0,-0.0
TCN,rcs,2025-11-03,0.0,-0.0
TCN,rcs,2025-11-04,-0.0,0.0
TCN,rcs,2025-11-05,0.0,0.0
TCN,rcs,2025-11-06,0.0,-0.0
TCN,rcs,2025-11-07,0.0,0.0
TCN,rcs,2025-11-10,0.0,0.0
TCN,rcs,2025-11-11,-0.0,-0.0
TCN,rcs,2025-11-12,0.0,0.0
TCN,rcs,2025-11-13,0.0,-0.0
TCN,rcs,2025-11-14,0.0,-0.0
TCN,rcs,2025-11-17,-0.0,-0.0
TCN,rcs,2025-11-18,-0.0,0.0
TCN,rcs,2025-11-19,0.0,0.0
TCN,rcs,2025-11-20,0.0,-0.0
TCN,rcs,2025-11-21,-0.0,0.0
TCN,rcs,2025-11-24,0.0,0.0
TCN,rcs,2025-11-25,0.0,0.0
TCN,rcs,2025-11-26,0.0,0.0
TCN,rcs,2025-11-28,-0.0,-0.0
TCN,rcs,2025-12-01,-0.0,-0.0
TCN,rcs,2025-12-02,0.0,-0.0
TCN,rcs,2025-12-03,-0.0,0.0
TCN,rcs,2025-12-04,-0.0,0.0
TCN,rcs,2025-12-05,0.0,0.0
TCN,rcs,2025-12-08,0.0,-0.0
TCN,rcs,2025-12-09,0.0,0.0
TCN,rcs,2025-12-10,-0.0,-0.0
TCN,rcs,2025-12-11,-0.0,-0.0
TCN,rcs,2025-12-12,-0.0,0.0
TCN,rcs,2025-12-15,-0.0,-0.0
TCN,rcs,2025-12-16,-0.0,0.0
TCN,rcs,2025-12-17,-0.0,-0.0
TCN,rcs,2025-12-18,-0.0,0.0
TCN,rcs,2025-12-19,-0.0,-0.0
TCN,rcs,2025-12-22,-0.0,-0.0
TCN,rcs,2025-12-23,-0.0,-0.0
TCN,rcs,2025-12-24,-0.0,-0.0
TCN,rcs,2025-12-26,-0.0,-0.0
TCN,rcs,2025-12-29,-0.0,0.0
TCN,rcs,2025-12-30,0.0,0.0
TCN,rcs,2025-12-31,0.0,-0.0
TCN,rcs,2026-01-02,0.0,0.0
TCN,rcs,2026-01-05,0.0,0.0
TCN,rcs,2026-01-06,0.0,0.0
TCN,rcs,2026-01-07,0.0,-0.0
TCN,rcs,2026-01-08,0.0,-0.0
TCN,rcs,2026-01-09,0.0,0.0
TCN,rcs,2026-01-12,0.0,0.0
TCN,rcs,2026-01-13,0.0,0.0
TCN,rcs,2026-01-14,0.0,0.0
TCN,rcs,2026-01-15,0.0,0.0
TCN,rcs,2026-01-16,0.0,-0.0
TCN,rcs,2026-01-20,0.0,0.0
TCN,rcs,2026-01-21,0.0,-0.0
TCN,rcs,2026-01-22,0.0,0.0
TCN,rcs,2026-01-23,0.0,0.0
TCN,rcs,2026-01-26,0.0,0.0
TCN,rcs,2026-01-27,0.0,-0.0
TCN,rcs,2026-01-28,-0.0,-0.0
TCN,rcs,2026-01-29,0.0,0.0
TCN,rcs,2026-01-30,0.0,-0.0
TCN,rcs,2026-02-02,0.0,-0.0
TCN,rcs,2026-02-03,0.0,0.0
TCN,rcs,2026-02-04,0.0,0.0
TCN,rcs,2026-02-05,0.0,-0.0
TCN,rcs,2026-02-06,0.0,0.0
TCN,rcs,2026-02-09,0.0,0.0
TCN,rcs,2026-02-10,0.0,-0.0
TCN,rcs,2026-02-11,-0.0,-0.0
TCN,rcs,2026-02-12,0.0,-0.0
TCN,rcs,2026-02-13,0.0,0.0
TCN,rcs,2026-02-17,0.0,-0.0
TCN,rcs,2026-02-18,0.0,0.0
TCN,rcs,2026-02-19,0.0,0.0
TCN,rcs,2026-02-20,0.0,0.0
TCN,rcs,2026-02-23,0.0,0.0
TCN,rcs,2026-02-24,0.0,0.0
TCN,rcs,2026-02-25,0.0,0.0
TCN,rcs,2026-02-26,0.0,-0.0
TCN,rcs,2026-02-27,0.0,0.0
TCN,rcs,2026-03-02,0.0,-0.0
TCN,rcs,2026-03-03,0.0,-0.0
TCN,rcs,2026-03-04,0.0,-0.0
TCN,rcs,2026-03-05,0.0,-0.0
TCN,rcs,2026-03-06,0.0,0.0
TCN,rcs,2026-03-09,0.0,0.0
TCN,rcs,2026-03-10,0.0,0.0
TCN,rcs,2026-03-11,0.0,-0.0
TCN,rcs,2026-03-12,0.0,-0.0
TCN,rcs,2026-03-13,0.0,-0.0
TCN,rcs,2026-03-16,0.0,-0.0
TCN,rcs,2026-03-17,0.0,-0.0
TCN,rcs,2026-03-18,0.0,-0.0
TCN,rcs,2026-03-19,0.0,-0.0
TCN,rcs,2026-03-20,0.0,-0.0
TCN,rcs,2026-03-23,0.0,-0.0
TCN,rcs,2026-03-24,0.0,0.0
TCN,rcs,2026-03-25,0.0,0.0
TCN,rcs,2026-03-26,0.0,-0.0
TCN,rcs,2026-03-27,0.0,0.0
TCN,rcs,2026-03-30,0.0,0.0
TCN,rcs,2026-03-31,0.0,0.0
TCN,rcs,2026-04-01,-0.0,-0.0
TCN,rcs,2026-04-02,0.0,-0.0
TCN,rcs,2026-04-06,-0.0,0.0
TCN,rcs,2026-04-07,-0.0,0.0
TCN,rcs,2026-04-08,-0.0,-0.0
TCN,rcs,2026-04-09,-0.0,-0.0
TCN,rcs,2026-04-10,-0.0,-0.0
TCN,rcs,2026-04-13,0.0,-0.0
TCN,rcs,2026-04-14,-0.0,-0.0
TCN,rcs,2026-04-15,-0.0,-0.0
TCN,rcs,2026-04-16,-0.0,0.0
TCN,rcs,2026-04-17,0.0,0.0
TCN,rcs,2026-04-20,-0.0,0.0
TCN,rcs,2026-04-21,-0.0,0.0
TCN,rcs,2026-04-22,-0.0,-0.0
TCN,rcs,2026-04-23,0.0,-0.0
TCN,rcs,2026-04-24,0.0,0.0
TCN,rcs,2026-04-27,-0.0,0.0
TCN,rcs,2026-04-28,-0.0,0.0
TCN,rcs,2026-04-29,-0.0,0.0
TCN,rcs,2026-04-30,0.0,0.0
CNN LSTM,rcs,2025-07-02,0.5,0.004716891363276793
CNN LSTM,rcs,2025-07-03,1.0,0.009778192002456549
CNN LSTM,rcs,2025-07-04,1.0,-0.0002446408969268843
CNN LSTM,rcs,2025-07-07,1.0,-0.0043507774513487085
CNN LSTM,rcs,2025-07-08,1.0,-0.0039055455371065366
CNN LSTM,rcs,2025-07-09,1.0,-0.003317569153415856
CNN LSTM,rcs,2025-07-10,1.0,0.018898969136643906
CNN LSTM,rcs,2025-07-11,1.0,0.04422486548706094
CNN LSTM,rcs,2025-07-14,0.5,-0.002816533437633556
CNN LSTM,rcs,2025-07-15,0.5,-0.008163929818380877
CNN LSTM,rcs,2025-07-16,0.5,0.00025111020859536204
CNN LSTM,rcs,2025-07-17,0.5,0.002681413779005104
CNN LSTM,rcs,2025-07-18,0.5,0.002194132567346685
CNN LSTM,rcs,2025-07-21,0.5,0.011485259877064946
CNN LSTM,rcs,2025-07-22,1.0,0.005550827231518668
CNN LSTM,rcs,2025-07-23,1.0,-0.0010681540493516772
CNN LSTM,rcs,2025-07-24,1.0,-0.006543102252689392
CNN LSTM,rcs,2025-07-25,1.0,-0.021885653713550002
CNN LSTM,rcs,2025-07-28,0.5,-0.0018971302566152591
CNN LSTM,rcs,2025-07-29,1.0,0.0014752368310385568
CNN LSTM,rcs,2025-07-30,1.0,-0.01360145327907325
CNN LSTM,rcs,2025-07-31,-0.5,0.013346295887101383
CNN LSTM,rcs,2025-08-01,-0.5,-0.003214606893193528
CNN LSTM,rcs,2025-08-04,-0.5,-0.005504697417148985
CNN LSTM,rcs,2025-08-05,-0.5,-0.0066546423157319845
CNN LSTM,rcs,2025-08-06,-0.5,-0.0010480877371255026
CNN LSTM,rcs,2025-08-07,-0.5,-0.005189881344992431
CNN LSTM,rcs,2025-08-08,-0.5,-0.003393768861422175
CNN LSTM,rcs,2025-08-11,-0.5,0.009826392895251668
CNN LSTM,rcs,2025-08-12,-1.0,-0.006342802283267785
CNN LSTM,rcs,2025-08-13,-1.0,-0.015831613402925715
CNN LSTM,rcs,2025-08-14,-1.0,0.013428974735347099
CNN LSTM,rcs,2025-08-15,-1.0,0.0023168195495059107
CNN LSTM,rcs,2025-08-18,-1.0,-0.0015041749360886758
CNN LSTM,rcs,2025-08-19,-1.0,0.018181302806909994
CNN LSTM,rcs,2025-08-20,-1.0,-0.011915950329594915
CNN LSTM,rcs,2025-08-21,-1.0,-0.008539943788736348
CNN LSTM,rcs,2025-08-22,-1.0,-0.02566591931624962
CNN LSTM,rcs,2025-08-25,-0.5,0.004129168620326246
CNN LSTM,rcs,2025-08-26,-1.0,0.0024061731928067764
CNN LSTM,rcs,2025-08-27,-1.0,-0.0027732735880021675
CNN LSTM,rcs,2025-08-28,-1.0,-0.012949403224522982
CNN LSTM,rcs,2025-08-29,-1.0,-0.025971935994458815
CNN LSTM,rcs,2025-09-02,-1.0,-0.02166662602084668
CNN LSTM,rcs,2025-09-03,-1.0,-0.01146796233804892
CNN LSTM,rcs,2025-09-04,-1.0,0.015189459380388515
CNN LSTM,rcs,2025-09-05,-1.0,-0.003984307813467369
CNN LSTM,rcs,2025-09-08,-1.0,-0.008569834061510129
CNN LSTM,rcs,2025-09-09,-1.0,0.013228415802935989
CNN LSTM,rcs,2025-09-10,-1.0,-0.006238100650602041
CNN LSTM,rcs,2025-09-11,-1.0,-0.01371159856990345
CNN LSTM,rcs,2025-09-12,-1.0,-0.016548012198395412
CNN LSTM,rcs,2025-09-15,-1.0,-0.003066913210082012
CNN LSTM,rcs,2025-09-16,-1.0,0.0010818642302560244
CNN LSTM,rcs,2025-09-17,-1.0,0.01763557574524066
CNN LSTM,rcs,2025-09-18,-1.0,0.00035950792398597997
CNN LSTM,rcs,2025-09-19,-1.0,-0.019876724557404524
CNN LSTM,rcs,2025-09-22,-1.0,-0.02969250773750587
CNN LSTM,rcs,2025-09-23,-1.0,-0.008972843177088352
CNN LSTM,rcs,2025-09-24,-1.0,0.009390860402732293
CNN LSTM,rcs,2025-09-25,-1.0,-0.02101555976806302
CNN LSTM,rcs,2025-09-26,-1.0,-0.03409629556927718
CNN LSTM,rcs,2025-09-29,-0.5,-0.004279666543914545
CNN LSTM,rcs,2025-09-30,0.5,-0.003950952152113895
CNN LSTM,rcs,2025-10-01,-0.5,-0.011310111781116416
CNN LSTM,rcs,2025-10-02,-0.5,0.013639256614010553
CNN LSTM,rcs,2025-10-03,0.5,0.017258696979025146
CNN LSTM,rcs,2025-10-06,0.5,0.005094865318273301
CNN LSTM,rcs,2025-10-07,-0.5,0.009290206981557626
CNN LSTM,rcs,2025-10-08,0.5,0.015553122668319975
CNN LSTM,rcs,2025-10-09,-0.5,0.018458860382670906
CNN LSTM,rcs,2025-10-10,0.0,-5e-05
CNN LSTM,rcs,2025-10-13,0.0,0.0
CNN LSTM,rcs,2025-10-14,0.0,0.0
CNN LSTM,rcs,2025-10-15,0.0,0.0
CNN LSTM,rcs,2025-10-16,-0.0,-0.0
CNN LSTM,rcs,2025-10-17,0.0,-0.0
CNN LSTM,rcs,2025-10-20,0.0,0.0
CNN LSTM,rcs,2025-10-21,0.0,-0.0
CNN LSTM,rcs,2025-10-22,-0.0,-0.0
CNN LSTM,rcs,2025-10-23,0.0,0.0
CNN LSTM,rcs,2025-10-24,0.0,-0.0
CNN LSTM,rcs,2025-10-27,0.0,-0.0
CNN LSTM,rcs,2025-10-28,0.0,0.0
CNN LSTM,rcs,2025-10-29,0.0,0.0
CNN LSTM,rcs,2025-10-30,0.0,0.0
CNN LSTM,rcs,2025-10-31,-0.0,0.0
CNN LSTM,rcs,2025-11-03,0.0,-0.0
CNN LSTM,rcs,2025-11-04,0.0,-0.0
CNN LSTM,rcs,2025-11-05,0.0,0.0
CNN LSTM,rcs,2025-11-06,-0.0,0.0
CNN LSTM,rcs,2025-11-07,0.0,0.0
CNN LSTM,rcs,2025-11-10,-0.0,-0.0
CNN LSTM,rcs,2025-11-11,-0.0,-0.0
CNN LSTM,rcs,2025-11-12,-0.0,-0.0
CNN LSTM,rcs,2025-11-13,-0.0,0.0
CNN LSTM,rcs,2025-11-14,-0.0,0.0
CNN LSTM,rcs,2025-11-17,-0.0,-0.0
CNN LSTM,rcs,2025-11-18,0.0,-0.0
CNN LSTM,rcs,2025-11-19,-0.0,-0.0
CNN LSTM,rcs,2025-11-20,-0.0,0.0
CNN LSTM,rcs,2025-11-21,-0.0,0.0
CNN LSTM,rcs,2025-11-24,-0.0,-0.0
CNN LSTM,rcs,2025-11-25,-0.0,-0.0
CNN LSTM,rcs,2025-11-26,-0.0,-0.0
CNN LSTM,rcs,2025-11-28,-0.0,-0.0
CNN LSTM,rcs,2025-12-01,-0.0,-0.0
CNN LSTM,rcs,2025-12-02,-0.0,0.0
CNN LSTM,rcs,2025-12-03,-0.0,0.0
CNN LSTM,rcs,2025-12-04,-0.0,0.0
CNN LSTM,rcs,2025-12-05,-0.0,-0.0
CNN LSTM,rcs,2025-12-08,-0.0,0.0
CNN LSTM,rcs,2025-12-09,-0.0,-0.0
CNN LSTM,rcs,2025-12-10,-0.0,-0.0
CNN LSTM,rcs,2025-12-11,-0.0,-0.0
CNN LSTM,rcs,2025-12-12,-0.0,0.0
CNN LSTM,rcs,2025-12-15,-0.0,-0.0
CNN LSTM,rcs,2025-12-16,-0.0,0.0
CNN LSTM,rcs,2025-12-17,-0.0,-0.0
CNN LSTM,rcs,2025-12-18,-0.0,0.0
CNN LSTM,rcs,2025-12-19,-0.0,-0.0
CNN LSTM,rcs,2025-12-22,-0.0,-0.0
CNN LSTM,rcs,2025-12-23,-0.0,-0.0
CNN LSTM,rcs,2025-12-24,-0.0,-0.0
CNN LSTM,rcs,2025-12-26,-0.0,-0.0
CNN LSTM,rcs,2025-12-29,-0.0,0.0
CNN LSTM,rcs,2025-12-30,-0.0,-0.0
CNN LSTM,rcs,2025-12-31,-0.0,0.0
CNN LSTM,rcs,2026-01-02,-0.0,-0.0
CNN LSTM,rcs,2026-01-05,-0.0,-0.0
CNN LSTM,rcs,2026-01-06,-0.0,-0.0
CNN LSTM,rcs,2026-01-07,0.0,-0.0
CNN LSTM,rcs,2026-01-08,-0.0,0.0
CNN LSTM,rcs,2026-01-09,-0.0,-0.0
CNN LSTM,rcs,2026-01-12,-0.0,-0.0
CNN LSTM,rcs,2026-01-13,-0.0,-0.0
CNN LSTM,rcs,2026-01-14,0.0,0.0
CNN LSTM,rcs,2026-01-15,-0.0,-0.0
CNN LSTM,rcs,2026-01-16,-0.0,0.0
CNN LSTM,rcs,2026-01-20,-0.0,-0.0
CNN LSTM,rcs,2026-01-21,-0.0,0.0
CNN LSTM,rcs,2026-01-22,-0.0,-0.0
CNN LSTM,rcs,2026-01-23,-0.0,-0.0
CNN LSTM,rcs,2026-01-26,-0.0,-0.0
CNN LSTM,rcs,2026-01-27,0.0,-0.0
CNN LSTM,rcs,2026-01-28,0.0,0.0
CNN LSTM,rcs,2026-01-29,-0.0,-0.0
CNN LSTM,rcs,2026-01-30,0.0,-0.0
CNN LSTM,rcs,2026-02-02,0.0,-0.0
CNN LSTM,rcs,2026-02-03,0.0,0.0
CNN LSTM,rcs,2026-02-04,0.0,0.0
CNN LSTM,rcs,2026-02-05,0.0,-0.0
CNN LSTM,rcs,2026-02-06,0.0,0.0
CNN LSTM,rcs,2026-02-09,0.0,0.0
CNN LSTM,rcs,2026-02-10,0.0,-0.0
CNN LSTM,rcs,2026-02-11,0.0,0.0
CNN LSTM,rcs,2026-02-12,0.0,-0.0
CNN LSTM,rcs,2026-02-13,0.0,0.0
CNN LSTM,rcs,2026-02-17,0.0,-0.0
CNN LSTM,rcs,2026-02-18,0.0,0.0
CNN LSTM,rcs,2026-02-19,0.0,0.0
CNN LSTM,rcs,2026-02-20,0.0,0.0
CNN LSTM,rcs,2026-02-23,0.0,0.0
CNN LSTM,rcs,2026-02-24,0.0,0.0
CNN LSTM,rcs,2026-02-25,0.0,0.0
CNN LSTM,rcs,2026-02-26,0.0,-0.0
CNN LSTM,rcs,2026-02-27,0.0,0.0
CNN LSTM,rcs,2026-03-02,0.0,-0.0
CNN LSTM,rcs,2026-03-03,0.0,-0.0
CNN LSTM,rcs,2026-03-04,0.0,-0.0
CNN LSTM,rcs,2026-03-05,0.0,-0.0
CNN LSTM,rcs,2026-03-06,0.0,0.0
CNN LSTM,rcs,2026-03-09,0.0,0.0
CNN LSTM,rcs,2026-03-10,0.0,0.0
CNN LSTM,rcs,2026-03-11,0.0,-0.0
CNN LSTM,rcs,2026-03-12,0.0,-0.0
CNN LSTM,rcs,2026-03-13,0.0,-0.0
CNN LSTM,rcs,2026-03-16,0.0,-0.0
CNN LSTM,rcs,2026-03-17,0.0,-0.0
CNN LSTM,rcs,2026-03-18,0.0,-0.0
CNN LSTM,rcs,2026-03-19,0.0,-0.0
CNN LSTM,rcs,2026-03-20,0.0,-0.0
CNN LSTM,rcs,2026-03-23,0.0,-0.0
CNN LSTM,rcs,2026-03-24,0.0,0.0
CNN LSTM,rcs,2026-03-25,0.0,0.0
CNN LSTM,rcs,2026-03-26,0.0,-0.0
CNN LSTM,rcs,2026-03-27,0.0,0.0
CNN LSTM,rcs,2026-03-30,0.0,0.0
CNN LSTM,rcs,2026-03-31,0.0,0.0
CNN LSTM,rcs,2026-04-01,-0.0,-0.0
CNN LSTM,rcs,2026-04-02,-0.0,0.0
CNN LSTM,rcs,2026-04-06,0.0,-0.0
CNN LSTM,rcs,2026-04-07,-0.0,0.0
CNN LSTM,rcs,2026-04-08,-0.0,-0.0
CNN LSTM,rcs,2026-04-09,-0.0,-0.0
CNN LSTM,rcs,2026-04-10,-0.0,-0.0
CNN LSTM,rcs,2026-04-13,-0.0,0.0
CNN LSTM,rcs,2026-04-14,-0.0,-0.0
CNN LSTM,rcs,2026-04-15,-0.0,-0.0
CNN LSTM,rcs,2026-04-16,-0.0,0.0
CNN LSTM,rcs,2026-04-17,-0.0,-0.0
CNN LSTM,rcs,2026-04-20,-0.0,0.0
CNN LSTM,rcs,2026-04-21,-0.0,0.0
CNN LSTM,rcs,2026-04-22,0.0,0.0
CNN LSTM,rcs,2026-04-23,-0.0,0.0
CNN LSTM,rcs,2026-04-24,-0.0,-0.0
CNN LSTM,rcs,2026-04-27,-0.0,0.0
CNN LSTM,rcs,2026-04-28,-0.0,0.0
CNN LSTM,rcs,2026-04-29,-0.0,0.0
CNN LSTM,rcs,2026-04-30,-0.0,-0.0
