Model,Strategy,Date,w,y
Random Walk,static,2025-07-02,0.0,0.0
Random Walk,static,2025-07-03,0.0,-0.0
Random Walk,static,2025-07-04,0.0,0.0
Random Walk,static,2025-07-07,0.0,-0.0
Random Walk,static,2025-07-08,0.0,-0.0
Random Walk,static,2025-07-09,0.0,0.0
Random Walk,static,2025-07-10,0.0,0.0
Random Walk,static,2025-07-11,0.0,0.0
Random Walk,static,2025-07-14,0.0,-0.0
Random Walk,static,2025-07-15,0.0,-0.0
Random Walk,static,2025-07-16,0.0,0.0
Random Walk,static,2025-07-17,0.0,-0.0
Random Walk,static,2025-07-18,0.0,0.0
Random Walk,static,2025-07-21,0.0,0.0
Random Walk,static,2025-07-22,0.0,0.0
Random Walk,static,2025-07-23,0.0,-0.0
Random Walk,static,2025-07-24,0.0,-0.0
Random Walk,static,2025-07-25,0.0,-0.0
Random Walk,static,2025-07-28,0.0,-0.0
Random Walk,static,2025-07-29,0.0,0.0
Random Walk,static,2025-07-30,0.0,-0.0
Random Walk,static,2025-07-31,0.0,-0.0
Random Walk,static,2025-08-01,0.0,0.0
Random Walk,static,2025-08-04,0.0,0.0
Random Walk,static,2025-08-05,0.0,0.0
Random Walk,static,2025-08-06,0.0,-0.0
Random Walk,static,2025-08-07,0.0,0.0
Random Walk,static,2025-08-08,0.0,0.0
Random Walk,static,2025-08-11,0.0,-0.0
Random Walk,static,2025-08-12,0.0,-0.0
Random Walk,static,2025-08-13,0.0,0.0
Random Walk,static,2025-08-14,0.0,-0.0
Random Walk,static,2025-08-15,0.0,-0.0
Random Walk,static,2025-08-18,0.0,-0.0
Random Walk,static,2025-08-19,0.0,-0.0
Random Walk,static,2025-08-20,0.0,0.0
Random Walk,static,2025-08-21,0.0,-0.0
Random Walk,static,2025-08-22,0.0,0.0
Random Walk,static,2025-08-25,0.0,-0.0
Random Walk,static,2025-08-26,0.0,0.0
Random Walk,static,2025-08-27,0.0,0.0
Random Walk,static,2025-08-28,0.0,0.0
Random Walk,static,2025-08-29,0.0,0.0
Random Walk,static,2025-09-02,0.0,0.0
Random Walk,static,2025-09-03,0.0,0.0
Random Walk,static,2025-09-04,0.0,-0.0
Random Walk,static,2025-09-05,0.0,0.0
Random Walk,static,2025-09-08,0.0,0.0
Random Walk,static,2025-09-09,0.0,0.0
Random Walk,static,2025-09-10,0.0,-0.0
Random Walk,static,2025-09-11,0.0,-0.0
Random Walk,static,2025-09-12,0.0,0.0
Random Walk,static,2025-09-15,0.0,0.0
Random Walk,static,2025-09-16,0.0,0.0
Random Walk,static,2025-09-17,0.0,-0.0
Random Walk,static,2025-09-18,0.0,-0.0
Random Walk,static,2025-09-19,0.0,0.0
Random Walk,static,2025-09-22,0.0,0.0
Random Walk,static,2025-09-23,0.0,0.0
Random Walk,static,2025-09-24,0.0,-0.0
Random Walk,static,2025-09-25,0.0,0.0
Random Walk,static,2025-09-26,0.0,0.0
Random Walk,static,2025-09-29,0.0,0.0
Random Walk,static,2025-09-30,0.0,0.0
Random Walk,static,2025-10-01,0.0,0.0
Random Walk,static,2025-10-02,0.0,-0.0
Random Walk,static,2025-10-03,0.0,0.0
Random Walk,static,2025-10-06,0.0,0.0
Random Walk,static,2025-10-07,0.0,0.0
Random Walk,static,2025-10-08,0.0,0.0
Random Walk,static,2025-10-09,0.0,-0.0
Random Walk,static,2025-10-10,0.0,0.0
Random Walk,static,2025-10-13,0.0,0.0
Random Walk,static,2025-10-14,0.0,0.0
Random Walk,static,2025-10-15,0.0,0.0
Random Walk,static,2025-10-16,0.0,0.0
Random Walk,static,2025-10-17,0.0,-0.0
Random Walk,static,2025-10-20,0.0,0.0
Random Walk,static,2025-10-21,0.0,-0.0
Random Walk,static,2025-10-22,0.0,-0.0
Random Walk,static,2025-10-23,0.0,0.0
Random Walk,static,2025-10-24,0.0,-0.0
Random Walk,static,2025-10-27,0.0,-0.0
Random Walk,static,2025-10-28,0.0,-0.0
Random Walk,static,2025-10-29,0.0,0.0
Random Walk,static,2025-10-30,0.0,0.0
Random Walk,static,2025-10-31,0.0,-0.0
Random Walk,static,2025-11-03,0.0,0.0
Random Walk,static,2025-11-04,0.0,-0.0
Random Walk,static,2025-11-05,0.0,0.0
Random Walk,static,2025-11-06,0.0,-0.0
Random Walk,static,2025-11-07,0.0,0.0
Random Walk,static,2025-11-10,0.0,0.0
Random Walk,static,2025-11-11,0.0,-0.0
Random Walk,static,2025-11-12,0.0,0.0
Random Walk,static,2025-11-13,0.0,-0.0
Random Walk,static,2025-11-14,0.0,-0.0
Random Walk,static,2025-11-17,0.0,-0.0
Random Walk,static,2025-11-18,0.0,-0.0
Random Walk,static,2025-11-19,0.0,0.0
Random Walk,static,2025-11-20,0.0,-0.0
Random Walk,static,2025-11-21,0.0,0.0
Random Walk,static,2025-11-24,0.0,0.0
Random Walk,static,2025-11-25,0.0,0.0
Random Walk,static,2025-11-26,0.0,0.0
Random Walk,static,2025-11-28,0.0,0.0
Random Walk,static,2025-12-01,0.0,0.0
Random Walk,static,2025-12-02,0.0,-0.0
Random Walk,static,2025-12-03,0.0,0.0
Random Walk,static,2025-12-04,0.0,0.0
Random Walk,static,2025-12-05,0.0,0.0
Random Walk,static,2025-12-08,0.0,-0.0
Random Walk,static,2025-12-09,0.0,0.0
Random Walk,static,2025-12-10,0.0,-0.0
Random Walk,static,2025-12-11,0.0,0.0
Random Walk,static,2025-12-12,0.0,0.0
Random Walk,static,2025-12-15,0.0,0.0
Random Walk,static,2025-12-16,0.0,-0.0
Random Walk,static,2025-12-17,0.0,0.0
Random Walk,static,2025-12-18,0.0,-0.0
Random Walk,static,2025-12-19,0.0,0.0
Random Walk,static,2025-12-22,0.0,0.0
Random Walk,static,2025-12-23,0.0,0.0
Random Walk,static,2025-12-24,0.0,-0.0
Random Walk,static,2025-12-26,0.0,0.0
Random Walk,static,2025-12-29,0.0,-0.0
Random Walk,static,2025-12-30,0.0,0.0
Random Walk,static,2025-12-31,0.0,-0.0
Random Walk,static,2026-01-02,0.0,-0.0
Random Walk,static,2026-01-05,0.0,0.0
Random Walk,static,2026-01-06,0.0,0.0
Random Walk,static,2026-01-07,0.0,-0.0
Random Walk,static,2026-01-08,0.0,-0.0
Random Walk,static,2026-01-09,0.0,0.0
Random Walk,static,2026-01-12,0.0,0.0
Random Walk,static,2026-01-13,0.0,-0.0
Random Walk,static,2026-01-14,0.0,0.0
Random Walk,static,2026-01-15,0.0,-0.0
Random Walk,static,2026-01-16,0.0,-0.0
Random Walk,static,2026-01-20,0.0,0.0
Random Walk,static,2026-01-21,0.0,0.0
Random Walk,static,2026-01-22,0.0,0.0
Random Walk,static,2026-01-23,0.0,0.0
Random Walk,static,2026-01-26,0.0,0.0
Random Walk,static,2026-01-27,0.0,0.0
Random Walk,static,2026-01-28,0.0,0.0
Random Walk,static,2026-01-29,0.0,0.0
Random Walk,static,2026-01-30,0.0,-0.0
Random Walk,static,2026-02-02,0.0,-0.0
Random Walk,static,2026-02-03,0.0,0.0
Random Walk,static,2026-02-04,0.0,0.0
Random Walk,static,2026-02-05,0.0,-0.0
Random Walk,static,2026-02-06,0.0,0.0
Random Walk,static,2026-02-09,0.0,0.0
Random Walk,static,2026-02-10,0.0,-0.0
Random Walk,static,2026-02-11,0.0,0.0
Random Walk,static,2026-02-12,0.0,-0.0
Random Walk,static,2026-02-13,0.0,0.0
Random Walk,static,2026-02-17,0.0,-0.0
Random Walk,static,2026-02-18,0.0,0.0
Random Walk,static,2026-02-19,0.0,-0.0
Random Walk,static,2026-02-20,0.0,0.0
Random Walk,static,2026-02-23,0.0,0.0
Random Walk,static,2026-02-24,0.0,-0.0
Random Walk,static,2026-02-25,0.0,0.0
Random Walk,static,2026-02-26,0.0,-0.0
Random Walk,static,2026-02-27,0.0,0.0
Random Walk,static,2026-03-02,0.0,0.0
Random Walk,static,2026-03-03,0.0,-0.0
Random Walk,static,2026-03-04,0.0,0.0
Random Walk,static,2026-03-05,0.0,-0.0
Random Walk,static,2026-03-06,0.0,0.0
Random Walk,static,2026-03-09,0.0,-0.0
Random Walk,static,2026-03-10,0.0,0.0
Random Walk,static,2026-03-11,0.0,-0.0
Random Walk,static,2026-03-12,0.0,-0.0
Random Walk,static,2026-03-13,0.0,-0.0
Random Walk,static,2026-03-16,0.0,-0.0
Random Walk,static,2026-03-17,0.0,0.0
Random Walk,static,2026-03-18,0.0,-0.0
Random Walk,static,2026-03-19,0.0,-0.0
Random Walk,static,2026-03-20,0.0,-0.0
Random Walk,static,2026-03-23,0.0,-0.0
Random Walk,static,2026-03-24,0.0,-0.0
Random Walk,static,2026-03-25,0.0,0.0
Random Walk,static,2026-03-26,0.0,-0.0
Random Walk,static,2026-03-27,0.0,0.0
Random Walk,static,2026-03-30,0.0,0.0
Random Walk,static,2026-03-31,0.0,0.0
Random Walk,static,2026-04-01,0.0,0.0
Random Walk,static,2026-04-02,0.0,-0.0
Random Walk,static,2026-04-06,0.0,0.0
Random Walk,static,2026-04-07,0.0,0.0
Random Walk,static,2026-04-08,0.0,0.0
Random Walk,static,2026-04-09,0.0,0.0
Random Walk,static,2026-04-10,0.0,-0.0
Random Walk,static,2026-04-13,0.0,-0.0
Random Walk,static,2026-04-14,0.0,0.0
Random Walk,static,2026-04-15,0.0,-0.0
Random Walk,static,2026-04-16,0.0,-0.0
Random Walk,static,2026-04-17,0.0,0.0
Random Walk,static,2026-04-20,0.0,-0.0
Random Walk,static,2026-04-21,0.0,-0.0
Random Walk,static,2026-04-22,0.0,0.0
Random Walk,static,2026-04-23,0.0,-0.0
Random Walk,static,2026-04-24,0.0,0.0
Random Walk,static,2026-04-27,0.0,-0.0
Random Walk,static,2026-04-28,0.0,-0.0
Random Walk,static,2026-04-29,0.0,-0.0
Random Walk,static,2026-04-30,0.0,0.0
ARMA,static,2025-07-02,-1.0,-0.0030553711264687086
ARMA,static,2025-07-03,1.0,-0.005200461074586515
ARMA,static,2025-07-04,1.0,0.0010769385148881039
ARMA,static,2025-07-07,1.0,-0.0011056181598311232
ARMA,static,2025-07-08,1.0,-0.007748039399920081
ARMA,static,2025-07-09,1.0,0.0012361234215578776
ARMA,static,2025-07-10,1.0,0.0014152216717480126
ARMA,static,2025-07-11,1.0,0.011516387344152612
ARMA,static,2025-07-14,-1.0,0.0012565702567628235
ARMA,static,2025-07-15,1.0,-0.006868496273750324
ARMA,static,2025-07-16,1.0,0.006713263647367462
ARMA,static,2025-07-17,1.0,-0.0041082576960875805
ARMA,static,2025-07-18,1.0,0.003886049027068239
ARMA,static,2025-07-21,1.0,0.014322678979327375
ARMA,static,2025-07-22,-1.0,-0.01114999116294626
ARMA,static,2025-07-23,-1.0,0.013386721889036113
ARMA,static,2025-07-24,1.0,-0.0072932708275099895
ARMA,static,2025-07-25,1.0,-0.01123459384726544
ARMA,static,2025-07-28,1.0,-0.0076748102010902874
ARMA,static,2025-07-29,1.0,0.004229607250755274
ARMA,static,2025-07-30,1.0,-0.008483739823067049
ARMA,static,2025-07-31,1.0,-0.0009889124393861692
ARMA,static,2025-08-01,1.0,0.03236976170193273
ARMA,static,2025-08-04,-1.0,-0.008023946447907737
ARMA,static,2025-08-05,1.0,0.0022223818190187706
ARMA,static,2025-08-06,1.0,-0.000378504337091079
ARMA,static,2025-08-07,1.0,0.005912520942948474
ARMA,static,2025-08-08,1.0,0.010886903375463053
ARMA,static,2025-08-11,-1.0,0.02460454170225721
ARMA,static,2025-08-12,1.0,-0.0018741419959527271
ARMA,static,2025-08-13,1.0,0.0027361132180421244
ARMA,static,2025-08-14,1.0,-0.007364403748689963
ARMA,static,2025-08-15,1.0,-0.0001773035954960589
ARMA,static,2025-08-18,1.0,-0.0013599294990375155
ARMA,static,2025-08-19,1.0,-0.005713454360013359
ARMA,static,2025-08-20,1.0,0.008872495090765042
ARMA,static,2025-08-21,1.0,-0.0020362704275490584
ARMA,static,2025-08-22,1.0,0.010911965128379553
ARMA,static,2025-08-25,-1.0,9.252596167905763e-05
ARMA,static,2025-08-26,1.0,0.004335479151426492
ARMA,static,2025-08-27,1.0,0.004544158944436383
ARMA,static,2025-08-28,1.0,0.0074522851139919855
ARMA,static,2025-08-29,1.0,0.012031214414605307
ARMA,static,2025-09-02,-1.0,-0.02184325571002701
ARMA,static,2025-09-03,-1.0,-0.012053908305966976
ARMA,static,2025-09-04,-1.0,0.007921894877767843
ARMA,static,2025-09-05,1.0,0.012720425399154389
ARMA,static,2025-09-08,-1.0,-0.006796735333402437
ARMA,static,2025-09-09,1.0,0.0011052833402931173
ARMA,static,2025-09-10,1.0,-5.4302095086167235e-05
ARMA,static,2025-09-11,1.0,-0.0022813422986828202
ARMA,static,2025-09-12,1.0,0.0034842672983557144
ARMA,static,2025-09-15,1.0,0.008843342697444134
ARMA,static,2025-09-16,1.0,0.0016402521259075709
ARMA,static,2025-09-17,1.0,-0.001959691991288537
ARMA,static,2025-09-18,1.0,-0.010624562774012136
ARMA,static,2025-09-19,1.0,0.0074762797039249484
ARMA,static,2025-09-22,1.0,0.01870042849452691
ARMA,static,2025-09-23,-1.0,-0.010954642914192259
ARMA,static,2025-09-24,-1.0,0.012474737040318429
ARMA,static,2025-09-25,1.0,0.0005961571938777112
ARMA,static,2025-09-26,1.0,0.010050091846489195
ARMA,static,2025-09-29,-1.0,-0.012329154941421528
ARMA,static,2025-09-30,-1.0,-0.00486901852769741
ARMA,static,2025-10-01,1.0,0.00607389474709994
ARMA,static,2025-10-02,1.0,-0.007543271929121187
ARMA,static,2025-10-03,1.0,0.010547763412901645
ARMA,static,2025-10-06,1.0,0.017242740455943206
ARMA,static,2025-10-07,-1.0,-0.007266834285784473
ARMA,static,2025-10-08,1.0,0.016306867263072823
ARMA,static,2025-10-09,-1.0,0.023851075382324092
ARMA,static,2025-10-10,1.0,0.006797886523715691
ARMA,static,2025-10-13,1.0,0.033146710552253156
ARMA,static,2025-10-14,-1.0,-0.007555408261250806
ARMA,static,2025-10-15,1.0,0.00897524047857987
ARMA,static,2025-10-16,1.0,0.024514470108056186
ARMA,static,2025-10-17,-1.0,0.0210099360910345
ARMA,static,2025-10-20,1.0,0.034475932031636326
ARMA,static,2025-10-21,-1.0,0.057216114670491904
ARMA,static,2025-10-22,1.0,-0.01083497950254988
ARMA,static,2025-10-23,1.0,0.0197275046093901
ARMA,static,2025-10-24,-1.0,0.001681583554853683
ARMA,static,2025-10-27,1.0,-0.028741703100724124
ARMA,static,2025-10-28,1.0,-0.009105120770259267
ARMA,static,2025-10-29,1.0,0.004418631991192301
ARMA,static,2025-10-30,1.0,0.0037993229578294763
ARMA,static,2025-10-31,1.0,-0.004830773379692066
ARMA,static,2025-11-03,1.0,0.0043788314775428105
ARMA,static,2025-11-04,1.0,-0.013328350772296993
ARMA,static,2025-11-05,1.0,0.00818076059683115
ARMA,static,2025-11-06,1.0,-0.0004758201783707783
ARMA,static,2025-11-07,1.0,0.004710611081965688
ARMA,static,2025-11-10,1.0,0.027981432940693773
ARMA,static,2025-11-11,-1.0,0.001182871254852036
ARMA,static,2025-11-12,1.0,0.023437805209899333
ARMA,static,2025-11-13,-1.0,0.0043329640244868855
ARMA,static,2025-11-14,1.0,-0.02411227770368931
ARMA,static,2025-11-17,1.0,-0.004811672953646595
ARMA,static,2025-11-18,1.0,-0.0019634310958399626
ARMA,static,2025-11-19,1.0,0.0040083730058095846
ARMA,static,2025-11-20,1.0,-0.005584414753465383
ARMA,static,2025-11-21,1.0,0.004802955665024644
ARMA,static,2025-11-24,1.0,0.0036033707983516017
ARMA,static,2025-11-25,1.0,0.011186568651835314
ARMA,static,2025-11-26,-1.0,-0.0062870036986715444
ARMA,static,2025-11-28,1.0,0.021135509177253334
ARMA,static,2025-12-01,-1.0,-0.004876937836490148
ARMA,static,2025-12-02,1.0,-0.012832170503233065
ARMA,static,2025-12-03,1.0,0.002772032755381071
ARMA,static,2025-12-04,1.0,0.0024808033077377
ARMA,static,2025-12-05,1.0,0.0
ARMA,static,2025-12-08,1.0,-0.0059627161648597715
ARMA,static,2025-12-09,1.0,0.004386276677645462
ARMA,static,2025-12-10,1.0,-0.0027146970090613505
ARMA,static,2025-12-11,1.0,0.020900845173693616
ARMA,static,2025-12-12,-1.0,-0.003747369507883147
ARMA,static,2025-12-15,1.0,0.0013942496907277447
ARMA,static,2025-12-16,1.0,-0.0006690326846119365
ARMA,static,2025-12-17,1.0,0.009602312751125552
ARMA,static,2025-12-18,1.0,-0.0021490894976158303
ARMA,static,2025-12-19,1.0,0.0052239213397868856
ARMA,static,2025-12-22,1.0,0.01871312682313886
ARMA,static,2025-12-23,-1.0,-0.008321961283821256
ARMA,static,2025-12-24,1.0,-0.0008437158486526373
ARMA,static,2025-12-26,1.0,0.011082080658583404
ARMA,static,2025-12-29,-1.0,0.045728808989342486
ARMA,static,2025-12-30,1.0,0.009630487630362316
ARMA,static,2025-12-31,1.0,-0.010304746379384833
ARMA,static,2026-01-02,1.0,-0.002649098095252156
ARMA,static,2026-01-05,1.0,0.028155002677900498
ARMA,static,2026-01-06,-1.0,-0.010219116625014091
ARMA,static,2026-01-07,-1.0,0.0074731649488331
ARMA,static,2026-01-08,1.0,-0.0006033175770308261
ARMA,static,2026-01-09,1.0,0.009011972396955503
ARMA,static,2026-01-12,1.0,0.025283897762198748
ARMA,static,2026-01-13,-1.0,0.00318052245996312
ARMA,static,2026-01-14,1.0,0.007758099819332487
ARMA,static,2026-01-15,1.0,-0.0025886057109849587
ARMA,static,2026-01-16,1.0,-0.006120702418690671
ARMA,static,2026-01-20,1.0,0.037080538356812465
ARMA,static,2026-01-21,-1.0,-0.015244735039432045
ARMA,static,2026-01-22,-1.0,-0.01568990229328171
ARMA,static,2026-01-23,-1.0,-0.013493770970509411
ARMA,static,2026-01-26,-1.0,-0.02064377385294547
ARMA,static,2026-01-27,-1.0,-1.9694570831285674e-05
ARMA,static,2026-01-28,1.0,0.04328168176794198
ARMA,static,2026-01-29,-1.0,-0.0029905204794833606
ARMA,static,2026-01-30,1.0,-0.1081955428727453
ARMA,static,2026-02-02,1.0,-0.019493793196415088
ARMA,static,2026-02-03,1.0,0.06069722228781482
ARMA,static,2026-02-04,-1.0,-0.0034015814969605928
ARMA,static,2026-02-05,1.0,-0.012581798316599358
ARMA,static,2026-02-06,1.0,0.018468106081910296
ARMA,static,2026-02-09,-1.0,-0.020200823640037967
ARMA,static,2026-02-10,-1.0,0.009528665447549711
ARMA,static,2026-02-11,1.0,0.013216815742397059
ARMA,static,2026-02-12,-1.0,0.02924005053569676
ARMA,static,2026-02-13,1.0,0.019584153317394805
ARMA,static,2026-02-17,-1.0,0.027622346625805407
ARMA,static,2026-02-18,1.0,0.02091745035946533
ARMA,static,2026-02-19,-1.0,0.0022154302138437166
ARMA,static,2026-02-20,1.0,0.016508688844540688
ARMA,static,2026-02-23,-1.0,-0.028679245427714738
ARMA,static,2026-02-24,-1.0,0.00943437921911816
ARMA,static,2026-02-25,1.0,0.009440166239948344
ARMA,static,2026-02-26,1.0,-0.006122995446806945
ARMA,static,2026-02-27,1.0,0.01033839763814104
ARMA,static,2026-03-02,1.0,0.012138226051920498
ARMA,static,2026-03-03,-1.0,0.03517538573859522
ARMA,static,2026-03-04,1.0,0.0019468859575475284
ARMA,static,2026-03-05,1.0,-0.0109061868989202
ARMA,static,2026-03-06,1.0,0.0157520619299083
ARMA,static,2026-03-09,-1.0,0.010461600387240177
ARMA,static,2026-03-10,1.0,0.02691756119038178
ARMA,static,2026-03-11,-1.0,0.011818084131618866
ARMA,static,2026-03-12,1.0,-0.010491419737739838
ARMA,static,2026-03-13,1.0,-0.012505289285075327
ARMA,static,2026-03-16,1.0,-0.011754943537568896
ARMA,static,2026-03-17,1.0,0.0011994721853840762
ARMA,static,2026-03-18,1.0,-0.022363323276259672
ARMA,static,2026-03-19,1.0,-0.05933172427837352
ARMA,static,2026-03-20,1.0,-0.006687428982046439
ARMA,static,2026-03-23,1.0,-0.036634702667568186
ARMA,static,2026-03-24,1.0,-0.0012025060518604525
ARMA,static,2026-03-25,1.0,0.03414352673500676
ARMA,static,2026-03-26,-1.0,0.03846177702504847
ARMA,static,2026-03-27,1.0,0.02635215604471084
ARMA,static,2026-03-30,-1.0,-0.00765687256538674
ARMA,static,2026-03-31,1.0,0.02646701229700628
ARMA,static,2026-04-01,-1.0,-0.03580977634101103
ARMA,static,2026-04-02,-1.0,0.0277160041630361
ARMA,static,2026-04-06,1.0,0.0008684445138191556
ARMA,static,2026-04-07,1.0,0.0
ARMA,static,2026-04-08,1.0,0.019745126933107704
ARMA,static,2026-04-09,-1.0,-0.008740526463080456
ARMA,static,2026-04-10,1.0,-0.006551203332555011
ARMA,static,2026-04-13,1.0,-0.004177633038386586
ARMA,static,2026-04-14,1.0,0.017347022906939902
ARMA,static,2026-04-15,-1.0,0.005263804759989532
ARMA,static,2026-04-16,1.0,-0.0033719654737100146
ARMA,static,2026-04-17,1.0,0.014828587206488386
ARMA,static,2026-04-20,-1.0,0.010210749231919647
ARMA,static,2026-04-21,1.0,-0.02281425435886688
ARMA,static,2026-04-22,1.0,0.007076850083195918
ARMA,static,2026-04-23,1.0,-0.00610140963601935
ARMA,static,2026-04-24,1.0,0.0035774560422840995
ARMA,static,2026-04-27,1.0,-0.009955853952519855
ARMA,static,2026-04-28,1.0,-0.018173357781551047
ARMA,static,2026-04-29,1.0,-0.010177046987588367
ARMA,static,2026-04-30,1.0,0.014929320981311056
Decision Tree,static,2025-07-02,1.0,0.002855371126468709
Decision Tree,static,2025-07-03,1.0,-0.005000461074586515
Decision Tree,static,2025-07-04,1.0,0.0010769385148881039
Decision Tree,static,2025-07-07,1.0,-0.0011056181598311232
Decision Tree,static,2025-07-08,1.0,-0.007748039399920081
Decision Tree,static,2025-07-09,1.0,0.0012361234215578776
Decision Tree,static,2025-07-10,1.0,0.0014152216717480126
Decision Tree,static,2025-07-11,1.0,0.011516387344152612
Decision Tree,static,2025-07-14,1.0,-0.0014565702567628236
Decision Tree,static,2025-07-15,1.0,-0.006668496273750324
Decision Tree,static,2025-07-16,1.0,0.006713263647367462
Decision Tree,static,2025-07-17,1.0,-0.0041082576960875805
Decision Tree,static,2025-07-18,1.0,0.003886049027068239
Decision Tree,static,2025-07-21,1.0,0.014322678979327375
Decision Tree,static,2025-07-22,1.0,0.01094999116294626
Decision Tree,static,2025-07-23,1.0,-0.013386721889036113
Decision Tree,static,2025-07-24,1.0,-0.00709327082750999
Decision Tree,static,2025-07-25,1.0,-0.01123459384726544
Decision Tree,static,2025-07-28,1.0,-0.0076748102010902874
Decision Tree,static,2025-07-29,1.0,0.004229607250755274
Decision Tree,static,2025-07-30,1.0,-0.008483739823067049
Decision Tree,static,2025-07-31,1.0,-0.0009889124393861692
Decision Tree,static,2025-08-01,1.0,0.03236976170193273
Decision Tree,static,2025-08-04,1.0,0.007823946447907737
Decision Tree,static,2025-08-05,1.0,0.0024223818190187707
Decision Tree,static,2025-08-06,1.0,-0.000378504337091079
Decision Tree,static,2025-08-07,1.0,0.005912520942948474
Decision Tree,static,2025-08-08,1.0,0.010886903375463053
Decision Tree,static,2025-08-11,1.0,-0.02480454170225721
Decision Tree,static,2025-08-12,1.0,-0.001674141995952727
Decision Tree,static,2025-08-13,1.0,0.0027361132180421244
Decision Tree,static,2025-08-14,1.0,-0.007364403748689963
Decision Tree,static,2025-08-15,1.0,-0.0001773035954960589
Decision Tree,static,2025-08-18,1.0,-0.0013599294990375155
Decision Tree,static,2025-08-19,1.0,-0.005713454360013359
Decision Tree,static,2025-08-20,1.0,0.008872495090765042
Decision Tree,static,2025-08-21,1.0,-0.0020362704275490584
Decision Tree,static,2025-08-22,1.0,0.010911965128379553
Decision Tree,static,2025-08-25,1.0,-0.00029252596167905764
Decision Tree,static,2025-08-26,1.0,0.004535479151426491
Decision Tree,static,2025-08-27,1.0,0.004544158944436383
Decision Tree,static,2025-08-28,1.0,0.0074522851139919855
Decision Tree,static,2025-08-29,1.0,0.012031214414605307
Decision Tree,static,2025-09-02,1.0,0.02164325571002701
Decision Tree,static,2025-09-03,1.0,0.012053908305966976
Decision Tree,static,2025-09-04,1.0,-0.007921894877767843
Decision Tree,static,2025-09-05,1.0,0.01292042539915439
Decision Tree,static,2025-09-08,1.0,0.006596735333402437
Decision Tree,static,2025-09-09,1.0,0.0013052833402931174
Decision Tree,static,2025-09-10,1.0,-5.4302095086167235e-05
Decision Tree,static,2025-09-11,1.0,-0.0022813422986828202
Decision Tree,static,2025-09-12,1.0,0.0034842672983557144
Decision Tree,static,2025-09-15,1.0,0.008843342697444134
Decision Tree,static,2025-09-16,1.0,0.0016402521259075709
Decision Tree,static,2025-09-17,1.0,-0.001959691991288537
Decision Tree,static,2025-09-18,1.0,-0.010624562774012136
Decision Tree,static,2025-09-19,1.0,0.0074762797039249484
Decision Tree,static,2025-09-22,1.0,0.01870042849452691
Decision Tree,static,2025-09-23,1.0,0.010754642914192258
Decision Tree,static,2025-09-24,1.0,-0.012474737040318429
Decision Tree,static,2025-09-25,1.0,0.0007961571938777112
Decision Tree,static,2025-09-26,1.0,0.010050091846489195
Decision Tree,static,2025-09-29,1.0,0.012129154941421527
Decision Tree,static,2025-09-30,1.0,0.004469018527697411
Decision Tree,static,2025-10-01,1.0,0.0062738947470999396
Decision Tree,static,2025-10-02,1.0,-0.007543271929121187
Decision Tree,static,2025-10-03,1.0,0.010547763412901645
Decision Tree,static,2025-10-06,1.0,0.017242740455943206
Decision Tree,static,2025-10-07,1.0,0.0070668342857844735
Decision Tree,static,2025-10-08,1.0,0.016506867263072822
Decision Tree,static,2025-10-09,1.0,-0.02405107538232409
Decision Tree,static,2025-10-10,1.0,0.006997886523715691
Decision Tree,static,2025-10-13,1.0,0.033146710552253156
Decision Tree,static,2025-10-14,1.0,0.0073554082612508065
Decision Tree,static,2025-10-15,1.0,0.009175240478579871
Decision Tree,static,2025-10-16,1.0,0.024514470108056186
Decision Tree,static,2025-10-17,-1.0,0.0210099360910345
Decision Tree,static,2025-10-20,-1.0,-0.034675932031636325
Decision Tree,static,2025-10-21,-1.0,0.0574161146704919
Decision Tree,static,2025-10-22,-1.0,0.01063497950254988
Decision Tree,static,2025-10-23,1.0,0.019527504609390102
Decision Tree,static,2025-10-24,1.0,-0.001881583554853683
Decision Tree,static,2025-10-27,1.0,-0.028541703100724125
Decision Tree,static,2025-10-28,1.0,-0.009105120770259267
Decision Tree,static,2025-10-29,1.0,0.004418631991192301
Decision Tree,static,2025-10-30,1.0,0.0037993229578294763
Decision Tree,static,2025-10-31,1.0,-0.004830773379692066
Decision Tree,static,2025-11-03,1.0,0.0043788314775428105
Decision Tree,static,2025-11-04,1.0,-0.013328350772296993
Decision Tree,static,2025-11-05,1.0,0.00818076059683115
Decision Tree,static,2025-11-06,1.0,-0.0004758201783707783
Decision Tree,static,2025-11-07,1.0,0.004710611081965688
Decision Tree,static,2025-11-10,1.0,0.027981432940693773
Decision Tree,static,2025-11-11,1.0,-0.001382871254852036
Decision Tree,static,2025-11-12,1.0,0.023637805209899332
Decision Tree,static,2025-11-13,1.0,-0.004532964024486885
Decision Tree,static,2025-11-14,1.0,-0.02391227770368931
Decision Tree,static,2025-11-17,1.0,-0.004811672953646595
Decision Tree,static,2025-11-18,1.0,-0.0019634310958399626
Decision Tree,static,2025-11-19,1.0,0.0040083730058095846
Decision Tree,static,2025-11-20,1.0,-0.005584414753465383
Decision Tree,static,2025-11-21,1.0,0.004802955665024644
Decision Tree,static,2025-11-24,1.0,0.0036033707983516017
Decision Tree,static,2025-11-25,1.0,0.011186568651835314
Decision Tree,static,2025-11-26,1.0,0.006087003698671545
Decision Tree,static,2025-11-28,1.0,0.021335509177253333
Decision Tree,static,2025-12-01,1.0,0.004676937836490148
Decision Tree,static,2025-12-02,1.0,-0.012632170503233064
Decision Tree,static,2025-12-03,1.0,0.002772032755381071
Decision Tree,static,2025-12-04,1.0,0.0024808033077377
Decision Tree,static,2025-12-05,1.0,0.0
Decision Tree,static,2025-12-08,1.0,-0.0059627161648597715
Decision Tree,static,2025-12-09,1.0,0.004386276677645462
Decision Tree,static,2025-12-10,1.0,-0.0027146970090613505
Decision Tree,static,2025-12-11,1.0,0.020900845173693616
Decision Tree,static,2025-12-12,1.0,0.003547369507883147
Decision Tree,static,2025-12-15,1.0,0.0015942496907277448
Decision Tree,static,2025-12-16,1.0,-0.0006690326846119365
Decision Tree,static,2025-12-17,1.0,0.009602312751125552
Decision Tree,static,2025-12-18,1.0,-0.0021490894976158303
Decision Tree,static,2025-12-19,1.0,0.0052239213397868856
Decision Tree,static,2025-12-22,1.0,0.01871312682313886
Decision Tree,static,2025-12-23,1.0,0.008121961283821255
Decision Tree,static,2025-12-24,1.0,-0.0006437158486526373
Decision Tree,static,2025-12-26,1.0,0.011082080658583404
Decision Tree,static,2025-12-29,1.0,-0.045928808989342484
Decision Tree,static,2025-12-30,-1.0,-0.010030487630362317
Decision Tree,static,2025-12-31,1.0,-0.010504746379384833
Decision Tree,static,2026-01-02,1.0,-0.002649098095252156
Decision Tree,static,2026-01-05,1.0,0.028155002677900498
Decision Tree,static,2026-01-06,1.0,0.01001911662501409
Decision Tree,static,2026-01-07,1.0,-0.0074731649488331
Decision Tree,static,2026-01-08,1.0,-0.00040331757703082616
Decision Tree,static,2026-01-09,1.0,0.009011972396955503
Decision Tree,static,2026-01-12,1.0,0.025283897762198748
Decision Tree,static,2026-01-13,1.0,-0.00338052245996312
Decision Tree,static,2026-01-14,1.0,0.007958099819332487
Decision Tree,static,2026-01-15,1.0,-0.0025886057109849587
Decision Tree,static,2026-01-16,1.0,-0.006120702418690671
Decision Tree,static,2026-01-20,1.0,0.037080538356812465
Decision Tree,static,2026-01-21,1.0,0.015044735039432044
Decision Tree,static,2026-01-22,1.0,0.01568990229328171
Decision Tree,static,2026-01-23,1.0,0.013493770970509411
Decision Tree,static,2026-01-26,1.0,0.02064377385294547
Decision Tree,static,2026-01-27,1.0,1.9694570831285674e-05
Decision Tree,static,2026-01-28,1.0,0.04348168176794198
Decision Tree,static,2026-01-29,1.0,0.0027905204794833605
Decision Tree,static,2026-01-30,1.0,-0.10799554287274529
Decision Tree,static,2026-02-02,1.0,-0.019493793196415088
Decision Tree,static,2026-02-03,1.0,0.06069722228781482
Decision Tree,static,2026-02-04,-1.0,-0.0034015814969605928
Decision Tree,static,2026-02-05,1.0,-0.012581798316599358
Decision Tree,static,2026-02-06,1.0,0.018468106081910296
Decision Tree,static,2026-02-09,1.0,0.020000823640037968
Decision Tree,static,2026-02-10,-1.0,0.00932866544754971
Decision Tree,static,2026-02-11,1.0,0.013216815742397059
Decision Tree,static,2026-02-12,1.0,-0.02944005053569676
Decision Tree,static,2026-02-13,-1.0,-0.019984153317394802
Decision Tree,static,2026-02-17,1.0,-0.028022346625805404
Decision Tree,static,2026-02-18,1.0,0.02111745035946533
Decision Tree,static,2026-02-19,1.0,-0.0024154302138437167
Decision Tree,static,2026-02-20,1.0,0.016708688844540687
Decision Tree,static,2026-02-23,1.0,0.02847924542771474
Decision Tree,static,2026-02-24,1.0,-0.00943437921911816
Decision Tree,static,2026-02-25,1.0,0.009640166239948345
Decision Tree,static,2026-02-26,1.0,-0.006122995446806945
Decision Tree,static,2026-02-27,1.0,0.01033839763814104
Decision Tree,static,2026-03-02,1.0,0.012138226051920498
Decision Tree,static,2026-03-03,1.0,-0.03537538573859522
Decision Tree,static,2026-03-04,1.0,0.0021468859575475285
Decision Tree,static,2026-03-05,1.0,-0.0109061868989202
Decision Tree,static,2026-03-06,1.0,0.0157520619299083
Decision Tree,static,2026-03-09,1.0,-0.010661600387240178
Decision Tree,static,2026-03-10,1.0,0.027117561190381778
Decision Tree,static,2026-03-11,1.0,-0.012018084131618867
Decision Tree,static,2026-03-12,1.0,-0.010291419737739838
Decision Tree,static,2026-03-13,1.0,-0.012505289285075327
Decision Tree,static,2026-03-16,1.0,-0.011754943537568896
Decision Tree,static,2026-03-17,1.0,0.0011994721853840762
Decision Tree,static,2026-03-18,1.0,-0.022363323276259672
Decision Tree,static,2026-03-19,1.0,-0.05933172427837352
Decision Tree,static,2026-03-20,1.0,-0.006687428982046439
Decision Tree,static,2026-03-23,1.0,-0.036634702667568186
Decision Tree,static,2026-03-24,1.0,-0.0012025060518604525
Decision Tree,static,2026-03-25,1.0,0.03414352673500676
Decision Tree,static,2026-03-26,1.0,-0.03866177702504847
Decision Tree,static,2026-03-27,1.0,0.02655215604471084
Decision Tree,static,2026-03-30,1.0,0.007456872565386741
Decision Tree,static,2026-03-31,1.0,0.026667012297006278
Decision Tree,static,2026-04-01,1.0,0.035609776341011035
Decision Tree,static,2026-04-02,1.0,-0.0277160041630361
Decision Tree,static,2026-04-06,1.0,0.0010684445138191556
Decision Tree,static,2026-04-07,1.0,0.0
Decision Tree,static,2026-04-08,1.0,0.019745126933107704
Decision Tree,static,2026-04-09,1.0,0.008540526463080456
Decision Tree,static,2026-04-10,1.0,-0.006351203332555011
Decision Tree,static,2026-04-13,1.0,-0.004177633038386586
Decision Tree,static,2026-04-14,1.0,0.017347022906939902
Decision Tree,static,2026-04-15,1.0,-0.005463804759989531
Decision Tree,static,2026-04-16,1.0,-0.0031719654737100145
Decision Tree,static,2026-04-17,1.0,0.014828587206488386
Decision Tree,static,2026-04-20,1.0,-0.010410749231919647
Decision Tree,static,2026-04-21,1.0,-0.02261425435886688
Decision Tree,static,2026-04-22,1.0,0.007076850083195918
Decision Tree,static,2026-04-23,1.0,-0.00610140963601935
Decision Tree,static,2026-04-24,1.0,0.0035774560422840995
Decision Tree,static,2026-04-27,1.0,-0.009955853952519855
Decision Tree,static,2026-04-28,1.0,-0.018173357781551047
Decision Tree,static,2026-04-29,1.0,-0.010177046987588367
Decision Tree,static,2026-04-30,1.0,0.014929320981311056
Random Forest,static,2025-07-02,1.0,0.002855371126468709
Random Forest,static,2025-07-03,1.0,-0.005000461074586515
Random Forest,static,2025-07-04,1.0,0.0010769385148881039
Random Forest,static,2025-07-07,1.0,-0.0011056181598311232
Random Forest,static,2025-07-08,1.0,-0.007748039399920081
Random Forest,static,2025-07-09,1.0,0.0012361234215578776
Random Forest,static,2025-07-10,1.0,0.0014152216717480126
Random Forest,static,2025-07-11,1.0,0.011516387344152612
Random Forest,static,2025-07-14,1.0,-0.0014565702567628236
Random Forest,static,2025-07-15,1.0,-0.006668496273750324
Random Forest,static,2025-07-16,1.0,0.006713263647367462
Random Forest,static,2025-07-17,1.0,-0.0041082576960875805
Random Forest,static,2025-07-18,1.0,0.003886049027068239
Random Forest,static,2025-07-21,1.0,0.014322678979327375
Random Forest,static,2025-07-22,1.0,0.01094999116294626
Random Forest,static,2025-07-23,1.0,-0.013386721889036113
Random Forest,static,2025-07-24,1.0,-0.00709327082750999
Random Forest,static,2025-07-25,1.0,-0.01123459384726544
Random Forest,static,2025-07-28,1.0,-0.0076748102010902874
Random Forest,static,2025-07-29,1.0,0.004229607250755274
Random Forest,static,2025-07-30,1.0,-0.008483739823067049
Random Forest,static,2025-07-31,1.0,-0.0009889124393861692
Random Forest,static,2025-08-01,1.0,0.03236976170193273
Random Forest,static,2025-08-04,1.0,0.007823946447907737
Random Forest,static,2025-08-05,1.0,0.0024223818190187707
Random Forest,static,2025-08-06,1.0,-0.000378504337091079
Random Forest,static,2025-08-07,1.0,0.005912520942948474
Random Forest,static,2025-08-08,1.0,0.010886903375463053
Random Forest,static,2025-08-11,1.0,-0.02480454170225721
Random Forest,static,2025-08-12,1.0,-0.001674141995952727
Random Forest,static,2025-08-13,1.0,0.0027361132180421244
Random Forest,static,2025-08-14,1.0,-0.007364403748689963
Random Forest,static,2025-08-15,1.0,-0.0001773035954960589
Random Forest,static,2025-08-18,1.0,-0.0013599294990375155
Random Forest,static,2025-08-19,1.0,-0.005713454360013359
Random Forest,static,2025-08-20,1.0,0.008872495090765042
Random Forest,static,2025-08-21,1.0,-0.0020362704275490584
Random Forest,static,2025-08-22,1.0,0.010911965128379553
Random Forest,static,2025-08-25,1.0,-0.00029252596167905764
Random Forest,static,2025-08-26,1.0,0.004535479151426491
Random Forest,static,2025-08-27,1.0,0.004544158944436383
Random Forest,static,2025-08-28,1.0,0.0074522851139919855
Random Forest,static,2025-08-29,1.0,0.012031214414605307
Random Forest,static,2025-09-02,1.0,0.02164325571002701
Random Forest,static,2025-09-03,1.0,0.012053908305966976
Random Forest,static,2025-09-04,1.0,-0.007921894877767843
Random Forest,static,2025-09-05,1.0,0.01292042539915439
Random Forest,static,2025-09-08,1.0,0.006596735333402437
Random Forest,static,2025-09-09,1.0,0.0013052833402931174
Random Forest,static,2025-09-10,1.0,-5.4302095086167235e-05
Random Forest,static,2025-09-11,1.0,-0.0022813422986828202
Random Forest,static,2025-09-12,1.0,0.0034842672983557144
Random Forest,static,2025-09-15,1.0,0.008843342697444134
Random Forest,static,2025-09-16,1.0,0.0016402521259075709
Random Forest,static,2025-09-17,1.0,-0.001959691991288537
Random Forest,static,2025-09-18,1.0,-0.010624562774012136
Random Forest,static,2025-09-19,1.0,0.0074762797039249484
Random Forest,static,2025-09-22,1.0,0.01870042849452691
Random Forest,static,2025-09-23,1.0,0.010754642914192258
Random Forest,static,2025-09-24,1.0,-0.012474737040318429
Random Forest,static,2025-09-25,1.0,0.0007961571938777112
Random Forest,static,2025-09-26,1.0,0.010050091846489195
Random Forest,static,2025-09-29,1.0,0.012129154941421527
Random Forest,static,2025-09-30,1.0,0.004469018527697411
Random Forest,static,2025-10-01,1.0,0.0062738947470999396
Random Forest,static,2025-10-02,1.0,-0.007543271929121187
Random Forest,static,2025-10-03,1.0,0.010547763412901645
Random Forest,static,2025-10-06,1.0,0.017242740455943206
Random Forest,static,2025-10-07,-1.0,-0.007266834285784473
Random Forest,static,2025-10-08,-1.0,-0.016506867263072822
Random Forest,static,2025-10-09,-1.0,0.02405107538232409
Random Forest,static,2025-10-10,1.0,0.006797886523715691
Random Forest,static,2025-10-13,1.0,0.033146710552253156
Random Forest,static,2025-10-14,-1.0,-0.007555408261250806
Random Forest,static,2025-10-15,-1.0,-0.009175240478579871
Random Forest,static,2025-10-16,-1.0,-0.024514470108056186
Random Forest,static,2025-10-17,-1.0,0.021209936091034498
Random Forest,static,2025-10-20,-1.0,-0.034675932031636325
Random Forest,static,2025-10-21,-1.0,0.0574161146704919
Random Forest,static,2025-10-22,-1.0,0.01063497950254988
Random Forest,static,2025-10-23,1.0,0.019527504609390102
Random Forest,static,2025-10-24,-1.0,0.001681583554853683
Random Forest,static,2025-10-27,-1.0,0.028541703100724125
Random Forest,static,2025-10-28,-1.0,0.009105120770259267
Random Forest,static,2025-10-29,1.0,0.0042186319911923014
Random Forest,static,2025-10-30,1.0,0.0037993229578294763
Random Forest,static,2025-10-31,1.0,-0.004830773379692066
Random Forest,static,2025-11-03,-1.0,-0.00457883147754281
Random Forest,static,2025-11-04,-1.0,0.013328350772296993
Random Forest,static,2025-11-05,1.0,0.007980760596831149
Random Forest,static,2025-11-06,1.0,-0.0004758201783707783
Random Forest,static,2025-11-07,1.0,0.004710611081965688
Random Forest,static,2025-11-10,-1.0,-0.028181432940693772
Random Forest,static,2025-11-11,1.0,-0.0015828712548520362
Random Forest,static,2025-11-12,1.0,0.023637805209899332
Random Forest,static,2025-11-13,-1.0,0.0043329640244868855
Random Forest,static,2025-11-14,-1.0,0.02391227770368931
Random Forest,static,2025-11-17,1.0,-0.005011672953646595
Random Forest,static,2025-11-18,1.0,-0.0019634310958399626
Random Forest,static,2025-11-19,1.0,0.0040083730058095846
Random Forest,static,2025-11-20,1.0,-0.005584414753465383
Random Forest,static,2025-11-21,1.0,0.004802955665024644
Random Forest,static,2025-11-24,1.0,0.0036033707983516017
Random Forest,static,2025-11-25,1.0,0.011186568651835314
Random Forest,static,2025-11-26,1.0,0.006087003698671545
Random Forest,static,2025-11-28,1.0,0.021335509177253333
Random Forest,static,2025-12-01,1.0,0.004676937836490148
Random Forest,static,2025-12-02,1.0,-0.012632170503233064
Random Forest,static,2025-12-03,1.0,0.002772032755381071
Random Forest,static,2025-12-04,1.0,0.0024808033077377
Random Forest,static,2025-12-05,1.0,0.0
Random Forest,static,2025-12-08,1.0,-0.0059627161648597715
Random Forest,static,2025-12-09,1.0,0.004386276677645462
Random Forest,static,2025-12-10,1.0,-0.0027146970090613505
Random Forest,static,2025-12-11,1.0,0.020900845173693616
Random Forest,static,2025-12-12,1.0,0.003547369507883147
Random Forest,static,2025-12-15,1.0,0.0015942496907277448
Random Forest,static,2025-12-16,1.0,-0.0006690326846119365
Random Forest,static,2025-12-17,1.0,0.009602312751125552
Random Forest,static,2025-12-18,1.0,-0.0021490894976158303
Random Forest,static,2025-12-19,1.0,0.0052239213397868856
Random Forest,static,2025-12-22,1.0,0.01871312682313886
Random Forest,static,2025-12-23,1.0,0.008121961283821255
Random Forest,static,2025-12-24,1.0,-0.0006437158486526373
Random Forest,static,2025-12-26,1.0,0.011082080658583404
Random Forest,static,2025-12-29,1.0,-0.045928808989342484
Random Forest,static,2025-12-30,-1.0,-0.010030487630362317
Random Forest,static,2025-12-31,-1.0,0.010304746379384833
Random Forest,static,2026-01-02,-1.0,0.002649098095252156
Random Forest,static,2026-01-05,1.0,0.0279550026779005
Random Forest,static,2026-01-06,1.0,0.01001911662501409
Random Forest,static,2026-01-07,1.0,-0.0074731649488331
Random Forest,static,2026-01-08,1.0,-0.00040331757703082616
Random Forest,static,2026-01-09,1.0,0.009011972396955503
Random Forest,static,2026-01-12,1.0,0.025283897762198748
Random Forest,static,2026-01-13,-1.0,0.00318052245996312
Random Forest,static,2026-01-14,1.0,0.007758099819332487
Random Forest,static,2026-01-15,1.0,-0.0025886057109849587
Random Forest,static,2026-01-16,1.0,-0.006120702418690671
Random Forest,static,2026-01-20,1.0,0.037080538356812465
Random Forest,static,2026-01-21,1.0,0.015044735039432044
Random Forest,static,2026-01-22,1.0,0.01568990229328171
Random Forest,static,2026-01-23,1.0,0.013493770970509411
Random Forest,static,2026-01-26,-1.0,-0.020843773852945467
Random Forest,static,2026-01-27,-1.0,-1.9694570831285674e-05
Random Forest,static,2026-01-28,-1.0,-0.04348168176794198
Random Forest,static,2026-01-29,-1.0,-0.0027905204794833605
Random Forest,static,2026-01-30,-1.0,0.10759554287274528
Random Forest,static,2026-02-02,-1.0,0.019493793196415088
Random Forest,static,2026-02-03,1.0,0.060497222287814824
Random Forest,static,2026-02-04,-1.0,-0.0034015814969605928
Random Forest,static,2026-02-05,1.0,-0.012581798316599358
Random Forest,static,2026-02-06,-1.0,-0.018668106081910295
Random Forest,static,2026-02-09,-1.0,-0.020000823640037968
Random Forest,static,2026-02-10,-1.0,0.009528665447549711
Random Forest,static,2026-02-11,-1.0,-0.013416815742397059
Random Forest,static,2026-02-12,1.0,-0.02964005053569676
Random Forest,static,2026-02-13,-1.0,-0.019984153317394802
Random Forest,static,2026-02-17,1.0,-0.028022346625805404
Random Forest,static,2026-02-18,1.0,0.02111745035946533
Random Forest,static,2026-02-19,1.0,-0.0024154302138437167
Random Forest,static,2026-02-20,1.0,0.016708688844540687
Random Forest,static,2026-02-23,-1.0,-0.028679245427714738
Random Forest,static,2026-02-24,-1.0,0.00943437921911816
Random Forest,static,2026-02-25,-1.0,-0.009640166239948345
Random Forest,static,2026-02-26,-1.0,0.006122995446806945
Random Forest,static,2026-02-27,-1.0,-0.01033839763814104
Random Forest,static,2026-03-02,-1.0,-0.012138226051920498
Random Forest,static,2026-03-03,1.0,-0.03557538573859522
Random Forest,static,2026-03-04,-1.0,-0.0023468859575475286
Random Forest,static,2026-03-05,1.0,-0.011106186898920201
Random Forest,static,2026-03-06,1.0,0.0157520619299083
Random Forest,static,2026-03-09,1.0,-0.010661600387240178
Random Forest,static,2026-03-10,1.0,0.027117561190381778
Random Forest,static,2026-03-11,1.0,-0.012018084131618867
Random Forest,static,2026-03-12,1.0,-0.010291419737739838
Random Forest,static,2026-03-13,1.0,-0.012505289285075327
Random Forest,static,2026-03-16,1.0,-0.011754943537568896
Random Forest,static,2026-03-17,1.0,0.0011994721853840762
Random Forest,static,2026-03-18,1.0,-0.022363323276259672
Random Forest,static,2026-03-19,1.0,-0.05933172427837352
Random Forest,static,2026-03-20,-1.0,0.00648742898204644
Random Forest,static,2026-03-23,1.0,-0.036834702667568185
Random Forest,static,2026-03-24,1.0,-0.0012025060518604525
Random Forest,static,2026-03-25,1.0,0.03414352673500676
Random Forest,static,2026-03-26,1.0,-0.03866177702504847
Random Forest,static,2026-03-27,-1.0,-0.02675215604471084
Random Forest,static,2026-03-30,1.0,0.007256872565386741
Random Forest,static,2026-03-31,1.0,0.026667012297006278
Random Forest,static,2026-04-01,1.0,0.035609776341011035
Random Forest,static,2026-04-02,-1.0,0.027516004163036102
Random Forest,static,2026-04-06,1.0,0.0008684445138191556
Random Forest,static,2026-04-07,1.0,0.0
Random Forest,static,2026-04-08,1.0,0.019745126933107704
Random Forest,static,2026-04-09,1.0,0.008540526463080456
Random Forest,static,2026-04-10,1.0,-0.006351203332555011
Random Forest,static,2026-04-13,1.0,-0.004177633038386586
Random Forest,static,2026-04-14,1.0,0.017347022906939902
Random Forest,static,2026-04-15,1.0,-0.005463804759989531
Random Forest,static,2026-04-16,1.0,-0.0031719654737100145
Random Forest,static,2026-04-17,1.0,0.014828587206488386
Random Forest,static,2026-04-20,1.0,-0.010410749231919647
Random Forest,static,2026-04-21,1.0,-0.02261425435886688
Random Forest,static,2026-04-22,1.0,0.007076850083195918
Random Forest,static,2026-04-23,1.0,-0.00610140963601935
Random Forest,static,2026-04-24,1.0,0.0035774560422840995
Random Forest,static,2026-04-27,1.0,-0.009955853952519855
Random Forest,static,2026-04-28,1.0,-0.018173357781551047
Random Forest,static,2026-04-29,1.0,-0.010177046987588367
Random Forest,static,2026-04-30,1.0,0.014929320981311056
Gradient Boosting,static,2025-07-02,1.0,0.002855371126468709
Gradient Boosting,static,2025-07-03,1.0,-0.005000461074586515
Gradient Boosting,static,2025-07-04,1.0,0.0010769385148881039
Gradient Boosting,static,2025-07-07,1.0,-0.0011056181598311232
Gradient Boosting,static,2025-07-08,1.0,-0.007748039399920081
Gradient Boosting,static,2025-07-09,1.0,0.0012361234215578776
Gradient Boosting,static,2025-07-10,1.0,0.0014152216717480126
Gradient Boosting,static,2025-07-11,1.0,0.011516387344152612
Gradient Boosting,static,2025-07-14,1.0,-0.0014565702567628236
Gradient Boosting,static,2025-07-15,1.0,-0.006668496273750324
Gradient Boosting,static,2025-07-16,1.0,0.006713263647367462
Gradient Boosting,static,2025-07-17,1.0,-0.0041082576960875805
Gradient Boosting,static,2025-07-18,1.0,0.003886049027068239
Gradient Boosting,static,2025-07-21,1.0,0.014322678979327375
Gradient Boosting,static,2025-07-22,1.0,0.01094999116294626
Gradient Boosting,static,2025-07-23,1.0,-0.013386721889036113
Gradient Boosting,static,2025-07-24,1.0,-0.00709327082750999
Gradient Boosting,static,2025-07-25,1.0,-0.01123459384726544
Gradient Boosting,static,2025-07-28,1.0,-0.0076748102010902874
Gradient Boosting,static,2025-07-29,1.0,0.004229607250755274
Gradient Boosting,static,2025-07-30,1.0,-0.008483739823067049
Gradient Boosting,static,2025-07-31,1.0,-0.0009889124393861692
Gradient Boosting,static,2025-08-01,1.0,0.03236976170193273
Gradient Boosting,static,2025-08-04,1.0,0.007823946447907737
Gradient Boosting,static,2025-08-05,-1.0,-0.002622381819018771
Gradient Boosting,static,2025-08-06,1.0,-0.000578504337091079
Gradient Boosting,static,2025-08-07,1.0,0.005912520942948474
Gradient Boosting,static,2025-08-08,1.0,0.010886903375463053
Gradient Boosting,static,2025-08-11,1.0,-0.02480454170225721
Gradient Boosting,static,2025-08-12,1.0,-0.001674141995952727
Gradient Boosting,static,2025-08-13,1.0,0.0027361132180421244
Gradient Boosting,static,2025-08-14,1.0,-0.007364403748689963
Gradient Boosting,static,2025-08-15,-1.0,-2.2696404503941113e-05
Gradient Boosting,static,2025-08-18,1.0,-0.0015599294990375156
Gradient Boosting,static,2025-08-19,1.0,-0.005713454360013359
Gradient Boosting,static,2025-08-20,1.0,0.008872495090765042
Gradient Boosting,static,2025-08-21,1.0,-0.0020362704275490584
Gradient Boosting,static,2025-08-22,1.0,0.010911965128379553
Gradient Boosting,static,2025-08-25,1.0,-0.00029252596167905764
Gradient Boosting,static,2025-08-26,1.0,0.004535479151426491
Gradient Boosting,static,2025-08-27,1.0,0.004544158944436383
Gradient Boosting,static,2025-08-28,1.0,0.0074522851139919855
Gradient Boosting,static,2025-08-29,1.0,0.012031214414605307
Gradient Boosting,static,2025-09-02,1.0,0.02164325571002701
Gradient Boosting,static,2025-09-03,1.0,0.012053908305966976
Gradient Boosting,static,2025-09-04,1.0,-0.007921894877767843
Gradient Boosting,static,2025-09-05,1.0,0.01292042539915439
Gradient Boosting,static,2025-09-08,1.0,0.006596735333402437
Gradient Boosting,static,2025-09-09,1.0,0.0013052833402931174
Gradient Boosting,static,2025-09-10,1.0,-5.4302095086167235e-05
Gradient Boosting,static,2025-09-11,1.0,-0.0022813422986828202
Gradient Boosting,static,2025-09-12,1.0,0.0034842672983557144
Gradient Boosting,static,2025-09-15,1.0,0.008843342697444134
Gradient Boosting,static,2025-09-16,-1.0,-0.001840252125907571
Gradient Boosting,static,2025-09-17,1.0,-0.002159691991288537
Gradient Boosting,static,2025-09-18,1.0,-0.010624562774012136
Gradient Boosting,static,2025-09-19,1.0,0.0074762797039249484
Gradient Boosting,static,2025-09-22,1.0,0.01870042849452691
Gradient Boosting,static,2025-09-23,1.0,0.010754642914192258
Gradient Boosting,static,2025-09-24,-1.0,0.012274737040318428
Gradient Boosting,static,2025-09-25,1.0,0.0005961571938777112
Gradient Boosting,static,2025-09-26,1.0,0.010050091846489195
Gradient Boosting,static,2025-09-29,1.0,0.012129154941421527
Gradient Boosting,static,2025-09-30,1.0,0.004469018527697411
Gradient Boosting,static,2025-10-01,1.0,0.0062738947470999396
Gradient Boosting,static,2025-10-02,1.0,-0.007543271929121187
Gradient Boosting,static,2025-10-03,1.0,0.010547763412901645
Gradient Boosting,static,2025-10-06,-1.0,-0.017442740455943205
Gradient Boosting,static,2025-10-07,-1.0,-0.0070668342857844735
Gradient Boosting,static,2025-10-08,-1.0,-0.016506867263072822
Gradient Boosting,static,2025-10-09,-1.0,0.02405107538232409
Gradient Boosting,static,2025-10-10,1.0,0.006797886523715691
Gradient Boosting,static,2025-10-13,1.0,0.033146710552253156
Gradient Boosting,static,2025-10-14,-1.0,-0.007555408261250806
Gradient Boosting,static,2025-10-15,-1.0,-0.009175240478579871
Gradient Boosting,static,2025-10-16,-1.0,-0.024514470108056186
Gradient Boosting,static,2025-10-17,-1.0,0.021209936091034498
Gradient Boosting,static,2025-10-20,-1.0,-0.034675932031636325
Gradient Boosting,static,2025-10-21,-1.0,0.0574161146704919
Gradient Boosting,static,2025-10-22,1.0,-0.01083497950254988
Gradient Boosting,static,2025-10-23,1.0,0.0197275046093901
Gradient Boosting,static,2025-10-24,1.0,-0.001881583554853683
Gradient Boosting,static,2025-10-27,-1.0,0.028341703100724126
Gradient Boosting,static,2025-10-28,1.0,-0.009305120770259268
Gradient Boosting,static,2025-10-29,1.0,0.004418631991192301
Gradient Boosting,static,2025-10-30,1.0,0.0037993229578294763
Gradient Boosting,static,2025-10-31,1.0,-0.004830773379692066
Gradient Boosting,static,2025-11-03,-1.0,-0.00457883147754281
Gradient Boosting,static,2025-11-04,-1.0,0.013328350772296993
Gradient Boosting,static,2025-11-05,1.0,0.007980760596831149
Gradient Boosting,static,2025-11-06,-1.0,0.0002758201783707783
Gradient Boosting,static,2025-11-07,1.0,0.004510611081965688
Gradient Boosting,static,2025-11-10,-1.0,-0.028181432940693772
Gradient Boosting,static,2025-11-11,1.0,-0.0015828712548520362
Gradient Boosting,static,2025-11-12,-1.0,-0.02383780520989933
Gradient Boosting,static,2025-11-13,1.0,-0.004732964024486885
Gradient Boosting,static,2025-11-14,1.0,-0.02391227770368931
Gradient Boosting,static,2025-11-17,1.0,-0.004811672953646595
Gradient Boosting,static,2025-11-18,1.0,-0.0019634310958399626
Gradient Boosting,static,2025-11-19,1.0,0.0040083730058095846
Gradient Boosting,static,2025-11-20,1.0,-0.005584414753465383
Gradient Boosting,static,2025-11-21,1.0,0.004802955665024644
Gradient Boosting,static,2025-11-24,-1.0,-0.0038033707983516018
Gradient Boosting,static,2025-11-25,1.0,0.010986568651835314
Gradient Boosting,static,2025-11-26,-1.0,-0.0062870036986715444
Gradient Boosting,static,2025-11-28,1.0,0.021135509177253334
Gradient Boosting,static,2025-12-01,-1.0,-0.004876937836490148
Gradient Boosting,static,2025-12-02,1.0,-0.012832170503233065
Gradient Boosting,static,2025-12-03,1.0,0.002772032755381071
Gradient Boosting,static,2025-12-04,1.0,0.0024808033077377
Gradient Boosting,static,2025-12-05,1.0,0.0
Gradient Boosting,static,2025-12-08,1.0,-0.0059627161648597715
Gradient Boosting,static,2025-12-09,1.0,0.004386276677645462
Gradient Boosting,static,2025-12-10,1.0,-0.0027146970090613505
Gradient Boosting,static,2025-12-11,1.0,0.020900845173693616
Gradient Boosting,static,2025-12-12,-1.0,-0.003747369507883147
Gradient Boosting,static,2025-12-15,1.0,0.0013942496907277447
Gradient Boosting,static,2025-12-16,1.0,-0.0006690326846119365
Gradient Boosting,static,2025-12-17,1.0,0.009602312751125552
Gradient Boosting,static,2025-12-18,1.0,-0.0021490894976158303
Gradient Boosting,static,2025-12-19,1.0,0.0052239213397868856
Gradient Boosting,static,2025-12-22,1.0,0.01871312682313886
Gradient Boosting,static,2025-12-23,1.0,0.008121961283821255
Gradient Boosting,static,2025-12-24,1.0,-0.0006437158486526373
Gradient Boosting,static,2025-12-26,1.0,0.011082080658583404
Gradient Boosting,static,2025-12-29,1.0,-0.045928808989342484
Gradient Boosting,static,2025-12-30,1.0,0.009830487630362317
Gradient Boosting,static,2025-12-31,-1.0,0.010104746379384832
Gradient Boosting,static,2026-01-02,-1.0,0.002649098095252156
Gradient Boosting,static,2026-01-05,1.0,0.0279550026779005
Gradient Boosting,static,2026-01-06,-1.0,-0.010219116625014091
Gradient Boosting,static,2026-01-07,1.0,-0.0076731649488330994
Gradient Boosting,static,2026-01-08,1.0,-0.00040331757703082616
Gradient Boosting,static,2026-01-09,1.0,0.009011972396955503
Gradient Boosting,static,2026-01-12,-1.0,-0.025483897762198747
Gradient Boosting,static,2026-01-13,-1.0,0.00338052245996312
Gradient Boosting,static,2026-01-14,1.0,0.007758099819332487
Gradient Boosting,static,2026-01-15,1.0,-0.0025886057109849587
Gradient Boosting,static,2026-01-16,1.0,-0.006120702418690671
Gradient Boosting,static,2026-01-20,1.0,0.037080538356812465
Gradient Boosting,static,2026-01-21,-1.0,-0.015244735039432045
Gradient Boosting,static,2026-01-22,1.0,0.01548990229328171
Gradient Boosting,static,2026-01-23,1.0,0.013493770970509411
Gradient Boosting,static,2026-01-26,-1.0,-0.020843773852945467
Gradient Boosting,static,2026-01-27,-1.0,-1.9694570831285674e-05
Gradient Boosting,static,2026-01-28,-1.0,-0.04348168176794198
Gradient Boosting,static,2026-01-29,-1.0,-0.0027905204794833605
Gradient Boosting,static,2026-01-30,-1.0,0.10759554287274528
Gradient Boosting,static,2026-02-02,1.0,-0.019693793196415087
Gradient Boosting,static,2026-02-03,1.0,0.06069722228781482
Gradient Boosting,static,2026-02-04,-1.0,-0.0034015814969605928
Gradient Boosting,static,2026-02-05,1.0,-0.012581798316599358
Gradient Boosting,static,2026-02-06,-1.0,-0.018668106081910295
Gradient Boosting,static,2026-02-09,-1.0,-0.020000823640037968
Gradient Boosting,static,2026-02-10,-1.0,0.009528665447549711
Gradient Boosting,static,2026-02-11,1.0,0.013216815742397059
Gradient Boosting,static,2026-02-12,1.0,-0.02944005053569676
Gradient Boosting,static,2026-02-13,-1.0,-0.019984153317394802
Gradient Boosting,static,2026-02-17,1.0,-0.028022346625805404
Gradient Boosting,static,2026-02-18,1.0,0.02111745035946533
Gradient Boosting,static,2026-02-19,1.0,-0.0024154302138437167
Gradient Boosting,static,2026-02-20,-1.0,-0.016908688844540685
Gradient Boosting,static,2026-02-23,-1.0,-0.02847924542771474
Gradient Boosting,static,2026-02-24,-1.0,0.00943437921911816
Gradient Boosting,static,2026-02-25,1.0,0.009440166239948344
Gradient Boosting,static,2026-02-26,1.0,-0.006122995446806945
Gradient Boosting,static,2026-02-27,-1.0,-0.01053839763814104
Gradient Boosting,static,2026-03-02,-1.0,-0.012138226051920498
Gradient Boosting,static,2026-03-03,1.0,-0.03557538573859522
Gradient Boosting,static,2026-03-04,1.0,0.0021468859575475285
Gradient Boosting,static,2026-03-05,-1.0,0.0107061868989202
Gradient Boosting,static,2026-03-06,1.0,0.0155520619299083
Gradient Boosting,static,2026-03-09,1.0,-0.010661600387240178
Gradient Boosting,static,2026-03-10,1.0,0.027117561190381778
Gradient Boosting,static,2026-03-11,1.0,-0.012018084131618867
Gradient Boosting,static,2026-03-12,1.0,-0.010291419737739838
Gradient Boosting,static,2026-03-13,1.0,-0.012505289285075327
Gradient Boosting,static,2026-03-16,1.0,-0.011754943537568896
Gradient Boosting,static,2026-03-17,1.0,0.0011994721853840762
Gradient Boosting,static,2026-03-18,1.0,-0.022363323276259672
Gradient Boosting,static,2026-03-19,1.0,-0.05933172427837352
Gradient Boosting,static,2026-03-20,-1.0,0.00648742898204644
Gradient Boosting,static,2026-03-23,1.0,-0.036834702667568185
Gradient Boosting,static,2026-03-24,1.0,-0.0012025060518604525
Gradient Boosting,static,2026-03-25,1.0,0.03414352673500676
Gradient Boosting,static,2026-03-26,1.0,-0.03866177702504847
Gradient Boosting,static,2026-03-27,-1.0,-0.02675215604471084
Gradient Boosting,static,2026-03-30,1.0,0.007256872565386741
Gradient Boosting,static,2026-03-31,1.0,0.026667012297006278
Gradient Boosting,static,2026-04-01,1.0,0.035609776341011035
Gradient Boosting,static,2026-04-02,-1.0,0.027516004163036102
Gradient Boosting,static,2026-04-06,1.0,0.0008684445138191556
Gradient Boosting,static,2026-04-07,1.0,0.0
Gradient Boosting,static,2026-04-08,1.0,0.019745126933107704
Gradient Boosting,static,2026-04-09,1.0,0.008540526463080456
Gradient Boosting,static,2026-04-10,-1.0,0.006151203332555011
Gradient Boosting,static,2026-04-13,1.0,-0.004377633038386585
Gradient Boosting,static,2026-04-14,1.0,0.017347022906939902
Gradient Boosting,static,2026-04-15,1.0,-0.005463804759989531
Gradient Boosting,static,2026-04-16,1.0,-0.0031719654737100145
Gradient Boosting,static,2026-04-17,1.0,0.014828587206488386
Gradient Boosting,static,2026-04-20,1.0,-0.010410749231919647
Gradient Boosting,static,2026-04-21,1.0,-0.02261425435886688
Gradient Boosting,static,2026-04-22,1.0,0.007076850083195918
Gradient Boosting,static,2026-04-23,-1.0,0.005901409636019351
Gradient Boosting,static,2026-04-24,1.0,0.0033774560422840994
Gradient Boosting,static,2026-04-27,1.0,-0.009955853952519855
Gradient Boosting,static,2026-04-28,1.0,-0.018173357781551047
Gradient Boosting,static,2026-04-29,1.0,-0.010177046987588367
Gradient Boosting,static,2026-04-30,1.0,0.014929320981311056
XGBoost,static,2025-07-02,1.0,0.002855371126468709
XGBoost,static,2025-07-03,-1.0,0.004800461074586516
XGBoost,static,2025-07-04,1.0,0.0008769385148881039
XGBoost,static,2025-07-07,1.0,-0.0011056181598311232
XGBoost,static,2025-07-08,1.0,-0.007748039399920081
XGBoost,static,2025-07-09,1.0,0.0012361234215578776
XGBoost,static,2025-07-10,1.0,0.0014152216717480126
XGBoost,static,2025-07-11,1.0,0.011516387344152612
XGBoost,static,2025-07-14,1.0,-0.0014565702567628236
XGBoost,static,2025-07-15,1.0,-0.006668496273750324
XGBoost,static,2025-07-16,1.0,0.006713263647367462
XGBoost,static,2025-07-17,1.0,-0.0041082576960875805
XGBoost,static,2025-07-18,1.0,0.003886049027068239
XGBoost,static,2025-07-21,-1.0,-0.014522678979327375
XGBoost,static,2025-07-22,1.0,0.01074999116294626
XGBoost,static,2025-07-23,1.0,-0.013386721889036113
XGBoost,static,2025-07-24,1.0,-0.00709327082750999
XGBoost,static,2025-07-25,1.0,-0.01123459384726544
XGBoost,static,2025-07-28,1.0,-0.0076748102010902874
XGBoost,static,2025-07-29,1.0,0.004229607250755274
XGBoost,static,2025-07-30,1.0,-0.008483739823067049
XGBoost,static,2025-07-31,1.0,-0.0009889124393861692
XGBoost,static,2025-08-01,1.0,0.03236976170193273
XGBoost,static,2025-08-04,1.0,0.007823946447907737
XGBoost,static,2025-08-05,-1.0,-0.002622381819018771
XGBoost,static,2025-08-06,1.0,-0.000578504337091079
XGBoost,static,2025-08-07,1.0,0.005912520942948474
XGBoost,static,2025-08-08,1.0,0.010886903375463053
XGBoost,static,2025-08-11,-1.0,0.02460454170225721
XGBoost,static,2025-08-12,1.0,-0.0018741419959527271
XGBoost,static,2025-08-13,1.0,0.0027361132180421244
XGBoost,static,2025-08-14,1.0,-0.007364403748689963
XGBoost,static,2025-08-15,1.0,-0.0001773035954960589
XGBoost,static,2025-08-18,1.0,-0.0013599294990375155
XGBoost,static,2025-08-19,1.0,-0.005713454360013359
XGBoost,static,2025-08-20,1.0,0.008872495090765042
XGBoost,static,2025-08-21,-1.0,0.0018362704275490583
XGBoost,static,2025-08-22,1.0,0.010711965128379552
XGBoost,static,2025-08-25,1.0,-0.00029252596167905764
XGBoost,static,2025-08-26,1.0,0.004535479151426491
XGBoost,static,2025-08-27,1.0,0.004544158944436383
XGBoost,static,2025-08-28,1.0,0.0074522851139919855
XGBoost,static,2025-08-29,1.0,0.012031214414605307
XGBoost,static,2025-09-02,1.0,0.02164325571002701
XGBoost,static,2025-09-03,1.0,0.012053908305966976
XGBoost,static,2025-09-04,1.0,-0.007921894877767843
XGBoost,static,2025-09-05,1.0,0.01292042539915439
XGBoost,static,2025-09-08,1.0,0.006596735333402437
XGBoost,static,2025-09-09,1.0,0.0013052833402931174
XGBoost,static,2025-09-10,1.0,-5.4302095086167235e-05
XGBoost,static,2025-09-11,1.0,-0.0022813422986828202
XGBoost,static,2025-09-12,1.0,0.0034842672983557144
XGBoost,static,2025-09-15,1.0,0.008843342697444134
XGBoost,static,2025-09-16,-1.0,-0.001840252125907571
XGBoost,static,2025-09-17,1.0,-0.002159691991288537
XGBoost,static,2025-09-18,1.0,-0.010624562774012136
XGBoost,static,2025-09-19,1.0,0.0074762797039249484
XGBoost,static,2025-09-22,1.0,0.01870042849452691
XGBoost,static,2025-09-23,-1.0,-0.010954642914192259
XGBoost,static,2025-09-24,-1.0,0.012474737040318429
XGBoost,static,2025-09-25,1.0,0.0005961571938777112
XGBoost,static,2025-09-26,1.0,0.010050091846489195
XGBoost,static,2025-09-29,1.0,0.012129154941421527
XGBoost,static,2025-09-30,1.0,0.004469018527697411
XGBoost,static,2025-10-01,1.0,0.0062738947470999396
XGBoost,static,2025-10-02,-1.0,0.007343271929121187
XGBoost,static,2025-10-03,1.0,0.010347763412901645
XGBoost,static,2025-10-06,-1.0,-0.017442740455943205
XGBoost,static,2025-10-07,-1.0,-0.0070668342857844735
XGBoost,static,2025-10-08,-1.0,-0.016506867263072822
XGBoost,static,2025-10-09,-1.0,0.02405107538232409
XGBoost,static,2025-10-10,1.0,0.006797886523715691
XGBoost,static,2025-10-13,-1.0,-0.033346710552253155
XGBoost,static,2025-10-14,-1.0,-0.0073554082612508065
XGBoost,static,2025-10-15,1.0,0.00897524047857987
XGBoost,static,2025-10-16,1.0,0.024514470108056186
XGBoost,static,2025-10-17,-1.0,0.0210099360910345
XGBoost,static,2025-10-20,-1.0,-0.034675932031636325
XGBoost,static,2025-10-21,-1.0,0.0574161146704919
XGBoost,static,2025-10-22,1.0,-0.01083497950254988
XGBoost,static,2025-10-23,1.0,0.0197275046093901
XGBoost,static,2025-10-24,1.0,-0.001881583554853683
XGBoost,static,2025-10-27,-1.0,0.028341703100724126
XGBoost,static,2025-10-28,1.0,-0.009305120770259268
XGBoost,static,2025-10-29,1.0,0.004418631991192301
XGBoost,static,2025-10-30,-1.0,-0.003999322957829476
XGBoost,static,2025-10-31,-1.0,0.004830773379692066
XGBoost,static,2025-11-03,1.0,0.004178831477542811
XGBoost,static,2025-11-04,-1.0,0.013128350772296992
XGBoost,static,2025-11-05,1.0,0.007980760596831149
XGBoost,static,2025-11-06,-1.0,0.0002758201783707783
XGBoost,static,2025-11-07,1.0,0.004510611081965688
XGBoost,static,2025-11-10,-1.0,-0.028181432940693772
XGBoost,static,2025-11-11,1.0,-0.0015828712548520362
XGBoost,static,2025-11-12,-1.0,-0.02383780520989933
XGBoost,static,2025-11-13,-1.0,0.004532964024486885
XGBoost,static,2025-11-14,-1.0,0.02391227770368931
XGBoost,static,2025-11-17,-1.0,0.004811672953646595
XGBoost,static,2025-11-18,1.0,-0.0021634310958399626
XGBoost,static,2025-11-19,-1.0,-0.004208373005809584
XGBoost,static,2025-11-20,-1.0,0.005584414753465383
XGBoost,static,2025-11-21,1.0,0.0046029556650246444
XGBoost,static,2025-11-24,-1.0,-0.0038033707983516018
XGBoost,static,2025-11-25,-1.0,-0.011186568651835314
XGBoost,static,2025-11-26,-1.0,-0.006087003698671545
XGBoost,static,2025-11-28,1.0,0.021135509177253334
XGBoost,static,2025-12-01,-1.0,-0.004876937836490148
XGBoost,static,2025-12-02,1.0,-0.012832170503233065
XGBoost,static,2025-12-03,1.0,0.002772032755381071
XGBoost,static,2025-12-04,1.0,0.0024808033077377
XGBoost,static,2025-12-05,1.0,0.0
XGBoost,static,2025-12-08,1.0,-0.0059627161648597715
XGBoost,static,2025-12-09,1.0,0.004386276677645462
XGBoost,static,2025-12-10,-1.0,0.0025146970090613504
XGBoost,static,2025-12-11,1.0,0.020700845173693617
XGBoost,static,2025-12-12,-1.0,-0.003747369507883147
XGBoost,static,2025-12-15,1.0,0.0013942496907277447
XGBoost,static,2025-12-16,1.0,-0.0006690326846119365
XGBoost,static,2025-12-17,1.0,0.009602312751125552
XGBoost,static,2025-12-18,-1.0,0.0019490894976158303
XGBoost,static,2025-12-19,1.0,0.005023921339786886
XGBoost,static,2025-12-22,1.0,0.01871312682313886
XGBoost,static,2025-12-23,1.0,0.008121961283821255
XGBoost,static,2025-12-24,1.0,-0.0006437158486526373
XGBoost,static,2025-12-26,-1.0,-0.011282080658583405
XGBoost,static,2025-12-29,1.0,-0.04612880898934248
XGBoost,static,2025-12-30,-1.0,-0.010030487630362317
XGBoost,static,2025-12-31,-1.0,0.010304746379384833
XGBoost,static,2026-01-02,1.0,-0.002849098095252156
XGBoost,static,2026-01-05,1.0,0.028155002677900498
XGBoost,static,2026-01-06,-1.0,-0.010219116625014091
XGBoost,static,2026-01-07,-1.0,0.0074731649488331
XGBoost,static,2026-01-08,1.0,-0.0006033175770308261
XGBoost,static,2026-01-09,-1.0,-0.009211972396955504
XGBoost,static,2026-01-12,-1.0,-0.025283897762198748
XGBoost,static,2026-01-13,-1.0,0.00338052245996312
XGBoost,static,2026-01-14,-1.0,-0.007958099819332487
XGBoost,static,2026-01-15,-1.0,0.0025886057109849587
XGBoost,static,2026-01-16,1.0,-0.006320702418690671
XGBoost,static,2026-01-20,1.0,0.037080538356812465
XGBoost,static,2026-01-21,-1.0,-0.015244735039432045
XGBoost,static,2026-01-22,1.0,0.01548990229328171
XGBoost,static,2026-01-23,-1.0,-0.013693770970509412
XGBoost,static,2026-01-26,-1.0,-0.02064377385294547
XGBoost,static,2026-01-27,-1.0,-1.9694570831285674e-05
XGBoost,static,2026-01-28,-1.0,-0.04348168176794198
XGBoost,static,2026-01-29,-1.0,-0.0027905204794833605
XGBoost,static,2026-01-30,-1.0,0.10759554287274528
XGBoost,static,2026-02-02,1.0,-0.019693793196415087
XGBoost,static,2026-02-03,1.0,0.06069722228781482
XGBoost,static,2026-02-04,-1.0,-0.0034015814969605928
XGBoost,static,2026-02-05,-1.0,0.012381798316599357
XGBoost,static,2026-02-06,-1.0,-0.018468106081910296
XGBoost,static,2026-02-09,-1.0,-0.020000823640037968
XGBoost,static,2026-02-10,-1.0,0.009528665447549711
XGBoost,static,2026-02-11,-1.0,-0.013416815742397059
XGBoost,static,2026-02-12,1.0,-0.02964005053569676
XGBoost,static,2026-02-13,1.0,0.019784153317394804
XGBoost,static,2026-02-17,1.0,-0.027822346625805405
XGBoost,static,2026-02-18,1.0,0.02111745035946533
XGBoost,static,2026-02-19,-1.0,0.0022154302138437166
XGBoost,static,2026-02-20,-1.0,-0.016708688844540687
XGBoost,static,2026-02-23,-1.0,-0.02847924542771474
XGBoost,static,2026-02-24,-1.0,0.00943437921911816
XGBoost,static,2026-02-25,1.0,0.009440166239948344
XGBoost,static,2026-02-26,1.0,-0.006122995446806945
XGBoost,static,2026-02-27,1.0,0.01033839763814104
XGBoost,static,2026-03-02,-1.0,-0.012338226051920498
XGBoost,static,2026-03-03,-1.0,0.03537538573859522
XGBoost,static,2026-03-04,1.0,0.0019468859575475284
XGBoost,static,2026-03-05,-1.0,0.0107061868989202
XGBoost,static,2026-03-06,1.0,0.0155520619299083
XGBoost,static,2026-03-09,-1.0,0.010461600387240177
XGBoost,static,2026-03-10,1.0,0.02691756119038178
XGBoost,static,2026-03-11,1.0,-0.012018084131618867
XGBoost,static,2026-03-12,1.0,-0.010291419737739838
XGBoost,static,2026-03-13,1.0,-0.012505289285075327
XGBoost,static,2026-03-16,1.0,-0.011754943537568896
XGBoost,static,2026-03-17,1.0,0.0011994721853840762
XGBoost,static,2026-03-18,1.0,-0.022363323276259672
XGBoost,static,2026-03-19,1.0,-0.05933172427837352
XGBoost,static,2026-03-20,-1.0,0.00648742898204644
XGBoost,static,2026-03-23,1.0,-0.036834702667568185
XGBoost,static,2026-03-24,1.0,-0.0012025060518604525
XGBoost,static,2026-03-25,1.0,0.03414352673500676
XGBoost,static,2026-03-26,1.0,-0.03866177702504847
XGBoost,static,2026-03-27,-1.0,-0.02675215604471084
XGBoost,static,2026-03-30,1.0,0.007256872565386741
XGBoost,static,2026-03-31,1.0,0.026667012297006278
XGBoost,static,2026-04-01,1.0,0.035609776341011035
XGBoost,static,2026-04-02,-1.0,0.027516004163036102
XGBoost,static,2026-04-06,1.0,0.0008684445138191556
XGBoost,static,2026-04-07,-1.0,-0.0002
XGBoost,static,2026-04-08,1.0,0.019545126933107705
XGBoost,static,2026-04-09,1.0,0.008540526463080456
XGBoost,static,2026-04-10,-1.0,0.006151203332555011
XGBoost,static,2026-04-13,1.0,-0.004377633038386585
XGBoost,static,2026-04-14,1.0,0.017347022906939902
XGBoost,static,2026-04-15,1.0,-0.005463804759989531
XGBoost,static,2026-04-16,1.0,-0.0031719654737100145
XGBoost,static,2026-04-17,-1.0,-0.015028587206488387
XGBoost,static,2026-04-20,1.0,-0.010610749231919648
XGBoost,static,2026-04-21,1.0,-0.02261425435886688
XGBoost,static,2026-04-22,1.0,0.007076850083195918
XGBoost,static,2026-04-23,-1.0,0.005901409636019351
XGBoost,static,2026-04-24,1.0,0.0033774560422840994
XGBoost,static,2026-04-27,-1.0,0.009755853952519855
XGBoost,static,2026-04-28,1.0,-0.018373357781551046
XGBoost,static,2026-04-29,1.0,-0.010177046987588367
XGBoost,static,2026-04-30,1.0,0.014929320981311056
SVR,static,2025-07-02,1.0,0.002855371126468709
SVR,static,2025-07-03,-1.0,0.004800461074586516
SVR,static,2025-07-04,1.0,0.0008769385148881039
SVR,static,2025-07-07,-1.0,0.0009056181598311232
SVR,static,2025-07-08,1.0,-0.007948039399920082
SVR,static,2025-07-09,-1.0,-0.0014361234215578777
SVR,static,2025-07-10,1.0,0.0012152216717480125
SVR,static,2025-07-11,1.0,0.011516387344152612
SVR,static,2025-07-14,1.0,-0.0014565702567628236
SVR,static,2025-07-15,-1.0,0.006468496273750324
SVR,static,2025-07-16,-1.0,-0.006713263647367462
SVR,static,2025-07-17,1.0,-0.00430825769608758
SVR,static,2025-07-18,1.0,0.003886049027068239
SVR,static,2025-07-21,-1.0,-0.014522678979327375
SVR,static,2025-07-22,1.0,0.01074999116294626
SVR,static,2025-07-23,-1.0,0.013186721889036112
SVR,static,2025-07-24,-1.0,0.00709327082750999
SVR,static,2025-07-25,-1.0,0.01123459384726544
SVR,static,2025-07-28,-1.0,0.0076748102010902874
SVR,static,2025-07-29,-1.0,-0.004229607250755274
SVR,static,2025-07-30,-1.0,0.008483739823067049
SVR,static,2025-07-31,1.0,-0.0011889124393861692
SVR,static,2025-08-01,1.0,0.03236976170193273
SVR,static,2025-08-04,-1.0,-0.008023946447907737
SVR,static,2025-08-05,1.0,0.0022223818190187706
SVR,static,2025-08-06,1.0,-0.000378504337091079
SVR,static,2025-08-07,1.0,0.005912520942948474
SVR,static,2025-08-08,-1.0,-0.011086903375463053
SVR,static,2025-08-11,1.0,-0.02500454170225721
SVR,static,2025-08-12,1.0,-0.001674141995952727
SVR,static,2025-08-13,-1.0,-0.0029361132180421245
SVR,static,2025-08-14,1.0,-0.007564403748689962
SVR,static,2025-08-15,1.0,-0.0001773035954960589
SVR,static,2025-08-18,-1.0,0.0011599294990375154
SVR,static,2025-08-19,-1.0,0.005713454360013359
SVR,static,2025-08-20,1.0,0.008672495090765042
SVR,static,2025-08-21,1.0,-0.0020362704275490584
SVR,static,2025-08-22,1.0,0.010911965128379553
SVR,static,2025-08-25,1.0,-0.00029252596167905764
SVR,static,2025-08-26,-1.0,-0.004735479151426491
SVR,static,2025-08-27,1.0,0.004344158944436383
SVR,static,2025-08-28,-1.0,-0.007652285113991985
SVR,static,2025-08-29,1.0,0.011831214414605306
SVR,static,2025-09-02,-1.0,-0.02184325571002701
SVR,static,2025-09-03,-1.0,-0.012053908305966976
SVR,static,2025-09-04,-1.0,0.007921894877767843
SVR,static,2025-09-05,1.0,0.012720425399154389
SVR,static,2025-09-08,1.0,0.006596735333402437
SVR,static,2025-09-09,-1.0,-0.0015052833402931175
SVR,static,2025-09-10,1.0,-0.0002543020950861672
SVR,static,2025-09-11,1.0,-0.0022813422986828202
SVR,static,2025-09-12,-1.0,-0.0036842672983557145
SVR,static,2025-09-15,-1.0,-0.008843342697444134
SVR,static,2025-09-16,-1.0,-0.0016402521259075709
SVR,static,2025-09-17,1.0,-0.002159691991288537
SVR,static,2025-09-18,1.0,-0.010624562774012136
SVR,static,2025-09-19,1.0,0.0074762797039249484
SVR,static,2025-09-22,1.0,0.01870042849452691
SVR,static,2025-09-23,1.0,0.010754642914192258
SVR,static,2025-09-24,1.0,-0.012474737040318429
SVR,static,2025-09-25,1.0,0.0007961571938777112
SVR,static,2025-09-26,1.0,0.010050091846489195
SVR,static,2025-09-29,-1.0,-0.012329154941421528
SVR,static,2025-09-30,-1.0,-0.00486901852769741
SVR,static,2025-10-01,1.0,0.00607389474709994
SVR,static,2025-10-02,-1.0,0.007343271929121187
SVR,static,2025-10-03,-1.0,-0.010547763412901645
SVR,static,2025-10-06,1.0,0.017042740455943207
SVR,static,2025-10-07,-1.0,-0.007266834285784473
SVR,static,2025-10-08,1.0,0.016306867263072823
SVR,static,2025-10-09,1.0,-0.02405107538232409
SVR,static,2025-10-10,-1.0,-0.00719788652371569
SVR,static,2025-10-13,1.0,0.03294671055225316
SVR,static,2025-10-14,1.0,0.0073554082612508065
SVR,static,2025-10-15,1.0,0.009175240478579871
SVR,static,2025-10-16,1.0,0.024514470108056186
SVR,static,2025-10-17,-1.0,0.0210099360910345
SVR,static,2025-10-20,-1.0,-0.034675932031636325
SVR,static,2025-10-21,1.0,-0.0576161146704919
SVR,static,2025-10-22,1.0,-0.01063497950254988
SVR,static,2025-10-23,1.0,0.0197275046093901
SVR,static,2025-10-24,1.0,-0.001881583554853683
SVR,static,2025-10-27,1.0,-0.028541703100724125
SVR,static,2025-10-28,1.0,-0.009105120770259267
SVR,static,2025-10-29,-1.0,-0.004618631991192301
SVR,static,2025-10-30,-1.0,-0.0037993229578294763
SVR,static,2025-10-31,1.0,-0.005030773379692066
SVR,static,2025-11-03,1.0,0.0043788314775428105
SVR,static,2025-11-04,-1.0,0.013128350772296992
SVR,static,2025-11-05,-1.0,-0.00818076059683115
SVR,static,2025-11-06,1.0,-0.0006758201783707783
SVR,static,2025-11-07,1.0,0.004710611081965688
SVR,static,2025-11-10,-1.0,-0.028181432940693772
SVR,static,2025-11-11,1.0,-0.0015828712548520362
SVR,static,2025-11-12,-1.0,-0.02383780520989933
SVR,static,2025-11-13,-1.0,0.004532964024486885
SVR,static,2025-11-14,1.0,-0.02411227770368931
SVR,static,2025-11-17,1.0,-0.004811672953646595
SVR,static,2025-11-18,-1.0,0.0017634310958399625
SVR,static,2025-11-19,1.0,0.0038083730058095845
SVR,static,2025-11-20,1.0,-0.005584414753465383
SVR,static,2025-11-21,1.0,0.004802955665024644
SVR,static,2025-11-24,1.0,0.0036033707983516017
SVR,static,2025-11-25,1.0,0.011186568651835314
SVR,static,2025-11-26,-1.0,-0.0062870036986715444
SVR,static,2025-11-28,1.0,0.021135509177253334
SVR,static,2025-12-01,-1.0,-0.004876937836490148
SVR,static,2025-12-02,-1.0,0.012632170503233064
SVR,static,2025-12-03,-1.0,-0.002772032755381071
SVR,static,2025-12-04,1.0,0.0022808033077377
SVR,static,2025-12-05,-1.0,-0.0002
SVR,static,2025-12-08,-1.0,0.0059627161648597715
SVR,static,2025-12-09,-1.0,-0.004386276677645462
SVR,static,2025-12-10,-1.0,0.0027146970090613505
SVR,static,2025-12-11,1.0,0.020700845173693617
SVR,static,2025-12-12,1.0,0.003547369507883147
SVR,static,2025-12-15,1.0,0.0015942496907277448
SVR,static,2025-12-16,1.0,-0.0006690326846119365
SVR,static,2025-12-17,-1.0,-0.009802312751125553
SVR,static,2025-12-18,1.0,-0.0023490894976158304
SVR,static,2025-12-19,-1.0,-0.005423921339786885
SVR,static,2025-12-22,-1.0,-0.01871312682313886
SVR,static,2025-12-23,1.0,0.007921961283821255
SVR,static,2025-12-24,-1.0,0.00044371584865263733
SVR,static,2025-12-26,1.0,0.010882080658583404
SVR,static,2025-12-29,1.0,-0.045928808989342484
SVR,static,2025-12-30,1.0,0.009830487630362317
SVR,static,2025-12-31,-1.0,0.010104746379384832
SVR,static,2026-01-02,1.0,-0.002849098095252156
SVR,static,2026-01-05,1.0,0.028155002677900498
SVR,static,2026-01-06,1.0,0.01001911662501409
SVR,static,2026-01-07,-1.0,0.0072731649488331
SVR,static,2026-01-08,-1.0,0.00040331757703082616
SVR,static,2026-01-09,-1.0,-0.009011972396955503
SVR,static,2026-01-12,-1.0,-0.025283897762198748
SVR,static,2026-01-13,1.0,-0.00358052245996312
SVR,static,2026-01-14,-1.0,-0.008158099819332488
SVR,static,2026-01-15,-1.0,0.0025886057109849587
SVR,static,2026-01-16,-1.0,0.006120702418690671
SVR,static,2026-01-20,-1.0,-0.037080538356812465
SVR,static,2026-01-21,1.0,0.014844735039432044
SVR,static,2026-01-22,1.0,0.01568990229328171
SVR,static,2026-01-23,-1.0,-0.013693770970509412
SVR,static,2026-01-26,-1.0,-0.02064377385294547
SVR,static,2026-01-27,-1.0,-1.9694570831285674e-05
SVR,static,2026-01-28,1.0,0.04328168176794198
SVR,static,2026-01-29,-1.0,-0.0029905204794833606
SVR,static,2026-01-30,-1.0,0.10759554287274528
SVR,static,2026-02-02,1.0,-0.019693793196415087
SVR,static,2026-02-03,1.0,0.06069722228781482
SVR,static,2026-02-04,1.0,0.0032015814969605927
SVR,static,2026-02-05,1.0,-0.012381798316599357
SVR,static,2026-02-06,1.0,0.018468106081910296
SVR,static,2026-02-09,1.0,0.020000823640037968
SVR,static,2026-02-10,1.0,-0.009528665447549711
SVR,static,2026-02-11,1.0,0.013416815742397059
SVR,static,2026-02-12,1.0,-0.02944005053569676
SVR,static,2026-02-13,1.0,0.019784153317394804
SVR,static,2026-02-17,-1.0,0.027622346625805407
SVR,static,2026-02-18,1.0,0.02091745035946533
SVR,static,2026-02-19,1.0,-0.0024154302138437167
SVR,static,2026-02-20,1.0,0.016708688844540687
SVR,static,2026-02-23,1.0,0.02847924542771474
SVR,static,2026-02-24,1.0,-0.00943437921911816
SVR,static,2026-02-25,1.0,0.009640166239948345
SVR,static,2026-02-26,1.0,-0.006122995446806945
SVR,static,2026-02-27,-1.0,-0.01053839763814104
SVR,static,2026-03-02,1.0,0.011938226051920497
SVR,static,2026-03-03,1.0,-0.03537538573859522
SVR,static,2026-03-04,-1.0,-0.0023468859575475286
SVR,static,2026-03-05,1.0,-0.011106186898920201
SVR,static,2026-03-06,-1.0,-0.0159520619299083
SVR,static,2026-03-09,-1.0,0.010661600387240178
SVR,static,2026-03-10,1.0,0.02691756119038178
SVR,static,2026-03-11,1.0,-0.012018084131618867
SVR,static,2026-03-12,-1.0,0.010091419737739837
SVR,static,2026-03-13,1.0,-0.012705289285075328
SVR,static,2026-03-16,1.0,-0.011754943537568896
SVR,static,2026-03-17,1.0,0.0011994721853840762
SVR,static,2026-03-18,1.0,-0.022363323276259672
SVR,static,2026-03-19,1.0,-0.05933172427837352
SVR,static,2026-03-20,-1.0,0.00648742898204644
SVR,static,2026-03-23,1.0,-0.036834702667568185
SVR,static,2026-03-24,1.0,-0.0012025060518604525
SVR,static,2026-03-25,1.0,0.03414352673500676
SVR,static,2026-03-26,1.0,-0.03866177702504847
SVR,static,2026-03-27,1.0,0.02655215604471084
SVR,static,2026-03-30,1.0,0.007456872565386741
SVR,static,2026-03-31,1.0,0.026667012297006278
SVR,static,2026-04-01,1.0,0.035609776341011035
SVR,static,2026-04-02,-1.0,0.027516004163036102
SVR,static,2026-04-06,1.0,0.0008684445138191556
SVR,static,2026-04-07,-1.0,-0.0002
SVR,static,2026-04-08,-1.0,-0.019745126933107704
SVR,static,2026-04-09,-1.0,-0.008540526463080456
SVR,static,2026-04-10,-1.0,0.006351203332555011
SVR,static,2026-04-13,1.0,-0.004377633038386585
SVR,static,2026-04-14,1.0,0.017347022906939902
SVR,static,2026-04-15,-1.0,0.005263804759989532
SVR,static,2026-04-16,1.0,-0.0033719654737100146
SVR,static,2026-04-17,1.0,0.014828587206488386
SVR,static,2026-04-20,1.0,-0.010410749231919647
SVR,static,2026-04-21,1.0,-0.02261425435886688
SVR,static,2026-04-22,1.0,0.007076850083195918
SVR,static,2026-04-23,1.0,-0.00610140963601935
SVR,static,2026-04-24,-1.0,-0.0037774560422840996
SVR,static,2026-04-27,1.0,-0.010155853952519856
SVR,static,2026-04-28,1.0,-0.018173357781551047
SVR,static,2026-04-29,1.0,-0.010177046987588367
SVR,static,2026-04-30,1.0,0.014929320981311056
LSTM,static,2025-07-02,1.0,0.002855371126468709
LSTM,static,2025-07-03,1.0,-0.005000461074586515
LSTM,static,2025-07-04,1.0,0.0010769385148881039
LSTM,static,2025-07-07,1.0,-0.0011056181598311232
LSTM,static,2025-07-08,-1.0,0.007548039399920082
LSTM,static,2025-07-09,1.0,0.0010361234215578775
LSTM,static,2025-07-10,1.0,0.0014152216717480126
LSTM,static,2025-07-11,1.0,0.011516387344152612
LSTM,static,2025-07-14,1.0,-0.0014565702567628236
LSTM,static,2025-07-15,1.0,-0.006668496273750324
LSTM,static,2025-07-16,1.0,0.006713263647367462
LSTM,static,2025-07-17,1.0,-0.0041082576960875805
LSTM,static,2025-07-18,1.0,0.003886049027068239
LSTM,static,2025-07-21,1.0,0.014322678979327375
LSTM,static,2025-07-22,1.0,0.01094999116294626
LSTM,static,2025-07-23,-1.0,0.013186721889036112
LSTM,static,2025-07-24,1.0,-0.0072932708275099895
LSTM,static,2025-07-25,1.0,-0.01123459384726544
LSTM,static,2025-07-28,1.0,-0.0076748102010902874
LSTM,static,2025-07-29,1.0,0.004229607250755274
LSTM,static,2025-07-30,1.0,-0.008483739823067049
LSTM,static,2025-07-31,1.0,-0.0009889124393861692
LSTM,static,2025-08-01,1.0,0.03236976170193273
LSTM,static,2025-08-04,1.0,0.007823946447907737
LSTM,static,2025-08-05,1.0,0.0024223818190187707
LSTM,static,2025-08-06,1.0,-0.000378504337091079
LSTM,static,2025-08-07,1.0,0.005912520942948474
LSTM,static,2025-08-08,1.0,0.010886903375463053
LSTM,static,2025-08-11,-1.0,0.02460454170225721
LSTM,static,2025-08-12,1.0,-0.0018741419959527271
LSTM,static,2025-08-13,1.0,0.0027361132180421244
LSTM,static,2025-08-14,1.0,-0.007364403748689963
LSTM,static,2025-08-15,1.0,-0.0001773035954960589
LSTM,static,2025-08-18,1.0,-0.0013599294990375155
LSTM,static,2025-08-19,1.0,-0.005713454360013359
LSTM,static,2025-08-20,1.0,0.008872495090765042
LSTM,static,2025-08-21,1.0,-0.0020362704275490584
LSTM,static,2025-08-22,1.0,0.010911965128379553
LSTM,static,2025-08-25,1.0,-0.00029252596167905764
LSTM,static,2025-08-26,1.0,0.004535479151426491
LSTM,static,2025-08-27,1.0,0.004544158944436383
LSTM,static,2025-08-28,1.0,0.0074522851139919855
LSTM,static,2025-08-29,1.0,0.012031214414605307
LSTM,static,2025-09-02,1.0,0.02164325571002701
LSTM,static,2025-09-03,1.0,0.012053908305966976
LSTM,static,2025-09-04,1.0,-0.007921894877767843
LSTM,static,2025-09-05,1.0,0.01292042539915439
LSTM,static,2025-09-08,1.0,0.006596735333402437
LSTM,static,2025-09-09,1.0,0.0013052833402931174
LSTM,static,2025-09-10,1.0,-5.4302095086167235e-05
LSTM,static,2025-09-11,1.0,-0.0022813422986828202
LSTM,static,2025-09-12,1.0,0.0034842672983557144
LSTM,static,2025-09-15,-1.0,-0.009043342697444135
LSTM,static,2025-09-16,-1.0,-0.0016402521259075709
LSTM,static,2025-09-17,-1.0,0.001959691991288537
LSTM,static,2025-09-18,-1.0,0.010624562774012136
LSTM,static,2025-09-19,1.0,0.007276279703924949
LSTM,static,2025-09-22,-1.0,-0.01890042849452691
LSTM,static,2025-09-23,-1.0,-0.010754642914192258
LSTM,static,2025-09-24,-1.0,0.012474737040318429
LSTM,static,2025-09-25,1.0,0.0005961571938777112
LSTM,static,2025-09-26,1.0,0.010050091846489195
LSTM,static,2025-09-29,1.0,0.012129154941421527
LSTM,static,2025-09-30,-1.0,-0.00506901852769741
LSTM,static,2025-10-01,-1.0,-0.0062738947470999396
LSTM,static,2025-10-02,-1.0,0.007543271929121187
LSTM,static,2025-10-03,-1.0,-0.010547763412901645
LSTM,static,2025-10-06,-1.0,-0.017242740455943206
LSTM,static,2025-10-07,-1.0,-0.0070668342857844735
LSTM,static,2025-10-08,-1.0,-0.016506867263072822
LSTM,static,2025-10-09,-1.0,0.02405107538232409
LSTM,static,2025-10-10,-1.0,-0.006997886523715691
LSTM,static,2025-10-13,-1.0,-0.033146710552253156
LSTM,static,2025-10-14,-1.0,-0.0073554082612508065
LSTM,static,2025-10-15,-1.0,-0.009175240478579871
LSTM,static,2025-10-16,-1.0,-0.024514470108056186
LSTM,static,2025-10-17,-1.0,0.021209936091034498
LSTM,static,2025-10-20,-1.0,-0.034675932031636325
LSTM,static,2025-10-21,-1.0,0.0574161146704919
LSTM,static,2025-10-22,-1.0,0.01063497950254988
LSTM,static,2025-10-23,-1.0,-0.0197275046093901
LSTM,static,2025-10-24,-1.0,0.001881583554853683
LSTM,static,2025-10-27,-1.0,0.028541703100724125
LSTM,static,2025-10-28,-1.0,0.009105120770259267
LSTM,static,2025-10-29,1.0,0.0042186319911923014
LSTM,static,2025-10-30,1.0,0.0037993229578294763
LSTM,static,2025-10-31,1.0,-0.004830773379692066
LSTM,static,2025-11-03,1.0,0.0043788314775428105
LSTM,static,2025-11-04,1.0,-0.013328350772296993
LSTM,static,2025-11-05,1.0,0.00818076059683115
LSTM,static,2025-11-06,1.0,-0.0004758201783707783
LSTM,static,2025-11-07,1.0,0.004710611081965688
LSTM,static,2025-11-10,1.0,0.027981432940693773
LSTM,static,2025-11-11,1.0,-0.001382871254852036
LSTM,static,2025-11-12,-1.0,-0.02383780520989933
LSTM,static,2025-11-13,-1.0,0.004532964024486885
LSTM,static,2025-11-14,-1.0,0.02391227770368931
LSTM,static,2025-11-17,1.0,-0.005011672953646595
LSTM,static,2025-11-18,1.0,-0.0019634310958399626
LSTM,static,2025-11-19,1.0,0.0040083730058095846
LSTM,static,2025-11-20,1.0,-0.005584414753465383
LSTM,static,2025-11-21,1.0,0.004802955665024644
LSTM,static,2025-11-24,1.0,0.0036033707983516017
LSTM,static,2025-11-25,1.0,0.011186568651835314
LSTM,static,2025-11-26,-1.0,-0.0062870036986715444
LSTM,static,2025-11-28,-1.0,-0.02173550917725333
LSTM,static,2025-12-01,-1.0,-0.004676937836490148
LSTM,static,2025-12-02,-1.0,0.012632170503233064
LSTM,static,2025-12-03,-1.0,-0.002772032755381071
LSTM,static,2025-12-04,-1.0,-0.0024808033077377
LSTM,static,2025-12-05,-1.0,-0.0
LSTM,static,2025-12-08,-1.0,0.0059627161648597715
LSTM,static,2025-12-09,-1.0,-0.004386276677645462
LSTM,static,2025-12-10,-1.0,0.0027146970090613505
LSTM,static,2025-12-11,-1.0,-0.020900845173693616
LSTM,static,2025-12-12,-1.0,-0.003547369507883147
LSTM,static,2025-12-15,-1.0,-0.0015942496907277448
LSTM,static,2025-12-16,-1.0,0.0006690326846119365
LSTM,static,2025-12-17,-1.0,-0.009602312751125552
LSTM,static,2025-12-18,-1.0,0.0021490894976158303
LSTM,static,2025-12-19,-1.0,-0.0052239213397868856
LSTM,static,2025-12-22,-1.0,-0.01871312682313886
LSTM,static,2025-12-23,-1.0,-0.008121961283821255
LSTM,static,2025-12-24,-1.0,0.0006437158486526373
LSTM,static,2025-12-26,-1.0,-0.011082080658583404
LSTM,static,2025-12-29,-1.0,0.045928808989342484
LSTM,static,2025-12-30,-1.0,-0.009830487630362317
LSTM,static,2025-12-31,-1.0,0.010304746379384833
LSTM,static,2026-01-02,-1.0,0.002649098095252156
LSTM,static,2026-01-05,-1.0,-0.028155002677900498
LSTM,static,2026-01-06,-1.0,-0.01001911662501409
LSTM,static,2026-01-07,-1.0,0.0074731649488331
LSTM,static,2026-01-08,-1.0,0.00040331757703082616
LSTM,static,2026-01-09,-1.0,-0.009011972396955503
LSTM,static,2026-01-12,-1.0,-0.025283897762198748
LSTM,static,2026-01-13,-1.0,0.00338052245996312
LSTM,static,2026-01-14,-1.0,-0.007958099819332487
LSTM,static,2026-01-15,-1.0,0.0025886057109849587
LSTM,static,2026-01-16,-1.0,0.006120702418690671
LSTM,static,2026-01-20,-1.0,-0.037080538356812465
LSTM,static,2026-01-21,-1.0,-0.015044735039432044
LSTM,static,2026-01-22,-1.0,-0.01568990229328171
LSTM,static,2026-01-23,-1.0,-0.013493770970509411
LSTM,static,2026-01-26,-1.0,-0.02064377385294547
LSTM,static,2026-01-27,-1.0,-1.9694570831285674e-05
LSTM,static,2026-01-28,-1.0,-0.04348168176794198
LSTM,static,2026-01-29,-1.0,-0.0027905204794833605
LSTM,static,2026-01-30,1.0,-0.1081955428727453
LSTM,static,2026-02-02,1.0,-0.019493793196415088
LSTM,static,2026-02-03,1.0,0.06069722228781482
LSTM,static,2026-02-04,1.0,0.0032015814969605927
LSTM,static,2026-02-05,1.0,-0.012381798316599357
LSTM,static,2026-02-06,1.0,0.018468106081910296
LSTM,static,2026-02-09,1.0,0.020000823640037968
LSTM,static,2026-02-10,1.0,-0.009528665447549711
LSTM,static,2026-02-11,1.0,0.013416815742397059
LSTM,static,2026-02-12,1.0,-0.02944005053569676
LSTM,static,2026-02-13,1.0,0.019784153317394804
LSTM,static,2026-02-17,1.0,-0.027822346625805405
LSTM,static,2026-02-18,1.0,0.02111745035946533
LSTM,static,2026-02-19,1.0,-0.0024154302138437167
LSTM,static,2026-02-20,1.0,0.016708688844540687
LSTM,static,2026-02-23,1.0,0.02847924542771474
LSTM,static,2026-02-24,1.0,-0.00943437921911816
LSTM,static,2026-02-25,1.0,0.009640166239948345
LSTM,static,2026-02-26,1.0,-0.006122995446806945
LSTM,static,2026-02-27,1.0,0.01033839763814104
LSTM,static,2026-03-02,1.0,0.012138226051920498
LSTM,static,2026-03-03,1.0,-0.03537538573859522
LSTM,static,2026-03-04,1.0,0.0021468859575475285
LSTM,static,2026-03-05,1.0,-0.0109061868989202
LSTM,static,2026-03-06,1.0,0.0157520619299083
LSTM,static,2026-03-09,1.0,-0.010661600387240178
LSTM,static,2026-03-10,1.0,0.027117561190381778
LSTM,static,2026-03-11,1.0,-0.012018084131618867
LSTM,static,2026-03-12,1.0,-0.010291419737739838
LSTM,static,2026-03-13,1.0,-0.012505289285075327
LSTM,static,2026-03-16,1.0,-0.011754943537568896
LSTM,static,2026-03-17,1.0,0.0011994721853840762
LSTM,static,2026-03-18,1.0,-0.022363323276259672
LSTM,static,2026-03-19,1.0,-0.05933172427837352
LSTM,static,2026-03-20,1.0,-0.006687428982046439
LSTM,static,2026-03-23,1.0,-0.036634702667568186
LSTM,static,2026-03-24,1.0,-0.0012025060518604525
LSTM,static,2026-03-25,1.0,0.03414352673500676
LSTM,static,2026-03-26,1.0,-0.03866177702504847
LSTM,static,2026-03-27,1.0,0.02655215604471084
LSTM,static,2026-03-30,1.0,0.007456872565386741
LSTM,static,2026-03-31,1.0,0.026667012297006278
LSTM,static,2026-04-01,1.0,0.035609776341011035
LSTM,static,2026-04-02,1.0,-0.0277160041630361
LSTM,static,2026-04-06,1.0,0.0010684445138191556
LSTM,static,2026-04-07,1.0,0.0
LSTM,static,2026-04-08,1.0,0.019745126933107704
LSTM,static,2026-04-09,1.0,0.008540526463080456
LSTM,static,2026-04-10,1.0,-0.006351203332555011
LSTM,static,2026-04-13,1.0,-0.004177633038386586
LSTM,static,2026-04-14,1.0,0.017347022906939902
LSTM,static,2026-04-15,1.0,-0.005463804759989531
LSTM,static,2026-04-16,1.0,-0.0031719654737100145
LSTM,static,2026-04-17,1.0,0.014828587206488386
LSTM,static,2026-04-20,1.0,-0.010410749231919647
LSTM,static,2026-04-21,1.0,-0.02261425435886688
LSTM,static,2026-04-22,1.0,0.007076850083195918
LSTM,static,2026-04-23,1.0,-0.00610140963601935
LSTM,static,2026-04-24,1.0,0.0035774560422840995
LSTM,static,2026-04-27,-1.0,0.009755853952519855
LSTM,static,2026-04-28,-1.0,0.018173357781551047
LSTM,static,2026-04-29,-1.0,0.010177046987588367
LSTM,static,2026-04-30,-1.0,-0.014929320981311056
GRU,static,2025-07-02,1.0,0.002855371126468709
GRU,static,2025-07-03,1.0,-0.005000461074586515
GRU,static,2025-07-04,1.0,0.0010769385148881039
GRU,static,2025-07-07,1.0,-0.0011056181598311232
GRU,static,2025-07-08,1.0,-0.007748039399920081
GRU,static,2025-07-09,-1.0,-0.0014361234215578777
GRU,static,2025-07-10,-1.0,-0.0014152216717480126
GRU,static,2025-07-11,-1.0,-0.011516387344152612
GRU,static,2025-07-14,-1.0,0.0014565702567628236
GRU,static,2025-07-15,-1.0,0.006668496273750324
GRU,static,2025-07-16,1.0,0.006513263647367463
GRU,static,2025-07-17,1.0,-0.0041082576960875805
GRU,static,2025-07-18,1.0,0.003886049027068239
GRU,static,2025-07-21,-1.0,-0.014522678979327375
GRU,static,2025-07-22,-1.0,-0.01094999116294626
GRU,static,2025-07-23,-1.0,0.013386721889036113
GRU,static,2025-07-24,-1.0,0.00709327082750999
GRU,static,2025-07-25,-1.0,0.01123459384726544
GRU,static,2025-07-28,-1.0,0.0076748102010902874
GRU,static,2025-07-29,1.0,0.004029607250755274
GRU,static,2025-07-30,-1.0,0.008283739823067049
GRU,static,2025-07-31,1.0,-0.0011889124393861692
GRU,static,2025-08-01,-1.0,-0.03256976170193273
GRU,static,2025-08-04,-1.0,-0.007823946447907737
GRU,static,2025-08-05,-1.0,-0.0024223818190187707
GRU,static,2025-08-06,-1.0,0.000378504337091079
GRU,static,2025-08-07,-1.0,-0.005912520942948474
GRU,static,2025-08-08,-1.0,-0.010886903375463053
GRU,static,2025-08-11,-1.0,0.02480454170225721
GRU,static,2025-08-12,-1.0,0.001674141995952727
GRU,static,2025-08-13,-1.0,-0.0027361132180421244
GRU,static,2025-08-14,1.0,-0.007564403748689962
GRU,static,2025-08-15,1.0,-0.0001773035954960589
GRU,static,2025-08-18,1.0,-0.0013599294990375155
GRU,static,2025-08-19,1.0,-0.005713454360013359
GRU,static,2025-08-20,1.0,0.008872495090765042
GRU,static,2025-08-21,1.0,-0.0020362704275490584
GRU,static,2025-08-22,1.0,0.010911965128379553
GRU,static,2025-08-25,1.0,-0.00029252596167905764
GRU,static,2025-08-26,1.0,0.004535479151426491
GRU,static,2025-08-27,1.0,0.004544158944436383
GRU,static,2025-08-28,1.0,0.0074522851139919855
GRU,static,2025-08-29,1.0,0.012031214414605307
GRU,static,2025-09-02,1.0,0.02164325571002701
GRU,static,2025-09-03,1.0,0.012053908305966976
GRU,static,2025-09-04,1.0,-0.007921894877767843
GRU,static,2025-09-05,1.0,0.01292042539915439
GRU,static,2025-09-08,1.0,0.006596735333402437
GRU,static,2025-09-09,-1.0,-0.0015052833402931175
GRU,static,2025-09-10,-1.0,5.4302095086167235e-05
GRU,static,2025-09-11,-1.0,0.0022813422986828202
GRU,static,2025-09-12,1.0,0.0032842672983557143
GRU,static,2025-09-15,-1.0,-0.009043342697444135
GRU,static,2025-09-16,-1.0,-0.0016402521259075709
GRU,static,2025-09-17,-1.0,0.001959691991288537
GRU,static,2025-09-18,-1.0,0.010624562774012136
GRU,static,2025-09-19,-1.0,-0.0074762797039249484
GRU,static,2025-09-22,-1.0,-0.01870042849452691
GRU,static,2025-09-23,-1.0,-0.010754642914192258
GRU,static,2025-09-24,-1.0,0.012474737040318429
GRU,static,2025-09-25,-1.0,-0.0007961571938777112
GRU,static,2025-09-26,1.0,0.009850091846489195
GRU,static,2025-09-29,1.0,0.012129154941421527
GRU,static,2025-09-30,-1.0,-0.00506901852769741
GRU,static,2025-10-01,-1.0,-0.0062738947470999396
GRU,static,2025-10-02,-1.0,0.007543271929121187
GRU,static,2025-10-03,-1.0,-0.010547763412901645
GRU,static,2025-10-06,-1.0,-0.017242740455943206
GRU,static,2025-10-07,-1.0,-0.0070668342857844735
GRU,static,2025-10-08,-1.0,-0.016506867263072822
GRU,static,2025-10-09,-1.0,0.02405107538232409
GRU,static,2025-10-10,-1.0,-0.006997886523715691
GRU,static,2025-10-13,-1.0,-0.033146710552253156
GRU,static,2025-10-14,-1.0,-0.0073554082612508065
GRU,static,2025-10-15,-1.0,-0.009175240478579871
GRU,static,2025-10-16,-1.0,-0.024514470108056186
GRU,static,2025-10-17,-1.0,0.021209936091034498
GRU,static,2025-10-20,-1.0,-0.034675932031636325
GRU,static,2025-10-21,-1.0,0.0574161146704919
GRU,static,2025-10-22,-1.0,0.01063497950254988
GRU,static,2025-10-23,-1.0,-0.0197275046093901
GRU,static,2025-10-24,-1.0,0.001881583554853683
GRU,static,2025-10-27,-1.0,0.028541703100724125
GRU,static,2025-10-28,-1.0,0.009105120770259267
GRU,static,2025-10-29,1.0,0.0042186319911923014
GRU,static,2025-10-30,1.0,0.0037993229578294763
GRU,static,2025-10-31,1.0,-0.004830773379692066
GRU,static,2025-11-03,1.0,0.0043788314775428105
GRU,static,2025-11-04,1.0,-0.013328350772296993
GRU,static,2025-11-05,1.0,0.00818076059683115
GRU,static,2025-11-06,1.0,-0.0004758201783707783
GRU,static,2025-11-07,1.0,0.004710611081965688
GRU,static,2025-11-10,1.0,0.027981432940693773
GRU,static,2025-11-11,-1.0,0.001182871254852036
GRU,static,2025-11-12,1.0,0.023437805209899333
GRU,static,2025-11-13,-1.0,0.0043329640244868855
GRU,static,2025-11-14,1.0,-0.02411227770368931
GRU,static,2025-11-17,1.0,-0.004811672953646595
GRU,static,2025-11-18,1.0,-0.0019634310958399626
GRU,static,2025-11-19,1.0,0.0040083730058095846
GRU,static,2025-11-20,-1.0,0.0053844147534653835
GRU,static,2025-11-21,-1.0,-0.004802955665024644
GRU,static,2025-11-24,-1.0,-0.0036033707983516017
GRU,static,2025-11-25,-1.0,-0.011186568651835314
GRU,static,2025-11-26,1.0,0.005887003698671545
GRU,static,2025-11-28,-1.0,-0.02193550917725333
GRU,static,2025-12-01,-1.0,-0.004676937836490148
GRU,static,2025-12-02,1.0,-0.012832170503233065
GRU,static,2025-12-03,1.0,0.002772032755381071
GRU,static,2025-12-04,1.0,0.0024808033077377
GRU,static,2025-12-05,1.0,0.0
GRU,static,2025-12-08,1.0,-0.0059627161648597715
GRU,static,2025-12-09,1.0,0.004386276677645462
GRU,static,2025-12-10,1.0,-0.0027146970090613505
GRU,static,2025-12-11,1.0,0.020900845173693616
GRU,static,2025-12-12,1.0,0.003547369507883147
GRU,static,2025-12-15,-1.0,-0.001794249690727745
GRU,static,2025-12-16,1.0,-0.0008690326846119365
GRU,static,2025-12-17,1.0,0.009602312751125552
GRU,static,2025-12-18,1.0,-0.0021490894976158303
GRU,static,2025-12-19,1.0,0.0052239213397868856
GRU,static,2025-12-22,1.0,0.01871312682313886
GRU,static,2025-12-23,1.0,0.008121961283821255
GRU,static,2025-12-24,1.0,-0.0006437158486526373
GRU,static,2025-12-26,1.0,0.011082080658583404
GRU,static,2025-12-29,1.0,-0.045928808989342484
GRU,static,2025-12-30,-1.0,-0.010030487630362317
GRU,static,2025-12-31,-1.0,0.010304746379384833
GRU,static,2026-01-02,-1.0,0.002649098095252156
GRU,static,2026-01-05,-1.0,-0.028155002677900498
GRU,static,2026-01-06,-1.0,-0.01001911662501409
GRU,static,2026-01-07,1.0,-0.0076731649488330994
GRU,static,2026-01-08,-1.0,0.00020331757703082615
GRU,static,2026-01-09,-1.0,-0.009011972396955503
GRU,static,2026-01-12,-1.0,-0.025283897762198748
GRU,static,2026-01-13,-1.0,0.00338052245996312
GRU,static,2026-01-14,-1.0,-0.007958099819332487
GRU,static,2026-01-15,-1.0,0.0025886057109849587
GRU,static,2026-01-16,-1.0,0.006120702418690671
GRU,static,2026-01-20,-1.0,-0.037080538356812465
GRU,static,2026-01-21,-1.0,-0.015044735039432044
GRU,static,2026-01-22,-1.0,-0.01568990229328171
GRU,static,2026-01-23,-1.0,-0.013493770970509411
GRU,static,2026-01-26,-1.0,-0.02064377385294547
GRU,static,2026-01-27,-1.0,-1.9694570831285674e-05
GRU,static,2026-01-28,-1.0,-0.04348168176794198
GRU,static,2026-01-29,-1.0,-0.0027905204794833605
GRU,static,2026-01-30,1.0,-0.1081955428727453
GRU,static,2026-02-02,1.0,-0.019493793196415088
GRU,static,2026-02-03,1.0,0.06069722228781482
GRU,static,2026-02-04,1.0,0.0032015814969605927
GRU,static,2026-02-05,1.0,-0.012381798316599357
GRU,static,2026-02-06,1.0,0.018468106081910296
GRU,static,2026-02-09,-1.0,-0.020200823640037967
GRU,static,2026-02-10,-1.0,0.009528665447549711
GRU,static,2026-02-11,-1.0,-0.013416815742397059
GRU,static,2026-02-12,-1.0,0.02944005053569676
GRU,static,2026-02-13,1.0,0.019584153317394805
GRU,static,2026-02-17,-1.0,0.027622346625805407
GRU,static,2026-02-18,1.0,0.02091745035946533
GRU,static,2026-02-19,1.0,-0.0024154302138437167
GRU,static,2026-02-20,1.0,0.016708688844540687
GRU,static,2026-02-23,1.0,0.02847924542771474
GRU,static,2026-02-24,1.0,-0.00943437921911816
GRU,static,2026-02-25,1.0,0.009640166239948345
GRU,static,2026-02-26,1.0,-0.006122995446806945
GRU,static,2026-02-27,1.0,0.01033839763814104
GRU,static,2026-03-02,1.0,0.012138226051920498
GRU,static,2026-03-03,-1.0,0.03517538573859522
GRU,static,2026-03-04,1.0,0.0019468859575475284
GRU,static,2026-03-05,1.0,-0.0109061868989202
GRU,static,2026-03-06,1.0,0.0157520619299083
GRU,static,2026-03-09,1.0,-0.010661600387240178
GRU,static,2026-03-10,1.0,0.027117561190381778
GRU,static,2026-03-11,-1.0,0.011818084131618866
GRU,static,2026-03-12,1.0,-0.010491419737739838
GRU,static,2026-03-13,1.0,-0.012505289285075327
GRU,static,2026-03-16,1.0,-0.011754943537568896
GRU,static,2026-03-17,1.0,0.0011994721853840762
GRU,static,2026-03-18,1.0,-0.022363323276259672
GRU,static,2026-03-19,1.0,-0.05933172427837352
GRU,static,2026-03-20,1.0,-0.006687428982046439
GRU,static,2026-03-23,1.0,-0.036634702667568186
GRU,static,2026-03-24,1.0,-0.0012025060518604525
GRU,static,2026-03-25,1.0,0.03414352673500676
GRU,static,2026-03-26,1.0,-0.03866177702504847
GRU,static,2026-03-27,1.0,0.02655215604471084
GRU,static,2026-03-30,1.0,0.007456872565386741
GRU,static,2026-03-31,1.0,0.026667012297006278
GRU,static,2026-04-01,1.0,0.035609776341011035
GRU,static,2026-04-02,1.0,-0.0277160041630361
GRU,static,2026-04-06,1.0,0.0010684445138191556
GRU,static,2026-04-07,1.0,0.0
GRU,static,2026-04-08,1.0,0.019745126933107704
GRU,static,2026-04-09,1.0,0.008540526463080456
GRU,static,2026-04-10,1.0,-0.006351203332555011
GRU,static,2026-04-13,1.0,-0.004177633038386586
GRU,static,2026-04-14,1.0,0.017347022906939902
GRU,static,2026-04-15,1.0,-0.005463804759989531
GRU,static,2026-04-16,1.0,-0.0031719654737100145
GRU,static,2026-04-17,1.0,0.014828587206488386
GRU,static,2026-04-20,1.0,-0.010410749231919647
GRU,static,2026-04-21,1.0,-0.02261425435886688
GRU,static,2026-04-22,1.0,0.007076850083195918
GRU,static,2026-04-23,1.0,-0.00610140963601935
GRU,static,2026-04-24,1.0,0.0035774560422840995
GRU,static,2026-04-27,1.0,-0.009955853952519855
GRU,static,2026-04-28,1.0,-0.018173357781551047
GRU,static,2026-04-29,1.0,-0.010177046987588367
GRU,static,2026-04-30,1.0,0.014929320981311056
BiLSTM,static,2025-07-02,1.0,0.002855371126468709
BiLSTM,static,2025-07-03,-1.0,0.004800461074586516
BiLSTM,static,2025-07-04,-1.0,-0.0010769385148881039
BiLSTM,static,2025-07-07,-1.0,0.0011056181598311232
BiLSTM,static,2025-07-08,-1.0,0.007748039399920081
BiLSTM,static,2025-07-09,1.0,0.0010361234215578775
BiLSTM,static,2025-07-10,1.0,0.0014152216717480126
BiLSTM,static,2025-07-11,1.0,0.011516387344152612
BiLSTM,static,2025-07-14,1.0,-0.0014565702567628236
BiLSTM,static,2025-07-15,1.0,-0.006668496273750324
BiLSTM,static,2025-07-16,1.0,0.006713263647367462
BiLSTM,static,2025-07-17,1.0,-0.0041082576960875805
BiLSTM,static,2025-07-18,1.0,0.003886049027068239
BiLSTM,static,2025-07-21,1.0,0.014322678979327375
BiLSTM,static,2025-07-22,-1.0,-0.01114999116294626
BiLSTM,static,2025-07-23,-1.0,0.013386721889036113
BiLSTM,static,2025-07-24,1.0,-0.0072932708275099895
BiLSTM,static,2025-07-25,1.0,-0.01123459384726544
BiLSTM,static,2025-07-28,1.0,-0.0076748102010902874
BiLSTM,static,2025-07-29,-1.0,-0.004429607250755274
BiLSTM,static,2025-07-30,-1.0,0.008483739823067049
BiLSTM,static,2025-07-31,1.0,-0.0011889124393861692
BiLSTM,static,2025-08-01,1.0,0.03236976170193273
BiLSTM,static,2025-08-04,1.0,0.007823946447907737
BiLSTM,static,2025-08-05,1.0,0.0024223818190187707
BiLSTM,static,2025-08-06,-1.0,0.000178504337091079
BiLSTM,static,2025-08-07,1.0,0.005712520942948474
BiLSTM,static,2025-08-08,1.0,0.010886903375463053
BiLSTM,static,2025-08-11,1.0,-0.02480454170225721
BiLSTM,static,2025-08-12,1.0,-0.001674141995952727
BiLSTM,static,2025-08-13,1.0,0.0027361132180421244
BiLSTM,static,2025-08-14,1.0,-0.007364403748689963
BiLSTM,static,2025-08-15,1.0,-0.0001773035954960589
BiLSTM,static,2025-08-18,1.0,-0.0013599294990375155
BiLSTM,static,2025-08-19,1.0,-0.005713454360013359
BiLSTM,static,2025-08-20,1.0,0.008872495090765042
BiLSTM,static,2025-08-21,1.0,-0.0020362704275490584
BiLSTM,static,2025-08-22,1.0,0.010911965128379553
BiLSTM,static,2025-08-25,1.0,-0.00029252596167905764
BiLSTM,static,2025-08-26,1.0,0.004535479151426491
BiLSTM,static,2025-08-27,-1.0,-0.0047441589444363825
BiLSTM,static,2025-08-28,-1.0,-0.0074522851139919855
BiLSTM,static,2025-08-29,1.0,0.011831214414605306
BiLSTM,static,2025-09-02,1.0,0.02164325571002701
BiLSTM,static,2025-09-03,1.0,0.012053908305966976
BiLSTM,static,2025-09-04,1.0,-0.007921894877767843
BiLSTM,static,2025-09-05,1.0,0.01292042539915439
BiLSTM,static,2025-09-08,1.0,0.006596735333402437
BiLSTM,static,2025-09-09,1.0,0.0013052833402931174
BiLSTM,static,2025-09-10,1.0,-5.4302095086167235e-05
BiLSTM,static,2025-09-11,1.0,-0.0022813422986828202
BiLSTM,static,2025-09-12,1.0,0.0034842672983557144
BiLSTM,static,2025-09-15,1.0,0.008843342697444134
BiLSTM,static,2025-09-16,1.0,0.0016402521259075709
BiLSTM,static,2025-09-17,1.0,-0.001959691991288537
BiLSTM,static,2025-09-18,1.0,-0.010624562774012136
BiLSTM,static,2025-09-19,1.0,0.0074762797039249484
BiLSTM,static,2025-09-22,1.0,0.01870042849452691
BiLSTM,static,2025-09-23,1.0,0.010754642914192258
BiLSTM,static,2025-09-24,1.0,-0.012474737040318429
BiLSTM,static,2025-09-25,1.0,0.0007961571938777112
BiLSTM,static,2025-09-26,1.0,0.010050091846489195
BiLSTM,static,2025-09-29,1.0,0.012129154941421527
BiLSTM,static,2025-09-30,-1.0,-0.00506901852769741
BiLSTM,static,2025-10-01,-1.0,-0.0062738947470999396
BiLSTM,static,2025-10-02,-1.0,0.007543271929121187
BiLSTM,static,2025-10-03,-1.0,-0.010547763412901645
BiLSTM,static,2025-10-06,-1.0,-0.017242740455943206
BiLSTM,static,2025-10-07,-1.0,-0.0070668342857844735
BiLSTM,static,2025-10-08,-1.0,-0.016506867263072822
BiLSTM,static,2025-10-09,-1.0,0.02405107538232409
BiLSTM,static,2025-10-10,-1.0,-0.006997886523715691
BiLSTM,static,2025-10-13,-1.0,-0.033146710552253156
BiLSTM,static,2025-10-14,-1.0,-0.0073554082612508065
BiLSTM,static,2025-10-15,-1.0,-0.009175240478579871
BiLSTM,static,2025-10-16,-1.0,-0.024514470108056186
BiLSTM,static,2025-10-17,-1.0,0.021209936091034498
BiLSTM,static,2025-10-20,-1.0,-0.034675932031636325
BiLSTM,static,2025-10-21,-1.0,0.0574161146704919
BiLSTM,static,2025-10-22,-1.0,0.01063497950254988
BiLSTM,static,2025-10-23,-1.0,-0.0197275046093901
BiLSTM,static,2025-10-24,-1.0,0.001881583554853683
BiLSTM,static,2025-10-27,-1.0,0.028541703100724125
BiLSTM,static,2025-10-28,-1.0,0.009105120770259267
BiLSTM,static,2025-10-29,1.0,0.0042186319911923014
BiLSTM,static,2025-10-30,1.0,0.0037993229578294763
BiLSTM,static,2025-10-31,1.0,-0.004830773379692066
BiLSTM,static,2025-11-03,1.0,0.0043788314775428105
BiLSTM,static,2025-11-04,1.0,-0.013328350772296993
BiLSTM,static,2025-11-05,1.0,0.00818076059683115
BiLSTM,static,2025-11-06,1.0,-0.0004758201783707783
BiLSTM,static,2025-11-07,1.0,0.004710611081965688
BiLSTM,static,2025-11-10,-1.0,-0.028181432940693772
BiLSTM,static,2025-11-11,-1.0,0.001382871254852036
BiLSTM,static,2025-11-12,-1.0,-0.023637805209899332
BiLSTM,static,2025-11-13,-1.0,0.004532964024486885
BiLSTM,static,2025-11-14,1.0,-0.02411227770368931
BiLSTM,static,2025-11-17,-1.0,0.0046116729536465955
BiLSTM,static,2025-11-18,-1.0,0.0019634310958399626
BiLSTM,static,2025-11-19,-1.0,-0.0040083730058095846
BiLSTM,static,2025-11-20,-1.0,0.005584414753465383
BiLSTM,static,2025-11-21,1.0,0.0046029556650246444
BiLSTM,static,2025-11-24,1.0,0.0036033707983516017
BiLSTM,static,2025-11-25,1.0,0.011186568651835314
BiLSTM,static,2025-11-26,1.0,0.006087003698671545
BiLSTM,static,2025-11-28,-1.0,-0.02193550917725333
BiLSTM,static,2025-12-01,-1.0,-0.004676937836490148
BiLSTM,static,2025-12-02,-1.0,0.012632170503233064
BiLSTM,static,2025-12-03,-1.0,-0.002772032755381071
BiLSTM,static,2025-12-04,-1.0,-0.0024808033077377
BiLSTM,static,2025-12-05,-1.0,-0.0
BiLSTM,static,2025-12-08,1.0,-0.006162716164859771
BiLSTM,static,2025-12-09,1.0,0.004386276677645462
BiLSTM,static,2025-12-10,1.0,-0.0027146970090613505
BiLSTM,static,2025-12-11,1.0,0.020900845173693616
BiLSTM,static,2025-12-12,-1.0,-0.003747369507883147
BiLSTM,static,2025-12-15,-1.0,-0.0015942496907277448
BiLSTM,static,2025-12-16,-1.0,0.0006690326846119365
BiLSTM,static,2025-12-17,-1.0,-0.009602312751125552
BiLSTM,static,2025-12-18,-1.0,0.0021490894976158303
BiLSTM,static,2025-12-19,-1.0,-0.0052239213397868856
BiLSTM,static,2025-12-22,1.0,0.01851312682313886
BiLSTM,static,2025-12-23,1.0,0.008121961283821255
BiLSTM,static,2025-12-24,1.0,-0.0006437158486526373
BiLSTM,static,2025-12-26,1.0,0.011082080658583404
BiLSTM,static,2025-12-29,-1.0,0.045728808989342486
BiLSTM,static,2025-12-30,-1.0,-0.009830487630362317
BiLSTM,static,2025-12-31,-1.0,0.010304746379384833
BiLSTM,static,2026-01-02,1.0,-0.002849098095252156
BiLSTM,static,2026-01-05,1.0,0.028155002677900498
BiLSTM,static,2026-01-06,1.0,0.01001911662501409
BiLSTM,static,2026-01-07,1.0,-0.0074731649488331
BiLSTM,static,2026-01-08,1.0,-0.00040331757703082616
BiLSTM,static,2026-01-09,-1.0,-0.009211972396955504
BiLSTM,static,2026-01-12,-1.0,-0.025283897762198748
BiLSTM,static,2026-01-13,-1.0,0.00338052245996312
BiLSTM,static,2026-01-14,-1.0,-0.007958099819332487
BiLSTM,static,2026-01-15,-1.0,0.0025886057109849587
BiLSTM,static,2026-01-16,-1.0,0.006120702418690671
BiLSTM,static,2026-01-20,-1.0,-0.037080538356812465
BiLSTM,static,2026-01-21,-1.0,-0.015044735039432044
BiLSTM,static,2026-01-22,-1.0,-0.01568990229328171
BiLSTM,static,2026-01-23,-1.0,-0.013493770970509411
BiLSTM,static,2026-01-26,-1.0,-0.02064377385294547
BiLSTM,static,2026-01-27,-1.0,-1.9694570831285674e-05
BiLSTM,static,2026-01-28,-1.0,-0.04348168176794198
BiLSTM,static,2026-01-29,-1.0,-0.0027905204794833605
BiLSTM,static,2026-01-30,1.0,-0.1081955428727453
BiLSTM,static,2026-02-02,1.0,-0.019493793196415088
BiLSTM,static,2026-02-03,1.0,0.06069722228781482
BiLSTM,static,2026-02-04,1.0,0.0032015814969605927
BiLSTM,static,2026-02-05,1.0,-0.012381798316599357
BiLSTM,static,2026-02-06,1.0,0.018468106081910296
BiLSTM,static,2026-02-09,1.0,0.020000823640037968
BiLSTM,static,2026-02-10,1.0,-0.009528665447549711
BiLSTM,static,2026-02-11,1.0,0.013416815742397059
BiLSTM,static,2026-02-12,1.0,-0.02944005053569676
BiLSTM,static,2026-02-13,1.0,0.019784153317394804
BiLSTM,static,2026-02-17,1.0,-0.027822346625805405
BiLSTM,static,2026-02-18,1.0,0.02111745035946533
BiLSTM,static,2026-02-19,1.0,-0.0024154302138437167
BiLSTM,static,2026-02-20,1.0,0.016708688844540687
BiLSTM,static,2026-02-23,1.0,0.02847924542771474
BiLSTM,static,2026-02-24,1.0,-0.00943437921911816
BiLSTM,static,2026-02-25,-1.0,-0.009840166239948345
BiLSTM,static,2026-02-26,-1.0,0.006122995446806945
BiLSTM,static,2026-02-27,-1.0,-0.01033839763814104
BiLSTM,static,2026-03-02,-1.0,-0.012138226051920498
BiLSTM,static,2026-03-03,-1.0,0.03537538573859522
BiLSTM,static,2026-03-04,-1.0,-0.0021468859575475285
BiLSTM,static,2026-03-05,-1.0,0.0109061868989202
BiLSTM,static,2026-03-06,1.0,0.0155520619299083
BiLSTM,static,2026-03-09,1.0,-0.010661600387240178
BiLSTM,static,2026-03-10,1.0,0.027117561190381778
BiLSTM,static,2026-03-11,1.0,-0.012018084131618867
BiLSTM,static,2026-03-12,1.0,-0.010291419737739838
BiLSTM,static,2026-03-13,1.0,-0.012505289285075327
BiLSTM,static,2026-03-16,1.0,-0.011754943537568896
BiLSTM,static,2026-03-17,1.0,0.0011994721853840762
BiLSTM,static,2026-03-18,1.0,-0.022363323276259672
BiLSTM,static,2026-03-19,1.0,-0.05933172427837352
BiLSTM,static,2026-03-20,1.0,-0.006687428982046439
BiLSTM,static,2026-03-23,1.0,-0.036634702667568186
BiLSTM,static,2026-03-24,1.0,-0.0012025060518604525
BiLSTM,static,2026-03-25,1.0,0.03414352673500676
BiLSTM,static,2026-03-26,1.0,-0.03866177702504847
BiLSTM,static,2026-03-27,1.0,0.02655215604471084
BiLSTM,static,2026-03-30,1.0,0.007456872565386741
BiLSTM,static,2026-03-31,-1.0,-0.027267012297006274
BiLSTM,static,2026-04-01,1.0,0.035409776341011036
BiLSTM,static,2026-04-02,1.0,-0.0277160041630361
BiLSTM,static,2026-04-06,1.0,0.0010684445138191556
BiLSTM,static,2026-04-07,1.0,0.0
BiLSTM,static,2026-04-08,1.0,0.019745126933107704
BiLSTM,static,2026-04-09,-1.0,-0.008740526463080456
BiLSTM,static,2026-04-10,1.0,-0.006551203332555011
BiLSTM,static,2026-04-13,1.0,-0.004177633038386586
BiLSTM,static,2026-04-14,1.0,0.017347022906939902
BiLSTM,static,2026-04-15,1.0,-0.005463804759989531
BiLSTM,static,2026-04-16,1.0,-0.0031719654737100145
BiLSTM,static,2026-04-17,1.0,0.014828587206488386
BiLSTM,static,2026-04-20,1.0,-0.010410749231919647
BiLSTM,static,2026-04-21,1.0,-0.02261425435886688
BiLSTM,static,2026-04-22,1.0,0.007076850083195918
BiLSTM,static,2026-04-23,1.0,-0.00610140963601935
BiLSTM,static,2026-04-24,1.0,0.0035774560422840995
BiLSTM,static,2026-04-27,1.0,-0.009955853952519855
BiLSTM,static,2026-04-28,1.0,-0.018173357781551047
BiLSTM,static,2026-04-29,1.0,-0.010177046987588367
BiLSTM,static,2026-04-30,1.0,0.014929320981311056
Transformer,static,2025-07-02,1.0,0.002855371126468709
Transformer,static,2025-07-03,1.0,-0.005000461074586515
Transformer,static,2025-07-04,1.0,0.0010769385148881039
Transformer,static,2025-07-07,1.0,-0.0011056181598311232
Transformer,static,2025-07-08,1.0,-0.007748039399920081
Transformer,static,2025-07-09,1.0,0.0012361234215578776
Transformer,static,2025-07-10,1.0,0.0014152216717480126
Transformer,static,2025-07-11,1.0,0.011516387344152612
Transformer,static,2025-07-14,1.0,-0.0014565702567628236
Transformer,static,2025-07-15,1.0,-0.006668496273750324
Transformer,static,2025-07-16,1.0,0.006713263647367462
Transformer,static,2025-07-17,1.0,-0.0041082576960875805
Transformer,static,2025-07-18,1.0,0.003886049027068239
Transformer,static,2025-07-21,1.0,0.014322678979327375
Transformer,static,2025-07-22,1.0,0.01094999116294626
Transformer,static,2025-07-23,1.0,-0.013386721889036113
Transformer,static,2025-07-24,1.0,-0.00709327082750999
Transformer,static,2025-07-25,1.0,-0.01123459384726544
Transformer,static,2025-07-28,1.0,-0.0076748102010902874
Transformer,static,2025-07-29,1.0,0.004229607250755274
Transformer,static,2025-07-30,1.0,-0.008483739823067049
Transformer,static,2025-07-31,-1.0,0.0003889124393861691
Transformer,static,2025-08-01,1.0,0.03216976170193273
Transformer,static,2025-08-04,-1.0,-0.008023946447907737
Transformer,static,2025-08-05,-1.0,-0.0024223818190187707
Transformer,static,2025-08-06,1.0,-0.000578504337091079
Transformer,static,2025-08-07,1.0,0.005912520942948474
Transformer,static,2025-08-08,1.0,0.010886903375463053
Transformer,static,2025-08-11,-1.0,0.02460454170225721
Transformer,static,2025-08-12,-1.0,0.001674141995952727
Transformer,static,2025-08-13,1.0,0.0025361132180421243
Transformer,static,2025-08-14,1.0,-0.007364403748689963
Transformer,static,2025-08-15,1.0,-0.0001773035954960589
Transformer,static,2025-08-18,1.0,-0.0013599294990375155
Transformer,static,2025-08-19,-1.0,0.0055134543600133595
Transformer,static,2025-08-20,-1.0,-0.008872495090765042
Transformer,static,2025-08-21,-1.0,0.0020362704275490584
Transformer,static,2025-08-22,1.0,0.010711965128379552
Transformer,static,2025-08-25,1.0,-0.00029252596167905764
Transformer,static,2025-08-26,1.0,0.004535479151426491
Transformer,static,2025-08-27,1.0,0.004544158944436383
Transformer,static,2025-08-28,1.0,0.0074522851139919855
Transformer,static,2025-08-29,1.0,0.012031214414605307
Transformer,static,2025-09-02,1.0,0.02164325571002701
Transformer,static,2025-09-03,1.0,0.012053908305966976
Transformer,static,2025-09-04,1.0,-0.007921894877767843
Transformer,static,2025-09-05,1.0,0.01292042539915439
Transformer,static,2025-09-08,1.0,0.006596735333402437
Transformer,static,2025-09-09,1.0,0.0013052833402931174
Transformer,static,2025-09-10,1.0,-5.4302095086167235e-05
Transformer,static,2025-09-11,1.0,-0.0022813422986828202
Transformer,static,2025-09-12,1.0,0.0034842672983557144
Transformer,static,2025-09-15,1.0,0.008843342697444134
Transformer,static,2025-09-16,-1.0,-0.001840252125907571
Transformer,static,2025-09-17,-1.0,0.001959691991288537
Transformer,static,2025-09-18,1.0,-0.010824562774012137
Transformer,static,2025-09-19,-1.0,-0.007676279703924948
Transformer,static,2025-09-22,1.0,0.018500428494526912
Transformer,static,2025-09-23,1.0,0.010754642914192258
Transformer,static,2025-09-24,1.0,-0.012474737040318429
Transformer,static,2025-09-25,1.0,0.0007961571938777112
Transformer,static,2025-09-26,1.0,0.010050091846489195
Transformer,static,2025-09-29,1.0,0.012129154941421527
Transformer,static,2025-09-30,-1.0,-0.00506901852769741
Transformer,static,2025-10-01,-1.0,-0.0062738947470999396
Transformer,static,2025-10-02,-1.0,0.007543271929121187
Transformer,static,2025-10-03,-1.0,-0.010547763412901645
Transformer,static,2025-10-06,-1.0,-0.017242740455943206
Transformer,static,2025-10-07,-1.0,-0.0070668342857844735
Transformer,static,2025-10-08,-1.0,-0.016506867263072822
Transformer,static,2025-10-09,-1.0,0.02405107538232409
Transformer,static,2025-10-10,-1.0,-0.006997886523715691
Transformer,static,2025-10-13,-1.0,-0.033146710552253156
Transformer,static,2025-10-14,-1.0,-0.0073554082612508065
Transformer,static,2025-10-15,-1.0,-0.009175240478579871
Transformer,static,2025-10-16,-1.0,-0.024514470108056186
Transformer,static,2025-10-17,-1.0,0.021209936091034498
Transformer,static,2025-10-20,-1.0,-0.034675932031636325
Transformer,static,2025-10-21,-1.0,0.0574161146704919
Transformer,static,2025-10-22,-1.0,0.01063497950254988
Transformer,static,2025-10-23,-1.0,-0.0197275046093901
Transformer,static,2025-10-24,-1.0,0.001881583554853683
Transformer,static,2025-10-27,-1.0,0.028541703100724125
Transformer,static,2025-10-28,-1.0,0.009105120770259267
Transformer,static,2025-10-29,-1.0,-0.004418631991192301
Transformer,static,2025-10-30,-1.0,-0.0037993229578294763
Transformer,static,2025-10-31,-1.0,0.004830773379692066
Transformer,static,2025-11-03,-1.0,-0.0043788314775428105
Transformer,static,2025-11-04,-1.0,0.013328350772296993
Transformer,static,2025-11-05,-1.0,-0.00818076059683115
Transformer,static,2025-11-06,-1.0,0.0004758201783707783
Transformer,static,2025-11-07,-1.0,-0.004710611081965688
Transformer,static,2025-11-10,-1.0,-0.027981432940693773
Transformer,static,2025-11-11,-1.0,0.001382871254852036
Transformer,static,2025-11-12,-1.0,-0.023637805209899332
Transformer,static,2025-11-13,-1.0,0.004532964024486885
Transformer,static,2025-11-14,-1.0,0.02391227770368931
Transformer,static,2025-11-17,-1.0,0.004811672953646595
Transformer,static,2025-11-18,1.0,-0.0021634310958399626
Transformer,static,2025-11-19,1.0,0.0040083730058095846
Transformer,static,2025-11-20,-1.0,0.0053844147534653835
Transformer,static,2025-11-21,1.0,0.0046029556650246444
Transformer,static,2025-11-24,1.0,0.0036033707983516017
Transformer,static,2025-11-25,1.0,0.011186568651835314
Transformer,static,2025-11-26,1.0,0.006087003698671545
Transformer,static,2025-11-28,-1.0,-0.02193550917725333
Transformer,static,2025-12-01,1.0,0.004476937836490148
Transformer,static,2025-12-02,1.0,-0.012632170503233064
Transformer,static,2025-12-03,-1.0,-0.002972032755381071
Transformer,static,2025-12-04,-1.0,-0.0024808033077377
Transformer,static,2025-12-05,-1.0,-0.0
Transformer,static,2025-12-08,1.0,-0.006162716164859771
Transformer,static,2025-12-09,1.0,0.004386276677645462
Transformer,static,2025-12-10,-1.0,0.0025146970090613504
Transformer,static,2025-12-11,-1.0,-0.020900845173693616
Transformer,static,2025-12-12,-1.0,-0.003547369507883147
Transformer,static,2025-12-15,1.0,0.0013942496907277447
Transformer,static,2025-12-16,-1.0,0.00046903268461193656
Transformer,static,2025-12-17,1.0,0.009402312751125552
Transformer,static,2025-12-18,-1.0,0.0019490894976158303
Transformer,static,2025-12-19,-1.0,-0.0052239213397868856
Transformer,static,2025-12-22,-1.0,-0.01871312682313886
Transformer,static,2025-12-23,-1.0,-0.008121961283821255
Transformer,static,2025-12-24,-1.0,0.0006437158486526373
Transformer,static,2025-12-26,-1.0,-0.011082080658583404
Transformer,static,2025-12-29,-1.0,0.045928808989342484
Transformer,static,2025-12-30,1.0,0.009630487630362316
Transformer,static,2025-12-31,1.0,-0.010304746379384833
Transformer,static,2026-01-02,1.0,-0.002649098095252156
Transformer,static,2026-01-05,1.0,0.028155002677900498
Transformer,static,2026-01-06,1.0,0.01001911662501409
Transformer,static,2026-01-07,1.0,-0.0074731649488331
Transformer,static,2026-01-08,1.0,-0.00040331757703082616
Transformer,static,2026-01-09,1.0,0.009011972396955503
Transformer,static,2026-01-12,1.0,0.025283897762198748
Transformer,static,2026-01-13,1.0,-0.00338052245996312
Transformer,static,2026-01-14,1.0,0.007958099819332487
Transformer,static,2026-01-15,1.0,-0.0025886057109849587
Transformer,static,2026-01-16,1.0,-0.006120702418690671
Transformer,static,2026-01-20,1.0,0.037080538356812465
Transformer,static,2026-01-21,1.0,0.015044735039432044
Transformer,static,2026-01-22,1.0,0.01568990229328171
Transformer,static,2026-01-23,1.0,0.013493770970509411
Transformer,static,2026-01-26,1.0,0.02064377385294547
Transformer,static,2026-01-27,1.0,1.9694570831285674e-05
Transformer,static,2026-01-28,1.0,0.04348168176794198
Transformer,static,2026-01-29,1.0,0.0027905204794833605
Transformer,static,2026-01-30,1.0,-0.10799554287274529
Transformer,static,2026-02-02,1.0,-0.019493793196415088
Transformer,static,2026-02-03,-1.0,-0.06089722228781482
Transformer,static,2026-02-04,-1.0,-0.0032015814969605927
Transformer,static,2026-02-05,1.0,-0.012581798316599358
Transformer,static,2026-02-06,1.0,0.018468106081910296
Transformer,static,2026-02-09,1.0,0.020000823640037968
Transformer,static,2026-02-10,-1.0,0.00932866544754971
Transformer,static,2026-02-11,1.0,0.013216815742397059
Transformer,static,2026-02-12,-1.0,0.02924005053569676
Transformer,static,2026-02-13,1.0,0.019584153317394805
Transformer,static,2026-02-17,1.0,-0.027822346625805405
Transformer,static,2026-02-18,1.0,0.02111745035946533
Transformer,static,2026-02-19,1.0,-0.0024154302138437167
Transformer,static,2026-02-20,1.0,0.016708688844540687
Transformer,static,2026-02-23,1.0,0.02847924542771474
Transformer,static,2026-02-24,1.0,-0.00943437921911816
Transformer,static,2026-02-25,1.0,0.009640166239948345
Transformer,static,2026-02-26,1.0,-0.006122995446806945
Transformer,static,2026-02-27,1.0,0.01033839763814104
Transformer,static,2026-03-02,1.0,0.012138226051920498
Transformer,static,2026-03-03,1.0,-0.03537538573859522
Transformer,static,2026-03-04,1.0,0.0021468859575475285
Transformer,static,2026-03-05,1.0,-0.0109061868989202
Transformer,static,2026-03-06,-1.0,-0.0159520619299083
Transformer,static,2026-03-09,-1.0,0.010661600387240178
Transformer,static,2026-03-10,1.0,0.02691756119038178
Transformer,static,2026-03-11,-1.0,0.011818084131618866
Transformer,static,2026-03-12,-1.0,0.010291419737739838
Transformer,static,2026-03-13,-1.0,0.012505289285075327
Transformer,static,2026-03-16,1.0,-0.011954943537568897
Transformer,static,2026-03-17,1.0,0.0011994721853840762
Transformer,static,2026-03-18,1.0,-0.022363323276259672
Transformer,static,2026-03-19,1.0,-0.05933172427837352
Transformer,static,2026-03-20,1.0,-0.006687428982046439
Transformer,static,2026-03-23,1.0,-0.036634702667568186
Transformer,static,2026-03-24,1.0,-0.0012025060518604525
Transformer,static,2026-03-25,1.0,0.03414352673500676
Transformer,static,2026-03-26,1.0,-0.03866177702504847
Transformer,static,2026-03-27,-1.0,-0.02675215604471084
Transformer,static,2026-03-30,-1.0,-0.007456872565386741
Transformer,static,2026-03-31,-1.0,-0.027067012297006275
Transformer,static,2026-04-01,1.0,0.035409776341011036
Transformer,static,2026-04-02,1.0,-0.0277160041630361
Transformer,static,2026-04-06,1.0,0.0010684445138191556
Transformer,static,2026-04-07,1.0,0.0
Transformer,static,2026-04-08,1.0,0.019745126933107704
Transformer,static,2026-04-09,1.0,0.008540526463080456
Transformer,static,2026-04-10,1.0,-0.006351203332555011
Transformer,static,2026-04-13,1.0,-0.004177633038386586
Transformer,static,2026-04-14,1.0,0.017347022906939902
Transformer,static,2026-04-15,1.0,-0.005463804759989531
Transformer,static,2026-04-16,1.0,-0.0031719654737100145
Transformer,static,2026-04-17,1.0,0.014828587206488386
Transformer,static,2026-04-20,1.0,-0.010410749231919647
Transformer,static,2026-04-21,1.0,-0.02261425435886688
Transformer,static,2026-04-22,1.0,0.007076850083195918
Transformer,static,2026-04-23,1.0,-0.00610140963601935
Transformer,static,2026-04-24,-1.0,-0.0037774560422840996
Transformer,static,2026-04-27,1.0,-0.010155853952519856
Transformer,static,2026-04-28,1.0,-0.018173357781551047
Transformer,static,2026-04-29,-1.0,0.009977046987588367
Transformer,static,2026-04-30,-1.0,-0.014929320981311056
TCN,static,2025-07-02,1.0,0.002855371126468709
TCN,static,2025-07-03,-1.0,0.004800461074586516
TCN,static,2025-07-04,-1.0,-0.0010769385148881039
TCN,static,2025-07-07,1.0,-0.0013056181598311233
TCN,static,2025-07-08,1.0,-0.007748039399920081
TCN,static,2025-07-09,-1.0,-0.0014361234215578777
TCN,static,2025-07-10,1.0,0.0012152216717480125
TCN,static,2025-07-11,-1.0,-0.011716387344152613
TCN,static,2025-07-14,1.0,-0.0016565702567628237
TCN,static,2025-07-15,1.0,-0.006668496273750324
TCN,static,2025-07-16,-1.0,-0.006913263647367462
TCN,static,2025-07-17,1.0,-0.00430825769608758
TCN,static,2025-07-18,1.0,0.003886049027068239
TCN,static,2025-07-21,1.0,0.014322678979327375
TCN,static,2025-07-22,-1.0,-0.01114999116294626
TCN,static,2025-07-23,-1.0,0.013386721889036113
TCN,static,2025-07-24,1.0,-0.0072932708275099895
TCN,static,2025-07-25,1.0,-0.01123459384726544
TCN,static,2025-07-28,-1.0,0.007474810201090288
TCN,static,2025-07-29,-1.0,-0.004229607250755274
TCN,static,2025-07-30,1.0,-0.00868373982306705
TCN,static,2025-07-31,1.0,-0.0009889124393861692
TCN,static,2025-08-01,1.0,0.03236976170193273
TCN,static,2025-08-04,-1.0,-0.008023946447907737
TCN,static,2025-08-05,-1.0,-0.0024223818190187707
TCN,static,2025-08-06,-1.0,0.000378504337091079
TCN,static,2025-08-07,1.0,0.005712520942948474
TCN,static,2025-08-08,1.0,0.010886903375463053
TCN,static,2025-08-11,1.0,-0.02480454170225721
TCN,static,2025-08-12,-1.0,0.001474141995952727
TCN,static,2025-08-13,1.0,0.0025361132180421243
TCN,static,2025-08-14,1.0,-0.007364403748689963
TCN,static,2025-08-15,-1.0,-2.2696404503941113e-05
TCN,static,2025-08-18,-1.0,0.0013599294990375155
TCN,static,2025-08-19,-1.0,0.005713454360013359
TCN,static,2025-08-20,-1.0,-0.008872495090765042
TCN,static,2025-08-21,-1.0,0.0020362704275490584
TCN,static,2025-08-22,-1.0,-0.010911965128379553
TCN,static,2025-08-25,-1.0,0.00029252596167905764
TCN,static,2025-08-26,-1.0,-0.004535479151426491
TCN,static,2025-08-27,-1.0,-0.004544158944436383
TCN,static,2025-08-28,-1.0,-0.0074522851139919855
TCN,static,2025-08-29,1.0,0.011831214414605306
TCN,static,2025-09-02,1.0,0.02164325571002701
TCN,static,2025-09-03,1.0,0.012053908305966976
TCN,static,2025-09-04,1.0,-0.007921894877767843
TCN,static,2025-09-05,1.0,0.01292042539915439
TCN,static,2025-09-08,1.0,0.006596735333402437
TCN,static,2025-09-09,1.0,0.0013052833402931174
TCN,static,2025-09-10,1.0,-5.4302095086167235e-05
TCN,static,2025-09-11,1.0,-0.0022813422986828202
TCN,static,2025-09-12,1.0,0.0034842672983557144
TCN,static,2025-09-15,1.0,0.008843342697444134
TCN,static,2025-09-16,1.0,0.0016402521259075709
TCN,static,2025-09-17,1.0,-0.001959691991288537
TCN,static,2025-09-18,1.0,-0.010624562774012136
TCN,static,2025-09-19,1.0,0.0074762797039249484
TCN,static,2025-09-22,1.0,0.01870042849452691
TCN,static,2025-09-23,1.0,0.010754642914192258
TCN,static,2025-09-24,1.0,-0.012474737040318429
TCN,static,2025-09-25,1.0,0.0007961571938777112
TCN,static,2025-09-26,1.0,0.010050091846489195
TCN,static,2025-09-29,1.0,0.012129154941421527
TCN,static,2025-09-30,-1.0,-0.00506901852769741
TCN,static,2025-10-01,-1.0,-0.0062738947470999396
TCN,static,2025-10-02,-1.0,0.007543271929121187
TCN,static,2025-10-03,-1.0,-0.010547763412901645
TCN,static,2025-10-06,-1.0,-0.017242740455943206
TCN,static,2025-10-07,-1.0,-0.0070668342857844735
TCN,static,2025-10-08,-1.0,-0.016506867263072822
TCN,static,2025-10-09,-1.0,0.02405107538232409
TCN,static,2025-10-10,-1.0,-0.006997886523715691
TCN,static,2025-10-13,-1.0,-0.033146710552253156
TCN,static,2025-10-14,-1.0,-0.0073554082612508065
TCN,static,2025-10-15,-1.0,-0.009175240478579871
TCN,static,2025-10-16,-1.0,-0.024514470108056186
TCN,static,2025-10-17,-1.0,0.021209936091034498
TCN,static,2025-10-20,-1.0,-0.034675932031636325
TCN,static,2025-10-21,-1.0,0.0574161146704919
TCN,static,2025-10-22,-1.0,0.01063497950254988
TCN,static,2025-10-23,-1.0,-0.0197275046093901
TCN,static,2025-10-24,-1.0,0.001881583554853683
TCN,static,2025-10-27,-1.0,0.028541703100724125
TCN,static,2025-10-28,-1.0,0.009105120770259267
TCN,static,2025-10-29,-1.0,-0.004418631991192301
TCN,static,2025-10-30,-1.0,-0.0037993229578294763
TCN,static,2025-10-31,-1.0,0.004830773379692066
TCN,static,2025-11-03,-1.0,-0.0043788314775428105
TCN,static,2025-11-04,-1.0,0.013328350772296993
TCN,static,2025-11-05,-1.0,-0.00818076059683115
TCN,static,2025-11-06,-1.0,0.0004758201783707783
TCN,static,2025-11-07,-1.0,-0.004710611081965688
TCN,static,2025-11-10,1.0,0.027781432940693775
TCN,static,2025-11-11,-1.0,0.001182871254852036
TCN,static,2025-11-12,-1.0,-0.023637805209899332
TCN,static,2025-11-13,-1.0,0.004532964024486885
TCN,static,2025-11-14,1.0,-0.02411227770368931
TCN,static,2025-11-17,-1.0,0.0046116729536465955
TCN,static,2025-11-18,-1.0,0.0019634310958399626
TCN,static,2025-11-19,1.0,0.0038083730058095845
TCN,static,2025-11-20,1.0,-0.005584414753465383
TCN,static,2025-11-21,1.0,0.004802955665024644
TCN,static,2025-11-24,-1.0,-0.0038033707983516018
TCN,static,2025-11-25,-1.0,-0.011186568651835314
TCN,static,2025-11-26,-1.0,-0.006087003698671545
TCN,static,2025-11-28,-1.0,-0.02173550917725333
TCN,static,2025-12-01,-1.0,-0.004676937836490148
TCN,static,2025-12-02,-1.0,0.012632170503233064
TCN,static,2025-12-03,-1.0,-0.002772032755381071
TCN,static,2025-12-04,-1.0,-0.0024808033077377
TCN,static,2025-12-05,-1.0,-0.0
TCN,static,2025-12-08,-1.0,0.0059627161648597715
TCN,static,2025-12-09,-1.0,-0.004386276677645462
TCN,static,2025-12-10,-1.0,0.0027146970090613505
TCN,static,2025-12-11,-1.0,-0.020900845173693616
TCN,static,2025-12-12,-1.0,-0.003547369507883147
TCN,static,2025-12-15,-1.0,-0.0015942496907277448
TCN,static,2025-12-16,-1.0,0.0006690326846119365
TCN,static,2025-12-17,-1.0,-0.009602312751125552
TCN,static,2025-12-18,-1.0,0.0021490894976158303
TCN,static,2025-12-19,-1.0,-0.0052239213397868856
TCN,static,2025-12-22,-1.0,-0.01871312682313886
TCN,static,2025-12-23,-1.0,-0.008121961283821255
TCN,static,2025-12-24,-1.0,0.0006437158486526373
TCN,static,2025-12-26,-1.0,-0.011082080658583404
TCN,static,2025-12-29,-1.0,0.045928808989342484
TCN,static,2025-12-30,-1.0,-0.009830487630362317
TCN,static,2025-12-31,-1.0,0.010304746379384833
TCN,static,2026-01-02,-1.0,0.002649098095252156
TCN,static,2026-01-05,-1.0,-0.028155002677900498
TCN,static,2026-01-06,-1.0,-0.01001911662501409
TCN,static,2026-01-07,-1.0,0.0074731649488331
TCN,static,2026-01-08,-1.0,0.00040331757703082616
TCN,static,2026-01-09,-1.0,-0.009011972396955503
TCN,static,2026-01-12,-1.0,-0.025283897762198748
TCN,static,2026-01-13,-1.0,0.00338052245996312
TCN,static,2026-01-14,-1.0,-0.007958099819332487
TCN,static,2026-01-15,1.0,-0.002788605710984959
TCN,static,2026-01-16,-1.0,0.0059207024186906715
TCN,static,2026-01-20,-1.0,-0.037080538356812465
TCN,static,2026-01-21,-1.0,-0.015044735039432044
TCN,static,2026-01-22,-1.0,-0.01568990229328171
TCN,static,2026-01-23,-1.0,-0.013493770970509411
TCN,static,2026-01-26,-1.0,-0.02064377385294547
TCN,static,2026-01-27,-1.0,-1.9694570831285674e-05
TCN,static,2026-01-28,-1.0,-0.04348168176794198
TCN,static,2026-01-29,-1.0,-0.0027905204794833605
TCN,static,2026-01-30,1.0,-0.1081955428727453
TCN,static,2026-02-02,-1.0,0.01929379319641509
TCN,static,2026-02-03,1.0,0.060497222287814824
TCN,static,2026-02-04,-1.0,-0.0034015814969605928
TCN,static,2026-02-05,-1.0,0.012381798316599357
TCN,static,2026-02-06,1.0,0.018268106081910297
TCN,static,2026-02-09,1.0,0.020000823640037968
TCN,static,2026-02-10,1.0,-0.009528665447549711
TCN,static,2026-02-11,1.0,0.013416815742397059
TCN,static,2026-02-12,1.0,-0.02944005053569676
TCN,static,2026-02-13,1.0,0.019784153317394804
TCN,static,2026-02-17,1.0,-0.027822346625805405
TCN,static,2026-02-18,1.0,0.02111745035946533
TCN,static,2026-02-19,1.0,-0.0024154302138437167
TCN,static,2026-02-20,1.0,0.016708688844540687
TCN,static,2026-02-23,1.0,0.02847924542771474
TCN,static,2026-02-24,1.0,-0.00943437921911816
TCN,static,2026-02-25,1.0,0.009640166239948345
TCN,static,2026-02-26,-1.0,0.005922995446806945
TCN,static,2026-02-27,1.0,0.010138397638141039
TCN,static,2026-03-02,1.0,0.012138226051920498
TCN,static,2026-03-03,1.0,-0.03537538573859522
TCN,static,2026-03-04,1.0,0.0021468859575475285
TCN,static,2026-03-05,1.0,-0.0109061868989202
TCN,static,2026-03-06,1.0,0.0157520619299083
TCN,static,2026-03-09,1.0,-0.010661600387240178
TCN,static,2026-03-10,1.0,0.027117561190381778
TCN,static,2026-03-11,1.0,-0.012018084131618867
TCN,static,2026-03-12,1.0,-0.010291419737739838
TCN,static,2026-03-13,1.0,-0.012505289285075327
TCN,static,2026-03-16,1.0,-0.011754943537568896
TCN,static,2026-03-17,1.0,0.0011994721853840762
TCN,static,2026-03-18,1.0,-0.022363323276259672
TCN,static,2026-03-19,-1.0,0.05913172427837352
TCN,static,2026-03-20,1.0,-0.006887428982046439
TCN,static,2026-03-23,1.0,-0.036634702667568186
TCN,static,2026-03-24,-1.0,0.0010025060518604524
TCN,static,2026-03-25,1.0,0.03394352673500676
TCN,static,2026-03-26,1.0,-0.03866177702504847
TCN,static,2026-03-27,1.0,0.02655215604471084
TCN,static,2026-03-30,-1.0,-0.00765687256538674
TCN,static,2026-03-31,1.0,0.02646701229700628
TCN,static,2026-04-01,1.0,0.035609776341011035
TCN,static,2026-04-02,1.0,-0.0277160041630361
TCN,static,2026-04-06,1.0,0.0010684445138191556
TCN,static,2026-04-07,1.0,0.0
TCN,static,2026-04-08,1.0,0.019745126933107704
TCN,static,2026-04-09,1.0,0.008540526463080456
TCN,static,2026-04-10,1.0,-0.006351203332555011
TCN,static,2026-04-13,-1.0,0.003977633038386586
TCN,static,2026-04-14,1.0,0.017147022906939903
TCN,static,2026-04-15,-1.0,0.005263804759989532
TCN,static,2026-04-16,-1.0,0.0031719654737100145
TCN,static,2026-04-17,1.0,0.014628587206488386
TCN,static,2026-04-20,1.0,-0.010410749231919647
TCN,static,2026-04-21,1.0,-0.02261425435886688
TCN,static,2026-04-22,-1.0,-0.007276850083195918
TCN,static,2026-04-23,-1.0,0.00610140963601935
TCN,static,2026-04-24,-1.0,-0.0035774560422840995
TCN,static,2026-04-27,1.0,-0.010155853952519856
TCN,static,2026-04-28,1.0,-0.018173357781551047
TCN,static,2026-04-29,-1.0,0.009977046987588367
TCN,static,2026-04-30,1.0,0.014729320981311056
CNN LSTM,static,2025-07-02,1.0,0.002855371126468709
CNN LSTM,static,2025-07-03,1.0,-0.005000461074586515
CNN LSTM,static,2025-07-04,1.0,0.0010769385148881039
CNN LSTM,static,2025-07-07,1.0,-0.0011056181598311232
CNN LSTM,static,2025-07-08,1.0,-0.007748039399920081
CNN LSTM,static,2025-07-09,1.0,0.0012361234215578776
CNN LSTM,static,2025-07-10,1.0,0.0014152216717480126
CNN LSTM,static,2025-07-11,1.0,0.011516387344152612
CNN LSTM,static,2025-07-14,1.0,-0.0014565702567628236
CNN LSTM,static,2025-07-15,1.0,-0.006668496273750324
CNN LSTM,static,2025-07-16,1.0,0.006713263647367462
CNN LSTM,static,2025-07-17,1.0,-0.0041082576960875805
CNN LSTM,static,2025-07-18,1.0,0.003886049027068239
CNN LSTM,static,2025-07-21,1.0,0.014322678979327375
CNN LSTM,static,2025-07-22,1.0,0.01094999116294626
CNN LSTM,static,2025-07-23,1.0,-0.013386721889036113
CNN LSTM,static,2025-07-24,1.0,-0.00709327082750999
CNN LSTM,static,2025-07-25,1.0,-0.01123459384726544
CNN LSTM,static,2025-07-28,1.0,-0.0076748102010902874
CNN LSTM,static,2025-07-29,1.0,0.004229607250755274
CNN LSTM,static,2025-07-30,1.0,-0.008483739823067049
CNN LSTM,static,2025-07-31,-1.0,0.0003889124393861691
CNN LSTM,static,2025-08-01,-1.0,-0.03236976170193273
CNN LSTM,static,2025-08-04,-1.0,-0.007823946447907737
CNN LSTM,static,2025-08-05,-1.0,-0.0024223818190187707
CNN LSTM,static,2025-08-06,-1.0,0.000378504337091079
CNN LSTM,static,2025-08-07,1.0,0.005712520942948474
CNN LSTM,static,2025-08-08,-1.0,-0.011086903375463053
CNN LSTM,static,2025-08-11,-1.0,0.02480454170225721
CNN LSTM,static,2025-08-12,-1.0,0.001674141995952727
CNN LSTM,static,2025-08-13,-1.0,-0.0027361132180421244
CNN LSTM,static,2025-08-14,-1.0,0.007364403748689963
CNN LSTM,static,2025-08-15,-1.0,0.0001773035954960589
CNN LSTM,static,2025-08-18,-1.0,0.0013599294990375155
CNN LSTM,static,2025-08-19,-1.0,0.005713454360013359
CNN LSTM,static,2025-08-20,-1.0,-0.008872495090765042
CNN LSTM,static,2025-08-21,-1.0,0.0020362704275490584
CNN LSTM,static,2025-08-22,-1.0,-0.010911965128379553
CNN LSTM,static,2025-08-25,-1.0,0.00029252596167905764
CNN LSTM,static,2025-08-26,-1.0,-0.004535479151426491
CNN LSTM,static,2025-08-27,-1.0,-0.004544158944436383
CNN LSTM,static,2025-08-28,1.0,0.007252285113991986
CNN LSTM,static,2025-08-29,1.0,0.012031214414605307
CNN LSTM,static,2025-09-02,1.0,0.02164325571002701
CNN LSTM,static,2025-09-03,1.0,0.012053908305966976
CNN LSTM,static,2025-09-04,-1.0,0.007721894877767844
CNN LSTM,static,2025-09-05,1.0,0.012720425399154389
CNN LSTM,static,2025-09-08,1.0,0.006596735333402437
CNN LSTM,static,2025-09-09,-1.0,-0.0015052833402931175
CNN LSTM,static,2025-09-10,1.0,-0.0002543020950861672
CNN LSTM,static,2025-09-11,1.0,-0.0022813422986828202
CNN LSTM,static,2025-09-12,1.0,0.0034842672983557144
CNN LSTM,static,2025-09-15,1.0,0.008843342697444134
CNN LSTM,static,2025-09-16,-1.0,-0.001840252125907571
CNN LSTM,static,2025-09-17,1.0,-0.002159691991288537
CNN LSTM,static,2025-09-18,1.0,-0.010624562774012136
CNN LSTM,static,2025-09-19,1.0,0.0074762797039249484
CNN LSTM,static,2025-09-22,-1.0,-0.01890042849452691
CNN LSTM,static,2025-09-23,1.0,0.010554642914192258
CNN LSTM,static,2025-09-24,1.0,-0.012474737040318429
CNN LSTM,static,2025-09-25,1.0,0.0007961571938777112
CNN LSTM,static,2025-09-26,1.0,0.010050091846489195
CNN LSTM,static,2025-09-29,1.0,0.012129154941421527
CNN LSTM,static,2025-09-30,-1.0,-0.00506901852769741
CNN LSTM,static,2025-10-01,-1.0,-0.0062738947470999396
CNN LSTM,static,2025-10-02,-1.0,0.007543271929121187
CNN LSTM,static,2025-10-03,-1.0,-0.010547763412901645
CNN LSTM,static,2025-10-06,-1.0,-0.017242740455943206
CNN LSTM,static,2025-10-07,-1.0,-0.0070668342857844735
CNN LSTM,static,2025-10-08,-1.0,-0.016506867263072822
CNN LSTM,static,2025-10-09,-1.0,0.02405107538232409
CNN LSTM,static,2025-10-10,-1.0,-0.006997886523715691
CNN LSTM,static,2025-10-13,-1.0,-0.033146710552253156
CNN LSTM,static,2025-10-14,-1.0,-0.0073554082612508065
CNN LSTM,static,2025-10-15,-1.0,-0.009175240478579871
CNN LSTM,static,2025-10-16,-1.0,-0.024514470108056186
CNN LSTM,static,2025-10-17,-1.0,0.021209936091034498
CNN LSTM,static,2025-10-20,-1.0,-0.034675932031636325
CNN LSTM,static,2025-10-21,-1.0,0.0574161146704919
CNN LSTM,static,2025-10-22,-1.0,0.01063497950254988
CNN LSTM,static,2025-10-23,-1.0,-0.0197275046093901
CNN LSTM,static,2025-10-24,-1.0,0.001881583554853683
CNN LSTM,static,2025-10-27,-1.0,0.028541703100724125
CNN LSTM,static,2025-10-28,-1.0,0.009105120770259267
CNN LSTM,static,2025-10-29,1.0,0.0042186319911923014
CNN LSTM,static,2025-10-30,1.0,0.0037993229578294763
CNN LSTM,static,2025-10-31,1.0,-0.004830773379692066
CNN LSTM,static,2025-11-03,1.0,0.0043788314775428105
CNN LSTM,static,2025-11-04,1.0,-0.013328350772296993
CNN LSTM,static,2025-11-05,1.0,0.00818076059683115
CNN LSTM,static,2025-11-06,1.0,-0.0004758201783707783
CNN LSTM,static,2025-11-07,1.0,0.004710611081965688
CNN LSTM,static,2025-11-10,1.0,0.027981432940693773
CNN LSTM,static,2025-11-11,-1.0,0.001182871254852036
CNN LSTM,static,2025-11-12,-1.0,-0.023637805209899332
CNN LSTM,static,2025-11-13,-1.0,0.004532964024486885
CNN LSTM,static,2025-11-14,-1.0,0.02391227770368931
CNN LSTM,static,2025-11-17,-1.0,0.004811672953646595
CNN LSTM,static,2025-11-18,1.0,-0.0021634310958399626
CNN LSTM,static,2025-11-19,1.0,0.0040083730058095846
CNN LSTM,static,2025-11-20,1.0,-0.005584414753465383
CNN LSTM,static,2025-11-21,1.0,0.004802955665024644
CNN LSTM,static,2025-11-24,1.0,0.0036033707983516017
CNN LSTM,static,2025-11-25,1.0,0.011186568651835314
CNN LSTM,static,2025-11-26,-1.0,-0.0062870036986715444
CNN LSTM,static,2025-11-28,-1.0,-0.02173550917725333
CNN LSTM,static,2025-12-01,-1.0,-0.004676937836490148
CNN LSTM,static,2025-12-02,-1.0,0.012632170503233064
CNN LSTM,static,2025-12-03,-1.0,-0.002772032755381071
CNN LSTM,static,2025-12-04,-1.0,-0.0024808033077377
CNN LSTM,static,2025-12-05,-1.0,-0.0
CNN LSTM,static,2025-12-08,-1.0,0.0059627161648597715
CNN LSTM,static,2025-12-09,-1.0,-0.004386276677645462
CNN LSTM,static,2025-12-10,-1.0,0.0027146970090613505
CNN LSTM,static,2025-12-11,-1.0,-0.020900845173693616
CNN LSTM,static,2025-12-12,-1.0,-0.003547369507883147
CNN LSTM,static,2025-12-15,-1.0,-0.0015942496907277448
CNN LSTM,static,2025-12-16,-1.0,0.0006690326846119365
CNN LSTM,static,2025-12-17,-1.0,-0.009602312751125552
CNN LSTM,static,2025-12-18,-1.0,0.0021490894976158303
CNN LSTM,static,2025-12-19,-1.0,-0.0052239213397868856
CNN LSTM,static,2025-12-22,-1.0,-0.01871312682313886
CNN LSTM,static,2025-12-23,-1.0,-0.008121961283821255
CNN LSTM,static,2025-12-24,-1.0,0.0006437158486526373
CNN LSTM,static,2025-12-26,-1.0,-0.011082080658583404
CNN LSTM,static,2025-12-29,-1.0,0.045928808989342484
CNN LSTM,static,2025-12-30,1.0,0.009630487630362316
CNN LSTM,static,2025-12-31,1.0,-0.010304746379384833
CNN LSTM,static,2026-01-02,1.0,-0.002649098095252156
CNN LSTM,static,2026-01-05,1.0,0.028155002677900498
CNN LSTM,static,2026-01-06,1.0,0.01001911662501409
CNN LSTM,static,2026-01-07,1.0,-0.0074731649488331
CNN LSTM,static,2026-01-08,1.0,-0.00040331757703082616
CNN LSTM,static,2026-01-09,1.0,0.009011972396955503
CNN LSTM,static,2026-01-12,1.0,0.025283897762198748
CNN LSTM,static,2026-01-13,1.0,-0.00338052245996312
CNN LSTM,static,2026-01-14,1.0,0.007958099819332487
CNN LSTM,static,2026-01-15,1.0,-0.0025886057109849587
CNN LSTM,static,2026-01-16,1.0,-0.006120702418690671
CNN LSTM,static,2026-01-20,1.0,0.037080538356812465
CNN LSTM,static,2026-01-21,1.0,0.015044735039432044
CNN LSTM,static,2026-01-22,1.0,0.01568990229328171
CNN LSTM,static,2026-01-23,1.0,0.013493770970509411
CNN LSTM,static,2026-01-26,1.0,0.02064377385294547
CNN LSTM,static,2026-01-27,1.0,1.9694570831285674e-05
CNN LSTM,static,2026-01-28,1.0,0.04348168176794198
CNN LSTM,static,2026-01-29,1.0,0.0027905204794833605
CNN LSTM,static,2026-01-30,1.0,-0.10799554287274529
CNN LSTM,static,2026-02-02,1.0,-0.019493793196415088
CNN LSTM,static,2026-02-03,1.0,0.06069722228781482
CNN LSTM,static,2026-02-04,1.0,0.0032015814969605927
CNN LSTM,static,2026-02-05,-1.0,0.012181798316599357
CNN LSTM,static,2026-02-06,1.0,0.018268106081910297
CNN LSTM,static,2026-02-09,1.0,0.020000823640037968
CNN LSTM,static,2026-02-10,1.0,-0.009528665447549711
CNN LSTM,static,2026-02-11,1.0,0.013416815742397059
CNN LSTM,static,2026-02-12,1.0,-0.02944005053569676
CNN LSTM,static,2026-02-13,1.0,0.019784153317394804
CNN LSTM,static,2026-02-17,1.0,-0.027822346625805405
CNN LSTM,static,2026-02-18,1.0,0.02111745035946533
CNN LSTM,static,2026-02-19,1.0,-0.0024154302138437167
CNN LSTM,static,2026-02-20,1.0,0.016708688844540687
CNN LSTM,static,2026-02-23,1.0,0.02847924542771474
CNN LSTM,static,2026-02-24,1.0,-0.00943437921911816
CNN LSTM,static,2026-02-25,1.0,0.009640166239948345
CNN LSTM,static,2026-02-26,1.0,-0.006122995446806945
CNN LSTM,static,2026-02-27,1.0,0.01033839763814104
CNN LSTM,static,2026-03-02,1.0,0.012138226051920498
CNN LSTM,static,2026-03-03,1.0,-0.03537538573859522
CNN LSTM,static,2026-03-04,1.0,0.0021468859575475285
CNN LSTM,static,2026-03-05,1.0,-0.0109061868989202
CNN LSTM,static,2026-03-06,1.0,0.0157520619299083
CNN LSTM,static,2026-03-09,1.0,-0.010661600387240178
CNN LSTM,static,2026-03-10,1.0,0.027117561190381778
CNN LSTM,static,2026-03-11,1.0,-0.012018084131618867
CNN LSTM,static,2026-03-12,1.0,-0.010291419737739838
CNN LSTM,static,2026-03-13,1.0,-0.012505289285075327
CNN LSTM,static,2026-03-16,1.0,-0.011754943537568896
CNN LSTM,static,2026-03-17,1.0,0.0011994721853840762
CNN LSTM,static,2026-03-18,1.0,-0.022363323276259672
CNN LSTM,static,2026-03-19,1.0,-0.05933172427837352
CNN LSTM,static,2026-03-20,1.0,-0.006687428982046439
CNN LSTM,static,2026-03-23,1.0,-0.036634702667568186
CNN LSTM,static,2026-03-24,1.0,-0.0012025060518604525
CNN LSTM,static,2026-03-25,1.0,0.03414352673500676
CNN LSTM,static,2026-03-26,1.0,-0.03866177702504847
CNN LSTM,static,2026-03-27,1.0,0.02655215604471084
CNN LSTM,static,2026-03-30,1.0,0.007456872565386741
CNN LSTM,static,2026-03-31,1.0,0.026667012297006278
CNN LSTM,static,2026-04-01,1.0,0.035609776341011035
CNN LSTM,static,2026-04-02,1.0,-0.0277160041630361
CNN LSTM,static,2026-04-06,1.0,0.0010684445138191556
CNN LSTM,static,2026-04-07,1.0,0.0
CNN LSTM,static,2026-04-08,1.0,0.019745126933107704
CNN LSTM,static,2026-04-09,-1.0,-0.008740526463080456
CNN LSTM,static,2026-04-10,1.0,-0.006551203332555011
CNN LSTM,static,2026-04-13,1.0,-0.004177633038386586
CNN LSTM,static,2026-04-14,1.0,0.017347022906939902
CNN LSTM,static,2026-04-15,1.0,-0.005463804759989531
CNN LSTM,static,2026-04-16,1.0,-0.0031719654737100145
CNN LSTM,static,2026-04-17,1.0,0.014828587206488386
CNN LSTM,static,2026-04-20,1.0,-0.010410749231919647
CNN LSTM,static,2026-04-21,1.0,-0.02261425435886688
CNN LSTM,static,2026-04-22,1.0,0.007076850083195918
CNN LSTM,static,2026-04-23,1.0,-0.00610140963601935
CNN LSTM,static,2026-04-24,1.0,0.0035774560422840995
CNN LSTM,static,2026-04-27,1.0,-0.009955853952519855
CNN LSTM,static,2026-04-28,1.0,-0.018173357781551047
CNN LSTM,static,2026-04-29,1.0,-0.010177046987588367
CNN LSTM,static,2026-04-30,1.0,0.014929320981311056
ARMA,rcs,2025-07-02,-0.0,-0.0
ARMA,rcs,2025-07-03,0.5,-0.0025502305372932577
ARMA,rcs,2025-07-04,0.5,0.0005384692574440519
ARMA,rcs,2025-07-07,0.5,-0.0005528090799155616
ARMA,rcs,2025-07-08,0.5,-0.0038740196999600407
ARMA,rcs,2025-07-09,0.5,0.0006180617107789388
ARMA,rcs,2025-07-10,0.5,0.0007076108358740063
ARMA,rcs,2025-07-11,0.5,0.005758193672076306
ARMA,rcs,2025-07-14,-0.5,0.0006282851283814117
ARMA,rcs,2025-07-15,0.5,-0.003434248136875162
ARMA,rcs,2025-07-16,0.5,0.003356631823683731
ARMA,rcs,2025-07-17,0.5,-0.0020541288480437903
ARMA,rcs,2025-07-18,0.5,0.0019430245135341195
ARMA,rcs,2025-07-21,0.5,0.007161339489663687
ARMA,rcs,2025-07-22,-0.5,-0.00557499558147313
ARMA,rcs,2025-07-23,-0.5,0.006693360944518056
ARMA,rcs,2025-07-24,0.5,-0.0036466354137549947
ARMA,rcs,2025-07-25,0.5,-0.00561729692363272
ARMA,rcs,2025-07-28,0.5,-0.0038374051005451437
ARMA,rcs,2025-07-29,0.5,0.002114803625377637
ARMA,rcs,2025-07-30,0.5,-0.0042418699115335246
ARMA,rcs,2025-07-31,1.0,-0.001038912439386169
ARMA,rcs,2025-08-01,1.0,0.03236976170193273
ARMA,rcs,2025-08-04,-0.0,-0.0001
ARMA,rcs,2025-08-05,0.0,0.0
ARMA,rcs,2025-08-06,0.0,-0.0
ARMA,rcs,2025-08-07,0.0,0.0
ARMA,rcs,2025-08-08,0.0,0.0
ARMA,rcs,2025-08-11,-0.0,0.0
ARMA,rcs,2025-08-12,0.0,-0.0
ARMA,rcs,2025-08-13,0.0,0.0
ARMA,rcs,2025-08-14,0.0,-0.0
ARMA,rcs,2025-08-15,0.0,-0.0
ARMA,rcs,2025-08-18,0.0,-0.0
ARMA,rcs,2025-08-19,0.0,-0.0
ARMA,rcs,2025-08-20,0.0,0.0
ARMA,rcs,2025-08-21,0.0,-0.0
ARMA,rcs,2025-08-22,0.0,0.0
ARMA,rcs,2025-08-25,-0.0,0.0
ARMA,rcs,2025-08-26,0.0,0.0
ARMA,rcs,2025-08-27,0.0,0.0
ARMA,rcs,2025-08-28,0.0,0.0
ARMA,rcs,2025-08-29,0.0,0.0
ARMA,rcs,2025-09-02,-0.0,-0.0
ARMA,rcs,2025-09-03,-0.5,-0.006076954152983488
ARMA,rcs,2025-09-04,-0.5,0.003960947438883922
ARMA,rcs,2025-09-05,0.5,0.006360212699577194
ARMA,rcs,2025-09-08,-0.5,-0.0033983676667012183
ARMA,rcs,2025-09-09,0.5,0.0005526416701465587
ARMA,rcs,2025-09-10,0.5,-2.7151047543083617e-05
ARMA,rcs,2025-09-11,1.0,-0.0023313422986828204
ARMA,rcs,2025-09-12,1.0,0.0034842672983557144
ARMA,rcs,2025-09-15,1.0,0.008843342697444134
ARMA,rcs,2025-09-16,1.0,0.0016402521259075709
ARMA,rcs,2025-09-17,1.0,-0.001959691991288537
ARMA,rcs,2025-09-18,1.0,-0.010624562774012136
ARMA,rcs,2025-09-19,1.0,0.0074762797039249484
ARMA,rcs,2025-09-22,1.0,0.01870042849452691
ARMA,rcs,2025-09-23,-0.5,-0.005527321457096129
ARMA,rcs,2025-09-24,-0.5,0.006237368520159214
ARMA,rcs,2025-09-25,0.5,0.0002980785969388556
ARMA,rcs,2025-09-26,0.5,0.005025045923244598
ARMA,rcs,2025-09-29,-0.5,-0.006164577470710764
ARMA,rcs,2025-09-30,-0.5,-0.002434509263848705
ARMA,rcs,2025-10-01,0.5,0.00303694737354997
ARMA,rcs,2025-10-02,0.5,-0.0037716359645605935
ARMA,rcs,2025-10-03,0.5,0.0052738817064508225
ARMA,rcs,2025-10-06,0.5,0.008621370227971603
ARMA,rcs,2025-10-07,-0.5,-0.0036334171428922366
ARMA,rcs,2025-10-08,0.5,0.008153433631536412
ARMA,rcs,2025-10-09,-0.5,0.011925537691162046
ARMA,rcs,2025-10-10,0.0,-5e-05
ARMA,rcs,2025-10-13,0.0,0.0
ARMA,rcs,2025-10-14,-0.0,-0.0
ARMA,rcs,2025-10-15,0.0,0.0
ARMA,rcs,2025-10-16,0.0,0.0
ARMA,rcs,2025-10-17,-0.0,0.0
ARMA,rcs,2025-10-20,0.0,0.0
ARMA,rcs,2025-10-21,-0.0,0.0
ARMA,rcs,2025-10-22,0.0,-0.0
ARMA,rcs,2025-10-23,0.0,0.0
ARMA,rcs,2025-10-24,-0.0,0.0
ARMA,rcs,2025-10-27,0.0,-0.0
ARMA,rcs,2025-10-28,0.0,-0.0
ARMA,rcs,2025-10-29,0.0,0.0
ARMA,rcs,2025-10-30,0.0,0.0
ARMA,rcs,2025-10-31,0.0,-0.0
ARMA,rcs,2025-11-03,0.0,0.0
ARMA,rcs,2025-11-04,0.0,-0.0
ARMA,rcs,2025-11-05,0.0,0.0
ARMA,rcs,2025-11-06,0.0,-0.0
ARMA,rcs,2025-11-07,0.0,0.0
ARMA,rcs,2025-11-10,0.0,0.0
ARMA,rcs,2025-11-11,-0.0,0.0
ARMA,rcs,2025-11-12,0.0,0.0
ARMA,rcs,2025-11-13,-0.0,0.0
ARMA,rcs,2025-11-14,0.0,-0.0
ARMA,rcs,2025-11-17,0.0,-0.0
ARMA,rcs,2025-11-18,0.0,-0.0
ARMA,rcs,2025-11-19,0.0,0.0
ARMA,rcs,2025-11-20,0.0,-0.0
ARMA,rcs,2025-11-21,0.0,0.0
ARMA,rcs,2025-11-24,0.0,0.0
ARMA,rcs,2025-11-25,0.0,0.0
ARMA,rcs,2025-11-26,-0.0,-0.0
ARMA,rcs,2025-11-28,0.0,0.0
ARMA,rcs,2025-12-01,-0.0,-0.0
ARMA,rcs,2025-12-02,0.0,-0.0
ARMA,rcs,2025-12-03,0.0,0.0
ARMA,rcs,2025-12-04,0.0,0.0
ARMA,rcs,2025-12-05,0.0,0.0
ARMA,rcs,2025-12-08,0.0,-0.0
ARMA,rcs,2025-12-09,0.0,0.0
ARMA,rcs,2025-12-10,0.0,-0.0
ARMA,rcs,2025-12-11,0.0,0.0
ARMA,rcs,2025-12-12,-0.0,-0.0
ARMA,rcs,2025-12-15,0.5,0.0007471248453638724
ARMA,rcs,2025-12-16,0.5,-0.00033451634230596827
ARMA,rcs,2025-12-17,0.5,0.004801156375562776
ARMA,rcs,2025-12-18,0.5,-0.0010745447488079152
ARMA,rcs,2025-12-19,0.5,0.0026119606698934428
ARMA,rcs,2025-12-22,0.5,0.00935656341156943
ARMA,rcs,2025-12-23,-0.5,-0.004160980641910628
ARMA,rcs,2025-12-24,0.5,-0.00042185792432631865
ARMA,rcs,2025-12-26,0.5,0.005541040329291702
ARMA,rcs,2025-12-29,-0.5,0.022864404494671243
ARMA,rcs,2025-12-30,0.0,-5e-05
ARMA,rcs,2025-12-31,0.0,-0.0
ARMA,rcs,2026-01-02,0.0,-0.0
ARMA,rcs,2026-01-05,0.0,0.0
ARMA,rcs,2026-01-06,-0.0,-0.0
ARMA,rcs,2026-01-07,-0.0,0.0
ARMA,rcs,2026-01-08,0.0,-0.0
ARMA,rcs,2026-01-09,0.0,0.0
ARMA,rcs,2026-01-12,0.0,0.0
ARMA,rcs,2026-01-13,-0.0,0.0
ARMA,rcs,2026-01-14,0.0,0.0
ARMA,rcs,2026-01-15,0.0,-0.0
ARMA,rcs,2026-01-16,0.0,-0.0
ARMA,rcs,2026-01-20,0.0,0.0
ARMA,rcs,2026-01-21,-0.0,-0.0
ARMA,rcs,2026-01-22,-0.0,-0.0
ARMA,rcs,2026-01-23,-0.0,-0.0
ARMA,rcs,2026-01-26,-0.0,-0.0
ARMA,rcs,2026-01-27,-0.0,-0.0
ARMA,rcs,2026-01-28,0.0,0.0
ARMA,rcs,2026-01-29,-0.0,-0.0
ARMA,rcs,2026-01-30,0.0,-0.0
ARMA,rcs,2026-02-02,0.0,-0.0
ARMA,rcs,2026-02-03,0.0,0.0
ARMA,rcs,2026-02-04,-0.0,-0.0
ARMA,rcs,2026-02-05,0.0,-0.0
ARMA,rcs,2026-02-06,0.0,0.0
ARMA,rcs,2026-02-09,-0.0,-0.0
ARMA,rcs,2026-02-10,-0.0,0.0
ARMA,rcs,2026-02-11,0.0,0.0
ARMA,rcs,2026-02-12,-0.0,0.0
ARMA,rcs,2026-02-13,0.0,0.0
ARMA,rcs,2026-02-17,-0.0,0.0
ARMA,rcs,2026-02-18,0.0,0.0
ARMA,rcs,2026-02-19,-0.0,0.0
ARMA,rcs,2026-02-20,0.0,0.0
ARMA,rcs,2026-02-23,-0.0,-0.0
ARMA,rcs,2026-02-24,-0.0,0.0
ARMA,rcs,2026-02-25,0.0,0.0
ARMA,rcs,2026-02-26,0.0,-0.0
ARMA,rcs,2026-02-27,0.0,0.0
ARMA,rcs,2026-03-02,0.0,0.0
ARMA,rcs,2026-03-03,-0.0,0.0
ARMA,rcs,2026-03-04,0.0,0.0
ARMA,rcs,2026-03-05,0.0,-0.0
ARMA,rcs,2026-03-06,0.0,0.0
ARMA,rcs,2026-03-09,-0.0,0.0
ARMA,rcs,2026-03-10,0.0,0.0
ARMA,rcs,2026-03-11,-0.0,0.0
ARMA,rcs,2026-03-12,0.0,-0.0
ARMA,rcs,2026-03-13,0.0,-0.0
ARMA,rcs,2026-03-16,0.0,-0.0
ARMA,rcs,2026-03-17,0.0,0.0
ARMA,rcs,2026-03-18,0.0,-0.0
ARMA,rcs,2026-03-19,0.0,-0.0
ARMA,rcs,2026-03-20,0.0,-0.0
ARMA,rcs,2026-03-23,0.0,-0.0
ARMA,rcs,2026-03-24,0.0,-0.0
ARMA,rcs,2026-03-25,0.0,0.0
ARMA,rcs,2026-03-26,-0.0,0.0
ARMA,rcs,2026-03-27,0.0,0.0
ARMA,rcs,2026-03-30,-0.0,-0.0
ARMA,rcs,2026-03-31,0.0,0.0
ARMA,rcs,2026-04-01,-0.0,-0.0
ARMA,rcs,2026-04-02,-0.0,0.0
ARMA,rcs,2026-04-06,0.0,0.0
ARMA,rcs,2026-04-07,0.0,0.0
ARMA,rcs,2026-04-08,0.0,0.0
ARMA,rcs,2026-04-09,-0.0,-0.0
ARMA,rcs,2026-04-10,0.0,-0.0
ARMA,rcs,2026-04-13,0.0,-0.0
ARMA,rcs,2026-04-14,0.0,0.0
ARMA,rcs,2026-04-15,-0.0,0.0
ARMA,rcs,2026-04-16,0.0,-0.0
ARMA,rcs,2026-04-17,0.0,0.0
ARMA,rcs,2026-04-20,-0.0,0.0
ARMA,rcs,2026-04-21,0.0,-0.0
ARMA,rcs,2026-04-22,0.0,0.0
ARMA,rcs,2026-04-23,0.0,-0.0
ARMA,rcs,2026-04-24,0.0,0.0
ARMA,rcs,2026-04-27,0.0,-0.0
ARMA,rcs,2026-04-28,0.0,-0.0
ARMA,rcs,2026-04-29,0.0,-0.0
ARMA,rcs,2026-04-30,0.0,0.0
Decision Tree,rcs,2025-07-02,0.0,0.0
Decision Tree,rcs,2025-07-03,0.5,-0.0025502305372932577
Decision Tree,rcs,2025-07-04,0.5,0.0005384692574440519
Decision Tree,rcs,2025-07-07,0.5,-0.0005528090799155616
Decision Tree,rcs,2025-07-08,0.5,-0.0038740196999600407
Decision Tree,rcs,2025-07-09,0.5,0.0006180617107789388
Decision Tree,rcs,2025-07-10,0.5,0.0007076108358740063
Decision Tree,rcs,2025-07-11,0.5,0.005758193672076306
Decision Tree,rcs,2025-07-14,0.5,-0.0007282851283814118
Decision Tree,rcs,2025-07-15,0.5,-0.003334248136875162
Decision Tree,rcs,2025-07-16,0.5,0.003356631823683731
Decision Tree,rcs,2025-07-17,0.5,-0.0020541288480437903
Decision Tree,rcs,2025-07-18,0.5,0.0019430245135341195
Decision Tree,rcs,2025-07-21,0.5,0.007161339489663687
Decision Tree,rcs,2025-07-22,0.5,0.00547499558147313
Decision Tree,rcs,2025-07-23,0.5,-0.006693360944518056
Decision Tree,rcs,2025-07-24,0.5,-0.003546635413754995
Decision Tree,rcs,2025-07-25,0.5,-0.00561729692363272
Decision Tree,rcs,2025-07-28,0.5,-0.0038374051005451437
Decision Tree,rcs,2025-07-29,0.5,0.002114803625377637
Decision Tree,rcs,2025-07-30,0.5,-0.0042418699115335246
Decision Tree,rcs,2025-07-31,1.0,-0.001038912439386169
Decision Tree,rcs,2025-08-01,1.0,0.03236976170193273
Decision Tree,rcs,2025-08-04,0.0,-0.0001
Decision Tree,rcs,2025-08-05,0.0,0.0
Decision Tree,rcs,2025-08-06,0.0,-0.0
Decision Tree,rcs,2025-08-07,0.0,0.0
Decision Tree,rcs,2025-08-08,0.0,0.0
Decision Tree,rcs,2025-08-11,0.0,-0.0
Decision Tree,rcs,2025-08-12,0.0,-0.0
Decision Tree,rcs,2025-08-13,0.0,0.0
Decision Tree,rcs,2025-08-14,0.0,-0.0
Decision Tree,rcs,2025-08-15,0.0,-0.0
Decision Tree,rcs,2025-08-18,0.0,-0.0
Decision Tree,rcs,2025-08-19,0.0,-0.0
Decision Tree,rcs,2025-08-20,0.0,0.0
Decision Tree,rcs,2025-08-21,0.0,-0.0
Decision Tree,rcs,2025-08-22,0.0,0.0
Decision Tree,rcs,2025-08-25,0.0,-0.0
Decision Tree,rcs,2025-08-26,0.0,0.0
Decision Tree,rcs,2025-08-27,0.0,0.0
Decision Tree,rcs,2025-08-28,0.0,0.0
Decision Tree,rcs,2025-08-29,0.0,0.0
Decision Tree,rcs,2025-09-02,0.0,0.0
Decision Tree,rcs,2025-09-03,0.5,0.005976954152983488
Decision Tree,rcs,2025-09-04,0.5,-0.003960947438883922
Decision Tree,rcs,2025-09-05,0.5,0.006460212699577195
Decision Tree,rcs,2025-09-08,0.5,0.0032983676667012185
Decision Tree,rcs,2025-09-09,0.5,0.0006526416701465587
Decision Tree,rcs,2025-09-10,0.5,-2.7151047543083617e-05
Decision Tree,rcs,2025-09-11,1.0,-0.0023313422986828204
Decision Tree,rcs,2025-09-12,1.0,0.0034842672983557144
Decision Tree,rcs,2025-09-15,1.0,0.008843342697444134
Decision Tree,rcs,2025-09-16,1.0,0.0016402521259075709
Decision Tree,rcs,2025-09-17,1.0,-0.001959691991288537
Decision Tree,rcs,2025-09-18,1.0,-0.010624562774012136
Decision Tree,rcs,2025-09-19,1.0,0.0074762797039249484
Decision Tree,rcs,2025-09-22,1.0,0.01870042849452691
Decision Tree,rcs,2025-09-23,0.5,0.0053273214570961295
Decision Tree,rcs,2025-09-24,0.5,-0.006237368520159214
Decision Tree,rcs,2025-09-25,0.5,0.0003980785969388556
Decision Tree,rcs,2025-09-26,0.5,0.005025045923244598
Decision Tree,rcs,2025-09-29,0.5,0.006064577470710764
Decision Tree,rcs,2025-09-30,0.5,0.0022345092638487054
Decision Tree,rcs,2025-10-01,0.5,0.0031369473735499698
Decision Tree,rcs,2025-10-02,0.5,-0.0037716359645605935
Decision Tree,rcs,2025-10-03,0.5,0.0052738817064508225
Decision Tree,rcs,2025-10-06,0.5,0.008621370227971603
Decision Tree,rcs,2025-10-07,0.5,0.0035334171428922367
Decision Tree,rcs,2025-10-08,0.5,0.008253433631536411
Decision Tree,rcs,2025-10-09,0.5,-0.012025537691162045
Decision Tree,rcs,2025-10-10,0.0,-5e-05
Decision Tree,rcs,2025-10-13,0.0,0.0
Decision Tree,rcs,2025-10-14,0.0,0.0
Decision Tree,rcs,2025-10-15,0.0,0.0
Decision Tree,rcs,2025-10-16,0.0,0.0
Decision Tree,rcs,2025-10-17,-0.0,0.0
Decision Tree,rcs,2025-10-20,-0.0,-0.0
Decision Tree,rcs,2025-10-21,-0.0,0.0
Decision Tree,rcs,2025-10-22,-0.0,0.0
Decision Tree,rcs,2025-10-23,0.0,0.0
Decision Tree,rcs,2025-10-24,0.0,-0.0
Decision Tree,rcs,2025-10-27,0.0,-0.0
Decision Tree,rcs,2025-10-28,0.0,-0.0
Decision Tree,rcs,2025-10-29,0.0,0.0
Decision Tree,rcs,2025-10-30,0.0,0.0
Decision Tree,rcs,2025-10-31,0.0,-0.0
Decision Tree,rcs,2025-11-03,0.0,0.0
Decision Tree,rcs,2025-11-04,0.0,-0.0
Decision Tree,rcs,2025-11-05,0.0,0.0
Decision Tree,rcs,2025-11-06,0.0,-0.0
Decision Tree,rcs,2025-11-07,0.0,0.0
Decision Tree,rcs,2025-11-10,0.0,0.0
Decision Tree,rcs,2025-11-11,0.0,-0.0
Decision Tree,rcs,2025-11-12,0.0,0.0
Decision Tree,rcs,2025-11-13,0.0,-0.0
Decision Tree,rcs,2025-11-14,0.0,-0.0
Decision Tree,rcs,2025-11-17,0.0,-0.0
Decision Tree,rcs,2025-11-18,0.0,-0.0
Decision Tree,rcs,2025-11-19,0.0,0.0
Decision Tree,rcs,2025-11-20,0.0,-0.0
Decision Tree,rcs,2025-11-21,0.0,0.0
Decision Tree,rcs,2025-11-24,0.0,0.0
Decision Tree,rcs,2025-11-25,0.0,0.0
Decision Tree,rcs,2025-11-26,0.0,0.0
Decision Tree,rcs,2025-11-28,0.0,0.0
Decision Tree,rcs,2025-12-01,0.0,0.0
Decision Tree,rcs,2025-12-02,0.0,-0.0
Decision Tree,rcs,2025-12-03,0.0,0.0
Decision Tree,rcs,2025-12-04,0.0,0.0
Decision Tree,rcs,2025-12-05,0.0,0.0
Decision Tree,rcs,2025-12-08,0.0,-0.0
Decision Tree,rcs,2025-12-09,0.0,0.0
Decision Tree,rcs,2025-12-10,0.0,-0.0
Decision Tree,rcs,2025-12-11,0.0,0.0
Decision Tree,rcs,2025-12-12,0.0,0.0
Decision Tree,rcs,2025-12-15,0.5,0.0007471248453638724
Decision Tree,rcs,2025-12-16,0.5,-0.00033451634230596827
Decision Tree,rcs,2025-12-17,0.5,0.004801156375562776
Decision Tree,rcs,2025-12-18,0.5,-0.0010745447488079152
Decision Tree,rcs,2025-12-19,0.5,0.0026119606698934428
Decision Tree,rcs,2025-12-22,0.5,0.00935656341156943
Decision Tree,rcs,2025-12-23,0.5,0.004060980641910628
Decision Tree,rcs,2025-12-24,0.5,-0.00032185792432631866
Decision Tree,rcs,2025-12-26,0.5,0.005541040329291702
Decision Tree,rcs,2025-12-29,0.5,-0.022964404494671242
Decision Tree,rcs,2025-12-30,-0.0,-5e-05
Decision Tree,rcs,2025-12-31,0.0,-0.0
Decision Tree,rcs,2026-01-02,0.0,-0.0
Decision Tree,rcs,2026-01-05,0.0,0.0
Decision Tree,rcs,2026-01-06,0.0,0.0
Decision Tree,rcs,2026-01-07,0.0,-0.0
Decision Tree,rcs,2026-01-08,0.0,-0.0
Decision Tree,rcs,2026-01-09,0.0,0.0
Decision Tree,rcs,2026-01-12,0.0,0.0
Decision Tree,rcs,2026-01-13,0.0,-0.0
Decision Tree,rcs,2026-01-14,0.0,0.0
Decision Tree,rcs,2026-01-15,0.0,-0.0
Decision Tree,rcs,2026-01-16,0.0,-0.0
Decision Tree,rcs,2026-01-20,0.0,0.0
Decision Tree,rcs,2026-01-21,0.0,0.0
Decision Tree,rcs,2026-01-22,0.0,0.0
Decision Tree,rcs,2026-01-23,0.0,0.0
Decision Tree,rcs,2026-01-26,0.0,0.0
Decision Tree,rcs,2026-01-27,0.0,0.0
Decision Tree,rcs,2026-01-28,0.0,0.0
Decision Tree,rcs,2026-01-29,0.0,0.0
Decision Tree,rcs,2026-01-30,0.0,-0.0
Decision Tree,rcs,2026-02-02,0.0,-0.0
Decision Tree,rcs,2026-02-03,0.0,0.0
Decision Tree,rcs,2026-02-04,-0.0,-0.0
Decision Tree,rcs,2026-02-05,0.0,-0.0
Decision Tree,rcs,2026-02-06,0.0,0.0
Decision Tree,rcs,2026-02-09,0.0,0.0
Decision Tree,rcs,2026-02-10,-0.0,0.0
Decision Tree,rcs,2026-02-11,0.0,0.0
Decision Tree,rcs,2026-02-12,0.0,-0.0
Decision Tree,rcs,2026-02-13,-0.0,-0.0
Decision Tree,rcs,2026-02-17,0.0,-0.0
Decision Tree,rcs,2026-02-18,0.0,0.0
Decision Tree,rcs,2026-02-19,0.0,-0.0
Decision Tree,rcs,2026-02-20,0.0,0.0
Decision Tree,rcs,2026-02-23,0.0,0.0
Decision Tree,rcs,2026-02-24,0.0,-0.0
Decision Tree,rcs,2026-02-25,0.0,0.0
Decision Tree,rcs,2026-02-26,0.0,-0.0
Decision Tree,rcs,2026-02-27,0.0,0.0
Decision Tree,rcs,2026-03-02,0.0,0.0
Decision Tree,rcs,2026-03-03,0.0,-0.0
Decision Tree,rcs,2026-03-04,0.0,0.0
Decision Tree,rcs,2026-03-05,0.0,-0.0
Decision Tree,rcs,2026-03-06,0.0,0.0
Decision Tree,rcs,2026-03-09,0.0,-0.0
Decision Tree,rcs,2026-03-10,0.0,0.0
Decision Tree,rcs,2026-03-11,0.0,-0.0
Decision Tree,rcs,2026-03-12,0.0,-0.0
Decision Tree,rcs,2026-03-13,0.0,-0.0
Decision Tree,rcs,2026-03-16,0.0,-0.0
Decision Tree,rcs,2026-03-17,0.0,0.0
Decision Tree,rcs,2026-03-18,0.0,-0.0
Decision Tree,rcs,2026-03-19,0.0,-0.0
Decision Tree,rcs,2026-03-20,0.0,-0.0
Decision Tree,rcs,2026-03-23,0.0,-0.0
Decision Tree,rcs,2026-03-24,0.0,-0.0
Decision Tree,rcs,2026-03-25,0.0,0.0
Decision Tree,rcs,2026-03-26,0.0,-0.0
Decision Tree,rcs,2026-03-27,0.0,0.0
Decision Tree,rcs,2026-03-30,0.0,0.0
Decision Tree,rcs,2026-03-31,0.0,0.0
Decision Tree,rcs,2026-04-01,0.0,0.0
Decision Tree,rcs,2026-04-02,0.0,-0.0
Decision Tree,rcs,2026-04-06,0.0,0.0
Decision Tree,rcs,2026-04-07,0.0,0.0
Decision Tree,rcs,2026-04-08,0.0,0.0
Decision Tree,rcs,2026-04-09,0.0,0.0
Decision Tree,rcs,2026-04-10,0.0,-0.0
Decision Tree,rcs,2026-04-13,0.0,-0.0
Decision Tree,rcs,2026-04-14,0.0,0.0
Decision Tree,rcs,2026-04-15,0.0,-0.0
Decision Tree,rcs,2026-04-16,0.0,-0.0
Decision Tree,rcs,2026-04-17,0.0,0.0
Decision Tree,rcs,2026-04-20,0.0,-0.0
Decision Tree,rcs,2026-04-21,0.0,-0.0
Decision Tree,rcs,2026-04-22,0.0,0.0
Decision Tree,rcs,2026-04-23,0.0,-0.0
Decision Tree,rcs,2026-04-24,0.0,0.0
Decision Tree,rcs,2026-04-27,0.0,-0.0
Decision Tree,rcs,2026-04-28,0.0,-0.0
Decision Tree,rcs,2026-04-29,0.0,-0.0
Decision Tree,rcs,2026-04-30,0.0,0.0
Random Forest,rcs,2025-07-02,0.0,0.0
Random Forest,rcs,2025-07-03,0.5,-0.0025502305372932577
Random Forest,rcs,2025-07-04,0.5,0.0005384692574440519
Random Forest,rcs,2025-07-07,0.5,-0.0005528090799155616
Random Forest,rcs,2025-07-08,0.5,-0.0038740196999600407
Random Forest,rcs,2025-07-09,0.5,0.0006180617107789388
Random Forest,rcs,2025-07-10,0.5,0.0007076108358740063
Random Forest,rcs,2025-07-11,0.5,0.005758193672076306
Random Forest,rcs,2025-07-14,0.5,-0.0007282851283814118
Random Forest,rcs,2025-07-15,0.5,-0.003334248136875162
Random Forest,rcs,2025-07-16,0.5,0.003356631823683731
Random Forest,rcs,2025-07-17,0.5,-0.0020541288480437903
Random Forest,rcs,2025-07-18,0.5,0.0019430245135341195
Random Forest,rcs,2025-07-21,0.5,0.007161339489663687
Random Forest,rcs,2025-07-22,0.5,0.00547499558147313
Random Forest,rcs,2025-07-23,0.5,-0.006693360944518056
Random Forest,rcs,2025-07-24,0.5,-0.003546635413754995
Random Forest,rcs,2025-07-25,0.5,-0.00561729692363272
Random Forest,rcs,2025-07-28,0.5,-0.0038374051005451437
Random Forest,rcs,2025-07-29,0.5,0.002114803625377637
Random Forest,rcs,2025-07-30,0.5,-0.0042418699115335246
Random Forest,rcs,2025-07-31,1.0,-0.001038912439386169
Random Forest,rcs,2025-08-01,1.0,0.03236976170193273
Random Forest,rcs,2025-08-04,0.0,-0.0001
Random Forest,rcs,2025-08-05,0.0,0.0
Random Forest,rcs,2025-08-06,0.0,-0.0
Random Forest,rcs,2025-08-07,0.0,0.0
Random Forest,rcs,2025-08-08,0.0,0.0
Random Forest,rcs,2025-08-11,0.0,-0.0
Random Forest,rcs,2025-08-12,0.0,-0.0
Random Forest,rcs,2025-08-13,0.0,0.0
Random Forest,rcs,2025-08-14,0.0,-0.0
Random Forest,rcs,2025-08-15,0.0,-0.0
Random Forest,rcs,2025-08-18,0.0,-0.0
Random Forest,rcs,2025-08-19,0.0,-0.0
Random Forest,rcs,2025-08-20,0.0,0.0
Random Forest,rcs,2025-08-21,0.0,-0.0
Random Forest,rcs,2025-08-22,0.0,0.0
Random Forest,rcs,2025-08-25,0.0,-0.0
Random Forest,rcs,2025-08-26,0.0,0.0
Random Forest,rcs,2025-08-27,0.0,0.0
Random Forest,rcs,2025-08-28,0.0,0.0
Random Forest,rcs,2025-08-29,0.0,0.0
Random Forest,rcs,2025-09-02,0.0,0.0
Random Forest,rcs,2025-09-03,0.5,0.005976954152983488
Random Forest,rcs,2025-09-04,0.5,-0.003960947438883922
Random Forest,rcs,2025-09-05,0.5,0.006460212699577195
Random Forest,rcs,2025-09-08,0.5,0.0032983676667012185
Random Forest,rcs,2025-09-09,0.5,0.0006526416701465587
Random Forest,rcs,2025-09-10,0.5,-2.7151047543083617e-05
Random Forest,rcs,2025-09-11,1.0,-0.0023313422986828204
Random Forest,rcs,2025-09-12,1.0,0.0034842672983557144
Random Forest,rcs,2025-09-15,1.0,0.008843342697444134
Random Forest,rcs,2025-09-16,1.0,0.0016402521259075709
Random Forest,rcs,2025-09-17,1.0,-0.001959691991288537
Random Forest,rcs,2025-09-18,1.0,-0.010624562774012136
Random Forest,rcs,2025-09-19,1.0,0.0074762797039249484
Random Forest,rcs,2025-09-22,1.0,0.01870042849452691
Random Forest,rcs,2025-09-23,0.5,0.0053273214570961295
Random Forest,rcs,2025-09-24,0.5,-0.006237368520159214
Random Forest,rcs,2025-09-25,0.5,0.0003980785969388556
Random Forest,rcs,2025-09-26,0.5,0.005025045923244598
Random Forest,rcs,2025-09-29,0.5,0.006064577470710764
Random Forest,rcs,2025-09-30,0.5,0.0022345092638487054
Random Forest,rcs,2025-10-01,0.5,0.0031369473735499698
Random Forest,rcs,2025-10-02,0.5,-0.0037716359645605935
Random Forest,rcs,2025-10-03,0.5,0.0052738817064508225
Random Forest,rcs,2025-10-06,0.5,0.008621370227971603
Random Forest,rcs,2025-10-07,-0.5,-0.0036334171428922366
Random Forest,rcs,2025-10-08,-0.5,-0.008253433631536411
Random Forest,rcs,2025-10-09,-0.5,0.012025537691162045
Random Forest,rcs,2025-10-10,0.0,-5e-05
Random Forest,rcs,2025-10-13,0.0,0.0
Random Forest,rcs,2025-10-14,-0.0,-0.0
Random Forest,rcs,2025-10-15,-0.0,-0.0
Random Forest,rcs,2025-10-16,-0.0,-0.0
Random Forest,rcs,2025-10-17,-0.0,0.0
Random Forest,rcs,2025-10-20,-0.0,-0.0
Random Forest,rcs,2025-10-21,-0.0,0.0
Random Forest,rcs,2025-10-22,-0.0,0.0
Random Forest,rcs,2025-10-23,0.0,0.0
Random Forest,rcs,2025-10-24,-0.0,0.0
Random Forest,rcs,2025-10-27,-0.0,0.0
Random Forest,rcs,2025-10-28,-0.0,0.0
Random Forest,rcs,2025-10-29,0.0,0.0
Random Forest,rcs,2025-10-30,0.0,0.0
Random Forest,rcs,2025-10-31,0.0,-0.0
Random Forest,rcs,2025-11-03,-0.0,-0.0
Random Forest,rcs,2025-11-04,-0.0,0.0
Random Forest,rcs,2025-11-05,0.0,0.0
Random Forest,rcs,2025-11-06,0.0,-0.0
Random Forest,rcs,2025-11-07,0.0,0.0
Random Forest,rcs,2025-11-10,-0.0,-0.0
Random Forest,rcs,2025-11-11,0.0,-0.0
Random Forest,rcs,2025-11-12,0.0,0.0
Random Forest,rcs,2025-11-13,-0.0,0.0
Random Forest,rcs,2025-11-14,-0.0,0.0
Random Forest,rcs,2025-11-17,0.0,-0.0
Random Forest,rcs,2025-11-18,0.0,-0.0
Random Forest,rcs,2025-11-19,0.0,0.0
Random Forest,rcs,2025-11-20,0.0,-0.0
Random Forest,rcs,2025-11-21,0.0,0.0
Random Forest,rcs,2025-11-24,0.0,0.0
Random Forest,rcs,2025-11-25,0.0,0.0
Random Forest,rcs,2025-11-26,0.0,0.0
Random Forest,rcs,2025-11-28,0.0,0.0
Random Forest,rcs,2025-12-01,0.0,0.0
Random Forest,rcs,2025-12-02,0.0,-0.0
Random Forest,rcs,2025-12-03,0.0,0.0
Random Forest,rcs,2025-12-04,0.0,0.0
Random Forest,rcs,2025-12-05,0.0,0.0
Random Forest,rcs,2025-12-08,0.0,-0.0
Random Forest,rcs,2025-12-09,0.0,0.0
Random Forest,rcs,2025-12-10,0.0,-0.0
Random Forest,rcs,2025-12-11,0.0,0.0
Random Forest,rcs,2025-12-12,0.0,0.0
Random Forest,rcs,2025-12-15,0.5,0.0007471248453638724
Random Forest,rcs,2025-12-16,0.5,-0.00033451634230596827
Random Forest,rcs,2025-12-17,0.5,0.004801156375562776
Random Forest,rcs,2025-12-18,0.5,-0.0010745447488079152
Random Forest,rcs,2025-12-19,0.5,0.0026119606698934428
Random Forest,rcs,2025-12-22,0.5,0.00935656341156943
Random Forest,rcs,2025-12-23,0.5,0.004060980641910628
Random Forest,rcs,2025-12-24,0.5,-0.00032185792432631866
Random Forest,rcs,2025-12-26,0.5,0.005541040329291702
Random Forest,rcs,2025-12-29,0.5,-0.022964404494671242
Random Forest,rcs,2025-12-30,-0.0,-5e-05
Random Forest,rcs,2025-12-31,-0.0,0.0
Random Forest,rcs,2026-01-02,-0.0,0.0
Random Forest,rcs,2026-01-05,0.0,0.0
Random Forest,rcs,2026-01-06,0.0,0.0
Random Forest,rcs,2026-01-07,0.0,-0.0
Random Forest,rcs,2026-01-08,0.0,-0.0
Random Forest,rcs,2026-01-09,0.0,0.0
Random Forest,rcs,2026-01-12,0.0,0.0
Random Forest,rcs,2026-01-13,-0.0,0.0
Random Forest,rcs,2026-01-14,0.0,0.0
Random Forest,rcs,2026-01-15,0.0,-0.0
Random Forest,rcs,2026-01-16,0.0,-0.0
Random Forest,rcs,2026-01-20,0.0,0.0
Random Forest,rcs,2026-01-21,0.0,0.0
Random Forest,rcs,2026-01-22,0.0,0.0
Random Forest,rcs,2026-01-23,0.0,0.0
Random Forest,rcs,2026-01-26,-0.0,-0.0
Random Forest,rcs,2026-01-27,-0.0,-0.0
Random Forest,rcs,2026-01-28,-0.0,-0.0
Random Forest,rcs,2026-01-29,-0.0,-0.0
Random Forest,rcs,2026-01-30,-0.0,0.0
Random Forest,rcs,2026-02-02,-0.0,0.0
Random Forest,rcs,2026-02-03,0.0,0.0
Random Forest,rcs,2026-02-04,-0.0,-0.0
Random Forest,rcs,2026-02-05,0.0,-0.0
Random Forest,rcs,2026-02-06,-0.0,-0.0
Random Forest,rcs,2026-02-09,-0.0,-0.0
Random Forest,rcs,2026-02-10,-0.0,0.0
Random Forest,rcs,2026-02-11,-0.0,-0.0
Random Forest,rcs,2026-02-12,0.0,-0.0
Random Forest,rcs,2026-02-13,-0.0,-0.0
Random Forest,rcs,2026-02-17,0.0,-0.0
Random Forest,rcs,2026-02-18,0.0,0.0
Random Forest,rcs,2026-02-19,0.0,-0.0
Random Forest,rcs,2026-02-20,0.0,0.0
Random Forest,rcs,2026-02-23,-0.0,-0.0
Random Forest,rcs,2026-02-24,-0.0,0.0
Random Forest,rcs,2026-02-25,-0.0,-0.0
Random Forest,rcs,2026-02-26,-0.0,0.0
Random Forest,rcs,2026-02-27,-0.0,-0.0
Random Forest,rcs,2026-03-02,-0.0,-0.0
Random Forest,rcs,2026-03-03,0.0,-0.0
Random Forest,rcs,2026-03-04,-0.0,-0.0
Random Forest,rcs,2026-03-05,0.0,-0.0
Random Forest,rcs,2026-03-06,0.0,0.0
Random Forest,rcs,2026-03-09,0.0,-0.0
Random Forest,rcs,2026-03-10,0.0,0.0
Random Forest,rcs,2026-03-11,0.0,-0.0
Random Forest,rcs,2026-03-12,0.0,-0.0
Random Forest,rcs,2026-03-13,0.0,-0.0
Random Forest,rcs,2026-03-16,0.0,-0.0
Random Forest,rcs,2026-03-17,0.0,0.0
Random Forest,rcs,2026-03-18,0.0,-0.0
Random Forest,rcs,2026-03-19,0.0,-0.0
Random Forest,rcs,2026-03-20,-0.0,0.0
Random Forest,rcs,2026-03-23,0.0,-0.0
Random Forest,rcs,2026-03-24,0.0,-0.0
Random Forest,rcs,2026-03-25,0.0,0.0
Random Forest,rcs,2026-03-26,0.0,-0.0
Random Forest,rcs,2026-03-27,-0.0,-0.0
Random Forest,rcs,2026-03-30,0.0,0.0
Random Forest,rcs,2026-03-31,0.0,0.0
Random Forest,rcs,2026-04-01,0.0,0.0
Random Forest,rcs,2026-04-02,-0.0,0.0
Random Forest,rcs,2026-04-06,0.0,0.0
Random Forest,rcs,2026-04-07,0.0,0.0
Random Forest,rcs,2026-04-08,0.0,0.0
Random Forest,rcs,2026-04-09,0.0,0.0
Random Forest,rcs,2026-04-10,0.0,-0.0
Random Forest,rcs,2026-04-13,0.0,-0.0
Random Forest,rcs,2026-04-14,0.0,0.0
Random Forest,rcs,2026-04-15,0.0,-0.0
Random Forest,rcs,2026-04-16,0.0,-0.0
Random Forest,rcs,2026-04-17,0.0,0.0
Random Forest,rcs,2026-04-20,0.0,-0.0
Random Forest,rcs,2026-04-21,0.0,-0.0
Random Forest,rcs,2026-04-22,0.0,0.0
Random Forest,rcs,2026-04-23,0.0,-0.0
Random Forest,rcs,2026-04-24,0.0,0.0
Random Forest,rcs,2026-04-27,0.0,-0.0
Random Forest,rcs,2026-04-28,0.0,-0.0
Random Forest,rcs,2026-04-29,0.0,-0.0
Random Forest,rcs,2026-04-30,0.0,0.0
Gradient Boosting,rcs,2025-07-02,0.0,0.0
Gradient Boosting,rcs,2025-07-03,0.5,-0.0025502305372932577
Gradient Boosting,rcs,2025-07-04,0.5,0.0005384692574440519
Gradient Boosting,rcs,2025-07-07,0.5,-0.0005528090799155616
Gradient Boosting,rcs,2025-07-08,0.5,-0.0038740196999600407
Gradient Boosting,rcs,2025-07-09,0.5,0.0006180617107789388
Gradient Boosting,rcs,2025-07-10,0.5,0.0007076108358740063
Gradient Boosting,rcs,2025-07-11,0.5,0.005758193672076306
Gradient Boosting,rcs,2025-07-14,0.5,-0.0007282851283814118
Gradient Boosting,rcs,2025-07-15,0.5,-0.003334248136875162
Gradient Boosting,rcs,2025-07-16,0.5,0.003356631823683731
Gradient Boosting,rcs,2025-07-17,0.5,-0.0020541288480437903
Gradient Boosting,rcs,2025-07-18,0.5,0.0019430245135341195
Gradient Boosting,rcs,2025-07-21,0.5,0.007161339489663687
Gradient Boosting,rcs,2025-07-22,0.5,0.00547499558147313
Gradient Boosting,rcs,2025-07-23,0.5,-0.006693360944518056
Gradient Boosting,rcs,2025-07-24,0.5,-0.003546635413754995
Gradient Boosting,rcs,2025-07-25,0.5,-0.00561729692363272
Gradient Boosting,rcs,2025-07-28,0.5,-0.0038374051005451437
Gradient Boosting,rcs,2025-07-29,0.5,0.002114803625377637
Gradient Boosting,rcs,2025-07-30,0.5,-0.0042418699115335246
Gradient Boosting,rcs,2025-07-31,1.0,-0.001038912439386169
Gradient Boosting,rcs,2025-08-01,1.0,0.03236976170193273
Gradient Boosting,rcs,2025-08-04,0.0,-0.0001
Gradient Boosting,rcs,2025-08-05,-0.0,-0.0
Gradient Boosting,rcs,2025-08-06,0.0,-0.0
Gradient Boosting,rcs,2025-08-07,0.0,0.0
Gradient Boosting,rcs,2025-08-08,0.0,0.0
Gradient Boosting,rcs,2025-08-11,0.0,-0.0
Gradient Boosting,rcs,2025-08-12,0.0,-0.0
Gradient Boosting,rcs,2025-08-13,0.0,0.0
Gradient Boosting,rcs,2025-08-14,0.0,-0.0
Gradient Boosting,rcs,2025-08-15,-0.0,0.0
Gradient Boosting,rcs,2025-08-18,0.0,-0.0
Gradient Boosting,rcs,2025-08-19,0.0,-0.0
Gradient Boosting,rcs,2025-08-20,0.0,0.0
Gradient Boosting,rcs,2025-08-21,0.0,-0.0
Gradient Boosting,rcs,2025-08-22,0.0,0.0
Gradient Boosting,rcs,2025-08-25,0.0,-0.0
Gradient Boosting,rcs,2025-08-26,0.0,0.0
Gradient Boosting,rcs,2025-08-27,0.0,0.0
Gradient Boosting,rcs,2025-08-28,0.0,0.0
Gradient Boosting,rcs,2025-08-29,0.0,0.0
Gradient Boosting,rcs,2025-09-02,0.0,0.0
Gradient Boosting,rcs,2025-09-03,0.5,0.005976954152983488
Gradient Boosting,rcs,2025-09-04,0.5,-0.003960947438883922
Gradient Boosting,rcs,2025-09-05,0.5,0.006460212699577195
Gradient Boosting,rcs,2025-09-08,0.5,0.0032983676667012185
Gradient Boosting,rcs,2025-09-09,0.5,0.0006526416701465587
Gradient Boosting,rcs,2025-09-10,0.5,-2.7151047543083617e-05
Gradient Boosting,rcs,2025-09-11,1.0,-0.0023313422986828204
Gradient Boosting,rcs,2025-09-12,1.0,0.0034842672983557144
Gradient Boosting,rcs,2025-09-15,1.0,0.008843342697444134
Gradient Boosting,rcs,2025-09-16,-1.0,-0.001840252125907571
Gradient Boosting,rcs,2025-09-17,1.0,-0.002159691991288537
Gradient Boosting,rcs,2025-09-18,1.0,-0.010624562774012136
Gradient Boosting,rcs,2025-09-19,1.0,0.0074762797039249484
Gradient Boosting,rcs,2025-09-22,1.0,0.01870042849452691
Gradient Boosting,rcs,2025-09-23,0.5,0.0053273214570961295
Gradient Boosting,rcs,2025-09-24,-0.5,0.006137368520159214
Gradient Boosting,rcs,2025-09-25,0.5,0.0002980785969388556
Gradient Boosting,rcs,2025-09-26,0.5,0.005025045923244598
Gradient Boosting,rcs,2025-09-29,0.5,0.006064577470710764
Gradient Boosting,rcs,2025-09-30,0.5,0.0022345092638487054
Gradient Boosting,rcs,2025-10-01,0.5,0.0031369473735499698
Gradient Boosting,rcs,2025-10-02,0.5,-0.0037716359645605935
Gradient Boosting,rcs,2025-10-03,0.5,0.0052738817064508225
Gradient Boosting,rcs,2025-10-06,-0.5,-0.008721370227971603
Gradient Boosting,rcs,2025-10-07,-0.5,-0.0035334171428922367
Gradient Boosting,rcs,2025-10-08,-0.5,-0.008253433631536411
Gradient Boosting,rcs,2025-10-09,-0.5,0.012025537691162045
Gradient Boosting,rcs,2025-10-10,0.0,-5e-05
Gradient Boosting,rcs,2025-10-13,0.0,0.0
Gradient Boosting,rcs,2025-10-14,-0.0,-0.0
Gradient Boosting,rcs,2025-10-15,-0.0,-0.0
Gradient Boosting,rcs,2025-10-16,-0.0,-0.0
Gradient Boosting,rcs,2025-10-17,-0.0,0.0
Gradient Boosting,rcs,2025-10-20,-0.0,-0.0
Gradient Boosting,rcs,2025-10-21,-0.0,0.0
Gradient Boosting,rcs,2025-10-22,0.0,-0.0
Gradient Boosting,rcs,2025-10-23,0.0,0.0
Gradient Boosting,rcs,2025-10-24,0.0,-0.0
Gradient Boosting,rcs,2025-10-27,-0.0,0.0
Gradient Boosting,rcs,2025-10-28,0.0,-0.0
Gradient Boosting,rcs,2025-10-29,0.0,0.0
Gradient Boosting,rcs,2025-10-30,0.0,0.0
Gradient Boosting,rcs,2025-10-31,0.0,-0.0
Gradient Boosting,rcs,2025-11-03,-0.0,-0.0
Gradient Boosting,rcs,2025-11-04,-0.0,0.0
Gradient Boosting,rcs,2025-11-05,0.0,0.0
Gradient Boosting,rcs,2025-11-06,-0.0,0.0
Gradient Boosting,rcs,2025-11-07,0.0,0.0
Gradient Boosting,rcs,2025-11-10,-0.0,-0.0
Gradient Boosting,rcs,2025-11-11,0.0,-0.0
Gradient Boosting,rcs,2025-11-12,-0.0,-0.0
Gradient Boosting,rcs,2025-11-13,0.0,-0.0
Gradient Boosting,rcs,2025-11-14,0.0,-0.0
Gradient Boosting,rcs,2025-11-17,0.0,-0.0
Gradient Boosting,rcs,2025-11-18,0.0,-0.0
Gradient Boosting,rcs,2025-11-19,0.0,0.0
Gradient Boosting,rcs,2025-11-20,0.0,-0.0
Gradient Boosting,rcs,2025-11-21,0.0,0.0
Gradient Boosting,rcs,2025-11-24,-0.0,-0.0
Gradient Boosting,rcs,2025-11-25,0.0,0.0
Gradient Boosting,rcs,2025-11-26,-0.0,-0.0
Gradient Boosting,rcs,2025-11-28,0.0,0.0
Gradient Boosting,rcs,2025-12-01,-0.0,-0.0
Gradient Boosting,rcs,2025-12-02,0.0,-0.0
Gradient Boosting,rcs,2025-12-03,0.0,0.0
Gradient Boosting,rcs,2025-12-04,0.0,0.0
Gradient Boosting,rcs,2025-12-05,0.0,0.0
Gradient Boosting,rcs,2025-12-08,0.0,-0.0
Gradient Boosting,rcs,2025-12-09,0.0,0.0
Gradient Boosting,rcs,2025-12-10,0.0,-0.0
Gradient Boosting,rcs,2025-12-11,0.0,0.0
Gradient Boosting,rcs,2025-12-12,-0.0,-0.0
Gradient Boosting,rcs,2025-12-15,0.5,0.0007471248453638724
Gradient Boosting,rcs,2025-12-16,0.5,-0.00033451634230596827
Gradient Boosting,rcs,2025-12-17,0.5,0.004801156375562776
Gradient Boosting,rcs,2025-12-18,0.5,-0.0010745447488079152
Gradient Boosting,rcs,2025-12-19,0.5,0.0026119606698934428
Gradient Boosting,rcs,2025-12-22,0.5,0.00935656341156943
Gradient Boosting,rcs,2025-12-23,0.5,0.004060980641910628
Gradient Boosting,rcs,2025-12-24,0.5,-0.00032185792432631866
Gradient Boosting,rcs,2025-12-26,0.5,0.005541040329291702
Gradient Boosting,rcs,2025-12-29,0.5,-0.022964404494671242
Gradient Boosting,rcs,2025-12-30,0.0,-5e-05
Gradient Boosting,rcs,2025-12-31,-0.0,0.0
Gradient Boosting,rcs,2026-01-02,-0.0,0.0
Gradient Boosting,rcs,2026-01-05,0.0,0.0
Gradient Boosting,rcs,2026-01-06,-0.0,-0.0
Gradient Boosting,rcs,2026-01-07,0.0,-0.0
Gradient Boosting,rcs,2026-01-08,0.0,-0.0
Gradient Boosting,rcs,2026-01-09,0.0,0.0
Gradient Boosting,rcs,2026-01-12,-0.0,-0.0
Gradient Boosting,rcs,2026-01-13,-0.0,0.0
Gradient Boosting,rcs,2026-01-14,0.0,0.0
Gradient Boosting,rcs,2026-01-15,0.0,-0.0
Gradient Boosting,rcs,2026-01-16,0.0,-0.0
Gradient Boosting,rcs,2026-01-20,0.0,0.0
Gradient Boosting,rcs,2026-01-21,-0.0,-0.0
Gradient Boosting,rcs,2026-01-22,0.0,0.0
Gradient Boosting,rcs,2026-01-23,0.0,0.0
Gradient Boosting,rcs,2026-01-26,-0.0,-0.0
Gradient Boosting,rcs,2026-01-27,-0.0,-0.0
Gradient Boosting,rcs,2026-01-28,-0.0,-0.0
Gradient Boosting,rcs,2026-01-29,-0.0,-0.0
Gradient Boosting,rcs,2026-01-30,-0.0,0.0
Gradient Boosting,rcs,2026-02-02,0.0,-0.0
Gradient Boosting,rcs,2026-02-03,0.0,0.0
Gradient Boosting,rcs,2026-02-04,-0.0,-0.0
Gradient Boosting,rcs,2026-02-05,0.0,-0.0
Gradient Boosting,rcs,2026-02-06,-0.0,-0.0
Gradient Boosting,rcs,2026-02-09,-0.0,-0.0
Gradient Boosting,rcs,2026-02-10,-0.0,0.0
Gradient Boosting,rcs,2026-02-11,0.0,0.0
Gradient Boosting,rcs,2026-02-12,0.0,-0.0
Gradient Boosting,rcs,2026-02-13,-0.0,-0.0
Gradient Boosting,rcs,2026-02-17,0.0,-0.0
Gradient Boosting,rcs,2026-02-18,0.0,0.0
Gradient Boosting,rcs,2026-02-19,0.0,-0.0
Gradient Boosting,rcs,2026-02-20,-0.0,-0.0
Gradient Boosting,rcs,2026-02-23,-0.0,-0.0
Gradient Boosting,rcs,2026-02-24,-0.0,0.0
Gradient Boosting,rcs,2026-02-25,0.0,0.0
Gradient Boosting,rcs,2026-02-26,0.0,-0.0
Gradient Boosting,rcs,2026-02-27,-0.0,-0.0
Gradient Boosting,rcs,2026-03-02,-0.0,-0.0
Gradient Boosting,rcs,2026-03-03,0.0,-0.0
Gradient Boosting,rcs,2026-03-04,0.0,0.0
Gradient Boosting,rcs,2026-03-05,-0.0,0.0
Gradient Boosting,rcs,2026-03-06,0.0,0.0
Gradient Boosting,rcs,2026-03-09,0.0,-0.0
Gradient Boosting,rcs,2026-03-10,0.0,0.0
Gradient Boosting,rcs,2026-03-11,0.0,-0.0
Gradient Boosting,rcs,2026-03-12,0.0,-0.0
Gradient Boosting,rcs,2026-03-13,0.0,-0.0
Gradient Boosting,rcs,2026-03-16,0.0,-0.0
Gradient Boosting,rcs,2026-03-17,0.0,0.0
Gradient Boosting,rcs,2026-03-18,0.0,-0.0
Gradient Boosting,rcs,2026-03-19,0.0,-0.0
Gradient Boosting,rcs,2026-03-20,-0.0,0.0
Gradient Boosting,rcs,2026-03-23,0.0,-0.0
Gradient Boosting,rcs,2026-03-24,0.0,-0.0
Gradient Boosting,rcs,2026-03-25,0.0,0.0
Gradient Boosting,rcs,2026-03-26,0.0,-0.0
Gradient Boosting,rcs,2026-03-27,-0.0,-0.0
Gradient Boosting,rcs,2026-03-30,0.0,0.0
Gradient Boosting,rcs,2026-03-31,0.0,0.0
Gradient Boosting,rcs,2026-04-01,0.0,0.0
Gradient Boosting,rcs,2026-04-02,-0.0,0.0
Gradient Boosting,rcs,2026-04-06,0.0,0.0
Gradient Boosting,rcs,2026-04-07,0.0,0.0
Gradient Boosting,rcs,2026-04-08,0.0,0.0
Gradient Boosting,rcs,2026-04-09,0.0,0.0
Gradient Boosting,rcs,2026-04-10,-0.0,0.0
Gradient Boosting,rcs,2026-04-13,0.0,-0.0
Gradient Boosting,rcs,2026-04-14,0.0,0.0
Gradient Boosting,rcs,2026-04-15,0.0,-0.0
Gradient Boosting,rcs,2026-04-16,0.0,-0.0
Gradient Boosting,rcs,2026-04-17,0.0,0.0
Gradient Boosting,rcs,2026-04-20,0.0,-0.0
Gradient Boosting,rcs,2026-04-21,0.0,-0.0
Gradient Boosting,rcs,2026-04-22,0.0,0.0
Gradient Boosting,rcs,2026-04-23,-0.0,0.0
Gradient Boosting,rcs,2026-04-24,0.0,0.0
Gradient Boosting,rcs,2026-04-27,0.0,-0.0
Gradient Boosting,rcs,2026-04-28,0.0,-0.0
Gradient Boosting,rcs,2026-04-29,0.0,-0.0
Gradient Boosting,rcs,2026-04-30,0.0,0.0
XGBoost,rcs,2025-07-02,0.0,0.0
XGBoost,rcs,2025-07-03,-0.5,0.0024502305372932575
XGBoost,rcs,2025-07-04,0.5,0.00043846925744405195
XGBoost,rcs,2025-07-07,0.5,-0.0005528090799155616
XGBoost,rcs,2025-07-08,0.5,-0.0038740196999600407
XGBoost,rcs,2025-07-09,0.5,0.0006180617107789388
XGBoost,rcs,2025-07-10,0.5,0.0007076108358740063
XGBoost,rcs,2025-07-11,0.5,0.005758193672076306
XGBoost,rcs,2025-07-14,0.5,-0.0007282851283814118
XGBoost,rcs,2025-07-15,0.5,-0.003334248136875162
XGBoost,rcs,2025-07-16,0.5,0.003356631823683731
XGBoost,rcs,2025-07-17,0.5,-0.0020541288480437903
XGBoost,rcs,2025-07-18,0.5,0.0019430245135341195
XGBoost,rcs,2025-07-21,-0.5,-0.0072613394896636875
XGBoost,rcs,2025-07-22,0.5,0.00537499558147313
XGBoost,rcs,2025-07-23,0.5,-0.006693360944518056
XGBoost,rcs,2025-07-24,0.5,-0.003546635413754995
XGBoost,rcs,2025-07-25,0.5,-0.00561729692363272
XGBoost,rcs,2025-07-28,0.5,-0.0038374051005451437
XGBoost,rcs,2025-07-29,0.5,0.002114803625377637
XGBoost,rcs,2025-07-30,0.5,-0.0042418699115335246
XGBoost,rcs,2025-07-31,1.0,-0.001038912439386169
XGBoost,rcs,2025-08-01,1.0,0.03236976170193273
XGBoost,rcs,2025-08-04,0.0,-0.0001
XGBoost,rcs,2025-08-05,-0.0,-0.0
XGBoost,rcs,2025-08-06,0.0,-0.0
XGBoost,rcs,2025-08-07,0.0,0.0
XGBoost,rcs,2025-08-08,0.0,0.0
XGBoost,rcs,2025-08-11,-0.0,0.0
XGBoost,rcs,2025-08-12,0.0,-0.0
XGBoost,rcs,2025-08-13,0.0,0.0
XGBoost,rcs,2025-08-14,0.0,-0.0
XGBoost,rcs,2025-08-15,0.0,-0.0
XGBoost,rcs,2025-08-18,0.0,-0.0
XGBoost,rcs,2025-08-19,0.0,-0.0
XGBoost,rcs,2025-08-20,0.0,0.0
XGBoost,rcs,2025-08-21,-0.0,0.0
XGBoost,rcs,2025-08-22,0.0,0.0
XGBoost,rcs,2025-08-25,0.0,-0.0
XGBoost,rcs,2025-08-26,0.0,0.0
XGBoost,rcs,2025-08-27,0.0,0.0
XGBoost,rcs,2025-08-28,0.0,0.0
XGBoost,rcs,2025-08-29,0.0,0.0
XGBoost,rcs,2025-09-02,0.0,0.0
XGBoost,rcs,2025-09-03,0.5,0.005976954152983488
XGBoost,rcs,2025-09-04,0.5,-0.003960947438883922
XGBoost,rcs,2025-09-05,0.5,0.006460212699577195
XGBoost,rcs,2025-09-08,0.5,0.0032983676667012185
XGBoost,rcs,2025-09-09,0.5,0.0006526416701465587
XGBoost,rcs,2025-09-10,0.5,-2.7151047543083617e-05
XGBoost,rcs,2025-09-11,1.0,-0.0023313422986828204
XGBoost,rcs,2025-09-12,1.0,0.0034842672983557144
XGBoost,rcs,2025-09-15,1.0,0.008843342697444134
XGBoost,rcs,2025-09-16,-1.0,-0.001840252125907571
XGBoost,rcs,2025-09-17,1.0,-0.002159691991288537
XGBoost,rcs,2025-09-18,1.0,-0.010624562774012136
XGBoost,rcs,2025-09-19,1.0,0.0074762797039249484
XGBoost,rcs,2025-09-22,1.0,0.01870042849452691
XGBoost,rcs,2025-09-23,-0.5,-0.005527321457096129
XGBoost,rcs,2025-09-24,-0.5,0.006237368520159214
XGBoost,rcs,2025-09-25,0.5,0.0002980785969388556
XGBoost,rcs,2025-09-26,0.5,0.005025045923244598
XGBoost,rcs,2025-09-29,0.5,0.006064577470710764
XGBoost,rcs,2025-09-30,0.5,0.0022345092638487054
XGBoost,rcs,2025-10-01,0.5,0.0031369473735499698
XGBoost,rcs,2025-10-02,-0.5,0.0036716359645605936
XGBoost,rcs,2025-10-03,0.5,0.005173881706450822
XGBoost,rcs,2025-10-06,-0.5,-0.008721370227971603
XGBoost,rcs,2025-10-07,-0.5,-0.0035334171428922367
XGBoost,rcs,2025-10-08,-0.5,-0.008253433631536411
XGBoost,rcs,2025-10-09,-0.5,0.012025537691162045
XGBoost,rcs,2025-10-10,0.0,-5e-05
XGBoost,rcs,2025-10-13,-0.0,-0.0
XGBoost,rcs,2025-10-14,-0.0,-0.0
XGBoost,rcs,2025-10-15,0.0,0.0
XGBoost,rcs,2025-10-16,0.0,0.0
XGBoost,rcs,2025-10-17,-0.0,0.0
XGBoost,rcs,2025-10-20,-0.0,-0.0
XGBoost,rcs,2025-10-21,-0.0,0.0
XGBoost,rcs,2025-10-22,0.0,-0.0
XGBoost,rcs,2025-10-23,0.0,0.0
XGBoost,rcs,2025-10-24,0.0,-0.0
XGBoost,rcs,2025-10-27,-0.0,0.0
XGBoost,rcs,2025-10-28,0.0,-0.0
XGBoost,rcs,2025-10-29,0.0,0.0
XGBoost,rcs,2025-10-30,-0.0,-0.0
XGBoost,rcs,2025-10-31,-0.0,0.0
XGBoost,rcs,2025-11-03,0.0,0.0
XGBoost,rcs,2025-11-04,-0.0,0.0
XGBoost,rcs,2025-11-05,0.0,0.0
XGBoost,rcs,2025-11-06,-0.0,0.0
XGBoost,rcs,2025-11-07,0.0,0.0
XGBoost,rcs,2025-11-10,-0.0,-0.0
XGBoost,rcs,2025-11-11,0.0,-0.0
XGBoost,rcs,2025-11-12,-0.0,-0.0
XGBoost,rcs,2025-11-13,-0.0,0.0
XGBoost,rcs,2025-11-14,-0.0,0.0
XGBoost,rcs,2025-11-17,-0.0,0.0
XGBoost,rcs,2025-11-18,0.0,-0.0
XGBoost,rcs,2025-11-19,-0.0,-0.0
XGBoost,rcs,2025-11-20,-0.0,0.0
XGBoost,rcs,2025-11-21,0.0,0.0
XGBoost,rcs,2025-11-24,-0.0,-0.0
XGBoost,rcs,2025-11-25,-0.0,-0.0
XGBoost,rcs,2025-11-26,-0.0,-0.0
XGBoost,rcs,2025-11-28,0.0,0.0
XGBoost,rcs,2025-12-01,-0.0,-0.0
XGBoost,rcs,2025-12-02,0.0,-0.0
XGBoost,rcs,2025-12-03,0.0,0.0
XGBoost,rcs,2025-12-04,0.0,0.0
XGBoost,rcs,2025-12-05,0.0,0.0
XGBoost,rcs,2025-12-08,0.0,-0.0
XGBoost,rcs,2025-12-09,0.0,0.0
XGBoost,rcs,2025-12-10,-0.0,0.0
XGBoost,rcs,2025-12-11,0.0,0.0
XGBoost,rcs,2025-12-12,-0.0,-0.0
XGBoost,rcs,2025-12-15,0.5,0.0007471248453638724
XGBoost,rcs,2025-12-16,0.5,-0.00033451634230596827
XGBoost,rcs,2025-12-17,0.5,0.004801156375562776
XGBoost,rcs,2025-12-18,-0.5,0.0009745447488079151
XGBoost,rcs,2025-12-19,0.5,0.002511960669893443
XGBoost,rcs,2025-12-22,0.5,0.00935656341156943
XGBoost,rcs,2025-12-23,0.5,0.004060980641910628
XGBoost,rcs,2025-12-24,0.5,-0.00032185792432631866
XGBoost,rcs,2025-12-26,-0.5,-0.005641040329291702
XGBoost,rcs,2025-12-29,0.5,-0.02306440449467124
XGBoost,rcs,2025-12-30,-0.0,-5e-05
XGBoost,rcs,2025-12-31,-0.0,0.0
XGBoost,rcs,2026-01-02,0.0,-0.0
XGBoost,rcs,2026-01-05,0.0,0.0
XGBoost,rcs,2026-01-06,-0.0,-0.0
XGBoost,rcs,2026-01-07,-0.0,0.0
XGBoost,rcs,2026-01-08,0.0,-0.0
XGBoost,rcs,2026-01-09,-0.0,-0.0
XGBoost,rcs,2026-01-12,-0.0,-0.0
XGBoost,rcs,2026-01-13,-0.0,0.0
XGBoost,rcs,2026-01-14,-0.0,-0.0
XGBoost,rcs,2026-01-15,-0.0,0.0
XGBoost,rcs,2026-01-16,0.0,-0.0
XGBoost,rcs,2026-01-20,0.0,0.0
XGBoost,rcs,2026-01-21,-0.0,-0.0
XGBoost,rcs,2026-01-22,0.0,0.0
XGBoost,rcs,2026-01-23,-0.0,-0.0
XGBoost,rcs,2026-01-26,-0.0,-0.0
XGBoost,rcs,2026-01-27,-0.0,-0.0
XGBoost,rcs,2026-01-28,-0.0,-0.0
XGBoost,rcs,2026-01-29,-0.0,-0.0
XGBoost,rcs,2026-01-30,-0.0,0.0
XGBoost,rcs,2026-02-02,0.0,-0.0
XGBoost,rcs,2026-02-03,0.0,0.0
XGBoost,rcs,2026-02-04,-0.0,-0.0
XGBoost,rcs,2026-02-05,-0.0,0.0
XGBoost,rcs,2026-02-06,-0.0,-0.0
XGBoost,rcs,2026-02-09,-0.0,-0.0
XGBoost,rcs,2026-02-10,-0.0,0.0
XGBoost,rcs,2026-02-11,-0.0,-0.0
XGBoost,rcs,2026-02-12,0.0,-0.0
XGBoost,rcs,2026-02-13,0.0,0.0
XGBoost,rcs,2026-02-17,0.0,-0.0
XGBoost,rcs,2026-02-18,0.0,0.0
XGBoost,rcs,2026-02-19,-0.0,0.0
XGBoost,rcs,2026-02-20,-0.0,-0.0
XGBoost,rcs,2026-02-23,-0.0,-0.0
XGBoost,rcs,2026-02-24,-0.0,0.0
XGBoost,rcs,2026-02-25,0.0,0.0
XGBoost,rcs,2026-02-26,0.0,-0.0
XGBoost,rcs,2026-02-27,0.0,0.0
XGBoost,rcs,2026-03-02,-0.0,-0.0
XGBoost,rcs,2026-03-03,-0.0,0.0
XGBoost,rcs,2026-03-04,0.0,0.0
XGBoost,rcs,2026-03-05,-0.0,0.0
XGBoost,rcs,2026-03-06,0.0,0.0
XGBoost,rcs,2026-03-09,-0.0,0.0
XGBoost,rcs,2026-03-10,0.0,0.0
XGBoost,rcs,2026-03-11,0.0,-0.0
XGBoost,rcs,2026-03-12,0.0,-0.0
XGBoost,rcs,2026-03-13,0.0,-0.0
XGBoost,rcs,2026-03-16,0.0,-0.0
XGBoost,rcs,2026-03-17,0.0,0.0
XGBoost,rcs,2026-03-18,0.0,-0.0
XGBoost,rcs,2026-03-19,0.0,-0.0
XGBoost,rcs,2026-03-20,-0.0,0.0
XGBoost,rcs,2026-03-23,0.0,-0.0
XGBoost,rcs,2026-03-24,0.0,-0.0
XGBoost,rcs,2026-03-25,0.0,0.0
XGBoost,rcs,2026-03-26,0.0,-0.0
XGBoost,rcs,2026-03-27,-0.0,-0.0
XGBoost,rcs,2026-03-30,0.0,0.0
XGBoost,rcs,2026-03-31,0.0,0.0
XGBoost,rcs,2026-04-01,0.0,0.0
XGBoost,rcs,2026-04-02,-0.0,0.0
XGBoost,rcs,2026-04-06,0.0,0.0
XGBoost,rcs,2026-04-07,-0.0,-0.0
XGBoost,rcs,2026-04-08,0.0,0.0
XGBoost,rcs,2026-04-09,0.0,0.0
XGBoost,rcs,2026-04-10,-0.0,0.0
XGBoost,rcs,2026-04-13,0.0,-0.0
XGBoost,rcs,2026-04-14,0.0,0.0
XGBoost,rcs,2026-04-15,0.0,-0.0
XGBoost,rcs,2026-04-16,0.0,-0.0
XGBoost,rcs,2026-04-17,-0.0,-0.0
XGBoost,rcs,2026-04-20,0.0,-0.0
XGBoost,rcs,2026-04-21,0.0,-0.0
XGBoost,rcs,2026-04-22,0.0,0.0
XGBoost,rcs,2026-04-23,-0.0,0.0
XGBoost,rcs,2026-04-24,0.0,0.0
XGBoost,rcs,2026-04-27,-0.0,0.0
XGBoost,rcs,2026-04-28,0.0,-0.0
XGBoost,rcs,2026-04-29,0.0,-0.0
XGBoost,rcs,2026-04-30,0.0,0.0
SVR,rcs,2025-07-02,0.0,0.0
SVR,rcs,2025-07-03,-0.5,0.0024502305372932575
SVR,rcs,2025-07-04,0.5,0.00043846925744405195
SVR,rcs,2025-07-07,-0.5,0.0004528090799155616
SVR,rcs,2025-07-08,0.5,-0.003974019699960041
SVR,rcs,2025-07-09,-0.5,-0.0007180617107789388
SVR,rcs,2025-07-10,0.5,0.0006076108358740063
SVR,rcs,2025-07-11,0.5,0.005758193672076306
SVR,rcs,2025-07-14,0.5,-0.0007282851283814118
SVR,rcs,2025-07-15,-0.5,0.003234248136875162
SVR,rcs,2025-07-16,-0.5,-0.003356631823683731
SVR,rcs,2025-07-17,0.5,-0.00215412884804379
SVR,rcs,2025-07-18,0.5,0.0019430245135341195
SVR,rcs,2025-07-21,-0.5,-0.0072613394896636875
SVR,rcs,2025-07-22,0.5,0.00537499558147313
SVR,rcs,2025-07-23,-0.5,0.006593360944518056
SVR,rcs,2025-07-24,-0.5,0.003546635413754995
SVR,rcs,2025-07-25,-0.5,0.00561729692363272
SVR,rcs,2025-07-28,-0.5,0.0038374051005451437
SVR,rcs,2025-07-29,-0.5,-0.002114803625377637
SVR,rcs,2025-07-30,-0.5,0.0042418699115335246
SVR,rcs,2025-07-31,1.0,-0.0011389124393861691
SVR,rcs,2025-08-01,1.0,0.03236976170193273
SVR,rcs,2025-08-04,-0.0,-0.0001
SVR,rcs,2025-08-05,0.0,0.0
SVR,rcs,2025-08-06,0.0,-0.0
SVR,rcs,2025-08-07,0.0,0.0
SVR,rcs,2025-08-08,-0.0,-0.0
SVR,rcs,2025-08-11,0.0,-0.0
SVR,rcs,2025-08-12,0.0,-0.0
SVR,rcs,2025-08-13,-0.0,-0.0
SVR,rcs,2025-08-14,0.0,-0.0
SVR,rcs,2025-08-15,0.0,-0.0
SVR,rcs,2025-08-18,-0.0,0.0
SVR,rcs,2025-08-19,-0.0,0.0
SVR,rcs,2025-08-20,0.0,0.0
SVR,rcs,2025-08-21,0.0,-0.0
SVR,rcs,2025-08-22,0.0,0.0
SVR,rcs,2025-08-25,0.0,-0.0
SVR,rcs,2025-08-26,-0.0,-0.0
SVR,rcs,2025-08-27,0.0,0.0
SVR,rcs,2025-08-28,-0.0,-0.0
SVR,rcs,2025-08-29,0.0,0.0
SVR,rcs,2025-09-02,-0.0,-0.0
SVR,rcs,2025-09-03,-0.5,-0.006076954152983488
SVR,rcs,2025-09-04,-0.5,0.003960947438883922
SVR,rcs,2025-09-05,0.5,0.006360212699577194
SVR,rcs,2025-09-08,0.5,0.0032983676667012185
SVR,rcs,2025-09-09,-0.5,-0.0007526416701465588
SVR,rcs,2025-09-10,0.5,-0.0001271510475430836
SVR,rcs,2025-09-11,1.0,-0.0023313422986828204
SVR,rcs,2025-09-12,-1.0,-0.0036842672983557145
SVR,rcs,2025-09-15,-1.0,-0.008843342697444134
SVR,rcs,2025-09-16,-1.0,-0.0016402521259075709
SVR,rcs,2025-09-17,1.0,-0.002159691991288537
SVR,rcs,2025-09-18,1.0,-0.010624562774012136
SVR,rcs,2025-09-19,1.0,0.0074762797039249484
SVR,rcs,2025-09-22,1.0,0.01870042849452691
SVR,rcs,2025-09-23,0.5,0.0053273214570961295
SVR,rcs,2025-09-24,0.5,-0.006237368520159214
SVR,rcs,2025-09-25,0.5,0.0003980785969388556
SVR,rcs,2025-09-26,0.5,0.005025045923244598
SVR,rcs,2025-09-29,-0.5,-0.006164577470710764
SVR,rcs,2025-09-30,-0.5,-0.002434509263848705
SVR,rcs,2025-10-01,0.5,0.00303694737354997
SVR,rcs,2025-10-02,-0.5,0.0036716359645605936
SVR,rcs,2025-10-03,-0.5,-0.0052738817064508225
SVR,rcs,2025-10-06,0.5,0.008521370227971604
SVR,rcs,2025-10-07,-0.5,-0.0036334171428922366
SVR,rcs,2025-10-08,0.5,0.008153433631536412
SVR,rcs,2025-10-09,0.5,-0.012025537691162045
SVR,rcs,2025-10-10,-0.0,-5e-05
SVR,rcs,2025-10-13,0.0,0.0
SVR,rcs,2025-10-14,0.0,0.0
SVR,rcs,2025-10-15,0.0,0.0
SVR,rcs,2025-10-16,0.0,0.0
SVR,rcs,2025-10-17,-0.0,0.0
SVR,rcs,2025-10-20,-0.0,-0.0
SVR,rcs,2025-10-21,0.0,-0.0
SVR,rcs,2025-10-22,0.0,-0.0
SVR,rcs,2025-10-23,0.0,0.0
SVR,rcs,2025-10-24,0.0,-0.0
SVR,rcs,2025-10-27,0.0,-0.0
SVR,rcs,2025-10-28,0.0,-0.0
SVR,rcs,2025-10-29,-0.0,-0.0
SVR,rcs,2025-10-30,-0.0,-0.0
SVR,rcs,2025-10-31,0.0,-0.0
SVR,rcs,2025-11-03,0.0,0.0
SVR,rcs,2025-11-04,-0.0,0.0
SVR,rcs,2025-11-05,-0.0,-0.0
SVR,rcs,2025-11-06,0.0,-0.0
SVR,rcs,2025-11-07,0.0,0.0
SVR,rcs,2025-11-10,-0.0,-0.0
SVR,rcs,2025-11-11,0.0,-0.0
SVR,rcs,2025-11-12,-0.0,-0.0
SVR,rcs,2025-11-13,-0.0,0.0
SVR,rcs,2025-11-14,0.0,-0.0
SVR,rcs,2025-11-17,0.0,-0.0
SVR,rcs,2025-11-18,-0.0,0.0
SVR,rcs,2025-11-19,0.0,0.0
SVR,rcs,2025-11-20,0.0,-0.0
SVR,rcs,2025-11-21,0.0,0.0
SVR,rcs,2025-11-24,0.0,0.0
SVR,rcs,2025-11-25,0.0,0.0
SVR,rcs,2025-11-26,-0.0,-0.0
SVR,rcs,2025-11-28,0.0,0.0
SVR,rcs,2025-12-01,-0.0,-0.0
SVR,rcs,2025-12-02,-0.0,0.0
SVR,rcs,2025-12-03,-0.0,-0.0
SVR,rcs,2025-12-04,0.0,0.0
SVR,rcs,2025-12-05,-0.0,-0.0
SVR,rcs,2025-12-08,-0.0,0.0
SVR,rcs,2025-12-09,-0.0,-0.0
SVR,rcs,2025-12-10,-0.0,0.0
SVR,rcs,2025-12-11,0.0,0.0
SVR,rcs,2025-12-12,0.0,0.0
SVR,rcs,2025-12-15,0.5,0.0007471248453638724
SVR,rcs,2025-12-16,0.5,-0.00033451634230596827
SVR,rcs,2025-12-17,-0.5,-0.0049011563755627765
SVR,rcs,2025-12-18,0.5,-0.0011745447488079152
SVR,rcs,2025-12-19,-0.5,-0.0027119606698934426
SVR,rcs,2025-12-22,-0.5,-0.00935656341156943
SVR,rcs,2025-12-23,0.5,0.003960980641910627
SVR,rcs,2025-12-24,-0.5,0.00022185792432631866
SVR,rcs,2025-12-26,0.5,0.005441040329291702
SVR,rcs,2025-12-29,0.5,-0.022964404494671242
SVR,rcs,2025-12-30,0.0,-5e-05
SVR,rcs,2025-12-31,-0.0,0.0
SVR,rcs,2026-01-02,0.0,-0.0
SVR,rcs,2026-01-05,0.0,0.0
SVR,rcs,2026-01-06,0.0,0.0
SVR,rcs,2026-01-07,-0.0,0.0
SVR,rcs,2026-01-08,-0.0,0.0
SVR,rcs,2026-01-09,-0.0,-0.0
SVR,rcs,2026-01-12,-0.0,-0.0
SVR,rcs,2026-01-13,0.0,-0.0
SVR,rcs,2026-01-14,-0.0,-0.0
SVR,rcs,2026-01-15,-0.0,0.0
SVR,rcs,2026-01-16,-0.0,0.0
SVR,rcs,2026-01-20,-0.0,-0.0
SVR,rcs,2026-01-21,0.0,0.0
SVR,rcs,2026-01-22,0.0,0.0
SVR,rcs,2026-01-23,-0.0,-0.0
SVR,rcs,2026-01-26,-0.0,-0.0
SVR,rcs,2026-01-27,-0.0,-0.0
SVR,rcs,2026-01-28,0.0,0.0
SVR,rcs,2026-01-29,-0.0,-0.0
SVR,rcs,2026-01-30,-0.0,0.0
SVR,rcs,2026-02-02,0.0,-0.0
SVR,rcs,2026-02-03,0.0,0.0
SVR,rcs,2026-02-04,0.0,0.0
SVR,rcs,2026-02-05,0.0,-0.0
SVR,rcs,2026-02-06,0.0,0.0
SVR,rcs,2026-02-09,0.0,0.0
SVR,rcs,2026-02-10,0.0,-0.0
SVR,rcs,2026-02-11,0.0,0.0
SVR,rcs,2026-02-12,0.0,-0.0
SVR,rcs,2026-02-13,0.0,0.0
SVR,rcs,2026-02-17,-0.0,0.0
SVR,rcs,2026-02-18,0.0,0.0
SVR,rcs,2026-02-19,0.0,-0.0
SVR,rcs,2026-02-20,0.0,0.0
SVR,rcs,2026-02-23,0.0,0.0
SVR,rcs,2026-02-24,0.0,-0.0
SVR,rcs,2026-02-25,0.0,0.0
SVR,rcs,2026-02-26,0.0,-0.0
SVR,rcs,2026-02-27,-0.0,-0.0
SVR,rcs,2026-03-02,0.0,0.0
SVR,rcs,2026-03-03,0.0,-0.0
SVR,rcs,2026-03-04,-0.0,-0.0
SVR,rcs,2026-03-05,0.0,-0.0
SVR,rcs,2026-03-06,-0.0,-0.0
SVR,rcs,2026-03-09,-0.0,0.0
SVR,rcs,2026-03-10,0.0,0.0
SVR,rcs,2026-03-11,0.0,-0.0
SVR,rcs,2026-03-12,-0.0,0.0
SVR,rcs,2026-03-13,0.0,-0.0
SVR,rcs,2026-03-16,0.0,-0.0
SVR,rcs,2026-03-17,0.0,0.0
SVR,rcs,2026-03-18,0.0,-0.0
SVR,rcs,2026-03-19,0.0,-0.0
SVR,rcs,2026-03-20,-0.0,0.0
SVR,rcs,2026-03-23,0.0,-0.0
SVR,rcs,2026-03-24,0.0,-0.0
SVR,rcs,2026-03-25,0.0,0.0
SVR,rcs,2026-03-26,0.0,-0.0
SVR,rcs,2026-03-27,0.0,0.0
SVR,rcs,2026-03-30,0.0,0.0
SVR,rcs,2026-03-31,0.0,0.0
SVR,rcs,2026-04-01,0.0,0.0
SVR,rcs,2026-04-02,-0.0,0.0
SVR,rcs,2026-04-06,0.0,0.0
SVR,rcs,2026-04-07,-0.0,-0.0
SVR,rcs,2026-04-08,-0.0,-0.0
SVR,rcs,2026-04-09,-0.0,-0.0
SVR,rcs,2026-04-10,-0.0,0.0
SVR,rcs,2026-04-13,0.0,-0.0
SVR,rcs,2026-04-14,0.0,0.0
SVR,rcs,2026-04-15,-0.0,0.0
SVR,rcs,2026-04-16,0.0,-0.0
SVR,rcs,2026-04-17,0.0,0.0
SVR,rcs,2026-04-20,0.0,-0.0
SVR,rcs,2026-04-21,0.0,-0.0
SVR,rcs,2026-04-22,0.0,0.0
SVR,rcs,2026-04-23,0.0,-0.0
SVR,rcs,2026-04-24,-0.0,-0.0
SVR,rcs,2026-04-27,0.0,-0.0
SVR,rcs,2026-04-28,0.0,-0.0
SVR,rcs,2026-04-29,0.0,-0.0
SVR,rcs,2026-04-30,0.0,0.0
LSTM,rcs,2025-07-02,0.0,0.0
LSTM,rcs,2025-07-03,0.5,-0.0025502305372932577
LSTM,rcs,2025-07-04,0.5,0.0005384692574440519
LSTM,rcs,2025-07-07,0.5,-0.0005528090799155616
LSTM,rcs,2025-07-08,-0.5,0.003774019699960041
LSTM,rcs,2025-07-09,0.5,0.0005180617107789387
LSTM,rcs,2025-07-10,0.5,0.0007076108358740063
LSTM,rcs,2025-07-11,0.5,0.005758193672076306
LSTM,rcs,2025-07-14,0.5,-0.0007282851283814118
LSTM,rcs,2025-07-15,0.5,-0.003334248136875162
LSTM,rcs,2025-07-16,0.5,0.003356631823683731
LSTM,rcs,2025-07-17,0.5,-0.0020541288480437903
LSTM,rcs,2025-07-18,0.5,0.0019430245135341195
LSTM,rcs,2025-07-21,0.5,0.007161339489663687
LSTM,rcs,2025-07-22,0.5,0.00547499558147313
LSTM,rcs,2025-07-23,-0.5,0.006593360944518056
LSTM,rcs,2025-07-24,0.5,-0.0036466354137549947
LSTM,rcs,2025-07-25,0.5,-0.00561729692363272
LSTM,rcs,2025-07-28,0.5,-0.0038374051005451437
LSTM,rcs,2025-07-29,0.5,0.002114803625377637
LSTM,rcs,2025-07-30,0.5,-0.0042418699115335246
LSTM,rcs,2025-07-31,1.0,-0.001038912439386169
LSTM,rcs,2025-08-01,1.0,0.03236976170193273
LSTM,rcs,2025-08-04,0.0,-0.0001
LSTM,rcs,2025-08-05,0.0,0.0
LSTM,rcs,2025-08-06,0.0,-0.0
LSTM,rcs,2025-08-07,0.0,0.0
LSTM,rcs,2025-08-08,0.0,0.0
LSTM,rcs,2025-08-11,-0.0,0.0
LSTM,rcs,2025-08-12,0.0,-0.0
LSTM,rcs,2025-08-13,0.0,0.0
LSTM,rcs,2025-08-14,0.0,-0.0
LSTM,rcs,2025-08-15,0.0,-0.0
LSTM,rcs,2025-08-18,0.0,-0.0
LSTM,rcs,2025-08-19,0.0,-0.0
LSTM,rcs,2025-08-20,0.0,0.0
LSTM,rcs,2025-08-21,0.0,-0.0
LSTM,rcs,2025-08-22,0.0,0.0
LSTM,rcs,2025-08-25,0.0,-0.0
LSTM,rcs,2025-08-26,0.0,0.0
LSTM,rcs,2025-08-27,0.0,0.0
LSTM,rcs,2025-08-28,0.0,0.0
LSTM,rcs,2025-08-29,0.0,0.0
LSTM,rcs,2025-09-02,0.0,0.0
LSTM,rcs,2025-09-03,0.5,0.005976954152983488
LSTM,rcs,2025-09-04,0.5,-0.003960947438883922
LSTM,rcs,2025-09-05,0.5,0.006460212699577195
LSTM,rcs,2025-09-08,0.5,0.0032983676667012185
LSTM,rcs,2025-09-09,0.5,0.0006526416701465587
LSTM,rcs,2025-09-10,0.5,-2.7151047543083617e-05
LSTM,rcs,2025-09-11,1.0,-0.0023313422986828204
LSTM,rcs,2025-09-12,1.0,0.0034842672983557144
LSTM,rcs,2025-09-15,-1.0,-0.009043342697444135
LSTM,rcs,2025-09-16,-1.0,-0.0016402521259075709
LSTM,rcs,2025-09-17,-1.0,0.001959691991288537
LSTM,rcs,2025-09-18,-1.0,0.010624562774012136
LSTM,rcs,2025-09-19,1.0,0.007276279703924949
LSTM,rcs,2025-09-22,-1.0,-0.01890042849452691
LSTM,rcs,2025-09-23,-0.5,-0.005427321457096129
LSTM,rcs,2025-09-24,-0.5,0.006237368520159214
LSTM,rcs,2025-09-25,0.5,0.0002980785969388556
LSTM,rcs,2025-09-26,0.5,0.005025045923244598
LSTM,rcs,2025-09-29,0.5,0.006064577470710764
LSTM,rcs,2025-09-30,-0.5,-0.002534509263848705
LSTM,rcs,2025-10-01,-0.5,-0.0031369473735499698
LSTM,rcs,2025-10-02,-0.5,0.0037716359645605935
LSTM,rcs,2025-10-03,-0.5,-0.0052738817064508225
LSTM,rcs,2025-10-06,-0.5,-0.008621370227971603
LSTM,rcs,2025-10-07,-0.5,-0.0035334171428922367
LSTM,rcs,2025-10-08,-0.5,-0.008253433631536411
LSTM,rcs,2025-10-09,-0.5,0.012025537691162045
LSTM,rcs,2025-10-10,-0.0,-5e-05
LSTM,rcs,2025-10-13,-0.0,-0.0
LSTM,rcs,2025-10-14,-0.0,-0.0
LSTM,rcs,2025-10-15,-0.0,-0.0
LSTM,rcs,2025-10-16,-0.0,-0.0
LSTM,rcs,2025-10-17,-0.0,0.0
LSTM,rcs,2025-10-20,-0.0,-0.0
LSTM,rcs,2025-10-21,-0.0,0.0
LSTM,rcs,2025-10-22,-0.0,0.0
LSTM,rcs,2025-10-23,-0.0,-0.0
LSTM,rcs,2025-10-24,-0.0,0.0
LSTM,rcs,2025-10-27,-0.0,0.0
LSTM,rcs,2025-10-28,-0.0,0.0
LSTM,rcs,2025-10-29,0.0,0.0
LSTM,rcs,2025-10-30,0.0,0.0
LSTM,rcs,2025-10-31,0.0,-0.0
LSTM,rcs,2025-11-03,0.0,0.0
LSTM,rcs,2025-11-04,0.0,-0.0
LSTM,rcs,2025-11-05,0.0,0.0
LSTM,rcs,2025-11-06,0.0,-0.0
LSTM,rcs,2025-11-07,0.0,0.0
LSTM,rcs,2025-11-10,0.0,0.0
LSTM,rcs,2025-11-11,0.0,-0.0
LSTM,rcs,2025-11-12,-0.0,-0.0
LSTM,rcs,2025-11-13,-0.0,0.0
LSTM,rcs,2025-11-14,-0.0,0.0
LSTM,rcs,2025-11-17,0.0,-0.0
LSTM,rcs,2025-11-18,0.0,-0.0
LSTM,rcs,2025-11-19,0.0,0.0
LSTM,rcs,2025-11-20,0.0,-0.0
LSTM,rcs,2025-11-21,0.0,0.0
LSTM,rcs,2025-11-24,0.0,0.0
LSTM,rcs,2025-11-25,0.0,0.0
LSTM,rcs,2025-11-26,-0.0,-0.0
LSTM,rcs,2025-11-28,-0.0,-0.0
LSTM,rcs,2025-12-01,-0.0,-0.0
LSTM,rcs,2025-12-02,-0.0,0.0
LSTM,rcs,2025-12-03,-0.0,-0.0
LSTM,rcs,2025-12-04,-0.0,-0.0
LSTM,rcs,2025-12-05,-0.0,-0.0
LSTM,rcs,2025-12-08,-0.0,0.0
LSTM,rcs,2025-12-09,-0.0,-0.0
LSTM,rcs,2025-12-10,-0.0,0.0
LSTM,rcs,2025-12-11,-0.0,-0.0
LSTM,rcs,2025-12-12,-0.0,-0.0
LSTM,rcs,2025-12-15,-0.5,-0.0008471248453638724
LSTM,rcs,2025-12-16,-0.5,0.00033451634230596827
LSTM,rcs,2025-12-17,-0.5,-0.004801156375562776
LSTM,rcs,2025-12-18,-0.5,0.0010745447488079152
LSTM,rcs,2025-12-19,-0.5,-0.0026119606698934428
LSTM,rcs,2025-12-22,-0.5,-0.00935656341156943
LSTM,rcs,2025-12-23,-0.5,-0.004060980641910628
LSTM,rcs,2025-12-24,-0.5,0.00032185792432631866
LSTM,rcs,2025-12-26,-0.5,-0.005541040329291702
LSTM,rcs,2025-12-29,-0.5,0.022964404494671242
LSTM,rcs,2025-12-30,-0.0,-5e-05
LSTM,rcs,2025-12-31,-0.0,0.0
LSTM,rcs,2026-01-02,-0.0,0.0
LSTM,rcs,2026-01-05,-0.0,-0.0
LSTM,rcs,2026-01-06,-0.0,-0.0
LSTM,rcs,2026-01-07,-0.0,0.0
LSTM,rcs,2026-01-08,-0.0,0.0
LSTM,rcs,2026-01-09,-0.0,-0.0
LSTM,rcs,2026-01-12,-0.0,-0.0
LSTM,rcs,2026-01-13,-0.0,0.0
LSTM,rcs,2026-01-14,-0.0,-0.0
LSTM,rcs,2026-01-15,-0.0,0.0
LSTM,rcs,2026-01-16,-0.0,0.0
LSTM,rcs,2026-01-20,-0.0,-0.0
LSTM,rcs,2026-01-21,-0.0,-0.0
LSTM,rcs,2026-01-22,-0.0,-0.0
LSTM,rcs,2026-01-23,-0.0,-0.0
LSTM,rcs,2026-01-26,-0.0,-0.0
LSTM,rcs,2026-01-27,-0.0,-0.0
LSTM,rcs,2026-01-28,-0.0,-0.0
LSTM,rcs,2026-01-29,-0.0,-0.0
LSTM,rcs,2026-01-30,0.0,-0.0
LSTM,rcs,2026-02-02,0.0,-0.0
LSTM,rcs,2026-02-03,0.0,0.0
LSTM,rcs,2026-02-04,0.0,0.0
LSTM,rcs,2026-02-05,0.0,-0.0
LSTM,rcs,2026-02-06,0.0,0.0
LSTM,rcs,2026-02-09,0.0,0.0
LSTM,rcs,2026-02-10,0.0,-0.0
LSTM,rcs,2026-02-11,0.0,0.0
LSTM,rcs,2026-02-12,0.0,-0.0
LSTM,rcs,2026-02-13,0.0,0.0
LSTM,rcs,2026-02-17,0.0,-0.0
LSTM,rcs,2026-02-18,0.0,0.0
LSTM,rcs,2026-02-19,0.0,-0.0
LSTM,rcs,2026-02-20,0.0,0.0
LSTM,rcs,2026-02-23,0.0,0.0
LSTM,rcs,2026-02-24,0.0,-0.0
LSTM,rcs,2026-02-25,0.0,0.0
LSTM,rcs,2026-02-26,0.0,-0.0
LSTM,rcs,2026-02-27,0.0,0.0
LSTM,rcs,2026-03-02,0.0,0.0
LSTM,rcs,2026-03-03,0.0,-0.0
LSTM,rcs,2026-03-04,0.0,0.0
LSTM,rcs,2026-03-05,0.0,-0.0
LSTM,rcs,2026-03-06,0.0,0.0
LSTM,rcs,2026-03-09,0.0,-0.0
LSTM,rcs,2026-03-10,0.0,0.0
LSTM,rcs,2026-03-11,0.0,-0.0
LSTM,rcs,2026-03-12,0.0,-0.0
LSTM,rcs,2026-03-13,0.0,-0.0
LSTM,rcs,2026-03-16,0.0,-0.0
LSTM,rcs,2026-03-17,0.0,0.0
LSTM,rcs,2026-03-18,0.0,-0.0
LSTM,rcs,2026-03-19,0.0,-0.0
LSTM,rcs,2026-03-20,0.0,-0.0
LSTM,rcs,2026-03-23,0.0,-0.0
LSTM,rcs,2026-03-24,0.0,-0.0
LSTM,rcs,2026-03-25,0.0,0.0
LSTM,rcs,2026-03-26,0.0,-0.0
LSTM,rcs,2026-03-27,0.0,0.0
LSTM,rcs,2026-03-30,0.0,0.0
LSTM,rcs,2026-03-31,0.0,0.0
LSTM,rcs,2026-04-01,0.0,0.0
LSTM,rcs,2026-04-02,0.0,-0.0
LSTM,rcs,2026-04-06,0.0,0.0
LSTM,rcs,2026-04-07,0.0,0.0
LSTM,rcs,2026-04-08,0.0,0.0
LSTM,rcs,2026-04-09,0.0,0.0
LSTM,rcs,2026-04-10,0.0,-0.0
LSTM,rcs,2026-04-13,0.0,-0.0
LSTM,rcs,2026-04-14,0.0,0.0
LSTM,rcs,2026-04-15,0.0,-0.0
LSTM,rcs,2026-04-16,0.0,-0.0
LSTM,rcs,2026-04-17,0.0,0.0
LSTM,rcs,2026-04-20,0.0,-0.0
LSTM,rcs,2026-04-21,0.0,-0.0
LSTM,rcs,2026-04-22,0.0,0.0
LSTM,rcs,2026-04-23,0.0,-0.0
LSTM,rcs,2026-04-24,0.0,0.0
LSTM,rcs,2026-04-27,-0.0,0.0
LSTM,rcs,2026-04-28,-0.0,0.0
LSTM,rcs,2026-04-29,-0.0,0.0
LSTM,rcs,2026-04-30,-0.0,-0.0
GRU,rcs,2025-07-02,0.0,0.0
GRU,rcs,2025-07-03,0.5,-0.0025502305372932577
GRU,rcs,2025-07-04,0.5,0.0005384692574440519
GRU,rcs,2025-07-07,0.5,-0.0005528090799155616
GRU,rcs,2025-07-08,0.5,-0.0038740196999600407
GRU,rcs,2025-07-09,-0.5,-0.0007180617107789388
GRU,rcs,2025-07-10,-0.5,-0.0007076108358740063
GRU,rcs,2025-07-11,-0.5,-0.005758193672076306
GRU,rcs,2025-07-14,-0.5,0.0007282851283814118
GRU,rcs,2025-07-15,-0.5,0.003334248136875162
GRU,rcs,2025-07-16,0.5,0.0032566318236837313
GRU,rcs,2025-07-17,0.5,-0.0020541288480437903
GRU,rcs,2025-07-18,0.5,0.0019430245135341195
GRU,rcs,2025-07-21,-0.5,-0.0072613394896636875
GRU,rcs,2025-07-22,-0.5,-0.00547499558147313
GRU,rcs,2025-07-23,-0.5,0.006693360944518056
GRU,rcs,2025-07-24,-0.5,0.003546635413754995
GRU,rcs,2025-07-25,-0.5,0.00561729692363272
GRU,rcs,2025-07-28,-0.5,0.0038374051005451437
GRU,rcs,2025-07-29,0.5,0.002014803625377637
GRU,rcs,2025-07-30,-0.5,0.004141869911533524
GRU,rcs,2025-07-31,1.0,-0.0011389124393861691
GRU,rcs,2025-08-01,-1.0,-0.03256976170193273
GRU,rcs,2025-08-04,-0.0,-0.0001
GRU,rcs,2025-08-05,-0.0,-0.0
GRU,rcs,2025-08-06,-0.0,0.0
GRU,rcs,2025-08-07,-0.0,-0.0
GRU,rcs,2025-08-08,-0.0,-0.0
GRU,rcs,2025-08-11,-0.0,0.0
GRU,rcs,2025-08-12,-0.0,0.0
GRU,rcs,2025-08-13,-0.0,-0.0
GRU,rcs,2025-08-14,0.0,-0.0
GRU,rcs,2025-08-15,0.0,-0.0
GRU,rcs,2025-08-18,0.0,-0.0
GRU,rcs,2025-08-19,0.0,-0.0
GRU,rcs,2025-08-20,0.0,0.0
GRU,rcs,2025-08-21,0.0,-0.0
GRU,rcs,2025-08-22,0.0,0.0
GRU,rcs,2025-08-25,0.0,-0.0
GRU,rcs,2025-08-26,0.0,0.0
GRU,rcs,2025-08-27,0.0,0.0
GRU,rcs,2025-08-28,0.0,0.0
GRU,rcs,2025-08-29,0.0,0.0
GRU,rcs,2025-09-02,0.0,0.0
GRU,rcs,2025-09-03,0.5,0.005976954152983488
GRU,rcs,2025-09-04,0.5,-0.003960947438883922
GRU,rcs,2025-09-05,0.5,0.006460212699577195
GRU,rcs,2025-09-08,0.5,0.0032983676667012185
GRU,rcs,2025-09-09,-0.5,-0.0007526416701465588
GRU,rcs,2025-09-10,-0.5,2.7151047543083617e-05
GRU,rcs,2025-09-11,-1.0,0.00223134229868282
GRU,rcs,2025-09-12,1.0,0.0032842672983557143
GRU,rcs,2025-09-15,-1.0,-0.009043342697444135
GRU,rcs,2025-09-16,-1.0,-0.0016402521259075709
GRU,rcs,2025-09-17,-1.0,0.001959691991288537
GRU,rcs,2025-09-18,-1.0,0.010624562774012136
GRU,rcs,2025-09-19,-1.0,-0.0074762797039249484
GRU,rcs,2025-09-22,-1.0,-0.01870042849452691
GRU,rcs,2025-09-23,-0.5,-0.005427321457096129
GRU,rcs,2025-09-24,-0.5,0.006237368520159214
GRU,rcs,2025-09-25,-0.5,-0.0003980785969388556
GRU,rcs,2025-09-26,0.5,0.004925045923244597
GRU,rcs,2025-09-29,0.5,0.006064577470710764
GRU,rcs,2025-09-30,-0.5,-0.002534509263848705
GRU,rcs,2025-10-01,-0.5,-0.0031369473735499698
GRU,rcs,2025-10-02,-0.5,0.0037716359645605935
GRU,rcs,2025-10-03,-0.5,-0.0052738817064508225
GRU,rcs,2025-10-06,-0.5,-0.008621370227971603
GRU,rcs,2025-10-07,-0.5,-0.0035334171428922367
GRU,rcs,2025-10-08,-0.5,-0.008253433631536411
GRU,rcs,2025-10-09,-0.5,0.012025537691162045
GRU,rcs,2025-10-10,-0.0,-5e-05
GRU,rcs,2025-10-13,-0.0,-0.0
GRU,rcs,2025-10-14,-0.0,-0.0
GRU,rcs,2025-10-15,-0.0,-0.0
GRU,rcs,2025-10-16,-0.0,-0.0
GRU,rcs,2025-10-17,-0.0,0.0
GRU,rcs,2025-10-20,-0.0,-0.0
GRU,rcs,2025-10-21,-0.0,0.0
GRU,rcs,2025-10-22,-0.0,0.0
GRU,rcs,2025-10-23,-0.0,-0.0
GRU,rcs,2025-10-24,-0.0,0.0
GRU,rcs,2025-10-27,-0.0,0.0
GRU,rcs,2025-10-28,-0.0,0.0
GRU,rcs,2025-10-29,0.0,0.0
GRU,rcs,2025-10-30,0.0,0.0
GRU,rcs,2025-10-31,0.0,-0.0
GRU,rcs,2025-11-03,0.0,0.0
GRU,rcs,2025-11-04,0.0,-0.0
GRU,rcs,2025-11-05,0.0,0.0
GRU,rcs,2025-11-06,0.0,-0.0
GRU,rcs,2025-11-07,0.0,0.0
GRU,rcs,2025-11-10,0.0,0.0
GRU,rcs,2025-11-11,-0.0,0.0
GRU,rcs,2025-11-12,0.0,0.0
GRU,rcs,2025-11-13,-0.0,0.0
GRU,rcs,2025-11-14,0.0,-0.0
GRU,rcs,2025-11-17,0.0,-0.0
GRU,rcs,2025-11-18,0.0,-0.0
GRU,rcs,2025-11-19,0.0,0.0
GRU,rcs,2025-11-20,-0.0,0.0
GRU,rcs,2025-11-21,-0.0,-0.0
GRU,rcs,2025-11-24,-0.0,-0.0
GRU,rcs,2025-11-25,-0.0,-0.0
GRU,rcs,2025-11-26,0.0,0.0
GRU,rcs,2025-11-28,-0.0,-0.0
GRU,rcs,2025-12-01,-0.0,-0.0
GRU,rcs,2025-12-02,0.0,-0.0
GRU,rcs,2025-12-03,0.0,0.0
GRU,rcs,2025-12-04,0.0,0.0
GRU,rcs,2025-12-05,0.0,0.0
GRU,rcs,2025-12-08,0.0,-0.0
GRU,rcs,2025-12-09,0.0,0.0
GRU,rcs,2025-12-10,0.0,-0.0
GRU,rcs,2025-12-11,0.0,0.0
GRU,rcs,2025-12-12,0.0,0.0
GRU,rcs,2025-12-15,-0.5,-0.0008471248453638724
GRU,rcs,2025-12-16,0.5,-0.00043451634230596826
GRU,rcs,2025-12-17,0.5,0.004801156375562776
GRU,rcs,2025-12-18,0.5,-0.0010745447488079152
GRU,rcs,2025-12-19,0.5,0.0026119606698934428
GRU,rcs,2025-12-22,0.5,0.00935656341156943
GRU,rcs,2025-12-23,0.5,0.004060980641910628
GRU,rcs,2025-12-24,0.5,-0.00032185792432631866
GRU,rcs,2025-12-26,0.5,0.005541040329291702
GRU,rcs,2025-12-29,0.5,-0.022964404494671242
GRU,rcs,2025-12-30,-0.0,-5e-05
GRU,rcs,2025-12-31,-0.0,0.0
GRU,rcs,2026-01-02,-0.0,0.0
GRU,rcs,2026-01-05,-0.0,-0.0
GRU,rcs,2026-01-06,-0.0,-0.0
GRU,rcs,2026-01-07,0.0,-0.0
GRU,rcs,2026-01-08,-0.0,0.0
GRU,rcs,2026-01-09,-0.0,-0.0
GRU,rcs,2026-01-12,-0.0,-0.0
GRU,rcs,2026-01-13,-0.0,0.0
GRU,rcs,2026-01-14,-0.0,-0.0
GRU,rcs,2026-01-15,-0.0,0.0
GRU,rcs,2026-01-16,-0.0,0.0
GRU,rcs,2026-01-20,-0.0,-0.0
GRU,rcs,2026-01-21,-0.0,-0.0
GRU,rcs,2026-01-22,-0.0,-0.0
GRU,rcs,2026-01-23,-0.0,-0.0
GRU,rcs,2026-01-26,-0.0,-0.0
GRU,rcs,2026-01-27,-0.0,-0.0
GRU,rcs,2026-01-28,-0.0,-0.0
GRU,rcs,2026-01-29,-0.0,-0.0
GRU,rcs,2026-01-30,0.0,-0.0
GRU,rcs,2026-02-02,0.0,-0.0
GRU,rcs,2026-02-03,0.0,0.0
GRU,rcs,2026-02-04,0.0,0.0
GRU,rcs,2026-02-05,0.0,-0.0
GRU,rcs,2026-02-06,0.0,0.0
GRU,rcs,2026-02-09,-0.0,-0.0
GRU,rcs,2026-02-10,-0.0,0.0
GRU,rcs,2026-02-11,-0.0,-0.0
GRU,rcs,2026-02-12,-0.0,0.0
GRU,rcs,2026-02-13,0.0,0.0
GRU,rcs,2026-02-17,-0.0,0.0
GRU,rcs,2026-02-18,0.0,0.0
GRU,rcs,2026-02-19,0.0,-0.0
GRU,rcs,2026-02-20,0.0,0.0
GRU,rcs,2026-02-23,0.0,0.0
GRU,rcs,2026-02-24,0.0,-0.0
GRU,rcs,2026-02-25,0.0,0.0
GRU,rcs,2026-02-26,0.0,-0.0
GRU,rcs,2026-02-27,0.0,0.0
GRU,rcs,2026-03-02,0.0,0.0
GRU,rcs,2026-03-03,-0.0,0.0
GRU,rcs,2026-03-04,0.0,0.0
GRU,rcs,2026-03-05,0.0,-0.0
GRU,rcs,2026-03-06,0.0,0.0
GRU,rcs,2026-03-09,0.0,-0.0
GRU,rcs,2026-03-10,0.0,0.0
GRU,rcs,2026-03-11,-0.0,0.0
GRU,rcs,2026-03-12,0.0,-0.0
GRU,rcs,2026-03-13,0.0,-0.0
GRU,rcs,2026-03-16,0.0,-0.0
GRU,rcs,2026-03-17,0.0,0.0
GRU,rcs,2026-03-18,0.0,-0.0
GRU,rcs,2026-03-19,0.0,-0.0
GRU,rcs,2026-03-20,0.0,-0.0
GRU,rcs,2026-03-23,0.0,-0.0
GRU,rcs,2026-03-24,0.0,-0.0
GRU,rcs,2026-03-25,0.0,0.0
GRU,rcs,2026-03-26,0.0,-0.0
GRU,rcs,2026-03-27,0.0,0.0
GRU,rcs,2026-03-30,0.0,0.0
GRU,rcs,2026-03-31,0.0,0.0
GRU,rcs,2026-04-01,0.0,0.0
GRU,rcs,2026-04-02,0.0,-0.0
GRU,rcs,2026-04-06,0.0,0.0
GRU,rcs,2026-04-07,0.0,0.0
GRU,rcs,2026-04-08,0.0,0.0
GRU,rcs,2026-04-09,0.0,0.0
GRU,rcs,2026-04-10,0.0,-0.0
GRU,rcs,2026-04-13,0.0,-0.0
GRU,rcs,2026-04-14,0.0,0.0
GRU,rcs,2026-04-15,0.0,-0.0
GRU,rcs,2026-04-16,0.0,-0.0
GRU,rcs,2026-04-17,0.0,0.0
GRU,rcs,2026-04-20,0.0,-0.0
GRU,rcs,2026-04-21,0.0,-0.0
GRU,rcs,2026-04-22,0.0,0.0
GRU,rcs,2026-04-23,0.0,-0.0
GRU,rcs,2026-04-24,0.0,0.0
GRU,rcs,2026-04-27,0.0,-0.0
GRU,rcs,2026-04-28,0.0,-0.0
GRU,rcs,2026-04-29,0.0,-0.0
GRU,rcs,2026-04-30,0.0,0.0
BiLSTM,rcs,2025-07-02,0.0,0.0
BiLSTM,rcs,2025-07-03,-0.5,0.0024502305372932575
BiLSTM,rcs,2025-07-04,-0.5,-0.0005384692574440519
BiLSTM,rcs,2025-07-07,-0.5,0.0005528090799155616
BiLSTM,rcs,2025-07-08,-0.5,0.0038740196999600407
BiLSTM,rcs,2025-07-09,0.5,0.0005180617107789387
BiLSTM,rcs,2025-07-10,0.5,0.0007076108358740063
BiLSTM,rcs,2025-07-11,0.5,0.005758193672076306
BiLSTM,rcs,2025-07-14,0.5,-0.0007282851283814118
BiLSTM,rcs,2025-07-15,0.5,-0.003334248136875162
BiLSTM,rcs,2025-07-16,0.5,0.003356631823683731
BiLSTM,rcs,2025-07-17,0.5,-0.0020541288480437903
BiLSTM,rcs,2025-07-18,0.5,0.0019430245135341195
BiLSTM,rcs,2025-07-21,0.5,0.007161339489663687
BiLSTM,rcs,2025-07-22,-0.5,-0.00557499558147313
BiLSTM,rcs,2025-07-23,-0.5,0.006693360944518056
BiLSTM,rcs,2025-07-24,0.5,-0.0036466354137549947
BiLSTM,rcs,2025-07-25,0.5,-0.00561729692363272
BiLSTM,rcs,2025-07-28,0.5,-0.0038374051005451437
BiLSTM,rcs,2025-07-29,-0.5,-0.002214803625377637
BiLSTM,rcs,2025-07-30,-0.5,0.0042418699115335246
BiLSTM,rcs,2025-07-31,1.0,-0.0011389124393861691
BiLSTM,rcs,2025-08-01,1.0,0.03236976170193273
BiLSTM,rcs,2025-08-04,0.0,-0.0001
BiLSTM,rcs,2025-08-05,0.0,0.0
BiLSTM,rcs,2025-08-06,-0.0,0.0
BiLSTM,rcs,2025-08-07,0.0,0.0
BiLSTM,rcs,2025-08-08,0.0,0.0
BiLSTM,rcs,2025-08-11,0.0,-0.0
BiLSTM,rcs,2025-08-12,0.0,-0.0
BiLSTM,rcs,2025-08-13,0.0,0.0
BiLSTM,rcs,2025-08-14,0.0,-0.0
BiLSTM,rcs,2025-08-15,0.0,-0.0
BiLSTM,rcs,2025-08-18,0.0,-0.0
BiLSTM,rcs,2025-08-19,0.0,-0.0
BiLSTM,rcs,2025-08-20,0.0,0.0
BiLSTM,rcs,2025-08-21,0.0,-0.0
BiLSTM,rcs,2025-08-22,0.0,0.0
BiLSTM,rcs,2025-08-25,0.0,-0.0
BiLSTM,rcs,2025-08-26,0.0,0.0
BiLSTM,rcs,2025-08-27,-0.0,-0.0
BiLSTM,rcs,2025-08-28,-0.0,-0.0
BiLSTM,rcs,2025-08-29,0.0,0.0
BiLSTM,rcs,2025-09-02,0.0,0.0
BiLSTM,rcs,2025-09-03,0.5,0.005976954152983488
BiLSTM,rcs,2025-09-04,0.5,-0.003960947438883922
BiLSTM,rcs,2025-09-05,0.5,0.006460212699577195
BiLSTM,rcs,2025-09-08,0.5,0.0032983676667012185
BiLSTM,rcs,2025-09-09,0.5,0.0006526416701465587
BiLSTM,rcs,2025-09-10,0.5,-2.7151047543083617e-05
BiLSTM,rcs,2025-09-11,1.0,-0.0023313422986828204
BiLSTM,rcs,2025-09-12,1.0,0.0034842672983557144
BiLSTM,rcs,2025-09-15,1.0,0.008843342697444134
BiLSTM,rcs,2025-09-16,1.0,0.0016402521259075709
BiLSTM,rcs,2025-09-17,1.0,-0.001959691991288537
BiLSTM,rcs,2025-09-18,1.0,-0.010624562774012136
BiLSTM,rcs,2025-09-19,1.0,0.0074762797039249484
BiLSTM,rcs,2025-09-22,1.0,0.01870042849452691
BiLSTM,rcs,2025-09-23,0.5,0.0053273214570961295
BiLSTM,rcs,2025-09-24,0.5,-0.006237368520159214
BiLSTM,rcs,2025-09-25,0.5,0.0003980785969388556
BiLSTM,rcs,2025-09-26,0.5,0.005025045923244598
BiLSTM,rcs,2025-09-29,0.5,0.006064577470710764
BiLSTM,rcs,2025-09-30,-0.5,-0.002534509263848705
BiLSTM,rcs,2025-10-01,-0.5,-0.0031369473735499698
BiLSTM,rcs,2025-10-02,-0.5,0.0037716359645605935
BiLSTM,rcs,2025-10-03,-0.5,-0.0052738817064508225
BiLSTM,rcs,2025-10-06,-0.5,-0.008621370227971603
BiLSTM,rcs,2025-10-07,-0.5,-0.0035334171428922367
BiLSTM,rcs,2025-10-08,-0.5,-0.008253433631536411
BiLSTM,rcs,2025-10-09,-0.5,0.012025537691162045
BiLSTM,rcs,2025-10-10,-0.0,-5e-05
BiLSTM,rcs,2025-10-13,-0.0,-0.0
BiLSTM,rcs,2025-10-14,-0.0,-0.0
BiLSTM,rcs,2025-10-15,-0.0,-0.0
BiLSTM,rcs,2025-10-16,-0.0,-0.0
BiLSTM,rcs,2025-10-17,-0.0,0.0
BiLSTM,rcs,2025-10-20,-0.0,-0.0
BiLSTM,rcs,2025-10-21,-0.0,0.0
BiLSTM,rcs,2025-10-22,-0.0,0.0
BiLSTM,rcs,2025-10-23,-0.0,-0.0
BiLSTM,rcs,2025-10-24,-0.0,0.0
BiLSTM,rcs,2025-10-27,-0.0,0.0
BiLSTM,rcs,2025-10-28,-0.0,0.0
BiLSTM,rcs,2025-10-29,0.0,0.0
BiLSTM,rcs,2025-10-30,0.0,0.0
BiLSTM,rcs,2025-10-31,0.0,-0.0
BiLSTM,rcs,2025-11-03,0.0,0.0
BiLSTM,rcs,2025-11-04,0.0,-0.0
BiLSTM,rcs,2025-11-05,0.0,0.0
BiLSTM,rcs,2025-11-06,0.0,-0.0
BiLSTM,rcs,2025-11-07,0.0,0.0
BiLSTM,rcs,2025-11-10,-0.0,-0.0
BiLSTM,rcs,2025-11-11,-0.0,0.0
BiLSTM,rcs,2025-11-12,-0.0,-0.0
BiLSTM,rcs,2025-11-13,-0.0,0.0
BiLSTM,rcs,2025-11-14,0.0,-0.0
BiLSTM,rcs,2025-11-17,-0.0,0.0
BiLSTM,rcs,2025-11-18,-0.0,0.0
BiLSTM,rcs,2025-11-19,-0.0,-0.0
BiLSTM,rcs,2025-11-20,-0.0,0.0
BiLSTM,rcs,2025-11-21,0.0,0.0
BiLSTM,rcs,2025-11-24,0.0,0.0
BiLSTM,rcs,2025-11-25,0.0,0.0
BiLSTM,rcs,2025-11-26,0.0,0.0
BiLSTM,rcs,2025-11-28,-0.0,-0.0
BiLSTM,rcs,2025-12-01,-0.0,-0.0
BiLSTM,rcs,2025-12-02,-0.0,0.0
BiLSTM,rcs,2025-12-03,-0.0,-0.0
BiLSTM,rcs,2025-12-04,-0.0,-0.0
BiLSTM,rcs,2025-12-05,-0.0,-0.0
BiLSTM,rcs,2025-12-08,0.0,-0.0
BiLSTM,rcs,2025-12-09,0.0,0.0
BiLSTM,rcs,2025-12-10,0.0,-0.0
BiLSTM,rcs,2025-12-11,0.0,0.0
BiLSTM,rcs,2025-12-12,-0.0,-0.0
BiLSTM,rcs,2025-12-15,-0.5,-0.0008471248453638724
BiLSTM,rcs,2025-12-16,-0.5,0.00033451634230596827
BiLSTM,rcs,2025-12-17,-0.5,-0.004801156375562776
BiLSTM,rcs,2025-12-18,-0.5,0.0010745447488079152
BiLSTM,rcs,2025-12-19,-0.5,-0.0026119606698934428
BiLSTM,rcs,2025-12-22,0.5,0.00925656341156943
BiLSTM,rcs,2025-12-23,0.5,0.004060980641910628
BiLSTM,rcs,2025-12-24,0.5,-0.00032185792432631866
BiLSTM,rcs,2025-12-26,0.5,0.005541040329291702
BiLSTM,rcs,2025-12-29,-0.5,0.022864404494671243
BiLSTM,rcs,2025-12-30,-0.0,-5e-05
BiLSTM,rcs,2025-12-31,-0.0,0.0
BiLSTM,rcs,2026-01-02,0.0,-0.0
BiLSTM,rcs,2026-01-05,0.0,0.0
BiLSTM,rcs,2026-01-06,0.0,0.0
BiLSTM,rcs,2026-01-07,0.0,-0.0
BiLSTM,rcs,2026-01-08,0.0,-0.0
BiLSTM,rcs,2026-01-09,-0.0,-0.0
BiLSTM,rcs,2026-01-12,-0.0,-0.0
BiLSTM,rcs,2026-01-13,-0.0,0.0
BiLSTM,rcs,2026-01-14,-0.0,-0.0
BiLSTM,rcs,2026-01-15,-0.0,0.0
BiLSTM,rcs,2026-01-16,-0.0,0.0
BiLSTM,rcs,2026-01-20,-0.0,-0.0
BiLSTM,rcs,2026-01-21,-0.0,-0.0
BiLSTM,rcs,2026-01-22,-0.0,-0.0
BiLSTM,rcs,2026-01-23,-0.0,-0.0
BiLSTM,rcs,2026-01-26,-0.0,-0.0
BiLSTM,rcs,2026-01-27,-0.0,-0.0
BiLSTM,rcs,2026-01-28,-0.0,-0.0
BiLSTM,rcs,2026-01-29,-0.0,-0.0
BiLSTM,rcs,2026-01-30,0.0,-0.0
BiLSTM,rcs,2026-02-02,0.0,-0.0
BiLSTM,rcs,2026-02-03,0.0,0.0
BiLSTM,rcs,2026-02-04,0.0,0.0
BiLSTM,rcs,2026-02-05,0.0,-0.0
BiLSTM,rcs,2026-02-06,0.0,0.0
BiLSTM,rcs,2026-02-09,0.0,0.0
BiLSTM,rcs,2026-02-10,0.0,-0.0
BiLSTM,rcs,2026-02-11,0.0,0.0
BiLSTM,rcs,2026-02-12,0.0,-0.0
BiLSTM,rcs,2026-02-13,0.0,0.0
BiLSTM,rcs,2026-02-17,0.0,-0.0
BiLSTM,rcs,2026-02-18,0.0,0.0
BiLSTM,rcs,2026-02-19,0.0,-0.0
BiLSTM,rcs,2026-02-20,0.0,0.0
BiLSTM,rcs,2026-02-23,0.0,0.0
BiLSTM,rcs,2026-02-24,0.0,-0.0
BiLSTM,rcs,2026-02-25,-0.0,-0.0
BiLSTM,rcs,2026-02-26,-0.0,0.0
BiLSTM,rcs,2026-02-27,-0.0,-0.0
BiLSTM,rcs,2026-03-02,-0.0,-0.0
BiLSTM,rcs,2026-03-03,-0.0,0.0
BiLSTM,rcs,2026-03-04,-0.0,-0.0
BiLSTM,rcs,2026-03-05,-0.0,0.0
BiLSTM,rcs,2026-03-06,0.0,0.0
BiLSTM,rcs,2026-03-09,0.0,-0.0
BiLSTM,rcs,2026-03-10,0.0,0.0
BiLSTM,rcs,2026-03-11,0.0,-0.0
BiLSTM,rcs,2026-03-12,0.0,-0.0
BiLSTM,rcs,2026-03-13,0.0,-0.0
BiLSTM,rcs,2026-03-16,0.0,-0.0
BiLSTM,rcs,2026-03-17,0.0,0.0
BiLSTM,rcs,2026-03-18,0.0,-0.0
BiLSTM,rcs,2026-03-19,0.0,-0.0
BiLSTM,rcs,2026-03-20,0.0,-0.0
BiLSTM,rcs,2026-03-23,0.0,-0.0
BiLSTM,rcs,2026-03-24,0.0,-0.0
BiLSTM,rcs,2026-03-25,0.0,0.0
BiLSTM,rcs,2026-03-26,0.0,-0.0
BiLSTM,rcs,2026-03-27,0.0,0.0
BiLSTM,rcs,2026-03-30,0.0,0.0
BiLSTM,rcs,2026-03-31,-0.0,-0.0
BiLSTM,rcs,2026-04-01,0.0,0.0
BiLSTM,rcs,2026-04-02,0.0,-0.0
BiLSTM,rcs,2026-04-06,0.0,0.0
BiLSTM,rcs,2026-04-07,0.0,0.0
BiLSTM,rcs,2026-04-08,0.0,0.0
BiLSTM,rcs,2026-04-09,-0.0,-0.0
BiLSTM,rcs,2026-04-10,0.0,-0.0
BiLSTM,rcs,2026-04-13,0.0,-0.0
BiLSTM,rcs,2026-04-14,0.0,0.0
BiLSTM,rcs,2026-04-15,0.0,-0.0
BiLSTM,rcs,2026-04-16,0.0,-0.0
BiLSTM,rcs,2026-04-17,0.0,0.0
BiLSTM,rcs,2026-04-20,0.0,-0.0
BiLSTM,rcs,2026-04-21,0.0,-0.0
BiLSTM,rcs,2026-04-22,0.0,0.0
BiLSTM,rcs,2026-04-23,0.0,-0.0
BiLSTM,rcs,2026-04-24,0.0,0.0
BiLSTM,rcs,2026-04-27,0.0,-0.0
BiLSTM,rcs,2026-04-28,0.0,-0.0
BiLSTM,rcs,2026-04-29,0.0,-0.0
BiLSTM,rcs,2026-04-30,0.0,0.0
Transformer,rcs,2025-07-02,0.0,0.0
Transformer,rcs,2025-07-03,0.5,-0.0025502305372932577
Transformer,rcs,2025-07-04,0.5,0.0005384692574440519
Transformer,rcs,2025-07-07,0.5,-0.0005528090799155616
Transformer,rcs,2025-07-08,0.5,-0.0038740196999600407
Transformer,rcs,2025-07-09,0.5,0.0006180617107789388
Transformer,rcs,2025-07-10,0.5,0.0007076108358740063
Transformer,rcs,2025-07-11,0.5,0.005758193672076306
Transformer,rcs,2025-07-14,0.5,-0.0007282851283814118
Transformer,rcs,2025-07-15,0.5,-0.003334248136875162
Transformer,rcs,2025-07-16,0.5,0.003356631823683731
Transformer,rcs,2025-07-17,0.5,-0.0020541288480437903
Transformer,rcs,2025-07-18,0.5,0.0019430245135341195
Transformer,rcs,2025-07-21,0.5,0.007161339489663687
Transformer,rcs,2025-07-22,0.5,0.00547499558147313
Transformer,rcs,2025-07-23,0.5,-0.006693360944518056
Transformer,rcs,2025-07-24,0.5,-0.003546635413754995
Transformer,rcs,2025-07-25,0.5,-0.00561729692363272
Transformer,rcs,2025-07-28,0.5,-0.0038374051005451437
Transformer,rcs,2025-07-29,0.5,0.002114803625377637
Transformer,rcs,2025-07-30,0.5,-0.0042418699115335246
Transformer,rcs,2025-07-31,-1.0,0.0004389124393861691
Transformer,rcs,2025-08-01,1.0,0.03216976170193273
Transformer,rcs,2025-08-04,-0.0,-0.0001
Transformer,rcs,2025-08-05,-0.0,-0.0
Transformer,rcs,2025-08-06,0.0,-0.0
Transformer,rcs,2025-08-07,0.0,0.0
Transformer,rcs,2025-08-08,0.0,0.0
Transformer,rcs,2025-08-11,-0.0,0.0
Transformer,rcs,2025-08-12,-0.0,0.0
Transformer,rcs,2025-08-13,0.0,0.0
Transformer,rcs,2025-08-14,0.0,-0.0
Transformer,rcs,2025-08-15,0.0,-0.0
Transformer,rcs,2025-08-18,0.0,-0.0
Transformer,rcs,2025-08-19,-0.0,0.0
Transformer,rcs,2025-08-20,-0.0,-0.0
Transformer,rcs,2025-08-21,-0.0,0.0
Transformer,rcs,2025-08-22,0.0,0.0
Transformer,rcs,2025-08-25,0.0,-0.0
Transformer,rcs,2025-08-26,0.0,0.0
Transformer,rcs,2025-08-27,0.0,0.0
Transformer,rcs,2025-08-28,0.0,0.0
Transformer,rcs,2025-08-29,0.0,0.0
Transformer,rcs,2025-09-02,0.0,0.0
Transformer,rcs,2025-09-03,0.5,0.005976954152983488
Transformer,rcs,2025-09-04,0.5,-0.003960947438883922
Transformer,rcs,2025-09-05,0.5,0.006460212699577195
Transformer,rcs,2025-09-08,0.5,0.0032983676667012185
Transformer,rcs,2025-09-09,0.5,0.0006526416701465587
Transformer,rcs,2025-09-10,0.5,-2.7151047543083617e-05
Transformer,rcs,2025-09-11,1.0,-0.0023313422986828204
Transformer,rcs,2025-09-12,1.0,0.0034842672983557144
Transformer,rcs,2025-09-15,1.0,0.008843342697444134
Transformer,rcs,2025-09-16,-1.0,-0.001840252125907571
Transformer,rcs,2025-09-17,-1.0,0.001959691991288537
Transformer,rcs,2025-09-18,1.0,-0.010824562774012137
Transformer,rcs,2025-09-19,-1.0,-0.007676279703924948
Transformer,rcs,2025-09-22,1.0,0.018500428494526912
Transformer,rcs,2025-09-23,0.5,0.0053273214570961295
Transformer,rcs,2025-09-24,0.5,-0.006237368520159214
Transformer,rcs,2025-09-25,0.5,0.0003980785969388556
Transformer,rcs,2025-09-26,0.5,0.005025045923244598
Transformer,rcs,2025-09-29,0.5,0.006064577470710764
Transformer,rcs,2025-09-30,-0.5,-0.002534509263848705
Transformer,rcs,2025-10-01,-0.5,-0.0031369473735499698
Transformer,rcs,2025-10-02,-0.5,0.0037716359645605935
Transformer,rcs,2025-10-03,-0.5,-0.0052738817064508225
Transformer,rcs,2025-10-06,-0.5,-0.008621370227971603
Transformer,rcs,2025-10-07,-0.5,-0.0035334171428922367
Transformer,rcs,2025-10-08,-0.5,-0.008253433631536411
Transformer,rcs,2025-10-09,-0.5,0.012025537691162045
Transformer,rcs,2025-10-10,-0.0,-5e-05
Transformer,rcs,2025-10-13,-0.0,-0.0
Transformer,rcs,2025-10-14,-0.0,-0.0
Transformer,rcs,2025-10-15,-0.0,-0.0
Transformer,rcs,2025-10-16,-0.0,-0.0
Transformer,rcs,2025-10-17,-0.0,0.0
Transformer,rcs,2025-10-20,-0.0,-0.0
Transformer,rcs,2025-10-21,-0.0,0.0
Transformer,rcs,2025-10-22,-0.0,0.0
Transformer,rcs,2025-10-23,-0.0,-0.0
Transformer,rcs,2025-10-24,-0.0,0.0
Transformer,rcs,2025-10-27,-0.0,0.0
Transformer,rcs,2025-10-28,-0.0,0.0
Transformer,rcs,2025-10-29,-0.0,-0.0
Transformer,rcs,2025-10-30,-0.0,-0.0
Transformer,rcs,2025-10-31,-0.0,0.0
Transformer,rcs,2025-11-03,-0.0,-0.0
Transformer,rcs,2025-11-04,-0.0,0.0
Transformer,rcs,2025-11-05,-0.0,-0.0
Transformer,rcs,2025-11-06,-0.0,0.0
Transformer,rcs,2025-11-07,-0.0,-0.0
Transformer,rcs,2025-11-10,-0.0,-0.0
Transformer,rcs,2025-11-11,-0.0,0.0
Transformer,rcs,2025-11-12,-0.0,-0.0
Transformer,rcs,2025-11-13,-0.0,0.0
Transformer,rcs,2025-11-14,-0.0,0.0
Transformer,rcs,2025-11-17,-0.0,0.0
Transformer,rcs,2025-11-18,0.0,-0.0
Transformer,rcs,2025-11-19,0.0,0.0
Transformer,rcs,2025-11-20,-0.0,0.0
Transformer,rcs,2025-11-21,0.0,0.0
Transformer,rcs,2025-11-24,0.0,0.0
Transformer,rcs,2025-11-25,0.0,0.0
Transformer,rcs,2025-11-26,0.0,0.0
Transformer,rcs,2025-11-28,-0.0,-0.0
Transformer,rcs,2025-12-01,0.0,0.0
Transformer,rcs,2025-12-02,0.0,-0.0
Transformer,rcs,2025-12-03,-0.0,-0.0
Transformer,rcs,2025-12-04,-0.0,-0.0
Transformer,rcs,2025-12-05,-0.0,-0.0
Transformer,rcs,2025-12-08,0.0,-0.0
Transformer,rcs,2025-12-09,0.0,0.0
Transformer,rcs,2025-12-10,-0.0,0.0
Transformer,rcs,2025-12-11,-0.0,-0.0
Transformer,rcs,2025-12-12,-0.0,-0.0
Transformer,rcs,2025-12-15,0.5,0.0007471248453638724
Transformer,rcs,2025-12-16,-0.5,0.00023451634230596828
Transformer,rcs,2025-12-17,0.5,0.004701156375562776
Transformer,rcs,2025-12-18,-0.5,0.0009745447488079151
Transformer,rcs,2025-12-19,-0.5,-0.0026119606698934428
Transformer,rcs,2025-12-22,-0.5,-0.00935656341156943
Transformer,rcs,2025-12-23,-0.5,-0.004060980641910628
Transformer,rcs,2025-12-24,-0.5,0.00032185792432631866
Transformer,rcs,2025-12-26,-0.5,-0.005541040329291702
Transformer,rcs,2025-12-29,-0.5,0.022964404494671242
Transformer,rcs,2025-12-30,0.0,-5e-05
Transformer,rcs,2025-12-31,0.0,-0.0
Transformer,rcs,2026-01-02,0.0,-0.0
Transformer,rcs,2026-01-05,0.0,0.0
Transformer,rcs,2026-01-06,0.0,0.0
Transformer,rcs,2026-01-07,0.0,-0.0
Transformer,rcs,2026-01-08,0.0,-0.0
Transformer,rcs,2026-01-09,0.0,0.0
Transformer,rcs,2026-01-12,0.0,0.0
Transformer,rcs,2026-01-13,0.0,-0.0
Transformer,rcs,2026-01-14,0.0,0.0
Transformer,rcs,2026-01-15,0.0,-0.0
Transformer,rcs,2026-01-16,0.0,-0.0
Transformer,rcs,2026-01-20,0.0,0.0
Transformer,rcs,2026-01-21,0.0,0.0
Transformer,rcs,2026-01-22,0.0,0.0
Transformer,rcs,2026-01-23,0.0,0.0
Transformer,rcs,2026-01-26,0.0,0.0
Transformer,rcs,2026-01-27,0.0,0.0
Transformer,rcs,2026-01-28,0.0,0.0
Transformer,rcs,2026-01-29,0.0,0.0
Transformer,rcs,2026-01-30,0.0,-0.0
Transformer,rcs,2026-02-02,0.0,-0.0
Transformer,rcs,2026-02-03,-0.0,-0.0
Transformer,rcs,2026-02-04,-0.0,-0.0
Transformer,rcs,2026-02-05,0.0,-0.0
Transformer,rcs,2026-02-06,0.0,0.0
Transformer,rcs,2026-02-09,0.0,0.0
Transformer,rcs,2026-02-10,-0.0,0.0
Transformer,rcs,2026-02-11,0.0,0.0
Transformer,rcs,2026-02-12,-0.0,0.0
Transformer,rcs,2026-02-13,0.0,0.0
Transformer,rcs,2026-02-17,0.0,-0.0
Transformer,rcs,2026-02-18,0.0,0.0
Transformer,rcs,2026-02-19,0.0,-0.0
Transformer,rcs,2026-02-20,0.0,0.0
Transformer,rcs,2026-02-23,0.0,0.0
Transformer,rcs,2026-02-24,0.0,-0.0
Transformer,rcs,2026-02-25,0.0,0.0
Transformer,rcs,2026-02-26,0.0,-0.0
Transformer,rcs,2026-02-27,0.0,0.0
Transformer,rcs,2026-03-02,0.0,0.0
Transformer,rcs,2026-03-03,0.0,-0.0
Transformer,rcs,2026-03-04,0.0,0.0
Transformer,rcs,2026-03-05,0.0,-0.0
Transformer,rcs,2026-03-06,-0.0,-0.0
Transformer,rcs,2026-03-09,-0.0,0.0
Transformer,rcs,2026-03-10,0.0,0.0
Transformer,rcs,2026-03-11,-0.0,0.0
Transformer,rcs,2026-03-12,-0.0,0.0
Transformer,rcs,2026-03-13,-0.0,0.0
Transformer,rcs,2026-03-16,0.0,-0.0
Transformer,rcs,2026-03-17,0.0,0.0
Transformer,rcs,2026-03-18,0.0,-0.0
Transformer,rcs,2026-03-19,0.0,-0.0
Transformer,rcs,2026-03-20,0.0,-0.0
Transformer,rcs,2026-03-23,0.0,-0.0
Transformer,rcs,2026-03-24,0.0,-0.0
Transformer,rcs,2026-03-25,0.0,0.0
Transformer,rcs,2026-03-26,0.0,-0.0
Transformer,rcs,2026-03-27,-0.0,-0.0
Transformer,rcs,2026-03-30,-0.0,-0.0
Transformer,rcs,2026-03-31,-0.0,-0.0
Transformer,rcs,2026-04-01,0.0,0.0
Transformer,rcs,2026-04-02,0.0,-0.0
Transformer,rcs,2026-04-06,0.0,0.0
Transformer,rcs,2026-04-07,0.0,0.0
Transformer,rcs,2026-04-08,0.0,0.0
Transformer,rcs,2026-04-09,0.0,0.0
Transformer,rcs,2026-04-10,0.0,-0.0
Transformer,rcs,2026-04-13,0.0,-0.0
Transformer,rcs,2026-04-14,0.0,0.0
Transformer,rcs,2026-04-15,0.0,-0.0
Transformer,rcs,2026-04-16,0.0,-0.0
Transformer,rcs,2026-04-17,0.0,0.0
Transformer,rcs,2026-04-20,0.0,-0.0
Transformer,rcs,2026-04-21,0.0,-0.0
Transformer,rcs,2026-04-22,0.0,0.0
Transformer,rcs,2026-04-23,0.0,-0.0
Transformer,rcs,2026-04-24,-0.0,-0.0
Transformer,rcs,2026-04-27,0.0,-0.0
Transformer,rcs,2026-04-28,0.0,-0.0
Transformer,rcs,2026-04-29,-0.0,0.0
Transformer,rcs,2026-04-30,-0.0,-0.0
TCN,rcs,2025-07-02,0.0,0.0
TCN,rcs,2025-07-03,-0.5,0.0024502305372932575
TCN,rcs,2025-07-04,-0.5,-0.0005384692574440519
TCN,rcs,2025-07-07,0.5,-0.0006528090799155617
TCN,rcs,2025-07-08,0.5,-0.0038740196999600407
TCN,rcs,2025-07-09,-0.5,-0.0007180617107789388
TCN,rcs,2025-07-10,0.5,0.0006076108358740063
TCN,rcs,2025-07-11,-0.5,-0.005858193672076306
TCN,rcs,2025-07-14,0.5,-0.0008282851283814118
TCN,rcs,2025-07-15,0.5,-0.003334248136875162
TCN,rcs,2025-07-16,-0.5,-0.003456631823683731
TCN,rcs,2025-07-17,0.5,-0.00215412884804379
TCN,rcs,2025-07-18,0.5,0.0019430245135341195
TCN,rcs,2025-07-21,0.5,0.007161339489663687
TCN,rcs,2025-07-22,-0.5,-0.00557499558147313
TCN,rcs,2025-07-23,-0.5,0.006693360944518056
TCN,rcs,2025-07-24,0.5,-0.0036466354137549947
TCN,rcs,2025-07-25,0.5,-0.00561729692363272
TCN,rcs,2025-07-28,-0.5,0.003737405100545144
TCN,rcs,2025-07-29,-0.5,-0.002114803625377637
TCN,rcs,2025-07-30,0.5,-0.004341869911533525
TCN,rcs,2025-07-31,1.0,-0.001038912439386169
TCN,rcs,2025-08-01,1.0,0.03236976170193273
TCN,rcs,2025-08-04,-0.0,-0.0001
TCN,rcs,2025-08-05,-0.0,-0.0
TCN,rcs,2025-08-06,-0.0,0.0
TCN,rcs,2025-08-07,0.0,0.0
TCN,rcs,2025-08-08,0.0,0.0
TCN,rcs,2025-08-11,0.0,-0.0
TCN,rcs,2025-08-12,-0.0,0.0
TCN,rcs,2025-08-13,0.0,0.0
TCN,rcs,2025-08-14,0.0,-0.0
TCN,rcs,2025-08-15,-0.0,0.0
TCN,rcs,2025-08-18,-0.0,0.0
TCN,rcs,2025-08-19,-0.0,0.0
TCN,rcs,2025-08-20,-0.0,-0.0
TCN,rcs,2025-08-21,-0.0,0.0
TCN,rcs,2025-08-22,-0.0,-0.0
TCN,rcs,2025-08-25,-0.0,0.0
TCN,rcs,2025-08-26,-0.0,-0.0
TCN,rcs,2025-08-27,-0.0,-0.0
TCN,rcs,2025-08-28,-0.0,-0.0
TCN,rcs,2025-08-29,0.0,0.0
TCN,rcs,2025-09-02,0.0,0.0
TCN,rcs,2025-09-03,0.5,0.005976954152983488
TCN,rcs,2025-09-04,0.5,-0.003960947438883922
TCN,rcs,2025-09-05,0.5,0.006460212699577195
TCN,rcs,2025-09-08,0.5,0.0032983676667012185
TCN,rcs,2025-09-09,0.5,0.0006526416701465587
TCN,rcs,2025-09-10,0.5,-2.7151047543083617e-05
TCN,rcs,2025-09-11,1.0,-0.0023313422986828204
TCN,rcs,2025-09-12,1.0,0.0034842672983557144
TCN,rcs,2025-09-15,1.0,0.008843342697444134
TCN,rcs,2025-09-16,1.0,0.0016402521259075709
TCN,rcs,2025-09-17,1.0,-0.001959691991288537
TCN,rcs,2025-09-18,1.0,-0.010624562774012136
TCN,rcs,2025-09-19,1.0,0.0074762797039249484
TCN,rcs,2025-09-22,1.0,0.01870042849452691
TCN,rcs,2025-09-23,0.5,0.0053273214570961295
TCN,rcs,2025-09-24,0.5,-0.006237368520159214
TCN,rcs,2025-09-25,0.5,0.0003980785969388556
TCN,rcs,2025-09-26,0.5,0.005025045923244598
TCN,rcs,2025-09-29,0.5,0.006064577470710764
TCN,rcs,2025-09-30,-0.5,-0.002534509263848705
TCN,rcs,2025-10-01,-0.5,-0.0031369473735499698
TCN,rcs,2025-10-02,-0.5,0.0037716359645605935
TCN,rcs,2025-10-03,-0.5,-0.0052738817064508225
TCN,rcs,2025-10-06,-0.5,-0.008621370227971603
TCN,rcs,2025-10-07,-0.5,-0.0035334171428922367
TCN,rcs,2025-10-08,-0.5,-0.008253433631536411
TCN,rcs,2025-10-09,-0.5,0.012025537691162045
TCN,rcs,2025-10-10,-0.0,-5e-05
TCN,rcs,2025-10-13,-0.0,-0.0
TCN,rcs,2025-10-14,-0.0,-0.0
TCN,rcs,2025-10-15,-0.0,-0.0
TCN,rcs,2025-10-16,-0.0,-0.0
TCN,rcs,2025-10-17,-0.0,0.0
TCN,rcs,2025-10-20,-0.0,-0.0
TCN,rcs,2025-10-21,-0.0,0.0
TCN,rcs,2025-10-22,-0.0,0.0
TCN,rcs,2025-10-23,-0.0,-0.0
TCN,rcs,2025-10-24,-0.0,0.0
TCN,rcs,2025-10-27,-0.0,0.0
TCN,rcs,2025-10-28,-0.0,0.0
TCN,rcs,2025-10-29,-0.0,-0.0
TCN,rcs,2025-10-30,-0.0,-0.0
TCN,rcs,2025-10-31,-0.0,0.0
TCN,rcs,2025-11-03,-0.0,-0.0
TCN,rcs,2025-11-04,-0.0,0.0
TCN,rcs,2025-11-05,-0.0,-0.0
TCN,rcs,2025-11-06,-0.0,0.0
TCN,rcs,2025-11-07,-0.0,-0.0
TCN,rcs,2025-11-10,0.0,0.0
TCN,rcs,2025-11-11,-0.0,0.0
TCN,rcs,2025-11-12,-0.0,-0.0
TCN,rcs,2025-11-13,-0.0,0.0
TCN,rcs,2025-11-14,0.0,-0.0
TCN,rcs,2025-11-17,-0.0,0.0
TCN,rcs,2025-11-18,-0.0,0.0
TCN,rcs,2025-11-19,0.0,0.0
TCN,rcs,2025-11-20,0.0,-0.0
TCN,rcs,2025-11-21,0.0,0.0
TCN,rcs,2025-11-24,-0.0,-0.0
TCN,rcs,2025-11-25,-0.0,-0.0
TCN,rcs,2025-11-26,-0.0,-0.0
TCN,rcs,2025-11-28,-0.0,-0.0
TCN,rcs,2025-12-01,-0.0,-0.0
TCN,rcs,2025-12-02,-0.0,0.0
TCN,rcs,2025-12-03,-0.0,-0.0
TCN,rcs,2025-12-04,-0.0,-0.0
TCN,rcs,2025-12-05,-0.0,-0.0
TCN,rcs,2025-12-08,-0.0,0.0
TCN,rcs,2025-12-09,-0.0,-0.0
TCN,rcs,2025-12-10,-0.0,0.0
TCN,rcs,2025-12-11,-0.0,-0.0
TCN,rcs,2025-12-12,-0.0,-0.0
TCN,rcs,2025-12-15,-0.5,-0.0008471248453638724
TCN,rcs,2025-12-16,-0.5,0.00033451634230596827
TCN,rcs,2025-12-17,-0.5,-0.004801156375562776
TCN,rcs,2025-12-18,-0.5,0.0010745447488079152
TCN,rcs,2025-12-19,-0.5,-0.0026119606698934428
TCN,rcs,2025-12-22,-0.5,-0.00935656341156943
TCN,rcs,2025-12-23,-0.5,-0.004060980641910628
TCN,rcs,2025-12-24,-0.5,0.00032185792432631866
TCN,rcs,2025-12-26,-0.5,-0.005541040329291702
TCN,rcs,2025-12-29,-0.5,0.022964404494671242
TCN,rcs,2025-12-30,-0.0,-5e-05
TCN,rcs,2025-12-31,-0.0,0.0
TCN,rcs,2026-01-02,-0.0,0.0
TCN,rcs,2026-01-05,-0.0,-0.0
TCN,rcs,2026-01-06,-0.0,-0.0
TCN,rcs,2026-01-07,-0.0,0.0
TCN,rcs,2026-01-08,-0.0,0.0
TCN,rcs,2026-01-09,-0.0,-0.0
TCN,rcs,2026-01-12,-0.0,-0.0
TCN,rcs,2026-01-13,-0.0,0.0
TCN,rcs,2026-01-14,-0.0,-0.0
TCN,rcs,2026-01-15,0.0,-0.0
TCN,rcs,2026-01-16,-0.0,0.0
TCN,rcs,2026-01-20,-0.0,-0.0
TCN,rcs,2026-01-21,-0.0,-0.0
TCN,rcs,2026-01-22,-0.0,-0.0
TCN,rcs,2026-01-23,-0.0,-0.0
TCN,rcs,2026-01-26,-0.0,-0.0
TCN,rcs,2026-01-27,-0.0,-0.0
TCN,rcs,2026-01-28,-0.0,-0.0
TCN,rcs,2026-01-29,-0.0,-0.0
TCN,rcs,2026-01-30,0.0,-0.0
TCN,rcs,2026-02-02,-0.0,0.0
TCN,rcs,2026-02-03,0.0,0.0
TCN,rcs,2026-02-04,-0.0,-0.0
TCN,rcs,2026-02-05,-0.0,0.0
TCN,rcs,2026-02-06,0.0,0.0
TCN,rcs,2026-02-09,0.0,0.0
TCN,rcs,2026-02-10,0.0,-0.0
TCN,rcs,2026-02-11,0.0,0.0
TCN,rcs,2026-02-12,0.0,-0.0
TCN,rcs,2026-02-13,0.0,0.0
TCN,rcs,2026-02-17,0.0,-0.0
TCN,rcs,2026-02-18,0.0,0.0
TCN,rcs,2026-02-19,0.0,-0.0
TCN,rcs,2026-02-20,0.0,0.0
TCN,rcs,2026-02-23,0.0,0.0
TCN,rcs,2026-02-24,0.0,-0.0
TCN,rcs,2026-02-25,0.0,0.0
TCN,rcs,2026-02-26,-0.0,0.0
TCN,rcs,2026-02-27,0.0,0.0
TCN,rcs,2026-03-02,0.0,0.0
TCN,rcs,2026-03-03,0.0,-0.0
TCN,rcs,2026-03-04,0.0,0.0
TCN,rcs,2026-03-05,0.0,-0.0
TCN,rcs,2026-03-06,0.0,0.0
TCN,rcs,2026-03-09,0.0,-0.0
TCN,rcs,2026-03-10,0.0,0.0
TCN,rcs,2026-03-11,0.0,-0.0
TCN,rcs,2026-03-12,0.0,-0.0
TCN,rcs,2026-03-13,0.0,-0.0
TCN,rcs,2026-03-16,0.0,-0.0
TCN,rcs,2026-03-17,0.0,0.0
TCN,rcs,2026-03-18,0.0,-0.0
TCN,rcs,2026-03-19,-0.0,0.0
TCN,rcs,2026-03-20,0.0,-0.0
TCN,rcs,2026-03-23,0.0,-0.0
TCN,rcs,2026-03-24,-0.0,0.0
TCN,rcs,2026-03-25,0.0,0.0
TCN,rcs,2026-03-26,0.0,-0.0
TCN,rcs,2026-03-27,0.0,0.0
TCN,rcs,2026-03-30,-0.0,-0.0
TCN,rcs,2026-03-31,0.0,0.0
TCN,rcs,2026-04-01,0.0,0.0
TCN,rcs,2026-04-02,0.0,-0.0
TCN,rcs,2026-04-06,0.0,0.0
TCN,rcs,2026-04-07,0.0,0.0
TCN,rcs,2026-04-08,0.0,0.0
TCN,rcs,2026-04-09,0.0,0.0
TCN,rcs,2026-04-10,0.0,-0.0
TCN,rcs,2026-04-13,-0.0,0.0
TCN,rcs,2026-04-14,0.0,0.0
TCN,rcs,2026-04-15,-0.0,0.0
TCN,rcs,2026-04-16,-0.0,0.0
TCN,rcs,2026-04-17,0.0,0.0
TCN,rcs,2026-04-20,0.0,-0.0
TCN,rcs,2026-04-21,0.0,-0.0
TCN,rcs,2026-04-22,-0.0,-0.0
TCN,rcs,2026-04-23,-0.0,0.0
TCN,rcs,2026-04-24,-0.0,-0.0
TCN,rcs,2026-04-27,0.0,-0.0
TCN,rcs,2026-04-28,0.0,-0.0
TCN,rcs,2026-04-29,-0.0,0.0
TCN,rcs,2026-04-30,0.0,0.0
CNN LSTM,rcs,2025-07-02,0.0,0.0
CNN LSTM,rcs,2025-07-03,0.5,-0.0025502305372932577
CNN LSTM,rcs,2025-07-04,0.5,0.0005384692574440519
CNN LSTM,rcs,2025-07-07,0.5,-0.0005528090799155616
CNN LSTM,rcs,2025-07-08,0.5,-0.0038740196999600407
CNN LSTM,rcs,2025-07-09,0.5,0.0006180617107789388
CNN LSTM,rcs,2025-07-10,0.5,0.0007076108358740063
CNN LSTM,rcs,2025-07-11,0.5,0.005758193672076306
CNN LSTM,rcs,2025-07-14,0.5,-0.0007282851283814118
CNN LSTM,rcs,2025-07-15,0.5,-0.003334248136875162
CNN LSTM,rcs,2025-07-16,0.5,0.003356631823683731
CNN LSTM,rcs,2025-07-17,0.5,-0.0020541288480437903
CNN LSTM,rcs,2025-07-18,0.5,0.0019430245135341195
CNN LSTM,rcs,2025-07-21,0.5,0.007161339489663687
CNN LSTM,rcs,2025-07-22,0.5,0.00547499558147313
CNN LSTM,rcs,2025-07-23,0.5,-0.006693360944518056
CNN LSTM,rcs,2025-07-24,0.5,-0.003546635413754995
CNN LSTM,rcs,2025-07-25,0.5,-0.00561729692363272
CNN LSTM,rcs,2025-07-28,0.5,-0.0038374051005451437
CNN LSTM,rcs,2025-07-29,0.5,0.002114803625377637
CNN LSTM,rcs,2025-07-30,0.5,-0.0042418699115335246
CNN LSTM,rcs,2025-07-31,-1.0,0.0004389124393861691
CNN LSTM,rcs,2025-08-01,-1.0,-0.03236976170193273
CNN LSTM,rcs,2025-08-04,-0.0,-0.0001
CNN LSTM,rcs,2025-08-05,-0.0,-0.0
CNN LSTM,rcs,2025-08-06,-0.0,0.0
CNN LSTM,rcs,2025-08-07,0.0,0.0
CNN LSTM,rcs,2025-08-08,-0.0,-0.0
CNN LSTM,rcs,2025-08-11,-0.0,0.0
CNN LSTM,rcs,2025-08-12,-0.0,0.0
CNN LSTM,rcs,2025-08-13,-0.0,-0.0
CNN LSTM,rcs,2025-08-14,-0.0,0.0
CNN LSTM,rcs,2025-08-15,-0.0,0.0
CNN LSTM,rcs,2025-08-18,-0.0,0.0
CNN LSTM,rcs,2025-08-19,-0.0,0.0
CNN LSTM,rcs,2025-08-20,-0.0,-0.0
CNN LSTM,rcs,2025-08-21,-0.0,0.0
CNN LSTM,rcs,2025-08-22,-0.0,-0.0
CNN LSTM,rcs,2025-08-25,-0.0,0.0
CNN LSTM,rcs,2025-08-26,-0.0,-0.0
CNN LSTM,rcs,2025-08-27,-0.0,-0.0
CNN LSTM,rcs,2025-08-28,0.0,0.0
CNN LSTM,rcs,2025-08-29,0.0,0.0
CNN LSTM,rcs,2025-09-02,0.0,0.0
CNN LSTM,rcs,2025-09-03,0.5,0.005976954152983488
CNN LSTM,rcs,2025-09-04,-0.5,0.003860947438883922
CNN LSTM,rcs,2025-09-05,0.5,0.006360212699577194
CNN LSTM,rcs,2025-09-08,0.5,0.0032983676667012185
CNN LSTM,rcs,2025-09-09,-0.5,-0.0007526416701465588
CNN LSTM,rcs,2025-09-10,0.5,-0.0001271510475430836
CNN LSTM,rcs,2025-09-11,1.0,-0.0023313422986828204
CNN LSTM,rcs,2025-09-12,1.0,0.0034842672983557144
CNN LSTM,rcs,2025-09-15,1.0,0.008843342697444134
CNN LSTM,rcs,2025-09-16,-1.0,-0.001840252125907571
CNN LSTM,rcs,2025-09-17,1.0,-0.002159691991288537
CNN LSTM,rcs,2025-09-18,1.0,-0.010624562774012136
CNN LSTM,rcs,2025-09-19,1.0,0.0074762797039249484
CNN LSTM,rcs,2025-09-22,-1.0,-0.01890042849452691
CNN LSTM,rcs,2025-09-23,0.5,0.005227321457096129
CNN LSTM,rcs,2025-09-24,0.5,-0.006237368520159214
CNN LSTM,rcs,2025-09-25,0.5,0.0003980785969388556
CNN LSTM,rcs,2025-09-26,0.5,0.005025045923244598
CNN LSTM,rcs,2025-09-29,0.5,0.006064577470710764
CNN LSTM,rcs,2025-09-30,-0.5,-0.002534509263848705
CNN LSTM,rcs,2025-10-01,-0.5,-0.0031369473735499698
CNN LSTM,rcs,2025-10-02,-0.5,0.0037716359645605935
CNN LSTM,rcs,2025-10-03,-0.5,-0.0052738817064508225
CNN LSTM,rcs,2025-10-06,-0.5,-0.008621370227971603
CNN LSTM,rcs,2025-10-07,-0.5,-0.0035334171428922367
CNN LSTM,rcs,2025-10-08,-0.5,-0.008253433631536411
CNN LSTM,rcs,2025-10-09,-0.5,0.012025537691162045
CNN LSTM,rcs,2025-10-10,-0.0,-5e-05
CNN LSTM,rcs,2025-10-13,-0.0,-0.0
CNN LSTM,rcs,2025-10-14,-0.0,-0.0
CNN LSTM,rcs,2025-10-15,-0.0,-0.0
CNN LSTM,rcs,2025-10-16,-0.0,-0.0
CNN LSTM,rcs,2025-10-17,-0.0,0.0
CNN LSTM,rcs,2025-10-20,-0.0,-0.0
CNN LSTM,rcs,2025-10-21,-0.0,0.0
CNN LSTM,rcs,2025-10-22,-0.0,0.0
CNN LSTM,rcs,2025-10-23,-0.0,-0.0
CNN LSTM,rcs,2025-10-24,-0.0,0.0
CNN LSTM,rcs,2025-10-27,-0.0,0.0
CNN LSTM,rcs,2025-10-28,-0.0,0.0
CNN LSTM,rcs,2025-10-29,0.0,0.0
CNN LSTM,rcs,2025-10-30,0.0,0.0
CNN LSTM,rcs,2025-10-31,0.0,-0.0
CNN LSTM,rcs,2025-11-03,0.0,0.0
CNN LSTM,rcs,2025-11-04,0.0,-0.0
CNN LSTM,rcs,2025-11-05,0.0,0.0
CNN LSTM,rcs,2025-11-06,0.0,-0.0
CNN LSTM,rcs,2025-11-07,0.0,0.0
CNN LSTM,rcs,2025-11-10,0.0,0.0
CNN LSTM,rcs,2025-11-11,-0.0,0.0
CNN LSTM,rcs,2025-11-12,-0.0,-0.0
CNN LSTM,rcs,2025-11-13,-0.0,0.0
CNN LSTM,rcs,2025-11-14,-0.0,0.0
CNN LSTM,rcs,2025-11-17,-0.0,0.0
CNN LSTM,rcs,2025-11-18,0.0,-0.0
CNN LSTM,rcs,2025-11-19,0.0,0.0
CNN LSTM,rcs,2025-11-20,0.0,-0.0
CNN LSTM,rcs,2025-11-21,0.0,0.0
CNN LSTM,rcs,2025-11-24,0.0,0.0
CNN LSTM,rcs,2025-11-25,0.0,0.0
CNN LSTM,rcs,2025-11-26,-0.0,-0.0
CNN LSTM,rcs,2025-11-28,-0.0,-0.0
CNN LSTM,rcs,2025-12-01,-0.0,-0.0
CNN LSTM,rcs,2025-12-02,-0.0,0.0
CNN LSTM,rcs,2025-12-03,-0.0,-0.0
CNN LSTM,rcs,2025-12-04,-0.0,-0.0
CNN LSTM,rcs,2025-12-05,-0.0,-0.0
CNN LSTM,rcs,2025-12-08,-0.0,0.0
CNN LSTM,rcs,2025-12-09,-0.0,-0.0
CNN LSTM,rcs,2025-12-10,-0.0,0.0
CNN LSTM,rcs,2025-12-11,-0.0,-0.0
CNN LSTM,rcs,2025-12-12,-0.0,-0.0
CNN LSTM,rcs,2025-12-15,-0.5,-0.0008471248453638724
CNN LSTM,rcs,2025-12-16,-0.5,0.00033451634230596827
CNN LSTM,rcs,2025-12-17,-0.5,-0.004801156375562776
CNN LSTM,rcs,2025-12-18,-0.5,0.0010745447488079152
CNN LSTM,rcs,2025-12-19,-0.5,-0.0026119606698934428
CNN LSTM,rcs,2025-12-22,-0.5,-0.00935656341156943
CNN LSTM,rcs,2025-12-23,-0.5,-0.004060980641910628
CNN LSTM,rcs,2025-12-24,-0.5,0.00032185792432631866
CNN LSTM,rcs,2025-12-26,-0.5,-0.005541040329291702
CNN LSTM,rcs,2025-12-29,-0.5,0.022964404494671242
CNN LSTM,rcs,2025-12-30,0.0,-5e-05
CNN LSTM,rcs,2025-12-31,0.0,-0.0
CNN LSTM,rcs,2026-01-02,0.0,-0.0
CNN LSTM,rcs,2026-01-05,0.0,0.0
CNN LSTM,rcs,2026-01-06,0.0,0.0
CNN LSTM,rcs,2026-01-07,0.0,-0.0
CNN LSTM,rcs,2026-01-08,0.0,-0.0
CNN LSTM,rcs,2026-01-09,0.0,0.0
CNN LSTM,rcs,2026-01-12,0.0,0.0
CNN LSTM,rcs,2026-01-13,0.0,-0.0
CNN LSTM,rcs,2026-01-14,0.0,0.0
CNN LSTM,rcs,2026-01-15,0.0,-0.0
CNN LSTM,rcs,2026-01-16,0.0,-0.0
CNN LSTM,rcs,2026-01-20,0.0,0.0
CNN LSTM,rcs,2026-01-21,0.0,0.0
CNN LSTM,rcs,2026-01-22,0.0,0.0
CNN LSTM,rcs,2026-01-23,0.0,0.0
CNN LSTM,rcs,2026-01-26,0.0,0.0
CNN LSTM,rcs,2026-01-27,0.0,0.0
CNN LSTM,rcs,2026-01-28,0.0,0.0
CNN LSTM,rcs,2026-01-29,0.0,0.0
CNN LSTM,rcs,2026-01-30,0.0,-0.0
CNN LSTM,rcs,2026-02-02,0.0,-0.0
CNN LSTM,rcs,2026-02-03,0.0,0.0
CNN LSTM,rcs,2026-02-04,0.0,0.0
CNN LSTM,rcs,2026-02-05,-0.0,0.0
CNN LSTM,rcs,2026-02-06,0.0,0.0
CNN LSTM,rcs,2026-02-09,0.0,0.0
CNN LSTM,rcs,2026-02-10,0.0,-0.0
CNN LSTM,rcs,2026-02-11,0.0,0.0
CNN LSTM,rcs,2026-02-12,0.0,-0.0
CNN LSTM,rcs,2026-02-13,0.0,0.0
CNN LSTM,rcs,2026-02-17,0.0,-0.0
CNN LSTM,rcs,2026-02-18,0.0,0.0
CNN LSTM,rcs,2026-02-19,0.0,-0.0
CNN LSTM,rcs,2026-02-20,0.0,0.0
CNN LSTM,rcs,2026-02-23,0.0,0.0
CNN LSTM,rcs,2026-02-24,0.0,-0.0
CNN LSTM,rcs,2026-02-25,0.0,0.0
CNN LSTM,rcs,2026-02-26,0.0,-0.0
CNN LSTM,rcs,2026-02-27,0.0,0.0
CNN LSTM,rcs,2026-03-02,0.0,0.0
CNN LSTM,rcs,2026-03-03,0.0,-0.0
CNN LSTM,rcs,2026-03-04,0.0,0.0
CNN LSTM,rcs,2026-03-05,0.0,-0.0
CNN LSTM,rcs,2026-03-06,0.0,0.0
CNN LSTM,rcs,2026-03-09,0.0,-0.0
CNN LSTM,rcs,2026-03-10,0.0,0.0
CNN LSTM,rcs,2026-03-11,0.0,-0.0
CNN LSTM,rcs,2026-03-12,0.0,-0.0
CNN LSTM,rcs,2026-03-13,0.0,-0.0
CNN LSTM,rcs,2026-03-16,0.0,-0.0
CNN LSTM,rcs,2026-03-17,0.0,0.0
CNN LSTM,rcs,2026-03-18,0.0,-0.0
CNN LSTM,rcs,2026-03-19,0.0,-0.0
CNN LSTM,rcs,2026-03-20,0.0,-0.0
CNN LSTM,rcs,2026-03-23,0.0,-0.0
CNN LSTM,rcs,2026-03-24,0.0,-0.0
CNN LSTM,rcs,2026-03-25,0.0,0.0
CNN LSTM,rcs,2026-03-26,0.0,-0.0
CNN LSTM,rcs,2026-03-27,0.0,0.0
CNN LSTM,rcs,2026-03-30,0.0,0.0
CNN LSTM,rcs,2026-03-31,0.0,0.0
CNN LSTM,rcs,2026-04-01,0.0,0.0
CNN LSTM,rcs,2026-04-02,0.0,-0.0
CNN LSTM,rcs,2026-04-06,0.0,0.0
CNN LSTM,rcs,2026-04-07,0.0,0.0
CNN LSTM,rcs,2026-04-08,0.0,0.0
CNN LSTM,rcs,2026-04-09,-0.0,-0.0
CNN LSTM,rcs,2026-04-10,0.0,-0.0
CNN LSTM,rcs,2026-04-13,0.0,-0.0
CNN LSTM,rcs,2026-04-14,0.0,0.0
CNN LSTM,rcs,2026-04-15,0.0,-0.0
CNN LSTM,rcs,2026-04-16,0.0,-0.0
CNN LSTM,rcs,2026-04-17,0.0,0.0
CNN LSTM,rcs,2026-04-20,0.0,-0.0
CNN LSTM,rcs,2026-04-21,0.0,-0.0
CNN LSTM,rcs,2026-04-22,0.0,0.0
CNN LSTM,rcs,2026-04-23,0.0,-0.0
CNN LSTM,rcs,2026-04-24,0.0,0.0
CNN LSTM,rcs,2026-04-27,0.0,-0.0
CNN LSTM,rcs,2026-04-28,0.0,-0.0
CNN LSTM,rcs,2026-04-29,0.0,-0.0
CNN LSTM,rcs,2026-04-30,0.0,0.0
