Model,Strategy,Date,w,y
Random Walk,static,2025-07-02,0.0,0.0
Random Walk,static,2025-07-03,0.0,-0.0
Random Walk,static,2025-07-04,0.0,-0.0
Random Walk,static,2025-07-07,0.0,-0.0
Random Walk,static,2025-07-08,0.0,0.0
Random Walk,static,2025-07-09,0.0,-0.0
Random Walk,static,2025-07-10,0.0,0.0
Random Walk,static,2025-07-11,0.0,0.0
Random Walk,static,2025-07-14,0.0,-0.0
Random Walk,static,2025-07-15,0.0,0.0
Random Walk,static,2025-07-16,0.0,-0.0
Random Walk,static,2025-07-17,0.0,-0.0
Random Walk,static,2025-07-18,0.0,0.0
Random Walk,static,2025-07-21,0.0,0.0
Random Walk,static,2025-07-22,0.0,0.0
Random Walk,static,2025-07-23,0.0,0.0
Random Walk,static,2025-07-24,0.0,-0.0
Random Walk,static,2025-07-25,0.0,-0.0
Random Walk,static,2025-07-28,0.0,-0.0
Random Walk,static,2025-07-29,0.0,0.0
Random Walk,static,2025-07-30,0.0,-0.0
Random Walk,static,2025-07-31,0.0,-0.0
Random Walk,static,2025-08-01,0.0,0.0
Random Walk,static,2025-08-04,0.0,0.0
Random Walk,static,2025-08-05,0.0,-0.0
Random Walk,static,2025-08-06,0.0,0.0
Random Walk,static,2025-08-07,0.0,-0.0
Random Walk,static,2025-08-08,0.0,0.0
Random Walk,static,2025-08-11,0.0,-0.0
Random Walk,static,2025-08-12,0.0,0.0
Random Walk,static,2025-08-13,0.0,-0.0
Random Walk,static,2025-08-14,0.0,-0.0
Random Walk,static,2025-08-15,0.0,0.0
Random Walk,static,2025-08-18,0.0,-0.0
Random Walk,static,2025-08-19,0.0,-0.0
Random Walk,static,2025-08-20,0.0,0.0
Random Walk,static,2025-08-21,0.0,0.0
Random Walk,static,2025-08-22,0.0,0.0
Random Walk,static,2025-08-25,0.0,0.0
Random Walk,static,2025-08-26,0.0,-0.0
Random Walk,static,2025-08-27,0.0,-0.0
Random Walk,static,2025-08-28,0.0,0.0
Random Walk,static,2025-08-29,0.0,0.0
Random Walk,static,2025-09-02,0.0,0.0
Random Walk,static,2025-09-03,0.0,-0.0
Random Walk,static,2025-09-04,0.0,-0.0
Random Walk,static,2025-09-05,0.0,-0.0
Random Walk,static,2025-09-08,0.0,0.0
Random Walk,static,2025-09-09,0.0,0.0
Random Walk,static,2025-09-10,0.0,0.0
Random Walk,static,2025-09-11,0.0,0.0
Random Walk,static,2025-09-12,0.0,-0.0
Random Walk,static,2025-09-15,0.0,0.0
Random Walk,static,2025-09-16,0.0,-0.0
Random Walk,static,2025-09-17,0.0,-0.0
Random Walk,static,2025-09-18,0.0,-0.0
Random Walk,static,2025-09-19,0.0,0.0
Random Walk,static,2025-09-22,0.0,0.0
Random Walk,static,2025-09-23,0.0,0.0
Random Walk,static,2025-09-24,0.0,0.0
Random Walk,static,2025-09-25,0.0,-0.0
Random Walk,static,2025-09-26,0.0,0.0
Random Walk,static,2025-09-29,0.0,0.0
Random Walk,static,2025-09-30,0.0,-0.0
Random Walk,static,2025-10-01,0.0,0.0
Random Walk,static,2025-10-02,0.0,0.0
Random Walk,static,2025-10-03,0.0,0.0
Random Walk,static,2025-10-06,0.0,-0.0
Random Walk,static,2025-10-07,0.0,0.0
Random Walk,static,2025-10-08,0.0,-0.0
Random Walk,static,2025-10-09,0.0,0.0
Random Walk,static,2025-10-10,0.0,-0.0
Random Walk,static,2025-10-13,0.0,0.0
Random Walk,static,2025-10-14,0.0,-0.0
Random Walk,static,2025-10-15,0.0,-0.0
Random Walk,static,2025-10-16,0.0,-0.0
Random Walk,static,2025-10-17,0.0,-0.0
Random Walk,static,2025-10-20,0.0,0.0
Random Walk,static,2025-10-21,0.0,-0.0
Random Walk,static,2025-10-22,0.0,0.0
Random Walk,static,2025-10-23,0.0,0.0
Random Walk,static,2025-10-24,0.0,0.0
Random Walk,static,2025-10-27,0.0,0.0
Random Walk,static,2025-10-28,0.0,0.0
Random Walk,static,2025-10-29,0.0,0.0
Random Walk,static,2025-10-30,0.0,-0.0
Random Walk,static,2025-10-31,0.0,-0.0
Random Walk,static,2025-11-03,0.0,-0.0
Random Walk,static,2025-11-04,0.0,-0.0
Random Walk,static,2025-11-05,0.0,0.0
Random Walk,static,2025-11-06,0.0,-0.0
Random Walk,static,2025-11-07,0.0,-0.0
Random Walk,static,2025-11-10,0.0,0.0
Random Walk,static,2025-11-11,0.0,-0.0
Random Walk,static,2025-11-12,0.0,0.0
Random Walk,static,2025-11-13,0.0,-0.0
Random Walk,static,2025-11-14,0.0,-0.0
Random Walk,static,2025-11-17,0.0,-0.0
Random Walk,static,2025-11-18,0.0,-0.0
Random Walk,static,2025-11-19,0.0,0.0
Random Walk,static,2025-11-20,0.0,-0.0
Random Walk,static,2025-11-21,0.0,0.0
Random Walk,static,2025-11-24,0.0,-0.0
Random Walk,static,2025-11-25,0.0,0.0
Random Walk,static,2025-11-26,0.0,0.0
Random Walk,static,2025-11-28,0.0,0.0
Random Walk,static,2025-12-01,0.0,0.0
Random Walk,static,2025-12-02,0.0,-0.0
Random Walk,static,2025-12-03,0.0,0.0
Random Walk,static,2025-12-04,0.0,-0.0
Random Walk,static,2025-12-05,0.0,0.0
Random Walk,static,2025-12-08,0.0,-0.0
Random Walk,static,2025-12-09,0.0,-0.0
Random Walk,static,2025-12-10,0.0,0.0
Random Walk,static,2025-12-11,0.0,0.0
Random Walk,static,2025-12-12,0.0,-0.0
Random Walk,static,2025-12-15,0.0,0.0
Random Walk,static,2025-12-16,0.0,-0.0
Random Walk,static,2025-12-17,0.0,0.0
Random Walk,static,2025-12-18,0.0,0.0
Random Walk,static,2025-12-19,0.0,0.0
Random Walk,static,2025-12-22,0.0,-0.0
Random Walk,static,2025-12-23,0.0,0.0
Random Walk,static,2025-12-24,0.0,0.0
Random Walk,static,2025-12-26,0.0,0.0
Random Walk,static,2025-12-29,0.0,-0.0
Random Walk,static,2025-12-30,0.0,0.0
Random Walk,static,2025-12-31,0.0,-0.0
Random Walk,static,2026-01-02,0.0,0.0
Random Walk,static,2026-01-05,0.0,0.0
Random Walk,static,2026-01-06,0.0,0.0
Random Walk,static,2026-01-07,0.0,-0.0
Random Walk,static,2026-01-08,0.0,-0.0
Random Walk,static,2026-01-09,0.0,0.0
Random Walk,static,2026-01-12,0.0,0.0
Random Walk,static,2026-01-13,0.0,-0.0
Random Walk,static,2026-01-14,0.0,0.0
Random Walk,static,2026-01-15,0.0,-0.0
Random Walk,static,2026-01-16,0.0,-0.0
Random Walk,static,2026-01-20,0.0,-0.0
Random Walk,static,2026-01-21,0.0,-0.0
Random Walk,static,2026-01-22,0.0,0.0
Random Walk,static,2026-01-23,0.0,0.0
Random Walk,static,2026-01-26,0.0,0.0
Random Walk,static,2026-01-27,0.0,-0.0
Random Walk,static,2026-01-28,0.0,0.0
Random Walk,static,2026-01-29,0.0,0.0
Random Walk,static,2026-01-30,0.0,-0.0
Random Walk,static,2026-02-02,0.0,-0.0
Random Walk,static,2026-02-03,0.0,0.0
Random Walk,static,2026-02-04,0.0,-0.0
Random Walk,static,2026-02-05,0.0,-0.0
Random Walk,static,2026-02-06,0.0,0.0
Random Walk,static,2026-02-09,0.0,0.0
Random Walk,static,2026-02-10,0.0,-0.0
Random Walk,static,2026-02-11,0.0,0.0
Random Walk,static,2026-02-12,0.0,-0.0
Random Walk,static,2026-02-13,0.0,0.0
Random Walk,static,2026-02-17,0.0,-0.0
Random Walk,static,2026-02-18,0.0,0.0
Random Walk,static,2026-02-19,0.0,-0.0
Random Walk,static,2026-02-20,0.0,0.0
Random Walk,static,2026-02-23,0.0,-0.0
Random Walk,static,2026-02-24,0.0,0.0
Random Walk,static,2026-02-25,0.0,0.0
Random Walk,static,2026-02-26,0.0,-0.0
Random Walk,static,2026-02-27,0.0,0.0
Random Walk,static,2026-03-02,0.0,-0.0
Random Walk,static,2026-03-03,0.0,-0.0
Random Walk,static,2026-03-04,0.0,0.0
Random Walk,static,2026-03-05,0.0,-0.0
Random Walk,static,2026-03-06,0.0,0.0
Random Walk,static,2026-03-09,0.0,0.0
Random Walk,static,2026-03-10,0.0,0.0
Random Walk,static,2026-03-11,0.0,-0.0
Random Walk,static,2026-03-12,0.0,-0.0
Random Walk,static,2026-03-13,0.0,-0.0
Random Walk,static,2026-03-16,0.0,0.0
Random Walk,static,2026-03-17,0.0,-0.0
Random Walk,static,2026-03-18,0.0,-0.0
Random Walk,static,2026-03-19,0.0,-0.0
Random Walk,static,2026-03-20,0.0,-0.0
Random Walk,static,2026-03-23,0.0,0.0
Random Walk,static,2026-03-24,0.0,-0.0
Random Walk,static,2026-03-25,0.0,0.0
Random Walk,static,2026-03-26,0.0,-0.0
Random Walk,static,2026-03-27,0.0,0.0
Random Walk,static,2026-03-30,0.0,0.0
Random Walk,static,2026-03-31,0.0,0.0
Random Walk,static,2026-04-01,0.0,0.0
Random Walk,static,2026-04-02,0.0,-0.0
Random Walk,static,2026-04-06,0.0,0.0
Random Walk,static,2026-04-07,0.0,-0.0
Random Walk,static,2026-04-08,0.0,0.0
Random Walk,static,2026-04-09,0.0,-0.0
Random Walk,static,2026-04-10,0.0,0.0
Random Walk,static,2026-04-13,0.0,0.0
Random Walk,static,2026-04-14,0.0,0.0
Random Walk,static,2026-04-15,0.0,0.0
Random Walk,static,2026-04-16,0.0,-0.0
Random Walk,static,2026-04-17,0.0,0.0
Random Walk,static,2026-04-20,0.0,-0.0
Random Walk,static,2026-04-21,0.0,-0.0
Random Walk,static,2026-04-22,0.0,0.0
Random Walk,static,2026-04-23,0.0,-0.0
Random Walk,static,2026-04-24,0.0,-0.0
Random Walk,static,2026-04-27,0.0,-0.0
Random Walk,static,2026-04-28,0.0,-0.0
Random Walk,static,2026-04-29,0.0,-0.0
Random Walk,static,2026-04-30,0.0,0.0
ARMA,static,2025-07-02,1.0,0.019907985700174703
ARMA,static,2025-07-03,-1.0,0.009899056920037652
ARMA,static,2025-07-04,1.0,-0.015601269170780441
ARMA,static,2025-07-07,1.0,-0.00677491698700472
ARMA,static,2025-07-08,1.0,0.13251079520310127
ARMA,static,2025-07-09,-1.0,0.03549529488851686
ARMA,static,2025-07-10,1.0,0.018997173893448217
ARMA,static,2025-07-11,-1.0,-0.0027234209302467115
ARMA,static,2025-07-14,1.0,-0.008650185732452154
ARMA,static,2025-07-15,1.0,0.005621058581975369
ARMA,static,2025-07-16,1.0,-0.008925349535135352
ARMA,static,2025-07-17,1.0,-0.0019102982251403278
ARMA,static,2025-07-18,1.0,0.016769961102048425
ARMA,static,2025-07-21,-1.0,-0.006026423411900538
ARMA,static,2025-07-22,1.0,0.015217551024466957
ARMA,static,2025-07-23,-1.0,-0.017402044783521274
ARMA,static,2025-07-24,-1.0,0.0031061476528090326
ARMA,static,2025-07-25,1.0,-0.0025368074955468777
ARMA,static,2025-07-28,1.0,-0.0292357798535543
ARMA,static,2025-07-29,1.0,0.0015192313674488034
ARMA,static,2025-07-30,1.0,-0.005978356094184956
ARMA,static,2025-07-31,1.0,-0.22253141967258838
ARMA,static,2025-08-01,1.0,0.018935406157227774
ARMA,static,2025-08-04,-1.0,-0.0007665852180154473
ARMA,static,2025-08-05,1.0,-0.011751555763595012
ARMA,static,2025-08-06,1.0,0.006186973276029795
ARMA,static,2025-08-07,1.0,-0.0028466886475828623
ARMA,static,2025-08-08,1.0,0.017585963551933093
ARMA,static,2025-08-11,-1.0,0.006982148792667209
ARMA,static,2025-08-12,1.0,0.019015561653475267
ARMA,static,2025-08-13,-1.0,0.005677836194779329
ARMA,static,2025-08-14,1.0,-0.004104490003920235
ARMA,static,2025-08-15,1.0,0.0030239027378216043
ARMA,static,2025-08-18,1.0,-0.0046896794361693805
ARMA,static,2025-08-19,1.0,-0.010769544814671184
ARMA,static,2025-08-20,1.0,0.0038557946639010687
ARMA,static,2025-08-21,1.0,0.0012426207943443401
ARMA,static,2025-08-22,1.0,0.0036105767787457665
ARMA,static,2025-08-25,1.0,0.00427196753025938
ARMA,static,2025-08-26,1.0,-0.0035821772536123175
ARMA,static,2025-08-27,1.0,-0.008088928174427634
ARMA,static,2025-08-28,1.0,0.011099735814189549
ARMA,static,2025-08-29,-1.0,-0.012722130179588165
ARMA,static,2025-09-02,1.0,0.011086958046876627
ARMA,static,2025-09-03,1.0,-0.002407299808743324
ARMA,static,2025-09-04,-1.0,0.015265591728420435
ARMA,static,2025-09-05,-1.0,0.0012254545199552602
ARMA,static,2025-09-08,1.0,0.0015846953412186116
ARMA,static,2025-09-09,1.0,0.002338259500294093
ARMA,static,2025-09-10,-1.0,-0.011086528327740175
ARMA,static,2025-09-11,-1.0,-0.008901029779579961
ARMA,static,2025-09-12,1.0,-0.000635650821192679
ARMA,static,2025-09-15,1.0,0.014601702501418012
ARMA,static,2025-09-16,-1.0,0.004633001495090139
ARMA,static,2025-09-17,-1.0,0.01338221437499898
ARMA,static,2025-09-18,1.0,-0.006763161049529919
ARMA,static,2025-09-19,1.0,0.0061660159902687806
ARMA,static,2025-09-22,-1.0,-0.0010755060459384457
ARMA,static,2025-09-23,-1.0,-0.0025147347167067124
ARMA,static,2025-09-24,1.0,0.036445267153111006
ARMA,static,2025-09-25,1.0,-0.011046869505147883
ARMA,static,2025-09-26,1.0,0.003297887083739015
ARMA,static,2025-09-29,-1.0,-0.026814400472438236
ARMA,static,2025-09-30,-1.0,0.00743653195089633
ARMA,static,2025-10-01,1.0,0.0051070340181893275
ARMA,static,2025-10-02,1.0,0.013973633339134484
ARMA,static,2025-10-03,-1.0,-0.032866462224428815
ARMA,static,2025-10-06,-1.0,0.014037188206906581
ARMA,static,2025-10-07,1.0,0.012031776707494423
ARMA,static,2025-10-08,1.0,-0.000396167808522252
ARMA,static,2025-10-09,-1.0,-0.0060462163311718825
ARMA,static,2025-10-10,-1.0,0.044724704166958285
ARMA,static,2025-10-13,1.0,0.05177490844106545
ARMA,static,2025-10-14,1.0,-0.023527082255880516
ARMA,static,2025-10-15,-1.0,0.001506675796510959
ARMA,static,2025-10-16,-1.0,0.002815755957587207
ARMA,static,2025-10-17,1.0,-0.005544942333289748
ARMA,static,2025-10-20,1.0,0.013484778969078404
ARMA,static,2025-10-21,-1.0,0.013405505131580541
ARMA,static,2025-10-22,-1.0,-0.00628806052911135
ARMA,static,2025-10-23,1.0,0.0241902063933088
ARMA,static,2025-10-24,-1.0,-0.0024629592841849623
ARMA,static,2025-10-27,-1.0,-0.009227433016246955
ARMA,static,2025-10-28,-1.0,-0.0
ARMA,static,2025-10-29,1.0,0.017891612471139885
ARMA,static,2025-10-30,-1.0,0.029512417127505942
ARMA,static,2025-10-31,1.0,-0.002661655362990589
ARMA,static,2025-11-03,1.0,-0.0036521275334946424
ARMA,static,2025-11-04,1.0,-0.02397460168932819
ARMA,static,2025-11-05,-1.0,-0.007711104662075274
ARMA,static,2025-11-06,-1.0,0.003526077843692854
ARMA,static,2025-11-07,1.0,-0.0017164685027621029
ARMA,static,2025-11-10,1.0,0.03017409576933061
ARMA,static,2025-11-11,-1.0,0.0073682785456456795
ARMA,static,2025-11-12,-1.0,-0.00812120211510381
ARMA,static,2025-11-13,1.0,-0.0005929374321625101
ARMA,static,2025-11-14,1.0,-0.007469308324166035
ARMA,static,2025-11-17,-1.0,0.009602948543042644
ARMA,static,2025-11-18,1.0,-0.007699980926513716
ARMA,static,2025-11-19,1.0,0.009168725594225657
ARMA,static,2025-11-20,-1.0,0.00948451717903973
ARMA,static,2025-11-21,-1.0,-0.009880081628140136
ARMA,static,2025-11-24,1.0,-0.00948425777634423
ARMA,static,2025-11-25,1.0,0.007557417460658522
ARMA,static,2025-11-26,-1.0,-0.021202104874421333
ARMA,static,2025-11-28,-1.0,-0.016068416293379982
ARMA,static,2025-12-01,-1.0,-0.0064602674334068855
ARMA,static,2025-12-02,1.0,-0.011313257188007375
ARMA,static,2025-12-03,1.0,0.028482914011963567
ARMA,static,2025-12-04,-1.0,0.002908514678328511
ARMA,static,2025-12-05,-1.0,-0.0171028775137243
ARMA,static,2025-12-08,1.0,-0.0034515651812122793
ARMA,static,2025-12-09,1.0,-0.023114935487208554
ARMA,static,2025-12-10,1.0,0.00667872294446159
ARMA,static,2025-12-11,-1.0,-0.028917700732813433
ARMA,static,2025-12-12,-1.0,0.02644183711376369
ARMA,static,2025-12-15,1.0,0.010209733380034813
ARMA,static,2025-12-16,1.0,-0.009646875222742657
ARMA,static,2025-12-17,-1.0,-0.014669441341139698
ARMA,static,2025-12-18,-1.0,-0.0005592957017088729
ARMA,static,2025-12-19,1.0,0.013402898643957361
ARMA,static,2025-12-22,1.0,-0.0003676542135855332
ARMA,static,2025-12-23,-1.0,-0.0072804289017600835
ARMA,static,2025-12-24,-1.0,-0.004108845660450777
ARMA,static,2025-12-26,1.0,0.04854058965293271
ARMA,static,2025-12-29,-1.0,0.04766265899085496
ARMA,static,2025-12-30,1.0,0.04296546575148905
ARMA,static,2025-12-31,-1.0,0.016823107474725353
ARMA,static,2026-01-02,1.0,0.0015761548563788309
ARMA,static,2026-01-05,1.0,0.05044328524915209
ARMA,static,2026-01-06,-1.0,-0.01471598714386826
ARMA,static,2026-01-07,-1.0,0.03352465526985782
ARMA,static,2026-01-08,1.0,-0.010959166781860619
ARMA,static,2026-01-09,1.0,0.018968103315796014
ARMA,static,2026-01-12,-1.0,-0.02231594353492563
ARMA,static,2026-01-13,-1.0,0.002506322972117614
ARMA,static,2026-01-14,1.0,0.006332669296965388
ARMA,static,2026-01-15,-1.0,0.009951418219607966
ARMA,static,2026-01-16,1.0,-0.027015757111271042
ARMA,static,2026-01-20,1.0,-0.002677735011488269
ARMA,static,2026-01-21,1.0,-0.0075350681407182485
ARMA,static,2026-01-22,1.0,0.0022689609668471444
ARMA,static,2026-01-23,1.0,0.02934261238680569
ARMA,static,2026-01-26,-1.0,-0.012549929595729004
ARMA,static,2026-01-27,-1.0,0.02598603052044579
ARMA,static,2026-01-28,1.0,0.010780549362894498
ARMA,static,2026-01-29,-1.0,-0.04822715248787215
ARMA,static,2026-01-30,-1.0,0.04509757653524116
ARMA,static,2026-02-02,1.0,-0.01639467441530442
ARMA,static,2026-02-03,1.0,0.04498839324983006
ARMA,static,2026-02-04,-1.0,0.038810274041559324
ARMA,static,2026-02-05,1.0,-0.004834470692767567
ARMA,static,2026-02-06,1.0,0.011122664986156217
ARMA,static,2026-02-09,-1.0,-0.01409955687934874
ARMA,static,2026-02-10,-1.0,0.008242264390114884
ARMA,static,2026-02-11,1.0,0.00878914079377544
ARMA,static,2026-02-12,-1.0,0.02972099123137404
ARMA,static,2026-02-13,1.0,0.003525543401023046
ARMA,static,2026-02-17,1.0,-0.02753562737075732
ARMA,static,2026-02-18,1.0,0.028492819550103743
ARMA,static,2026-02-19,-1.0,0.01076054683802683
ARMA,static,2026-02-20,1.0,0.01742649769932323
ARMA,static,2026-02-23,-1.0,0.009746851177818905
ARMA,static,2026-02-24,1.0,0.02578304200809154
ARMA,static,2026-02-25,-1.0,-0.009739078065965212
ARMA,static,2026-02-26,-1.0,0.005435202138450612
ARMA,static,2026-02-27,1.0,0.009268721254565192
ARMA,static,2026-03-02,-1.0,0.018119616141515783
ARMA,static,2026-03-03,1.0,-0.020727579543915707
ARMA,static,2026-03-04,1.0,0.014116229997471974
ARMA,static,2026-03-05,-1.0,0.0172210480237319
ARMA,static,2026-03-06,-1.0,-0.000695321931401871
ARMA,static,2026-03-09,1.0,0.007356009523159492
ARMA,static,2026-03-10,1.0,0.01784327055792545
ARMA,static,2026-03-11,-1.0,0.00970850525195297
ARMA,static,2026-03-12,1.0,-0.0037924913993112814
ARMA,static,2026-03-13,1.0,-0.018885763916121068
ARMA,static,2026-03-16,1.0,0.013299538766748498
ARMA,static,2026-03-17,-1.0,0.010852608218068526
ARMA,static,2026-03-18,-1.0,0.030123134983010336
ARMA,static,2026-03-19,1.0,-0.021986066842027772
ARMA,static,2026-03-20,1.0,-0.01665744091076682
ARMA,static,2026-03-23,-1.0,-0.018356226752237047
ARMA,static,2026-03-24,-1.0,0.003125236139374765
ARMA,static,2026-03-25,1.0,0.019440326291151534
ARMA,static,2026-03-26,1.0,-0.014921321003698806
ARMA,static,2026-03-27,-1.0,-0.003963918803992628
ARMA,static,2026-03-30,-1.0,-0.0016462089832387508
ARMA,static,2026-03-31,1.0,0.020161626484978636
ARMA,static,2026-04-01,1.0,0.00653243427093253
ARMA,static,2026-04-02,-1.0,0.010646349486870132
ARMA,static,2026-04-06,1.0,0.0034850090820204072
ARMA,static,2026-04-07,1.0,-0.006984872386811114
ARMA,static,2026-04-08,1.0,0.03877719496245979
ARMA,static,2026-04-09,-1.0,0.0017966805609978876
ARMA,static,2026-04-10,1.0,0.021111750120080354
ARMA,static,2026-04-13,1.0,0.017971168186445396
ARMA,static,2026-04-14,-1.0,-0.016013264307907858
ARMA,static,2026-04-15,-1.0,-0.00024711798454157835
ARMA,static,2026-04-16,1.0,-0.0011057707112199998
ARMA,static,2026-04-17,1.0,0.006099019420354956
ARMA,static,2026-04-20,-1.0,0.010859247262121818
ARMA,static,2026-04-21,-1.0,0.00571564720337292
ARMA,static,2026-04-22,1.0,0.019545022627418286
ARMA,static,2026-04-23,-1.0,0.007071221396587535
ARMA,static,2026-04-24,-1.0,0.008558973858681207
ARMA,static,2026-04-27,1.0,-0.0011130638024508198
ARMA,static,2026-04-28,1.0,-0.017198386043329905
ARMA,static,2026-04-29,1.0,-0.006086778312694108
ARMA,static,2026-04-30,1.0,0.007880315324946907
Decision Tree,static,2025-07-02,1.0,0.019907985700174703
Decision Tree,static,2025-07-03,1.0,-0.010099056920037652
Decision Tree,static,2025-07-04,1.0,-0.01540126917078044
Decision Tree,static,2025-07-07,1.0,-0.00677491698700472
Decision Tree,static,2025-07-08,1.0,0.13251079520310127
Decision Tree,static,2025-07-09,1.0,-0.03569529488851686
Decision Tree,static,2025-07-10,1.0,0.019197173893448216
Decision Tree,static,2025-07-11,1.0,0.0025234209302467114
Decision Tree,static,2025-07-14,1.0,-0.008450185732452153
Decision Tree,static,2025-07-15,1.0,0.005621058581975369
Decision Tree,static,2025-07-16,1.0,-0.008925349535135352
Decision Tree,static,2025-07-17,1.0,-0.0019102982251403278
Decision Tree,static,2025-07-18,1.0,0.016769961102048425
Decision Tree,static,2025-07-21,1.0,0.005826423411900539
Decision Tree,static,2025-07-22,1.0,0.015417551024466958
Decision Tree,static,2025-07-23,1.0,0.017202044783521275
Decision Tree,static,2025-07-24,1.0,-0.0031061476528090326
Decision Tree,static,2025-07-25,1.0,-0.0023368074955468776
Decision Tree,static,2025-07-28,1.0,-0.0292357798535543
Decision Tree,static,2025-07-29,1.0,0.0015192313674488034
Decision Tree,static,2025-07-30,1.0,-0.005978356094184956
Decision Tree,static,2025-07-31,1.0,-0.22253141967258838
Decision Tree,static,2025-08-01,1.0,0.018935406157227774
Decision Tree,static,2025-08-04,1.0,0.0005665852180154474
Decision Tree,static,2025-08-05,1.0,-0.011551555763595012
Decision Tree,static,2025-08-06,1.0,0.006186973276029795
Decision Tree,static,2025-08-07,1.0,-0.0028466886475828623
Decision Tree,static,2025-08-08,1.0,0.017585963551933093
Decision Tree,static,2025-08-11,1.0,-0.007182148792667209
Decision Tree,static,2025-08-12,1.0,0.019215561653475266
Decision Tree,static,2025-08-13,1.0,-0.005877836194779329
Decision Tree,static,2025-08-14,1.0,-0.0039044900039202357
Decision Tree,static,2025-08-15,1.0,0.0030239027378216043
Decision Tree,static,2025-08-18,1.0,-0.0046896794361693805
Decision Tree,static,2025-08-19,1.0,-0.010769544814671184
Decision Tree,static,2025-08-20,1.0,0.0038557946639010687
Decision Tree,static,2025-08-21,1.0,0.0012426207943443401
Decision Tree,static,2025-08-22,1.0,0.0036105767787457665
Decision Tree,static,2025-08-25,1.0,0.00427196753025938
Decision Tree,static,2025-08-26,1.0,-0.0035821772536123175
Decision Tree,static,2025-08-27,1.0,-0.008088928174427634
Decision Tree,static,2025-08-28,1.0,0.011099735814189549
Decision Tree,static,2025-08-29,1.0,0.012122130179588164
Decision Tree,static,2025-09-02,1.0,0.011286958046876627
Decision Tree,static,2025-09-03,1.0,-0.002407299808743324
Decision Tree,static,2025-09-04,1.0,-0.015465591728420436
Decision Tree,static,2025-09-05,1.0,-0.0012254545199552602
Decision Tree,static,2025-09-08,1.0,0.0017846953412186117
Decision Tree,static,2025-09-09,1.0,0.002338259500294093
Decision Tree,static,2025-09-10,1.0,0.010886528327740175
Decision Tree,static,2025-09-11,1.0,0.008901029779579961
Decision Tree,static,2025-09-12,1.0,-0.00043565082119267906
Decision Tree,static,2025-09-15,1.0,0.014601702501418012
Decision Tree,static,2025-09-16,1.0,-0.004833001495090139
Decision Tree,static,2025-09-17,1.0,-0.01338221437499898
Decision Tree,static,2025-09-18,1.0,-0.00656316104952992
Decision Tree,static,2025-09-19,1.0,0.0061660159902687806
Decision Tree,static,2025-09-22,1.0,0.0008755060459384456
Decision Tree,static,2025-09-23,1.0,0.0025147347167067124
Decision Tree,static,2025-09-24,1.0,0.036645267153111005
Decision Tree,static,2025-09-25,1.0,-0.011046869505147883
Decision Tree,static,2025-09-26,1.0,0.003297887083739015
Decision Tree,static,2025-09-29,1.0,0.026614400472438238
Decision Tree,static,2025-09-30,1.0,-0.00743653195089633
Decision Tree,static,2025-10-01,1.0,0.005307034018189327
Decision Tree,static,2025-10-02,1.0,0.013973633339134484
Decision Tree,static,2025-10-03,1.0,0.032666462224428816
Decision Tree,static,2025-10-06,1.0,-0.014037188206906581
Decision Tree,static,2025-10-07,1.0,0.012231776707494424
Decision Tree,static,2025-10-08,1.0,-0.000396167808522252
Decision Tree,static,2025-10-09,1.0,0.005846216331171883
Decision Tree,static,2025-10-10,1.0,-0.044724704166958285
Decision Tree,static,2025-10-13,1.0,0.05197490844106545
Decision Tree,static,2025-10-14,1.0,-0.023527082255880516
Decision Tree,static,2025-10-15,1.0,-0.0017066757965109591
Decision Tree,static,2025-10-16,1.0,-0.002815755957587207
Decision Tree,static,2025-10-17,1.0,-0.005344942333289748
Decision Tree,static,2025-10-20,1.0,0.013484778969078404
Decision Tree,static,2025-10-21,1.0,-0.013605505131580542
Decision Tree,static,2025-10-22,1.0,0.00628806052911135
Decision Tree,static,2025-10-23,1.0,0.0243902063933088
Decision Tree,static,2025-10-24,1.0,0.002262959284184962
Decision Tree,static,2025-10-27,1.0,0.009227433016246955
Decision Tree,static,2025-10-28,1.0,0.0
Decision Tree,static,2025-10-29,1.0,0.018091612471139884
Decision Tree,static,2025-10-30,1.0,-0.02971241712750594
Decision Tree,static,2025-10-31,1.0,-0.002461655362990589
Decision Tree,static,2025-11-03,1.0,-0.0036521275334946424
Decision Tree,static,2025-11-04,1.0,-0.02397460168932819
Decision Tree,static,2025-11-05,1.0,0.007511104662075274
Decision Tree,static,2025-11-06,1.0,-0.003526077843692854
Decision Tree,static,2025-11-07,1.0,-0.0015164685027621028
Decision Tree,static,2025-11-10,1.0,0.03017409576933061
Decision Tree,static,2025-11-11,1.0,-0.007568278545645679
Decision Tree,static,2025-11-12,1.0,0.00812120211510381
Decision Tree,static,2025-11-13,1.0,-0.0003929374321625101
Decision Tree,static,2025-11-14,1.0,-0.007469308324166035
Decision Tree,static,2025-11-17,1.0,-0.009802948543042644
Decision Tree,static,2025-11-18,1.0,-0.007499980926513716
Decision Tree,static,2025-11-19,1.0,0.009168725594225657
Decision Tree,static,2025-11-20,1.0,-0.009684517179039731
Decision Tree,static,2025-11-21,1.0,0.009880081628140136
Decision Tree,static,2025-11-24,1.0,-0.009284257776344229
Decision Tree,static,2025-11-25,1.0,0.007557417460658522
Decision Tree,static,2025-11-26,1.0,0.021002104874421335
Decision Tree,static,2025-11-28,1.0,0.015668416293379984
Decision Tree,static,2025-12-01,1.0,0.0064602674334068855
Decision Tree,static,2025-12-02,1.0,-0.011113257188007375
Decision Tree,static,2025-12-03,1.0,0.028482914011963567
Decision Tree,static,2025-12-04,1.0,-0.003108514678328511
Decision Tree,static,2025-12-05,1.0,0.0171028775137243
Decision Tree,static,2025-12-08,1.0,-0.0032515651812122792
Decision Tree,static,2025-12-09,1.0,-0.023114935487208554
Decision Tree,static,2025-12-10,1.0,0.00667872294446159
Decision Tree,static,2025-12-11,1.0,0.028717700732813434
Decision Tree,static,2025-12-12,1.0,-0.02644183711376369
Decision Tree,static,2025-12-15,1.0,0.010409733380034814
Decision Tree,static,2025-12-16,1.0,-0.009646875222742657
Decision Tree,static,2025-12-17,1.0,0.014469441341139698
Decision Tree,static,2025-12-18,1.0,0.0005592957017088729
Decision Tree,static,2025-12-19,1.0,0.013602898643957362
Decision Tree,static,2025-12-22,1.0,-0.0003676542135855332
Decision Tree,static,2025-12-23,1.0,0.007080428901760084
Decision Tree,static,2025-12-24,1.0,0.004108845660450777
Decision Tree,static,2025-12-26,1.0,0.04874058965293271
Decision Tree,static,2025-12-29,1.0,-0.047862658990854956
Decision Tree,static,2025-12-30,1.0,0.04316546575148905
Decision Tree,static,2025-12-31,1.0,-0.017023107474725352
Decision Tree,static,2026-01-02,-1.0,-0.001976154856378831
Decision Tree,static,2026-01-05,1.0,0.05024328524915209
Decision Tree,static,2026-01-06,1.0,0.014515987143868259
Decision Tree,static,2026-01-07,1.0,-0.03352465526985782
Decision Tree,static,2026-01-08,1.0,-0.010759166781860618
Decision Tree,static,2026-01-09,1.0,0.018968103315796014
Decision Tree,static,2026-01-12,1.0,0.02211594353492563
Decision Tree,static,2026-01-13,1.0,-0.002506322972117614
Decision Tree,static,2026-01-14,1.0,0.006532669296965388
Decision Tree,static,2026-01-15,1.0,-0.010151418219607966
Decision Tree,static,2026-01-16,1.0,-0.026815757111271044
Decision Tree,static,2026-01-20,1.0,-0.002677735011488269
Decision Tree,static,2026-01-21,1.0,-0.0075350681407182485
Decision Tree,static,2026-01-22,1.0,0.0022689609668471444
Decision Tree,static,2026-01-23,1.0,0.02934261238680569
Decision Tree,static,2026-01-26,1.0,0.012349929595729003
Decision Tree,static,2026-01-27,1.0,-0.02598603052044579
Decision Tree,static,2026-01-28,-1.0,-0.011180549362894499
Decision Tree,static,2026-01-29,1.0,0.04782715248787215
Decision Tree,static,2026-01-30,1.0,-0.04509757653524116
Decision Tree,static,2026-02-02,-1.0,0.015994674415304423
Decision Tree,static,2026-02-03,1.0,0.04478839324983006
Decision Tree,static,2026-02-04,1.0,-0.03901027404155932
Decision Tree,static,2026-02-05,1.0,-0.004634470692767567
Decision Tree,static,2026-02-06,-1.0,-0.011322664986156217
Decision Tree,static,2026-02-09,1.0,0.01369955687934874
Decision Tree,static,2026-02-10,1.0,-0.008242264390114884
Decision Tree,static,2026-02-11,1.0,0.00898914079377544
Decision Tree,static,2026-02-12,1.0,-0.02992099123137404
Decision Tree,static,2026-02-13,-1.0,-0.003925543401023046
Decision Tree,static,2026-02-17,1.0,-0.02773562737075732
Decision Tree,static,2026-02-18,1.0,0.028492819550103743
Decision Tree,static,2026-02-19,1.0,-0.01096054683802683
Decision Tree,static,2026-02-20,1.0,0.01762649769932323
Decision Tree,static,2026-02-23,1.0,-0.009946851177818905
Decision Tree,static,2026-02-24,1.0,0.02598304200809154
Decision Tree,static,2026-02-25,1.0,0.009539078065965212
Decision Tree,static,2026-02-26,1.0,-0.005435202138450612
Decision Tree,static,2026-02-27,1.0,0.009468721254565193
Decision Tree,static,2026-03-02,1.0,-0.018319616141515782
Decision Tree,static,2026-03-03,-1.0,0.02032757954391571
Decision Tree,static,2026-03-04,1.0,0.013916229997471974
Decision Tree,static,2026-03-05,1.0,-0.0174210480237319
Decision Tree,static,2026-03-06,1.0,0.000695321931401871
Decision Tree,static,2026-03-09,1.0,0.007556009523159491
Decision Tree,static,2026-03-10,1.0,0.01784327055792545
Decision Tree,static,2026-03-11,1.0,-0.00990850525195297
Decision Tree,static,2026-03-12,1.0,-0.0035924913993112813
Decision Tree,static,2026-03-13,1.0,-0.018885763916121068
Decision Tree,static,2026-03-16,1.0,0.013299538766748498
Decision Tree,static,2026-03-17,1.0,-0.011052608218068527
Decision Tree,static,2026-03-18,1.0,-0.030123134983010336
Decision Tree,static,2026-03-19,1.0,-0.021786066842027774
Decision Tree,static,2026-03-20,1.0,-0.01665744091076682
Decision Tree,static,2026-03-23,1.0,0.018156226752237048
Decision Tree,static,2026-03-24,1.0,-0.003125236139374765
Decision Tree,static,2026-03-25,1.0,0.019640326291151533
Decision Tree,static,2026-03-26,1.0,-0.014921321003698806
Decision Tree,static,2026-03-27,1.0,0.003763918803992628
Decision Tree,static,2026-03-30,1.0,0.0016462089832387508
Decision Tree,static,2026-03-31,1.0,0.020361626484978634
Decision Tree,static,2026-04-01,1.0,0.00653243427093253
Decision Tree,static,2026-04-02,1.0,-0.010846349486870133
Decision Tree,static,2026-04-06,1.0,0.0036850090820204073
Decision Tree,static,2026-04-07,1.0,-0.006984872386811114
Decision Tree,static,2026-04-08,1.0,0.03877719496245979
Decision Tree,static,2026-04-09,1.0,-0.0019966805609978877
Decision Tree,static,2026-04-10,1.0,0.021311750120080353
Decision Tree,static,2026-04-13,1.0,0.017971168186445396
Decision Tree,static,2026-04-14,1.0,0.01581326430790786
Decision Tree,static,2026-04-15,1.0,0.00024711798454157835
Decision Tree,static,2026-04-16,1.0,-0.0009057707112199997
Decision Tree,static,2026-04-17,1.0,0.006099019420354956
Decision Tree,static,2026-04-20,1.0,-0.011059247262121819
Decision Tree,static,2026-04-21,1.0,-0.00571564720337292
Decision Tree,static,2026-04-22,1.0,0.019745022627418285
Decision Tree,static,2026-04-23,1.0,-0.007271221396587535
Decision Tree,static,2026-04-24,1.0,-0.008558973858681207
Decision Tree,static,2026-04-27,1.0,-0.0009130638024508198
Decision Tree,static,2026-04-28,1.0,-0.017198386043329905
Decision Tree,static,2026-04-29,1.0,-0.006086778312694108
Decision Tree,static,2026-04-30,1.0,0.007880315324946907
Random Forest,static,2025-07-02,1.0,0.019907985700174703
Random Forest,static,2025-07-03,1.0,-0.010099056920037652
Random Forest,static,2025-07-04,1.0,-0.01540126917078044
Random Forest,static,2025-07-07,1.0,-0.00677491698700472
Random Forest,static,2025-07-08,1.0,0.13251079520310127
Random Forest,static,2025-07-09,-1.0,0.03549529488851686
Random Forest,static,2025-07-10,-1.0,-0.019197173893448216
Random Forest,static,2025-07-11,-1.0,-0.0025234209302467114
Random Forest,static,2025-07-14,-1.0,0.008450185732452153
Random Forest,static,2025-07-15,-1.0,-0.005621058581975369
Random Forest,static,2025-07-16,1.0,-0.009125349535135352
Random Forest,static,2025-07-17,1.0,-0.0019102982251403278
Random Forest,static,2025-07-18,1.0,0.016769961102048425
Random Forest,static,2025-07-21,1.0,0.005826423411900539
Random Forest,static,2025-07-22,-1.0,-0.015617551024466958
Random Forest,static,2025-07-23,-1.0,-0.017202044783521275
Random Forest,static,2025-07-24,-1.0,0.0031061476528090326
Random Forest,static,2025-07-25,-1.0,0.0023368074955468776
Random Forest,static,2025-07-28,1.0,-0.0294357798535543
Random Forest,static,2025-07-29,1.0,0.0015192313674488034
Random Forest,static,2025-07-30,1.0,-0.005978356094184956
Random Forest,static,2025-07-31,1.0,-0.22253141967258838
Random Forest,static,2025-08-01,1.0,0.018935406157227774
Random Forest,static,2025-08-04,1.0,0.0005665852180154474
Random Forest,static,2025-08-05,1.0,-0.011551555763595012
Random Forest,static,2025-08-06,1.0,0.006186973276029795
Random Forest,static,2025-08-07,1.0,-0.0028466886475828623
Random Forest,static,2025-08-08,1.0,0.017585963551933093
Random Forest,static,2025-08-11,1.0,-0.007182148792667209
Random Forest,static,2025-08-12,1.0,0.019215561653475266
Random Forest,static,2025-08-13,1.0,-0.005877836194779329
Random Forest,static,2025-08-14,1.0,-0.0039044900039202357
Random Forest,static,2025-08-15,1.0,0.0030239027378216043
Random Forest,static,2025-08-18,1.0,-0.0046896794361693805
Random Forest,static,2025-08-19,1.0,-0.010769544814671184
Random Forest,static,2025-08-20,1.0,0.0038557946639010687
Random Forest,static,2025-08-21,1.0,0.0012426207943443401
Random Forest,static,2025-08-22,1.0,0.0036105767787457665
Random Forest,static,2025-08-25,1.0,0.00427196753025938
Random Forest,static,2025-08-26,1.0,-0.0035821772536123175
Random Forest,static,2025-08-27,1.0,-0.008088928174427634
Random Forest,static,2025-08-28,1.0,0.011099735814189549
Random Forest,static,2025-08-29,-1.0,-0.012722130179588165
Random Forest,static,2025-09-02,1.0,0.011086958046876627
Random Forest,static,2025-09-03,1.0,-0.002407299808743324
Random Forest,static,2025-09-04,1.0,-0.015465591728420436
Random Forest,static,2025-09-05,1.0,-0.0012254545199552602
Random Forest,static,2025-09-08,1.0,0.0017846953412186117
Random Forest,static,2025-09-09,1.0,0.002338259500294093
Random Forest,static,2025-09-10,1.0,0.010886528327740175
Random Forest,static,2025-09-11,1.0,0.008901029779579961
Random Forest,static,2025-09-12,1.0,-0.00043565082119267906
Random Forest,static,2025-09-15,1.0,0.014601702501418012
Random Forest,static,2025-09-16,1.0,-0.004833001495090139
Random Forest,static,2025-09-17,1.0,-0.01338221437499898
Random Forest,static,2025-09-18,1.0,-0.00656316104952992
Random Forest,static,2025-09-19,1.0,0.0061660159902687806
Random Forest,static,2025-09-22,1.0,0.0008755060459384456
Random Forest,static,2025-09-23,1.0,0.0025147347167067124
Random Forest,static,2025-09-24,1.0,0.036645267153111005
Random Forest,static,2025-09-25,1.0,-0.011046869505147883
Random Forest,static,2025-09-26,1.0,0.003297887083739015
Random Forest,static,2025-09-29,1.0,0.026614400472438238
Random Forest,static,2025-09-30,1.0,-0.00743653195089633
Random Forest,static,2025-10-01,1.0,0.005307034018189327
Random Forest,static,2025-10-02,1.0,0.013973633339134484
Random Forest,static,2025-10-03,1.0,0.032666462224428816
Random Forest,static,2025-10-06,1.0,-0.014037188206906581
Random Forest,static,2025-10-07,1.0,0.012231776707494424
Random Forest,static,2025-10-08,1.0,-0.000396167808522252
Random Forest,static,2025-10-09,1.0,0.005846216331171883
Random Forest,static,2025-10-10,1.0,-0.044724704166958285
Random Forest,static,2025-10-13,1.0,0.05197490844106545
Random Forest,static,2025-10-14,-1.0,0.023327082255880517
Random Forest,static,2025-10-15,-1.0,0.0017066757965109591
Random Forest,static,2025-10-16,1.0,-0.003015755957587207
Random Forest,static,2025-10-17,1.0,-0.005344942333289748
Random Forest,static,2025-10-20,1.0,0.013484778969078404
Random Forest,static,2025-10-21,1.0,-0.013605505131580542
Random Forest,static,2025-10-22,1.0,0.00628806052911135
Random Forest,static,2025-10-23,1.0,0.0243902063933088
Random Forest,static,2025-10-24,1.0,0.002262959284184962
Random Forest,static,2025-10-27,-1.0,-0.009427433016246956
Random Forest,static,2025-10-28,1.0,-0.0002
Random Forest,static,2025-10-29,1.0,0.018091612471139884
Random Forest,static,2025-10-30,1.0,-0.02971241712750594
Random Forest,static,2025-10-31,1.0,-0.002461655362990589
Random Forest,static,2025-11-03,1.0,-0.0036521275334946424
Random Forest,static,2025-11-04,1.0,-0.02397460168932819
Random Forest,static,2025-11-05,1.0,0.007511104662075274
Random Forest,static,2025-11-06,1.0,-0.003526077843692854
Random Forest,static,2025-11-07,1.0,-0.0015164685027621028
Random Forest,static,2025-11-10,1.0,0.03017409576933061
Random Forest,static,2025-11-11,1.0,-0.007568278545645679
Random Forest,static,2025-11-12,1.0,0.00812120211510381
Random Forest,static,2025-11-13,1.0,-0.0003929374321625101
Random Forest,static,2025-11-14,1.0,-0.007469308324166035
Random Forest,static,2025-11-17,1.0,-0.009802948543042644
Random Forest,static,2025-11-18,1.0,-0.007499980926513716
Random Forest,static,2025-11-19,1.0,0.009168725594225657
Random Forest,static,2025-11-20,1.0,-0.009684517179039731
Random Forest,static,2025-11-21,1.0,0.009880081628140136
Random Forest,static,2025-11-24,1.0,-0.009284257776344229
Random Forest,static,2025-11-25,1.0,0.007557417460658522
Random Forest,static,2025-11-26,1.0,0.021002104874421335
Random Forest,static,2025-11-28,1.0,0.015668416293379984
Random Forest,static,2025-12-01,1.0,0.0064602674334068855
Random Forest,static,2025-12-02,1.0,-0.011113257188007375
Random Forest,static,2025-12-03,1.0,0.028482914011963567
Random Forest,static,2025-12-04,1.0,-0.003108514678328511
Random Forest,static,2025-12-05,1.0,0.0171028775137243
Random Forest,static,2025-12-08,1.0,-0.0032515651812122792
Random Forest,static,2025-12-09,1.0,-0.023114935487208554
Random Forest,static,2025-12-10,1.0,0.00667872294446159
Random Forest,static,2025-12-11,1.0,0.028717700732813434
Random Forest,static,2025-12-12,1.0,-0.02644183711376369
Random Forest,static,2025-12-15,-1.0,-0.010609733380034814
Random Forest,static,2025-12-16,1.0,-0.009846875222742657
Random Forest,static,2025-12-17,1.0,0.014469441341139698
Random Forest,static,2025-12-18,1.0,0.0005592957017088729
Random Forest,static,2025-12-19,1.0,0.013602898643957362
Random Forest,static,2025-12-22,1.0,-0.0003676542135855332
Random Forest,static,2025-12-23,1.0,0.007080428901760084
Random Forest,static,2025-12-24,1.0,0.004108845660450777
Random Forest,static,2025-12-26,1.0,0.04874058965293271
Random Forest,static,2025-12-29,-1.0,0.04766265899085496
Random Forest,static,2025-12-30,-1.0,-0.04316546575148905
Random Forest,static,2025-12-31,-1.0,0.017023107474725352
Random Forest,static,2026-01-02,-1.0,-0.001776154856378831
Random Forest,static,2026-01-05,1.0,0.05024328524915209
Random Forest,static,2026-01-06,-1.0,-0.01471598714386826
Random Forest,static,2026-01-07,1.0,-0.033724655269857816
Random Forest,static,2026-01-08,1.0,-0.010759166781860618
Random Forest,static,2026-01-09,1.0,0.018968103315796014
Random Forest,static,2026-01-12,-1.0,-0.02231594353492563
Random Forest,static,2026-01-13,1.0,-0.002706322972117614
Random Forest,static,2026-01-14,1.0,0.006532669296965388
Random Forest,static,2026-01-15,1.0,-0.010151418219607966
Random Forest,static,2026-01-16,1.0,-0.026815757111271044
Random Forest,static,2026-01-20,-1.0,0.002477735011488269
Random Forest,static,2026-01-21,1.0,-0.007735068140718248
Random Forest,static,2026-01-22,-1.0,-0.0024689609668471445
Random Forest,static,2026-01-23,1.0,0.02914261238680569
Random Forest,static,2026-01-26,1.0,0.012349929595729003
Random Forest,static,2026-01-27,-1.0,0.025786030520445792
Random Forest,static,2026-01-28,-1.0,-0.010980549362894498
Random Forest,static,2026-01-29,1.0,0.04782715248787215
Random Forest,static,2026-01-30,-1.0,0.04489757653524116
Random Forest,static,2026-02-02,-1.0,0.016194674415304422
Random Forest,static,2026-02-03,1.0,0.04478839324983006
Random Forest,static,2026-02-04,-1.0,0.038810274041559324
Random Forest,static,2026-02-05,1.0,-0.004834470692767567
Random Forest,static,2026-02-06,-1.0,-0.011322664986156217
Random Forest,static,2026-02-09,-1.0,-0.01389955687934874
Random Forest,static,2026-02-10,1.0,-0.008442264390114885
Random Forest,static,2026-02-11,1.0,0.00898914079377544
Random Forest,static,2026-02-12,-1.0,0.02972099123137404
Random Forest,static,2026-02-13,-1.0,-0.003725543401023046
Random Forest,static,2026-02-17,1.0,-0.02773562737075732
Random Forest,static,2026-02-18,1.0,0.028492819550103743
Random Forest,static,2026-02-19,1.0,-0.01096054683802683
Random Forest,static,2026-02-20,1.0,0.01762649769932323
Random Forest,static,2026-02-23,1.0,-0.009946851177818905
Random Forest,static,2026-02-24,1.0,0.02598304200809154
Random Forest,static,2026-02-25,1.0,0.009539078065965212
Random Forest,static,2026-02-26,1.0,-0.005435202138450612
Random Forest,static,2026-02-27,1.0,0.009468721254565193
Random Forest,static,2026-03-02,-1.0,0.018119616141515783
Random Forest,static,2026-03-03,-1.0,0.02052757954391571
Random Forest,static,2026-03-04,1.0,0.013916229997471974
Random Forest,static,2026-03-05,1.0,-0.0174210480237319
Random Forest,static,2026-03-06,1.0,0.000695321931401871
Random Forest,static,2026-03-09,1.0,0.007556009523159491
Random Forest,static,2026-03-10,1.0,0.01784327055792545
Random Forest,static,2026-03-11,1.0,-0.00990850525195297
Random Forest,static,2026-03-12,1.0,-0.0035924913993112813
Random Forest,static,2026-03-13,1.0,-0.018885763916121068
Random Forest,static,2026-03-16,1.0,0.013299538766748498
Random Forest,static,2026-03-17,1.0,-0.011052608218068527
Random Forest,static,2026-03-18,1.0,-0.030123134983010336
Random Forest,static,2026-03-19,1.0,-0.021786066842027774
Random Forest,static,2026-03-20,1.0,-0.01665744091076682
Random Forest,static,2026-03-23,1.0,0.018156226752237048
Random Forest,static,2026-03-24,1.0,-0.003125236139374765
Random Forest,static,2026-03-25,1.0,0.019640326291151533
Random Forest,static,2026-03-26,1.0,-0.014921321003698806
Random Forest,static,2026-03-27,1.0,0.003763918803992628
Random Forest,static,2026-03-30,1.0,0.0016462089832387508
Random Forest,static,2026-03-31,1.0,0.020361626484978634
Random Forest,static,2026-04-01,1.0,0.00653243427093253
Random Forest,static,2026-04-02,1.0,-0.010846349486870133
Random Forest,static,2026-04-06,1.0,0.0036850090820204073
Random Forest,static,2026-04-07,1.0,-0.006984872386811114
Random Forest,static,2026-04-08,1.0,0.03877719496245979
Random Forest,static,2026-04-09,1.0,-0.0019966805609978877
Random Forest,static,2026-04-10,1.0,0.021311750120080353
Random Forest,static,2026-04-13,1.0,0.017971168186445396
Random Forest,static,2026-04-14,1.0,0.01581326430790786
Random Forest,static,2026-04-15,1.0,0.00024711798454157835
Random Forest,static,2026-04-16,1.0,-0.0009057707112199997
Random Forest,static,2026-04-17,1.0,0.006099019420354956
Random Forest,static,2026-04-20,1.0,-0.011059247262121819
Random Forest,static,2026-04-21,-1.0,0.00551564720337292
Random Forest,static,2026-04-22,-1.0,-0.019745022627418285
Random Forest,static,2026-04-23,-1.0,0.007271221396587535
Random Forest,static,2026-04-24,1.0,-0.008758973858681207
Random Forest,static,2026-04-27,1.0,-0.0009130638024508198
Random Forest,static,2026-04-28,-1.0,0.016998386043329906
Random Forest,static,2026-04-29,1.0,-0.006286778312694107
Random Forest,static,2026-04-30,1.0,0.007880315324946907
Gradient Boosting,static,2025-07-02,-1.0,-0.0201079857001747
Gradient Boosting,static,2025-07-03,1.0,-0.010299056920037653
Gradient Boosting,static,2025-07-04,1.0,-0.01540126917078044
Gradient Boosting,static,2025-07-07,1.0,-0.00677491698700472
Gradient Boosting,static,2025-07-08,1.0,0.13251079520310127
Gradient Boosting,static,2025-07-09,-1.0,0.03549529488851686
Gradient Boosting,static,2025-07-10,-1.0,-0.019197173893448216
Gradient Boosting,static,2025-07-11,-1.0,-0.0025234209302467114
Gradient Boosting,static,2025-07-14,-1.0,0.008450185732452153
Gradient Boosting,static,2025-07-15,1.0,0.005421058581975369
Gradient Boosting,static,2025-07-16,-1.0,0.008725349535135351
Gradient Boosting,static,2025-07-17,1.0,-0.002110298225140328
Gradient Boosting,static,2025-07-18,1.0,0.016769961102048425
Gradient Boosting,static,2025-07-21,1.0,0.005826423411900539
Gradient Boosting,static,2025-07-22,1.0,0.015417551024466958
Gradient Boosting,static,2025-07-23,-1.0,-0.017402044783521274
Gradient Boosting,static,2025-07-24,-1.0,0.0031061476528090326
Gradient Boosting,static,2025-07-25,-1.0,0.0023368074955468776
Gradient Boosting,static,2025-07-28,1.0,-0.0294357798535543
Gradient Boosting,static,2025-07-29,1.0,0.0015192313674488034
Gradient Boosting,static,2025-07-30,1.0,-0.005978356094184956
Gradient Boosting,static,2025-07-31,1.0,-0.22253141967258838
Gradient Boosting,static,2025-08-01,1.0,0.018935406157227774
Gradient Boosting,static,2025-08-04,1.0,0.0005665852180154474
Gradient Boosting,static,2025-08-05,1.0,-0.011551555763595012
Gradient Boosting,static,2025-08-06,1.0,0.006186973276029795
Gradient Boosting,static,2025-08-07,1.0,-0.0028466886475828623
Gradient Boosting,static,2025-08-08,1.0,0.017585963551933093
Gradient Boosting,static,2025-08-11,1.0,-0.007182148792667209
Gradient Boosting,static,2025-08-12,1.0,0.019215561653475266
Gradient Boosting,static,2025-08-13,1.0,-0.005877836194779329
Gradient Boosting,static,2025-08-14,1.0,-0.0039044900039202357
Gradient Boosting,static,2025-08-15,1.0,0.0030239027378216043
Gradient Boosting,static,2025-08-18,1.0,-0.0046896794361693805
Gradient Boosting,static,2025-08-19,1.0,-0.010769544814671184
Gradient Boosting,static,2025-08-20,1.0,0.0038557946639010687
Gradient Boosting,static,2025-08-21,1.0,0.0012426207943443401
Gradient Boosting,static,2025-08-22,1.0,0.0036105767787457665
Gradient Boosting,static,2025-08-25,1.0,0.00427196753025938
Gradient Boosting,static,2025-08-26,1.0,-0.0035821772536123175
Gradient Boosting,static,2025-08-27,1.0,-0.008088928174427634
Gradient Boosting,static,2025-08-28,1.0,0.011099735814189549
Gradient Boosting,static,2025-08-29,1.0,0.012122130179588164
Gradient Boosting,static,2025-09-02,1.0,0.011286958046876627
Gradient Boosting,static,2025-09-03,-1.0,0.002207299808743324
Gradient Boosting,static,2025-09-04,-1.0,0.015465591728420436
Gradient Boosting,static,2025-09-05,1.0,-0.0014254545199552603
Gradient Boosting,static,2025-09-08,1.0,0.0017846953412186117
Gradient Boosting,static,2025-09-09,-1.0,-0.0025382595002940932
Gradient Boosting,static,2025-09-10,-1.0,-0.010886528327740175
Gradient Boosting,static,2025-09-11,1.0,0.00870102977957996
Gradient Boosting,static,2025-09-12,1.0,-0.00043565082119267906
Gradient Boosting,static,2025-09-15,1.0,0.014601702501418012
Gradient Boosting,static,2025-09-16,-1.0,0.004633001495090139
Gradient Boosting,static,2025-09-17,1.0,-0.01358221437499898
Gradient Boosting,static,2025-09-18,1.0,-0.00656316104952992
Gradient Boosting,static,2025-09-19,1.0,0.0061660159902687806
Gradient Boosting,static,2025-09-22,-1.0,-0.0010755060459384457
Gradient Boosting,static,2025-09-23,1.0,0.0023147347167067124
Gradient Boosting,static,2025-09-24,-1.0,-0.036845267153111004
Gradient Boosting,static,2025-09-25,-1.0,0.011046869505147883
Gradient Boosting,static,2025-09-26,1.0,0.003097887083739015
Gradient Boosting,static,2025-09-29,1.0,0.026614400472438238
Gradient Boosting,static,2025-09-30,1.0,-0.00743653195089633
Gradient Boosting,static,2025-10-01,1.0,0.005307034018189327
Gradient Boosting,static,2025-10-02,1.0,0.013973633339134484
Gradient Boosting,static,2025-10-03,-1.0,-0.032866462224428815
Gradient Boosting,static,2025-10-06,-1.0,0.014037188206906581
Gradient Boosting,static,2025-10-07,1.0,0.012031776707494423
Gradient Boosting,static,2025-10-08,1.0,-0.000396167808522252
Gradient Boosting,static,2025-10-09,1.0,0.005846216331171883
Gradient Boosting,static,2025-10-10,1.0,-0.044724704166958285
Gradient Boosting,static,2025-10-13,1.0,0.05197490844106545
Gradient Boosting,static,2025-10-14,-1.0,0.023327082255880517
Gradient Boosting,static,2025-10-15,-1.0,0.0017066757965109591
Gradient Boosting,static,2025-10-16,-1.0,0.002815755957587207
Gradient Boosting,static,2025-10-17,1.0,-0.005544942333289748
Gradient Boosting,static,2025-10-20,1.0,0.013484778969078404
Gradient Boosting,static,2025-10-21,1.0,-0.013605505131580542
Gradient Boosting,static,2025-10-22,1.0,0.00628806052911135
Gradient Boosting,static,2025-10-23,1.0,0.0243902063933088
Gradient Boosting,static,2025-10-24,-1.0,-0.0024629592841849623
Gradient Boosting,static,2025-10-27,-1.0,-0.009227433016246955
Gradient Boosting,static,2025-10-28,1.0,-0.0002
Gradient Boosting,static,2025-10-29,-1.0,-0.018291612471139883
Gradient Boosting,static,2025-10-30,1.0,-0.02991241712750594
Gradient Boosting,static,2025-10-31,1.0,-0.002461655362990589
Gradient Boosting,static,2025-11-03,1.0,-0.0036521275334946424
Gradient Boosting,static,2025-11-04,1.0,-0.02397460168932819
Gradient Boosting,static,2025-11-05,1.0,0.007511104662075274
Gradient Boosting,static,2025-11-06,1.0,-0.003526077843692854
Gradient Boosting,static,2025-11-07,1.0,-0.0015164685027621028
Gradient Boosting,static,2025-11-10,-1.0,-0.03037409576933061
Gradient Boosting,static,2025-11-11,1.0,-0.007768278545645679
Gradient Boosting,static,2025-11-12,1.0,0.00812120211510381
Gradient Boosting,static,2025-11-13,1.0,-0.0003929374321625101
Gradient Boosting,static,2025-11-14,1.0,-0.007469308324166035
Gradient Boosting,static,2025-11-17,1.0,-0.009802948543042644
Gradient Boosting,static,2025-11-18,1.0,-0.007499980926513716
Gradient Boosting,static,2025-11-19,1.0,0.009168725594225657
Gradient Boosting,static,2025-11-20,-1.0,0.00948451717903973
Gradient Boosting,static,2025-11-21,1.0,0.009680081628140135
Gradient Boosting,static,2025-11-24,1.0,-0.009284257776344229
Gradient Boosting,static,2025-11-25,1.0,0.007557417460658522
Gradient Boosting,static,2025-11-26,-1.0,-0.021202104874421333
Gradient Boosting,static,2025-11-28,1.0,0.015468416293379984
Gradient Boosting,static,2025-12-01,-1.0,-0.006660267433406885
Gradient Boosting,static,2025-12-02,1.0,-0.011313257188007375
Gradient Boosting,static,2025-12-03,1.0,0.028482914011963567
Gradient Boosting,static,2025-12-04,1.0,-0.003108514678328511
Gradient Boosting,static,2025-12-05,1.0,0.0171028775137243
Gradient Boosting,static,2025-12-08,1.0,-0.0032515651812122792
Gradient Boosting,static,2025-12-09,1.0,-0.023114935487208554
Gradient Boosting,static,2025-12-10,1.0,0.00667872294446159
Gradient Boosting,static,2025-12-11,1.0,0.028717700732813434
Gradient Boosting,static,2025-12-12,-1.0,0.02624183711376369
Gradient Boosting,static,2025-12-15,-1.0,-0.010409733380034814
Gradient Boosting,static,2025-12-16,1.0,-0.009846875222742657
Gradient Boosting,static,2025-12-17,1.0,0.014469441341139698
Gradient Boosting,static,2025-12-18,1.0,0.0005592957017088729
Gradient Boosting,static,2025-12-19,1.0,0.013602898643957362
Gradient Boosting,static,2025-12-22,1.0,-0.0003676542135855332
Gradient Boosting,static,2025-12-23,1.0,0.007080428901760084
Gradient Boosting,static,2025-12-24,1.0,0.004108845660450777
Gradient Boosting,static,2025-12-26,1.0,0.04874058965293271
Gradient Boosting,static,2025-12-29,-1.0,0.04766265899085496
Gradient Boosting,static,2025-12-30,-1.0,-0.04316546575148905
Gradient Boosting,static,2025-12-31,-1.0,0.017023107474725352
Gradient Boosting,static,2026-01-02,-1.0,-0.001776154856378831
Gradient Boosting,static,2026-01-05,1.0,0.05024328524915209
Gradient Boosting,static,2026-01-06,-1.0,-0.01471598714386826
Gradient Boosting,static,2026-01-07,1.0,-0.033724655269857816
Gradient Boosting,static,2026-01-08,1.0,-0.010759166781860618
Gradient Boosting,static,2026-01-09,1.0,0.018968103315796014
Gradient Boosting,static,2026-01-12,-1.0,-0.02231594353492563
Gradient Boosting,static,2026-01-13,-1.0,0.002506322972117614
Gradient Boosting,static,2026-01-14,1.0,0.006332669296965388
Gradient Boosting,static,2026-01-15,-1.0,0.009951418219607966
Gradient Boosting,static,2026-01-16,1.0,-0.027015757111271042
Gradient Boosting,static,2026-01-20,-1.0,0.002477735011488269
Gradient Boosting,static,2026-01-21,1.0,-0.007735068140718248
Gradient Boosting,static,2026-01-22,1.0,0.0022689609668471444
Gradient Boosting,static,2026-01-23,1.0,0.02934261238680569
Gradient Boosting,static,2026-01-26,-1.0,-0.012549929595729004
Gradient Boosting,static,2026-01-27,-1.0,0.02598603052044579
Gradient Boosting,static,2026-01-28,-1.0,-0.010980549362894498
Gradient Boosting,static,2026-01-29,1.0,0.04782715248787215
Gradient Boosting,static,2026-01-30,-1.0,0.04489757653524116
Gradient Boosting,static,2026-02-02,1.0,-0.01639467441530442
Gradient Boosting,static,2026-02-03,-1.0,-0.04518839324983006
Gradient Boosting,static,2026-02-04,-1.0,0.03901027404155932
Gradient Boosting,static,2026-02-05,1.0,-0.004834470692767567
Gradient Boosting,static,2026-02-06,-1.0,-0.011322664986156217
Gradient Boosting,static,2026-02-09,1.0,0.01369955687934874
Gradient Boosting,static,2026-02-10,-1.0,0.008042264390114883
Gradient Boosting,static,2026-02-11,1.0,0.00878914079377544
Gradient Boosting,static,2026-02-12,1.0,-0.02992099123137404
Gradient Boosting,static,2026-02-13,1.0,0.003725543401023046
Gradient Boosting,static,2026-02-17,1.0,-0.02753562737075732
Gradient Boosting,static,2026-02-18,-1.0,-0.02869281955010374
Gradient Boosting,static,2026-02-19,1.0,-0.01116054683802683
Gradient Boosting,static,2026-02-20,1.0,0.01762649769932323
Gradient Boosting,static,2026-02-23,1.0,-0.009946851177818905
Gradient Boosting,static,2026-02-24,1.0,0.02598304200809154
Gradient Boosting,static,2026-02-25,1.0,0.009539078065965212
Gradient Boosting,static,2026-02-26,1.0,-0.005435202138450612
Gradient Boosting,static,2026-02-27,1.0,0.009468721254565193
Gradient Boosting,static,2026-03-02,-1.0,0.018119616141515783
Gradient Boosting,static,2026-03-03,-1.0,0.02052757954391571
Gradient Boosting,static,2026-03-04,1.0,0.013916229997471974
Gradient Boosting,static,2026-03-05,1.0,-0.0174210480237319
Gradient Boosting,static,2026-03-06,1.0,0.000695321931401871
Gradient Boosting,static,2026-03-09,1.0,0.007556009523159491
Gradient Boosting,static,2026-03-10,1.0,0.01784327055792545
Gradient Boosting,static,2026-03-11,-1.0,0.00970850525195297
Gradient Boosting,static,2026-03-12,1.0,-0.0037924913993112814
Gradient Boosting,static,2026-03-13,-1.0,0.01868576391612107
Gradient Boosting,static,2026-03-16,1.0,0.013099538766748497
Gradient Boosting,static,2026-03-17,-1.0,0.010852608218068526
Gradient Boosting,static,2026-03-18,-1.0,0.030123134983010336
Gradient Boosting,static,2026-03-19,1.0,-0.021986066842027772
Gradient Boosting,static,2026-03-20,1.0,-0.01665744091076682
Gradient Boosting,static,2026-03-23,1.0,0.018156226752237048
Gradient Boosting,static,2026-03-24,-1.0,0.002925236139374765
Gradient Boosting,static,2026-03-25,-1.0,-0.019640326291151533
Gradient Boosting,static,2026-03-26,-1.0,0.014921321003698806
Gradient Boosting,static,2026-03-27,1.0,0.003563918803992628
Gradient Boosting,static,2026-03-30,-1.0,-0.0018462089832387508
Gradient Boosting,static,2026-03-31,-1.0,-0.020361626484978634
Gradient Boosting,static,2026-04-01,-1.0,-0.00653243427093253
Gradient Boosting,static,2026-04-02,1.0,-0.011046349486870133
Gradient Boosting,static,2026-04-06,-1.0,-0.0038850090820204074
Gradient Boosting,static,2026-04-07,-1.0,0.006984872386811114
Gradient Boosting,static,2026-04-08,1.0,0.038577194962459795
Gradient Boosting,static,2026-04-09,-1.0,0.0017966805609978876
Gradient Boosting,static,2026-04-10,-1.0,-0.021311750120080353
Gradient Boosting,static,2026-04-13,1.0,0.017771168186445398
Gradient Boosting,static,2026-04-14,-1.0,-0.016013264307907858
Gradient Boosting,static,2026-04-15,-1.0,-0.00024711798454157835
Gradient Boosting,static,2026-04-16,1.0,-0.0011057707112199998
Gradient Boosting,static,2026-04-17,-1.0,-0.006299019420354956
Gradient Boosting,static,2026-04-20,-1.0,0.011059247262121819
Gradient Boosting,static,2026-04-21,-1.0,0.00571564720337292
Gradient Boosting,static,2026-04-22,-1.0,-0.019745022627418285
Gradient Boosting,static,2026-04-23,1.0,-0.007471221396587535
Gradient Boosting,static,2026-04-24,-1.0,0.008358973858681206
Gradient Boosting,static,2026-04-27,1.0,-0.0011130638024508198
Gradient Boosting,static,2026-04-28,-1.0,0.016998386043329906
Gradient Boosting,static,2026-04-29,1.0,-0.006286778312694107
Gradient Boosting,static,2026-04-30,1.0,0.007880315324946907
XGBoost,static,2025-07-02,-1.0,-0.0201079857001747
XGBoost,static,2025-07-03,1.0,-0.010299056920037653
XGBoost,static,2025-07-04,1.0,-0.01540126917078044
XGBoost,static,2025-07-07,-1.0,0.00657491698700472
XGBoost,static,2025-07-08,1.0,0.13231079520310127
XGBoost,static,2025-07-09,-1.0,0.03549529488851686
XGBoost,static,2025-07-10,-1.0,-0.019197173893448216
XGBoost,static,2025-07-11,-1.0,-0.0025234209302467114
XGBoost,static,2025-07-14,-1.0,0.008450185732452153
XGBoost,static,2025-07-15,-1.0,-0.005621058581975369
XGBoost,static,2025-07-16,1.0,-0.009125349535135352
XGBoost,static,2025-07-17,1.0,-0.0019102982251403278
XGBoost,static,2025-07-18,1.0,0.016769961102048425
XGBoost,static,2025-07-21,1.0,0.005826423411900539
XGBoost,static,2025-07-22,1.0,0.015417551024466958
XGBoost,static,2025-07-23,1.0,0.017202044783521275
XGBoost,static,2025-07-24,1.0,-0.0031061476528090326
XGBoost,static,2025-07-25,-1.0,0.0021368074955468775
XGBoost,static,2025-07-28,-1.0,0.0292357798535543
XGBoost,static,2025-07-29,-1.0,-0.0015192313674488034
XGBoost,static,2025-07-30,1.0,-0.006178356094184955
XGBoost,static,2025-07-31,1.0,-0.22253141967258838
XGBoost,static,2025-08-01,1.0,0.018935406157227774
XGBoost,static,2025-08-04,1.0,0.0005665852180154474
XGBoost,static,2025-08-05,1.0,-0.011551555763595012
XGBoost,static,2025-08-06,1.0,0.006186973276029795
XGBoost,static,2025-08-07,1.0,-0.0028466886475828623
XGBoost,static,2025-08-08,1.0,0.017585963551933093
XGBoost,static,2025-08-11,1.0,-0.007182148792667209
XGBoost,static,2025-08-12,1.0,0.019215561653475266
XGBoost,static,2025-08-13,1.0,-0.005877836194779329
XGBoost,static,2025-08-14,1.0,-0.0039044900039202357
XGBoost,static,2025-08-15,1.0,0.0030239027378216043
XGBoost,static,2025-08-18,1.0,-0.0046896794361693805
XGBoost,static,2025-08-19,1.0,-0.010769544814671184
XGBoost,static,2025-08-20,1.0,0.0038557946639010687
XGBoost,static,2025-08-21,1.0,0.0012426207943443401
XGBoost,static,2025-08-22,1.0,0.0036105767787457665
XGBoost,static,2025-08-25,1.0,0.00427196753025938
XGBoost,static,2025-08-26,1.0,-0.0035821772536123175
XGBoost,static,2025-08-27,1.0,-0.008088928174427634
XGBoost,static,2025-08-28,1.0,0.011099735814189549
XGBoost,static,2025-08-29,1.0,0.012122130179588164
XGBoost,static,2025-09-02,1.0,0.011286958046876627
XGBoost,static,2025-09-03,-1.0,0.002207299808743324
XGBoost,static,2025-09-04,-1.0,0.015465591728420436
XGBoost,static,2025-09-05,1.0,-0.0014254545199552603
XGBoost,static,2025-09-08,-1.0,-0.001984695341218612
XGBoost,static,2025-09-09,-1.0,-0.002338259500294093
XGBoost,static,2025-09-10,-1.0,-0.010886528327740175
XGBoost,static,2025-09-11,-1.0,-0.008901029779579961
XGBoost,static,2025-09-12,1.0,-0.000635650821192679
XGBoost,static,2025-09-15,1.0,0.014601702501418012
XGBoost,static,2025-09-16,-1.0,0.004633001495090139
XGBoost,static,2025-09-17,-1.0,0.01338221437499898
XGBoost,static,2025-09-18,1.0,-0.006763161049529919
XGBoost,static,2025-09-19,1.0,0.0061660159902687806
XGBoost,static,2025-09-22,-1.0,-0.0010755060459384457
XGBoost,static,2025-09-23,1.0,0.0023147347167067124
XGBoost,static,2025-09-24,-1.0,-0.036845267153111004
XGBoost,static,2025-09-25,-1.0,0.011046869505147883
XGBoost,static,2025-09-26,1.0,0.003097887083739015
XGBoost,static,2025-09-29,1.0,0.026614400472438238
XGBoost,static,2025-09-30,-1.0,0.0072365319508963305
XGBoost,static,2025-10-01,-1.0,-0.005307034018189327
XGBoost,static,2025-10-02,1.0,0.013773633339134483
XGBoost,static,2025-10-03,-1.0,-0.032866462224428815
XGBoost,static,2025-10-06,-1.0,0.014037188206906581
XGBoost,static,2025-10-07,-1.0,-0.012231776707494424
XGBoost,static,2025-10-08,1.0,-0.000596167808522252
XGBoost,static,2025-10-09,1.0,0.005846216331171883
XGBoost,static,2025-10-10,1.0,-0.044724704166958285
XGBoost,static,2025-10-13,1.0,0.05197490844106545
XGBoost,static,2025-10-14,-1.0,0.023327082255880517
XGBoost,static,2025-10-15,1.0,-0.0019066757965109592
XGBoost,static,2025-10-16,1.0,-0.002815755957587207
XGBoost,static,2025-10-17,1.0,-0.005344942333289748
XGBoost,static,2025-10-20,1.0,0.013484778969078404
XGBoost,static,2025-10-21,1.0,-0.013605505131580542
XGBoost,static,2025-10-22,1.0,0.00628806052911135
XGBoost,static,2025-10-23,1.0,0.0243902063933088
XGBoost,static,2025-10-24,1.0,0.002262959284184962
XGBoost,static,2025-10-27,-1.0,-0.009427433016246956
XGBoost,static,2025-10-28,1.0,-0.0002
XGBoost,static,2025-10-29,-1.0,-0.018291612471139883
XGBoost,static,2025-10-30,1.0,-0.02991241712750594
XGBoost,static,2025-10-31,1.0,-0.002461655362990589
XGBoost,static,2025-11-03,-1.0,0.0034521275334946423
XGBoost,static,2025-11-04,1.0,-0.02417460168932819
XGBoost,static,2025-11-05,1.0,0.007511104662075274
XGBoost,static,2025-11-06,1.0,-0.003526077843692854
XGBoost,static,2025-11-07,1.0,-0.0015164685027621028
XGBoost,static,2025-11-10,1.0,0.03017409576933061
XGBoost,static,2025-11-11,1.0,-0.007568278545645679
XGBoost,static,2025-11-12,1.0,0.00812120211510381
XGBoost,static,2025-11-13,1.0,-0.0003929374321625101
XGBoost,static,2025-11-14,1.0,-0.007469308324166035
XGBoost,static,2025-11-17,1.0,-0.009802948543042644
XGBoost,static,2025-11-18,1.0,-0.007499980926513716
XGBoost,static,2025-11-19,1.0,0.009168725594225657
XGBoost,static,2025-11-20,1.0,-0.009684517179039731
XGBoost,static,2025-11-21,1.0,0.009880081628140136
XGBoost,static,2025-11-24,1.0,-0.009284257776344229
XGBoost,static,2025-11-25,1.0,0.007557417460658522
XGBoost,static,2025-11-26,1.0,0.021002104874421335
XGBoost,static,2025-11-28,1.0,0.015668416293379984
XGBoost,static,2025-12-01,1.0,0.0064602674334068855
XGBoost,static,2025-12-02,1.0,-0.011113257188007375
XGBoost,static,2025-12-03,1.0,0.028482914011963567
XGBoost,static,2025-12-04,1.0,-0.003108514678328511
XGBoost,static,2025-12-05,1.0,0.0171028775137243
XGBoost,static,2025-12-08,1.0,-0.0032515651812122792
XGBoost,static,2025-12-09,1.0,-0.023114935487208554
XGBoost,static,2025-12-10,1.0,0.00667872294446159
XGBoost,static,2025-12-11,1.0,0.028717700732813434
XGBoost,static,2025-12-12,-1.0,0.02624183711376369
XGBoost,static,2025-12-15,-1.0,-0.010409733380034814
XGBoost,static,2025-12-16,1.0,-0.009846875222742657
XGBoost,static,2025-12-17,1.0,0.014469441341139698
XGBoost,static,2025-12-18,1.0,0.0005592957017088729
XGBoost,static,2025-12-19,1.0,0.013602898643957362
XGBoost,static,2025-12-22,1.0,-0.0003676542135855332
XGBoost,static,2025-12-23,1.0,0.007080428901760084
XGBoost,static,2025-12-24,1.0,0.004108845660450777
XGBoost,static,2025-12-26,1.0,0.04874058965293271
XGBoost,static,2025-12-29,-1.0,0.04766265899085496
XGBoost,static,2025-12-30,-1.0,-0.04316546575148905
XGBoost,static,2025-12-31,-1.0,0.017023107474725352
XGBoost,static,2026-01-02,1.0,0.0015761548563788309
XGBoost,static,2026-01-05,1.0,0.05044328524915209
XGBoost,static,2026-01-06,-1.0,-0.01471598714386826
XGBoost,static,2026-01-07,1.0,-0.033724655269857816
XGBoost,static,2026-01-08,1.0,-0.010759166781860618
XGBoost,static,2026-01-09,1.0,0.018968103315796014
XGBoost,static,2026-01-12,-1.0,-0.02231594353492563
XGBoost,static,2026-01-13,1.0,-0.002706322972117614
XGBoost,static,2026-01-14,1.0,0.006532669296965388
XGBoost,static,2026-01-15,-1.0,0.009951418219607966
XGBoost,static,2026-01-16,1.0,-0.027015757111271042
XGBoost,static,2026-01-20,-1.0,0.002477735011488269
XGBoost,static,2026-01-21,1.0,-0.007735068140718248
XGBoost,static,2026-01-22,-1.0,-0.0024689609668471445
XGBoost,static,2026-01-23,1.0,0.02914261238680569
XGBoost,static,2026-01-26,-1.0,-0.012549929595729004
XGBoost,static,2026-01-27,1.0,-0.02618603052044579
XGBoost,static,2026-01-28,-1.0,-0.011180549362894499
XGBoost,static,2026-01-29,1.0,0.04782715248787215
XGBoost,static,2026-01-30,-1.0,0.04489757653524116
XGBoost,static,2026-02-02,1.0,-0.01639467441530442
XGBoost,static,2026-02-03,1.0,0.04498839324983006
XGBoost,static,2026-02-04,-1.0,0.038810274041559324
XGBoost,static,2026-02-05,1.0,-0.004834470692767567
XGBoost,static,2026-02-06,1.0,0.011122664986156217
XGBoost,static,2026-02-09,1.0,0.01389955687934874
XGBoost,static,2026-02-10,-1.0,0.008042264390114883
XGBoost,static,2026-02-11,1.0,0.00878914079377544
XGBoost,static,2026-02-12,1.0,-0.02992099123137404
XGBoost,static,2026-02-13,1.0,0.003725543401023046
XGBoost,static,2026-02-17,1.0,-0.02753562737075732
XGBoost,static,2026-02-18,-1.0,-0.02869281955010374
XGBoost,static,2026-02-19,-1.0,0.01096054683802683
XGBoost,static,2026-02-20,1.0,0.01742649769932323
XGBoost,static,2026-02-23,-1.0,0.009746851177818905
XGBoost,static,2026-02-24,1.0,0.02578304200809154
XGBoost,static,2026-02-25,1.0,0.009539078065965212
XGBoost,static,2026-02-26,1.0,-0.005435202138450612
XGBoost,static,2026-02-27,-1.0,-0.010068721254565195
XGBoost,static,2026-03-02,-1.0,0.018319616141515782
XGBoost,static,2026-03-03,-1.0,0.02052757954391571
XGBoost,static,2026-03-04,1.0,0.013916229997471974
XGBoost,static,2026-03-05,1.0,-0.0174210480237319
XGBoost,static,2026-03-06,1.0,0.000695321931401871
XGBoost,static,2026-03-09,1.0,0.007556009523159491
XGBoost,static,2026-03-10,1.0,0.01784327055792545
XGBoost,static,2026-03-11,-1.0,0.00970850525195297
XGBoost,static,2026-03-12,1.0,-0.0037924913993112814
XGBoost,static,2026-03-13,1.0,-0.018885763916121068
XGBoost,static,2026-03-16,1.0,0.013299538766748498
XGBoost,static,2026-03-17,-1.0,0.010852608218068526
XGBoost,static,2026-03-18,1.0,-0.030323134983010334
XGBoost,static,2026-03-19,1.0,-0.021786066842027774
XGBoost,static,2026-03-20,1.0,-0.01665744091076682
XGBoost,static,2026-03-23,-1.0,-0.018356226752237047
XGBoost,static,2026-03-24,-1.0,0.003125236139374765
XGBoost,static,2026-03-25,-1.0,-0.019640326291151533
XGBoost,static,2026-03-26,1.0,-0.015121321003698807
XGBoost,static,2026-03-27,1.0,0.003763918803992628
XGBoost,static,2026-03-30,1.0,0.0016462089832387508
XGBoost,static,2026-03-31,-1.0,-0.020561626484978633
XGBoost,static,2026-04-01,-1.0,-0.00653243427093253
XGBoost,static,2026-04-02,-1.0,0.010846349486870133
XGBoost,static,2026-04-06,1.0,0.0034850090820204072
XGBoost,static,2026-04-07,-1.0,0.006784872386811114
XGBoost,static,2026-04-08,-1.0,-0.03877719496245979
XGBoost,static,2026-04-09,-1.0,0.0019966805609978877
XGBoost,static,2026-04-10,-1.0,-0.021311750120080353
XGBoost,static,2026-04-13,1.0,0.017771168186445398
XGBoost,static,2026-04-14,-1.0,-0.016013264307907858
XGBoost,static,2026-04-15,-1.0,-0.00024711798454157835
XGBoost,static,2026-04-16,-1.0,0.0009057707112199997
XGBoost,static,2026-04-17,-1.0,-0.006099019420354956
XGBoost,static,2026-04-20,-1.0,0.011059247262121819
XGBoost,static,2026-04-21,-1.0,0.00571564720337292
XGBoost,static,2026-04-22,-1.0,-0.019745022627418285
XGBoost,static,2026-04-23,-1.0,0.007271221396587535
XGBoost,static,2026-04-24,-1.0,0.008558973858681207
XGBoost,static,2026-04-27,1.0,-0.0011130638024508198
XGBoost,static,2026-04-28,-1.0,0.016998386043329906
XGBoost,static,2026-04-29,1.0,-0.006286778312694107
XGBoost,static,2026-04-30,1.0,0.007880315324946907
SVR,static,2025-07-02,-1.0,-0.0201079857001747
SVR,static,2025-07-03,-1.0,0.010099056920037652
SVR,static,2025-07-04,-1.0,0.01540126917078044
SVR,static,2025-07-07,-1.0,0.00677491698700472
SVR,static,2025-07-08,-1.0,-0.13251079520310127
SVR,static,2025-07-09,-1.0,0.03569529488851686
SVR,static,2025-07-10,-1.0,-0.019197173893448216
SVR,static,2025-07-11,-1.0,-0.0025234209302467114
SVR,static,2025-07-14,-1.0,0.008450185732452153
SVR,static,2025-07-15,-1.0,-0.005621058581975369
SVR,static,2025-07-16,-1.0,0.008925349535135352
SVR,static,2025-07-17,-1.0,0.0019102982251403278
SVR,static,2025-07-18,-1.0,-0.016769961102048425
SVR,static,2025-07-21,-1.0,-0.005826423411900539
SVR,static,2025-07-22,-1.0,-0.015417551024466958
SVR,static,2025-07-23,-1.0,-0.017202044783521275
SVR,static,2025-07-24,-1.0,0.0031061476528090326
SVR,static,2025-07-25,-1.0,0.0023368074955468776
SVR,static,2025-07-28,-1.0,0.0292357798535543
SVR,static,2025-07-29,-1.0,-0.0015192313674488034
SVR,static,2025-07-30,-1.0,0.005978356094184956
SVR,static,2025-07-31,1.0,-0.2227314196725884
SVR,static,2025-08-01,1.0,0.018935406157227774
SVR,static,2025-08-04,1.0,0.0005665852180154474
SVR,static,2025-08-05,1.0,-0.011551555763595012
SVR,static,2025-08-06,1.0,0.006186973276029795
SVR,static,2025-08-07,1.0,-0.0028466886475828623
SVR,static,2025-08-08,1.0,0.017585963551933093
SVR,static,2025-08-11,1.0,-0.007182148792667209
SVR,static,2025-08-12,1.0,0.019215561653475266
SVR,static,2025-08-13,1.0,-0.005877836194779329
SVR,static,2025-08-14,1.0,-0.0039044900039202357
SVR,static,2025-08-15,1.0,0.0030239027378216043
SVR,static,2025-08-18,1.0,-0.0046896794361693805
SVR,static,2025-08-19,1.0,-0.010769544814671184
SVR,static,2025-08-20,1.0,0.0038557946639010687
SVR,static,2025-08-21,1.0,0.0012426207943443401
SVR,static,2025-08-22,1.0,0.0036105767787457665
SVR,static,2025-08-25,1.0,0.00427196753025938
SVR,static,2025-08-26,1.0,-0.0035821772536123175
SVR,static,2025-08-27,1.0,-0.008088928174427634
SVR,static,2025-08-28,1.0,0.011099735814189549
SVR,static,2025-08-29,-1.0,-0.012722130179588165
SVR,static,2025-09-02,-1.0,-0.011286958046876627
SVR,static,2025-09-03,-1.0,0.002407299808743324
SVR,static,2025-09-04,-1.0,0.015465591728420436
SVR,static,2025-09-05,-1.0,0.0012254545199552602
SVR,static,2025-09-08,1.0,0.0015846953412186116
SVR,static,2025-09-09,1.0,0.002338259500294093
SVR,static,2025-09-10,-1.0,-0.011086528327740175
SVR,static,2025-09-11,-1.0,-0.008901029779579961
SVR,static,2025-09-12,-1.0,0.00043565082119267906
SVR,static,2025-09-15,-1.0,-0.014601702501418012
SVR,static,2025-09-16,-1.0,0.004833001495090139
SVR,static,2025-09-17,-1.0,0.01338221437499898
SVR,static,2025-09-18,-1.0,0.00656316104952992
SVR,static,2025-09-19,-1.0,-0.0061660159902687806
SVR,static,2025-09-22,-1.0,-0.0008755060459384456
SVR,static,2025-09-23,-1.0,-0.0025147347167067124
SVR,static,2025-09-24,-1.0,-0.036645267153111005
SVR,static,2025-09-25,-1.0,0.011046869505147883
SVR,static,2025-09-26,-1.0,-0.003297887083739015
SVR,static,2025-09-29,-1.0,-0.026614400472438238
SVR,static,2025-09-30,-1.0,0.00743653195089633
SVR,static,2025-10-01,-1.0,-0.005307034018189327
SVR,static,2025-10-02,-1.0,-0.013973633339134484
SVR,static,2025-10-03,-1.0,-0.032666462224428816
SVR,static,2025-10-06,-1.0,0.014037188206906581
SVR,static,2025-10-07,-1.0,-0.012231776707494424
SVR,static,2025-10-08,-1.0,0.000396167808522252
SVR,static,2025-10-09,-1.0,-0.005846216331171883
SVR,static,2025-10-10,-1.0,0.044724704166958285
SVR,static,2025-10-13,-1.0,-0.05197490844106545
SVR,static,2025-10-14,-1.0,0.023527082255880516
SVR,static,2025-10-15,-1.0,0.0017066757965109591
SVR,static,2025-10-16,-1.0,0.002815755957587207
SVR,static,2025-10-17,-1.0,0.005344942333289748
SVR,static,2025-10-20,-1.0,-0.013484778969078404
SVR,static,2025-10-21,-1.0,0.013605505131580542
SVR,static,2025-10-22,-1.0,-0.00628806052911135
SVR,static,2025-10-23,-1.0,-0.0243902063933088
SVR,static,2025-10-24,-1.0,-0.002262959284184962
SVR,static,2025-10-27,-1.0,-0.009227433016246955
SVR,static,2025-10-28,-1.0,-0.0
SVR,static,2025-10-29,-1.0,-0.018091612471139884
SVR,static,2025-10-30,-1.0,0.02971241712750594
SVR,static,2025-10-31,-1.0,0.002461655362990589
SVR,static,2025-11-03,-1.0,0.0036521275334946424
SVR,static,2025-11-04,-1.0,0.02397460168932819
SVR,static,2025-11-05,-1.0,-0.007511104662075274
SVR,static,2025-11-06,-1.0,0.003526077843692854
SVR,static,2025-11-07,-1.0,0.0015164685027621028
SVR,static,2025-11-10,-1.0,-0.03017409576933061
SVR,static,2025-11-11,-1.0,0.007568278545645679
SVR,static,2025-11-12,-1.0,-0.00812120211510381
SVR,static,2025-11-13,-1.0,0.0003929374321625101
SVR,static,2025-11-14,-1.0,0.007469308324166035
SVR,static,2025-11-17,-1.0,0.009802948543042644
SVR,static,2025-11-18,-1.0,0.007499980926513716
SVR,static,2025-11-19,-1.0,-0.009168725594225657
SVR,static,2025-11-20,-1.0,0.009684517179039731
SVR,static,2025-11-21,-1.0,-0.009880081628140136
SVR,static,2025-11-24,-1.0,0.009284257776344229
SVR,static,2025-11-25,-1.0,-0.007557417460658522
SVR,static,2025-11-26,-1.0,-0.021002104874421335
SVR,static,2025-11-28,-1.0,-0.016068416293379982
SVR,static,2025-12-01,-1.0,-0.0064602674334068855
SVR,static,2025-12-02,-1.0,0.011113257188007375
SVR,static,2025-12-03,-1.0,-0.028482914011963567
SVR,static,2025-12-04,-1.0,0.003108514678328511
SVR,static,2025-12-05,-1.0,-0.0171028775137243
SVR,static,2025-12-08,-1.0,0.0032515651812122792
SVR,static,2025-12-09,-1.0,0.023114935487208554
SVR,static,2025-12-10,-1.0,-0.00667872294446159
SVR,static,2025-12-11,-1.0,-0.028717700732813434
SVR,static,2025-12-12,-1.0,0.02644183711376369
SVR,static,2025-12-15,-1.0,-0.010409733380034814
SVR,static,2025-12-16,-1.0,0.009646875222742657
SVR,static,2025-12-17,-1.0,-0.014469441341139698
SVR,static,2025-12-18,-1.0,-0.0005592957017088729
SVR,static,2025-12-19,-1.0,-0.013602898643957362
SVR,static,2025-12-22,-1.0,0.0003676542135855332
SVR,static,2025-12-23,-1.0,-0.007080428901760084
SVR,static,2025-12-24,-1.0,-0.004108845660450777
SVR,static,2025-12-26,-1.0,-0.04874058965293271
SVR,static,2025-12-29,-1.0,0.047862658990854956
SVR,static,2025-12-30,-1.0,-0.04316546575148905
SVR,static,2025-12-31,-1.0,0.017023107474725352
SVR,static,2026-01-02,-1.0,-0.001776154856378831
SVR,static,2026-01-05,-1.0,-0.05044328524915209
SVR,static,2026-01-06,-1.0,-0.014515987143868259
SVR,static,2026-01-07,-1.0,0.03352465526985782
SVR,static,2026-01-08,-1.0,0.010759166781860618
SVR,static,2026-01-09,-1.0,-0.018968103315796014
SVR,static,2026-01-12,-1.0,-0.02211594353492563
SVR,static,2026-01-13,-1.0,0.002506322972117614
SVR,static,2026-01-14,-1.0,-0.006532669296965388
SVR,static,2026-01-15,-1.0,0.010151418219607966
SVR,static,2026-01-16,-1.0,0.026815757111271044
SVR,static,2026-01-20,-1.0,0.002677735011488269
SVR,static,2026-01-21,-1.0,0.0075350681407182485
SVR,static,2026-01-22,-1.0,-0.0022689609668471444
SVR,static,2026-01-23,-1.0,-0.02934261238680569
SVR,static,2026-01-26,-1.0,-0.012349929595729003
SVR,static,2026-01-27,-1.0,0.02598603052044579
SVR,static,2026-01-28,-1.0,-0.010980549362894498
SVR,static,2026-01-29,-1.0,-0.04802715248787215
SVR,static,2026-01-30,-1.0,0.04509757653524116
SVR,static,2026-02-02,-1.0,0.016194674415304422
SVR,static,2026-02-03,-1.0,-0.04498839324983006
SVR,static,2026-02-04,-1.0,0.03901027404155932
SVR,static,2026-02-05,-1.0,0.004634470692767567
SVR,static,2026-02-06,-1.0,-0.011122664986156217
SVR,static,2026-02-09,-1.0,-0.01389955687934874
SVR,static,2026-02-10,-1.0,0.008242264390114884
SVR,static,2026-02-11,-1.0,-0.00898914079377544
SVR,static,2026-02-12,-1.0,0.02992099123137404
SVR,static,2026-02-13,-1.0,-0.003725543401023046
SVR,static,2026-02-17,-1.0,0.02753562737075732
SVR,static,2026-02-18,-1.0,-0.028492819550103743
SVR,static,2026-02-19,-1.0,0.01096054683802683
SVR,static,2026-02-20,-1.0,-0.01762649769932323
SVR,static,2026-02-23,-1.0,0.009946851177818905
SVR,static,2026-02-24,-1.0,-0.02598304200809154
SVR,static,2026-02-25,-1.0,-0.009539078065965212
SVR,static,2026-02-26,-1.0,0.005435202138450612
SVR,static,2026-02-27,-1.0,-0.009868721254565194
SVR,static,2026-03-02,-1.0,0.018319616141515782
SVR,static,2026-03-03,-1.0,0.02052757954391571
SVR,static,2026-03-04,-1.0,-0.014116229997471974
SVR,static,2026-03-05,-1.0,0.0174210480237319
SVR,static,2026-03-06,-1.0,-0.000695321931401871
SVR,static,2026-03-09,-1.0,-0.007556009523159491
SVR,static,2026-03-10,-1.0,-0.01784327055792545
SVR,static,2026-03-11,-1.0,0.00990850525195297
SVR,static,2026-03-12,-1.0,0.0035924913993112813
SVR,static,2026-03-13,-1.0,0.018885763916121068
SVR,static,2026-03-16,-1.0,-0.013299538766748498
SVR,static,2026-03-17,-1.0,0.011052608218068527
SVR,static,2026-03-18,-1.0,0.030123134983010336
SVR,static,2026-03-19,-1.0,0.021786066842027774
SVR,static,2026-03-20,-1.0,0.01665744091076682
SVR,static,2026-03-23,-1.0,-0.018156226752237048
SVR,static,2026-03-24,-1.0,0.003125236139374765
SVR,static,2026-03-25,-1.0,-0.019640326291151533
SVR,static,2026-03-26,-1.0,0.014921321003698806
SVR,static,2026-03-27,-1.0,-0.003763918803992628
SVR,static,2026-03-30,-1.0,-0.0016462089832387508
SVR,static,2026-03-31,-1.0,-0.020361626484978634
SVR,static,2026-04-01,-1.0,-0.00653243427093253
SVR,static,2026-04-02,-1.0,0.010846349486870133
SVR,static,2026-04-06,-1.0,-0.0036850090820204073
SVR,static,2026-04-07,1.0,-0.007184872386811114
SVR,static,2026-04-08,-1.0,-0.03897719496245979
SVR,static,2026-04-09,-1.0,0.0019966805609978877
SVR,static,2026-04-10,-1.0,-0.021311750120080353
SVR,static,2026-04-13,-1.0,-0.017971168186445396
SVR,static,2026-04-14,-1.0,-0.01581326430790786
SVR,static,2026-04-15,-1.0,-0.00024711798454157835
SVR,static,2026-04-16,-1.0,0.0009057707112199997
SVR,static,2026-04-17,-1.0,-0.006099019420354956
SVR,static,2026-04-20,-1.0,0.011059247262121819
SVR,static,2026-04-21,-1.0,0.00571564720337292
SVR,static,2026-04-22,-1.0,-0.019745022627418285
SVR,static,2026-04-23,-1.0,0.007271221396587535
SVR,static,2026-04-24,-1.0,0.008558973858681207
SVR,static,2026-04-27,-1.0,0.0009130638024508198
SVR,static,2026-04-28,-1.0,0.017198386043329905
SVR,static,2026-04-29,-1.0,0.006086778312694108
SVR,static,2026-04-30,-1.0,-0.008280315324946908
LSTM,static,2025-07-02,1.0,0.019907985700174703
LSTM,static,2025-07-03,1.0,-0.010099056920037652
LSTM,static,2025-07-04,1.0,-0.01540126917078044
LSTM,static,2025-07-07,1.0,-0.00677491698700472
LSTM,static,2025-07-08,1.0,0.13251079520310127
LSTM,static,2025-07-09,-1.0,0.03549529488851686
LSTM,static,2025-07-10,1.0,0.018997173893448217
LSTM,static,2025-07-11,1.0,0.0025234209302467114
LSTM,static,2025-07-14,1.0,-0.008450185732452153
LSTM,static,2025-07-15,1.0,0.005621058581975369
LSTM,static,2025-07-16,1.0,-0.008925349535135352
LSTM,static,2025-07-17,1.0,-0.0019102982251403278
LSTM,static,2025-07-18,1.0,0.016769961102048425
LSTM,static,2025-07-21,1.0,0.005826423411900539
LSTM,static,2025-07-22,1.0,0.015417551024466958
LSTM,static,2025-07-23,1.0,0.017202044783521275
LSTM,static,2025-07-24,1.0,-0.0031061476528090326
LSTM,static,2025-07-25,1.0,-0.0023368074955468776
LSTM,static,2025-07-28,1.0,-0.0292357798535543
LSTM,static,2025-07-29,1.0,0.0015192313674488034
LSTM,static,2025-07-30,1.0,-0.005978356094184956
LSTM,static,2025-07-31,-1.0,0.22233141967258838
LSTM,static,2025-08-01,1.0,0.018735406157227776
LSTM,static,2025-08-04,1.0,0.0005665852180154474
LSTM,static,2025-08-05,1.0,-0.011551555763595012
LSTM,static,2025-08-06,1.0,0.006186973276029795
LSTM,static,2025-08-07,1.0,-0.0028466886475828623
LSTM,static,2025-08-08,1.0,0.017585963551933093
LSTM,static,2025-08-11,-1.0,0.006982148792667209
LSTM,static,2025-08-12,-1.0,-0.019215561653475266
LSTM,static,2025-08-13,-1.0,0.005877836194779329
LSTM,static,2025-08-14,-1.0,0.0039044900039202357
LSTM,static,2025-08-15,-1.0,-0.0030239027378216043
LSTM,static,2025-08-18,-1.0,0.0046896794361693805
LSTM,static,2025-08-19,-1.0,0.010769544814671184
LSTM,static,2025-08-20,-1.0,-0.0038557946639010687
LSTM,static,2025-08-21,-1.0,-0.0012426207943443401
LSTM,static,2025-08-22,-1.0,-0.0036105767787457665
LSTM,static,2025-08-25,-1.0,-0.00427196753025938
LSTM,static,2025-08-26,-1.0,0.0035821772536123175
LSTM,static,2025-08-27,-1.0,0.008088928174427634
LSTM,static,2025-08-28,-1.0,-0.011099735814189549
LSTM,static,2025-08-29,1.0,0.011922130179588163
LSTM,static,2025-09-02,1.0,0.011286958046876627
LSTM,static,2025-09-03,1.0,-0.002407299808743324
LSTM,static,2025-09-04,1.0,-0.015465591728420436
LSTM,static,2025-09-05,1.0,-0.0012254545199552602
LSTM,static,2025-09-08,1.0,0.0017846953412186117
LSTM,static,2025-09-09,-1.0,-0.0025382595002940932
LSTM,static,2025-09-10,-1.0,-0.010886528327740175
LSTM,static,2025-09-11,-1.0,-0.008901029779579961
LSTM,static,2025-09-12,-1.0,0.00043565082119267906
LSTM,static,2025-09-15,-1.0,-0.014601702501418012
LSTM,static,2025-09-16,-1.0,0.004833001495090139
LSTM,static,2025-09-17,1.0,-0.01358221437499898
LSTM,static,2025-09-18,1.0,-0.00656316104952992
LSTM,static,2025-09-19,1.0,0.0061660159902687806
LSTM,static,2025-09-22,1.0,0.0008755060459384456
LSTM,static,2025-09-23,1.0,0.0025147347167067124
LSTM,static,2025-09-24,1.0,0.036645267153111005
LSTM,static,2025-09-25,-1.0,0.010846869505147882
LSTM,static,2025-09-26,1.0,0.003097887083739015
LSTM,static,2025-09-29,1.0,0.026614400472438238
LSTM,static,2025-09-30,1.0,-0.00743653195089633
LSTM,static,2025-10-01,1.0,0.005307034018189327
LSTM,static,2025-10-02,1.0,0.013973633339134484
LSTM,static,2025-10-03,-1.0,-0.032866462224428815
LSTM,static,2025-10-06,-1.0,0.014037188206906581
LSTM,static,2025-10-07,-1.0,-0.012231776707494424
LSTM,static,2025-10-08,-1.0,0.000396167808522252
LSTM,static,2025-10-09,-1.0,-0.005846216331171883
LSTM,static,2025-10-10,-1.0,0.044724704166958285
LSTM,static,2025-10-13,-1.0,-0.05197490844106545
LSTM,static,2025-10-14,-1.0,0.023527082255880516
LSTM,static,2025-10-15,1.0,-0.0019066757965109592
LSTM,static,2025-10-16,1.0,-0.002815755957587207
LSTM,static,2025-10-17,1.0,-0.005344942333289748
LSTM,static,2025-10-20,1.0,0.013484778969078404
LSTM,static,2025-10-21,-1.0,0.013405505131580541
LSTM,static,2025-10-22,-1.0,-0.00628806052911135
LSTM,static,2025-10-23,-1.0,-0.0243902063933088
LSTM,static,2025-10-24,-1.0,-0.002262959284184962
LSTM,static,2025-10-27,-1.0,-0.009227433016246955
LSTM,static,2025-10-28,-1.0,-0.0
LSTM,static,2025-10-29,1.0,0.017891612471139885
LSTM,static,2025-10-30,1.0,-0.02971241712750594
LSTM,static,2025-10-31,1.0,-0.002461655362990589
LSTM,static,2025-11-03,1.0,-0.0036521275334946424
LSTM,static,2025-11-04,1.0,-0.02397460168932819
LSTM,static,2025-11-05,1.0,0.007511104662075274
LSTM,static,2025-11-06,1.0,-0.003526077843692854
LSTM,static,2025-11-07,1.0,-0.0015164685027621028
LSTM,static,2025-11-10,1.0,0.03017409576933061
LSTM,static,2025-11-11,1.0,-0.007568278545645679
LSTM,static,2025-11-12,1.0,0.00812120211510381
LSTM,static,2025-11-13,1.0,-0.0003929374321625101
LSTM,static,2025-11-14,1.0,-0.007469308324166035
LSTM,static,2025-11-17,1.0,-0.009802948543042644
LSTM,static,2025-11-18,1.0,-0.007499980926513716
LSTM,static,2025-11-19,1.0,0.009168725594225657
LSTM,static,2025-11-20,1.0,-0.009684517179039731
LSTM,static,2025-11-21,1.0,0.009880081628140136
LSTM,static,2025-11-24,1.0,-0.009284257776344229
LSTM,static,2025-11-25,1.0,0.007557417460658522
LSTM,static,2025-11-26,1.0,0.021002104874421335
LSTM,static,2025-11-28,-1.0,-0.01626841629337998
LSTM,static,2025-12-01,-1.0,-0.0064602674334068855
LSTM,static,2025-12-02,-1.0,0.011113257188007375
LSTM,static,2025-12-03,-1.0,-0.028482914011963567
LSTM,static,2025-12-04,-1.0,0.003108514678328511
LSTM,static,2025-12-05,-1.0,-0.0171028775137243
LSTM,static,2025-12-08,-1.0,0.0032515651812122792
LSTM,static,2025-12-09,-1.0,0.023114935487208554
LSTM,static,2025-12-10,1.0,0.006478722944461591
LSTM,static,2025-12-11,1.0,0.028717700732813434
LSTM,static,2025-12-12,-1.0,0.02624183711376369
LSTM,static,2025-12-15,-1.0,-0.010409733380034814
LSTM,static,2025-12-16,-1.0,0.009646875222742657
LSTM,static,2025-12-17,-1.0,-0.014469441341139698
LSTM,static,2025-12-18,-1.0,-0.0005592957017088729
LSTM,static,2025-12-19,-1.0,-0.013602898643957362
LSTM,static,2025-12-22,-1.0,0.0003676542135855332
LSTM,static,2025-12-23,-1.0,-0.007080428901760084
LSTM,static,2025-12-24,-1.0,-0.004108845660450777
LSTM,static,2025-12-26,-1.0,-0.04874058965293271
LSTM,static,2025-12-29,-1.0,0.047862658990854956
LSTM,static,2025-12-30,-1.0,-0.04316546575148905
LSTM,static,2025-12-31,-1.0,0.017023107474725352
LSTM,static,2026-01-02,-1.0,-0.001776154856378831
LSTM,static,2026-01-05,-1.0,-0.05044328524915209
LSTM,static,2026-01-06,-1.0,-0.014515987143868259
LSTM,static,2026-01-07,-1.0,0.03352465526985782
LSTM,static,2026-01-08,-1.0,0.010759166781860618
LSTM,static,2026-01-09,-1.0,-0.018968103315796014
LSTM,static,2026-01-12,-1.0,-0.02211594353492563
LSTM,static,2026-01-13,-1.0,0.002506322972117614
LSTM,static,2026-01-14,-1.0,-0.006532669296965388
LSTM,static,2026-01-15,-1.0,0.010151418219607966
LSTM,static,2026-01-16,-1.0,0.026815757111271044
LSTM,static,2026-01-20,-1.0,0.002677735011488269
LSTM,static,2026-01-21,-1.0,0.0075350681407182485
LSTM,static,2026-01-22,-1.0,-0.0022689609668471444
LSTM,static,2026-01-23,-1.0,-0.02934261238680569
LSTM,static,2026-01-26,-1.0,-0.012349929595729003
LSTM,static,2026-01-27,-1.0,0.02598603052044579
LSTM,static,2026-01-28,1.0,0.010780549362894498
LSTM,static,2026-01-29,1.0,0.04802715248787215
LSTM,static,2026-01-30,1.0,-0.04509757653524116
LSTM,static,2026-02-02,-1.0,0.015994674415304423
LSTM,static,2026-02-03,1.0,0.04478839324983006
LSTM,static,2026-02-04,1.0,-0.03901027404155932
LSTM,static,2026-02-05,1.0,-0.004634470692767567
LSTM,static,2026-02-06,1.0,0.011122664986156217
LSTM,static,2026-02-09,1.0,0.01389955687934874
LSTM,static,2026-02-10,1.0,-0.008242264390114884
LSTM,static,2026-02-11,1.0,0.00898914079377544
LSTM,static,2026-02-12,1.0,-0.02992099123137404
LSTM,static,2026-02-13,1.0,0.003725543401023046
LSTM,static,2026-02-17,1.0,-0.02753562737075732
LSTM,static,2026-02-18,1.0,0.028492819550103743
LSTM,static,2026-02-19,1.0,-0.01096054683802683
LSTM,static,2026-02-20,1.0,0.01762649769932323
LSTM,static,2026-02-23,1.0,-0.009946851177818905
LSTM,static,2026-02-24,1.0,0.02598304200809154
LSTM,static,2026-02-25,1.0,0.009539078065965212
LSTM,static,2026-02-26,-1.0,0.0052352021384506125
LSTM,static,2026-02-27,-1.0,-0.009868721254565194
LSTM,static,2026-03-02,-1.0,0.018319616141515782
LSTM,static,2026-03-03,1.0,-0.020727579543915707
LSTM,static,2026-03-04,1.0,0.014116229997471974
LSTM,static,2026-03-05,1.0,-0.0174210480237319
LSTM,static,2026-03-06,1.0,0.000695321931401871
LSTM,static,2026-03-09,1.0,0.007556009523159491
LSTM,static,2026-03-10,1.0,0.01784327055792545
LSTM,static,2026-03-11,1.0,-0.00990850525195297
LSTM,static,2026-03-12,1.0,-0.0035924913993112813
LSTM,static,2026-03-13,1.0,-0.018885763916121068
LSTM,static,2026-03-16,1.0,0.013299538766748498
LSTM,static,2026-03-17,-1.0,0.010852608218068526
LSTM,static,2026-03-18,-1.0,0.030123134983010336
LSTM,static,2026-03-19,-1.0,0.021786066842027774
LSTM,static,2026-03-20,-1.0,0.01665744091076682
LSTM,static,2026-03-23,-1.0,-0.018156226752237048
LSTM,static,2026-03-24,-1.0,0.003125236139374765
LSTM,static,2026-03-25,-1.0,-0.019640326291151533
LSTM,static,2026-03-26,-1.0,0.014921321003698806
LSTM,static,2026-03-27,-1.0,-0.003763918803992628
LSTM,static,2026-03-30,-1.0,-0.0016462089832387508
LSTM,static,2026-03-31,-1.0,-0.020361626484978634
LSTM,static,2026-04-01,-1.0,-0.00653243427093253
LSTM,static,2026-04-02,-1.0,0.010846349486870133
LSTM,static,2026-04-06,-1.0,-0.0036850090820204073
LSTM,static,2026-04-07,-1.0,0.006984872386811114
LSTM,static,2026-04-08,-1.0,-0.03877719496245979
LSTM,static,2026-04-09,-1.0,0.0019966805609978877
LSTM,static,2026-04-10,1.0,0.021111750120080354
LSTM,static,2026-04-13,-1.0,-0.018171168186445395
LSTM,static,2026-04-14,-1.0,-0.01581326430790786
LSTM,static,2026-04-15,-1.0,-0.00024711798454157835
LSTM,static,2026-04-16,1.0,-0.0011057707112199998
LSTM,static,2026-04-17,1.0,0.006099019420354956
LSTM,static,2026-04-20,1.0,-0.011059247262121819
LSTM,static,2026-04-21,1.0,-0.00571564720337292
LSTM,static,2026-04-22,1.0,0.019745022627418285
LSTM,static,2026-04-23,1.0,-0.007271221396587535
LSTM,static,2026-04-24,-1.0,0.008358973858681206
LSTM,static,2026-04-27,-1.0,0.0009130638024508198
LSTM,static,2026-04-28,-1.0,0.017198386043329905
LSTM,static,2026-04-29,-1.0,0.006086778312694108
LSTM,static,2026-04-30,-1.0,-0.008280315324946908
GRU,static,2025-07-02,1.0,0.019907985700174703
GRU,static,2025-07-03,1.0,-0.010099056920037652
GRU,static,2025-07-04,1.0,-0.01540126917078044
GRU,static,2025-07-07,1.0,-0.00677491698700472
GRU,static,2025-07-08,1.0,0.13251079520310127
GRU,static,2025-07-09,-1.0,0.03549529488851686
GRU,static,2025-07-10,1.0,0.018997173893448217
GRU,static,2025-07-11,1.0,0.0025234209302467114
GRU,static,2025-07-14,1.0,-0.008450185732452153
GRU,static,2025-07-15,1.0,0.005621058581975369
GRU,static,2025-07-16,-1.0,0.008725349535135351
GRU,static,2025-07-17,1.0,-0.002110298225140328
GRU,static,2025-07-18,-1.0,-0.016969961102048424
GRU,static,2025-07-21,-1.0,-0.005826423411900539
GRU,static,2025-07-22,-1.0,-0.015417551024466958
GRU,static,2025-07-23,1.0,0.017002044783521277
GRU,static,2025-07-24,-1.0,0.0029061476528090325
GRU,static,2025-07-25,1.0,-0.0025368074955468777
GRU,static,2025-07-28,1.0,-0.0292357798535543
GRU,static,2025-07-29,1.0,0.0015192313674488034
GRU,static,2025-07-30,1.0,-0.005978356094184956
GRU,static,2025-07-31,-1.0,0.22233141967258838
GRU,static,2025-08-01,1.0,0.018735406157227776
GRU,static,2025-08-04,1.0,0.0005665852180154474
GRU,static,2025-08-05,1.0,-0.011551555763595012
GRU,static,2025-08-06,1.0,0.006186973276029795
GRU,static,2025-08-07,1.0,-0.0028466886475828623
GRU,static,2025-08-08,1.0,0.017585963551933093
GRU,static,2025-08-11,1.0,-0.007182148792667209
GRU,static,2025-08-12,1.0,0.019215561653475266
GRU,static,2025-08-13,1.0,-0.005877836194779329
GRU,static,2025-08-14,1.0,-0.0039044900039202357
GRU,static,2025-08-15,1.0,0.0030239027378216043
GRU,static,2025-08-18,1.0,-0.0046896794361693805
GRU,static,2025-08-19,1.0,-0.010769544814671184
GRU,static,2025-08-20,1.0,0.0038557946639010687
GRU,static,2025-08-21,1.0,0.0012426207943443401
GRU,static,2025-08-22,1.0,0.0036105767787457665
GRU,static,2025-08-25,1.0,0.00427196753025938
GRU,static,2025-08-26,1.0,-0.0035821772536123175
GRU,static,2025-08-27,1.0,-0.008088928174427634
GRU,static,2025-08-28,1.0,0.011099735814189549
GRU,static,2025-08-29,-1.0,-0.012722130179588165
GRU,static,2025-09-02,-1.0,-0.011286958046876627
GRU,static,2025-09-03,-1.0,0.002407299808743324
GRU,static,2025-09-04,-1.0,0.015465591728420436
GRU,static,2025-09-05,-1.0,0.0012254545199552602
GRU,static,2025-09-08,-1.0,-0.0017846953412186117
GRU,static,2025-09-09,-1.0,-0.002338259500294093
GRU,static,2025-09-10,-1.0,-0.010886528327740175
GRU,static,2025-09-11,1.0,0.00870102977957996
GRU,static,2025-09-12,1.0,-0.00043565082119267906
GRU,static,2025-09-15,1.0,0.014601702501418012
GRU,static,2025-09-16,1.0,-0.004833001495090139
GRU,static,2025-09-17,1.0,-0.01338221437499898
GRU,static,2025-09-18,-1.0,0.00636316104952992
GRU,static,2025-09-19,-1.0,-0.0061660159902687806
GRU,static,2025-09-22,-1.0,-0.0008755060459384456
GRU,static,2025-09-23,-1.0,-0.0025147347167067124
GRU,static,2025-09-24,1.0,0.036445267153111006
GRU,static,2025-09-25,1.0,-0.011046869505147883
GRU,static,2025-09-26,1.0,0.003297887083739015
GRU,static,2025-09-29,1.0,0.026614400472438238
GRU,static,2025-09-30,-1.0,0.0072365319508963305
GRU,static,2025-10-01,-1.0,-0.005307034018189327
GRU,static,2025-10-02,1.0,0.013773633339134483
GRU,static,2025-10-03,-1.0,-0.032866462224428815
GRU,static,2025-10-06,-1.0,0.014037188206906581
GRU,static,2025-10-07,-1.0,-0.012231776707494424
GRU,static,2025-10-08,-1.0,0.000396167808522252
GRU,static,2025-10-09,-1.0,-0.005846216331171883
GRU,static,2025-10-10,-1.0,0.044724704166958285
GRU,static,2025-10-13,1.0,0.05177490844106545
GRU,static,2025-10-14,-1.0,0.023327082255880517
GRU,static,2025-10-15,1.0,-0.0019066757965109592
GRU,static,2025-10-16,1.0,-0.002815755957587207
GRU,static,2025-10-17,1.0,-0.005344942333289748
GRU,static,2025-10-20,1.0,0.013484778969078404
GRU,static,2025-10-21,-1.0,0.013405505131580541
GRU,static,2025-10-22,-1.0,-0.00628806052911135
GRU,static,2025-10-23,-1.0,-0.0243902063933088
GRU,static,2025-10-24,-1.0,-0.002262959284184962
GRU,static,2025-10-27,-1.0,-0.009227433016246955
GRU,static,2025-10-28,-1.0,-0.0
GRU,static,2025-10-29,-1.0,-0.018091612471139884
GRU,static,2025-10-30,-1.0,0.02971241712750594
GRU,static,2025-10-31,1.0,-0.002661655362990589
GRU,static,2025-11-03,1.0,-0.0036521275334946424
GRU,static,2025-11-04,1.0,-0.02397460168932819
GRU,static,2025-11-05,1.0,0.007511104662075274
GRU,static,2025-11-06,1.0,-0.003526077843692854
GRU,static,2025-11-07,1.0,-0.0015164685027621028
GRU,static,2025-11-10,1.0,0.03017409576933061
GRU,static,2025-11-11,1.0,-0.007568278545645679
GRU,static,2025-11-12,1.0,0.00812120211510381
GRU,static,2025-11-13,1.0,-0.0003929374321625101
GRU,static,2025-11-14,1.0,-0.007469308324166035
GRU,static,2025-11-17,-1.0,0.009602948543042644
GRU,static,2025-11-18,-1.0,0.007499980926513716
GRU,static,2025-11-19,-1.0,-0.009168725594225657
GRU,static,2025-11-20,-1.0,0.009684517179039731
GRU,static,2025-11-21,1.0,0.009680081628140135
GRU,static,2025-11-24,1.0,-0.009284257776344229
GRU,static,2025-11-25,1.0,0.007557417460658522
GRU,static,2025-11-26,1.0,0.021002104874421335
GRU,static,2025-11-28,1.0,0.015668416293379984
GRU,static,2025-12-01,1.0,0.0064602674334068855
GRU,static,2025-12-02,1.0,-0.011113257188007375
GRU,static,2025-12-03,1.0,0.028482914011963567
GRU,static,2025-12-04,1.0,-0.003108514678328511
GRU,static,2025-12-05,1.0,0.0171028775137243
GRU,static,2025-12-08,1.0,-0.0032515651812122792
GRU,static,2025-12-09,1.0,-0.023114935487208554
GRU,static,2025-12-10,1.0,0.00667872294446159
GRU,static,2025-12-11,1.0,0.028717700732813434
GRU,static,2025-12-12,1.0,-0.02644183711376369
GRU,static,2025-12-15,-1.0,-0.010609733380034814
GRU,static,2025-12-16,-1.0,0.009646875222742657
GRU,static,2025-12-17,1.0,0.014269441341139697
GRU,static,2025-12-18,1.0,0.0005592957017088729
GRU,static,2025-12-19,1.0,0.013602898643957362
GRU,static,2025-12-22,-1.0,0.00016765421358553318
GRU,static,2025-12-23,-1.0,-0.007080428901760084
GRU,static,2025-12-24,1.0,0.003908845660450778
GRU,static,2025-12-26,1.0,0.04874058965293271
GRU,static,2025-12-29,-1.0,0.04766265899085496
GRU,static,2025-12-30,-1.0,-0.04316546575148905
GRU,static,2025-12-31,-1.0,0.017023107474725352
GRU,static,2026-01-02,-1.0,-0.001776154856378831
GRU,static,2026-01-05,-1.0,-0.05044328524915209
GRU,static,2026-01-06,-1.0,-0.014515987143868259
GRU,static,2026-01-07,1.0,-0.033724655269857816
GRU,static,2026-01-08,1.0,-0.010759166781860618
GRU,static,2026-01-09,-1.0,-0.019168103315796013
GRU,static,2026-01-12,-1.0,-0.02211594353492563
GRU,static,2026-01-13,-1.0,0.002506322972117614
GRU,static,2026-01-14,1.0,0.006332669296965388
GRU,static,2026-01-15,1.0,-0.010151418219607966
GRU,static,2026-01-16,1.0,-0.026815757111271044
GRU,static,2026-01-20,1.0,-0.002677735011488269
GRU,static,2026-01-21,1.0,-0.0075350681407182485
GRU,static,2026-01-22,-1.0,-0.0024689609668471445
GRU,static,2026-01-23,-1.0,-0.02934261238680569
GRU,static,2026-01-26,-1.0,-0.012349929595729003
GRU,static,2026-01-27,1.0,-0.02618603052044579
GRU,static,2026-01-28,-1.0,-0.011180549362894499
GRU,static,2026-01-29,-1.0,-0.04802715248787215
GRU,static,2026-01-30,1.0,-0.045297576535241156
GRU,static,2026-02-02,-1.0,0.015994674415304423
GRU,static,2026-02-03,1.0,0.04478839324983006
GRU,static,2026-02-04,1.0,-0.03901027404155932
GRU,static,2026-02-05,1.0,-0.004634470692767567
GRU,static,2026-02-06,1.0,0.011122664986156217
GRU,static,2026-02-09,1.0,0.01389955687934874
GRU,static,2026-02-10,1.0,-0.008242264390114884
GRU,static,2026-02-11,1.0,0.00898914079377544
GRU,static,2026-02-12,1.0,-0.02992099123137404
GRU,static,2026-02-13,-1.0,-0.003925543401023046
GRU,static,2026-02-17,-1.0,0.02753562737075732
GRU,static,2026-02-18,-1.0,-0.028492819550103743
GRU,static,2026-02-19,-1.0,0.01096054683802683
GRU,static,2026-02-20,1.0,0.01742649769932323
GRU,static,2026-02-23,-1.0,0.009746851177818905
GRU,static,2026-02-24,-1.0,-0.02598304200809154
GRU,static,2026-02-25,-1.0,-0.009539078065965212
GRU,static,2026-02-26,-1.0,0.005435202138450612
GRU,static,2026-02-27,-1.0,-0.009868721254565194
GRU,static,2026-03-02,-1.0,0.018319616141515782
GRU,static,2026-03-03,1.0,-0.020727579543915707
GRU,static,2026-03-04,1.0,0.014116229997471974
GRU,static,2026-03-05,-1.0,0.0172210480237319
GRU,static,2026-03-06,1.0,0.0004953219314018711
GRU,static,2026-03-09,1.0,0.007556009523159491
GRU,static,2026-03-10,1.0,0.01784327055792545
GRU,static,2026-03-11,1.0,-0.00990850525195297
GRU,static,2026-03-12,1.0,-0.0035924913993112813
GRU,static,2026-03-13,1.0,-0.018885763916121068
GRU,static,2026-03-16,1.0,0.013299538766748498
GRU,static,2026-03-17,-1.0,0.010852608218068526
GRU,static,2026-03-18,-1.0,0.030123134983010336
GRU,static,2026-03-19,1.0,-0.021986066842027772
GRU,static,2026-03-20,-1.0,0.01645744091076682
GRU,static,2026-03-23,-1.0,-0.018156226752237048
GRU,static,2026-03-24,-1.0,0.003125236139374765
GRU,static,2026-03-25,-1.0,-0.019640326291151533
GRU,static,2026-03-26,-1.0,0.014921321003698806
GRU,static,2026-03-27,-1.0,-0.003763918803992628
GRU,static,2026-03-30,-1.0,-0.0016462089832387508
GRU,static,2026-03-31,-1.0,-0.020361626484978634
GRU,static,2026-04-01,-1.0,-0.00653243427093253
GRU,static,2026-04-02,-1.0,0.010846349486870133
GRU,static,2026-04-06,-1.0,-0.0036850090820204073
GRU,static,2026-04-07,-1.0,0.006984872386811114
GRU,static,2026-04-08,-1.0,-0.03877719496245979
GRU,static,2026-04-09,-1.0,0.0019966805609978877
GRU,static,2026-04-10,-1.0,-0.021311750120080353
GRU,static,2026-04-13,-1.0,-0.017971168186445396
GRU,static,2026-04-14,-1.0,-0.01581326430790786
GRU,static,2026-04-15,1.0,4.711798454157834e-05
GRU,static,2026-04-16,1.0,-0.0009057707112199997
GRU,static,2026-04-17,1.0,0.006099019420354956
GRU,static,2026-04-20,1.0,-0.011059247262121819
GRU,static,2026-04-21,1.0,-0.00571564720337292
GRU,static,2026-04-22,-1.0,-0.019945022627418284
GRU,static,2026-04-23,-1.0,0.007271221396587535
GRU,static,2026-04-24,-1.0,0.008558973858681207
GRU,static,2026-04-27,-1.0,0.0009130638024508198
GRU,static,2026-04-28,-1.0,0.017198386043329905
GRU,static,2026-04-29,-1.0,0.006086778312694108
GRU,static,2026-04-30,-1.0,-0.008280315324946908
BiLSTM,static,2025-07-02,1.0,0.019907985700174703
BiLSTM,static,2025-07-03,-1.0,0.009899056920037652
BiLSTM,static,2025-07-04,-1.0,0.01540126917078044
BiLSTM,static,2025-07-07,1.0,-0.0069749169870047195
BiLSTM,static,2025-07-08,1.0,0.13251079520310127
BiLSTM,static,2025-07-09,-1.0,0.03549529488851686
BiLSTM,static,2025-07-10,1.0,0.018997173893448217
BiLSTM,static,2025-07-11,1.0,0.0025234209302467114
BiLSTM,static,2025-07-14,1.0,-0.008450185732452153
BiLSTM,static,2025-07-15,1.0,0.005621058581975369
BiLSTM,static,2025-07-16,1.0,-0.008925349535135352
BiLSTM,static,2025-07-17,1.0,-0.0019102982251403278
BiLSTM,static,2025-07-18,1.0,0.016769961102048425
BiLSTM,static,2025-07-21,1.0,0.005826423411900539
BiLSTM,static,2025-07-22,1.0,0.015417551024466958
BiLSTM,static,2025-07-23,1.0,0.017202044783521275
BiLSTM,static,2025-07-24,1.0,-0.0031061476528090326
BiLSTM,static,2025-07-25,1.0,-0.0023368074955468776
BiLSTM,static,2025-07-28,1.0,-0.0292357798535543
BiLSTM,static,2025-07-29,1.0,0.0015192313674488034
BiLSTM,static,2025-07-30,1.0,-0.005978356094184956
BiLSTM,static,2025-07-31,-1.0,0.22233141967258838
BiLSTM,static,2025-08-01,-1.0,-0.018935406157227774
BiLSTM,static,2025-08-04,1.0,0.0003665852180154474
BiLSTM,static,2025-08-05,1.0,-0.011551555763595012
BiLSTM,static,2025-08-06,1.0,0.006186973276029795
BiLSTM,static,2025-08-07,1.0,-0.0028466886475828623
BiLSTM,static,2025-08-08,1.0,0.017585963551933093
BiLSTM,static,2025-08-11,1.0,-0.007182148792667209
BiLSTM,static,2025-08-12,1.0,0.019215561653475266
BiLSTM,static,2025-08-13,1.0,-0.005877836194779329
BiLSTM,static,2025-08-14,1.0,-0.0039044900039202357
BiLSTM,static,2025-08-15,1.0,0.0030239027378216043
BiLSTM,static,2025-08-18,1.0,-0.0046896794361693805
BiLSTM,static,2025-08-19,1.0,-0.010769544814671184
BiLSTM,static,2025-08-20,1.0,0.0038557946639010687
BiLSTM,static,2025-08-21,1.0,0.0012426207943443401
BiLSTM,static,2025-08-22,1.0,0.0036105767787457665
BiLSTM,static,2025-08-25,1.0,0.00427196753025938
BiLSTM,static,2025-08-26,-1.0,0.0033821772536123174
BiLSTM,static,2025-08-27,-1.0,0.008088928174427634
BiLSTM,static,2025-08-28,1.0,0.010899735814189548
BiLSTM,static,2025-08-29,1.0,0.012122130179588164
BiLSTM,static,2025-09-02,1.0,0.011286958046876627
BiLSTM,static,2025-09-03,-1.0,0.002207299808743324
BiLSTM,static,2025-09-04,-1.0,0.015465591728420436
BiLSTM,static,2025-09-05,-1.0,0.0012254545199552602
BiLSTM,static,2025-09-08,-1.0,-0.0017846953412186117
BiLSTM,static,2025-09-09,-1.0,-0.002338259500294093
BiLSTM,static,2025-09-10,-1.0,-0.010886528327740175
BiLSTM,static,2025-09-11,-1.0,-0.008901029779579961
BiLSTM,static,2025-09-12,-1.0,0.00043565082119267906
BiLSTM,static,2025-09-15,-1.0,-0.014601702501418012
BiLSTM,static,2025-09-16,-1.0,0.004833001495090139
BiLSTM,static,2025-09-17,-1.0,0.01338221437499898
BiLSTM,static,2025-09-18,-1.0,0.00656316104952992
BiLSTM,static,2025-09-19,-1.0,-0.0061660159902687806
BiLSTM,static,2025-09-22,-1.0,-0.0008755060459384456
BiLSTM,static,2025-09-23,-1.0,-0.0025147347167067124
BiLSTM,static,2025-09-24,-1.0,-0.036645267153111005
BiLSTM,static,2025-09-25,-1.0,0.011046869505147883
BiLSTM,static,2025-09-26,1.0,0.003097887083739015
BiLSTM,static,2025-09-29,1.0,0.026614400472438238
BiLSTM,static,2025-09-30,1.0,-0.00743653195089633
BiLSTM,static,2025-10-01,1.0,0.005307034018189327
BiLSTM,static,2025-10-02,1.0,0.013973633339134484
BiLSTM,static,2025-10-03,1.0,0.032666462224428816
BiLSTM,static,2025-10-06,-1.0,0.01383718820690658
BiLSTM,static,2025-10-07,-1.0,-0.012231776707494424
BiLSTM,static,2025-10-08,-1.0,0.000396167808522252
BiLSTM,static,2025-10-09,-1.0,-0.005846216331171883
BiLSTM,static,2025-10-10,-1.0,0.044724704166958285
BiLSTM,static,2025-10-13,1.0,0.05177490844106545
BiLSTM,static,2025-10-14,-1.0,0.023327082255880517
BiLSTM,static,2025-10-15,1.0,-0.0019066757965109592
BiLSTM,static,2025-10-16,1.0,-0.002815755957587207
BiLSTM,static,2025-10-17,1.0,-0.005344942333289748
BiLSTM,static,2025-10-20,1.0,0.013484778969078404
BiLSTM,static,2025-10-21,1.0,-0.013605505131580542
BiLSTM,static,2025-10-22,-1.0,-0.00648806052911135
BiLSTM,static,2025-10-23,-1.0,-0.0243902063933088
BiLSTM,static,2025-10-24,-1.0,-0.002262959284184962
BiLSTM,static,2025-10-27,-1.0,-0.009227433016246955
BiLSTM,static,2025-10-28,-1.0,-0.0
BiLSTM,static,2025-10-29,1.0,0.017891612471139885
BiLSTM,static,2025-10-30,1.0,-0.02971241712750594
BiLSTM,static,2025-10-31,1.0,-0.002461655362990589
BiLSTM,static,2025-11-03,1.0,-0.0036521275334946424
BiLSTM,static,2025-11-04,1.0,-0.02397460168932819
BiLSTM,static,2025-11-05,1.0,0.007511104662075274
BiLSTM,static,2025-11-06,1.0,-0.003526077843692854
BiLSTM,static,2025-11-07,1.0,-0.0015164685027621028
BiLSTM,static,2025-11-10,1.0,0.03017409576933061
BiLSTM,static,2025-11-11,1.0,-0.007568278545645679
BiLSTM,static,2025-11-12,1.0,0.00812120211510381
BiLSTM,static,2025-11-13,1.0,-0.0003929374321625101
BiLSTM,static,2025-11-14,1.0,-0.007469308324166035
BiLSTM,static,2025-11-17,1.0,-0.009802948543042644
BiLSTM,static,2025-11-18,1.0,-0.007499980926513716
BiLSTM,static,2025-11-19,1.0,0.009168725594225657
BiLSTM,static,2025-11-20,1.0,-0.009684517179039731
BiLSTM,static,2025-11-21,1.0,0.009880081628140136
BiLSTM,static,2025-11-24,1.0,-0.009284257776344229
BiLSTM,static,2025-11-25,1.0,0.007557417460658522
BiLSTM,static,2025-11-26,1.0,0.021002104874421335
BiLSTM,static,2025-11-28,-1.0,-0.01626841629337998
BiLSTM,static,2025-12-01,-1.0,-0.0064602674334068855
BiLSTM,static,2025-12-02,-1.0,0.011113257188007375
BiLSTM,static,2025-12-03,-1.0,-0.028482914011963567
BiLSTM,static,2025-12-04,-1.0,0.003108514678328511
BiLSTM,static,2025-12-05,-1.0,-0.0171028775137243
BiLSTM,static,2025-12-08,-1.0,0.0032515651812122792
BiLSTM,static,2025-12-09,1.0,-0.023314935487208553
BiLSTM,static,2025-12-10,1.0,0.00667872294446159
BiLSTM,static,2025-12-11,1.0,0.028717700732813434
BiLSTM,static,2025-12-12,-1.0,0.02624183711376369
BiLSTM,static,2025-12-15,-1.0,-0.010409733380034814
BiLSTM,static,2025-12-16,-1.0,0.009646875222742657
BiLSTM,static,2025-12-17,-1.0,-0.014469441341139698
BiLSTM,static,2025-12-18,-1.0,-0.0005592957017088729
BiLSTM,static,2025-12-19,-1.0,-0.013602898643957362
BiLSTM,static,2025-12-22,-1.0,0.0003676542135855332
BiLSTM,static,2025-12-23,-1.0,-0.007080428901760084
BiLSTM,static,2025-12-24,-1.0,-0.004108845660450777
BiLSTM,static,2025-12-26,-1.0,-0.04874058965293271
BiLSTM,static,2025-12-29,-1.0,0.047862658990854956
BiLSTM,static,2025-12-30,-1.0,-0.04316546575148905
BiLSTM,static,2025-12-31,-1.0,0.017023107474725352
BiLSTM,static,2026-01-02,-1.0,-0.001776154856378831
BiLSTM,static,2026-01-05,-1.0,-0.05044328524915209
BiLSTM,static,2026-01-06,-1.0,-0.014515987143868259
BiLSTM,static,2026-01-07,-1.0,0.03352465526985782
BiLSTM,static,2026-01-08,-1.0,0.010759166781860618
BiLSTM,static,2026-01-09,-1.0,-0.018968103315796014
BiLSTM,static,2026-01-12,-1.0,-0.02211594353492563
BiLSTM,static,2026-01-13,-1.0,0.002506322972117614
BiLSTM,static,2026-01-14,1.0,0.006332669296965388
BiLSTM,static,2026-01-15,1.0,-0.010151418219607966
BiLSTM,static,2026-01-16,1.0,-0.026815757111271044
BiLSTM,static,2026-01-20,-1.0,0.002477735011488269
BiLSTM,static,2026-01-21,1.0,-0.007735068140718248
BiLSTM,static,2026-01-22,-1.0,-0.0024689609668471445
BiLSTM,static,2026-01-23,-1.0,-0.02934261238680569
BiLSTM,static,2026-01-26,-1.0,-0.012349929595729003
BiLSTM,static,2026-01-27,-1.0,0.02598603052044579
BiLSTM,static,2026-01-28,-1.0,-0.010980549362894498
BiLSTM,static,2026-01-29,-1.0,-0.04802715248787215
BiLSTM,static,2026-01-30,-1.0,0.04509757653524116
BiLSTM,static,2026-02-02,-1.0,0.016194674415304422
BiLSTM,static,2026-02-03,1.0,0.04478839324983006
BiLSTM,static,2026-02-04,1.0,-0.03901027404155932
BiLSTM,static,2026-02-05,1.0,-0.004634470692767567
BiLSTM,static,2026-02-06,1.0,0.011122664986156217
BiLSTM,static,2026-02-09,1.0,0.01389955687934874
BiLSTM,static,2026-02-10,1.0,-0.008242264390114884
BiLSTM,static,2026-02-11,1.0,0.00898914079377544
BiLSTM,static,2026-02-12,1.0,-0.02992099123137404
BiLSTM,static,2026-02-13,1.0,0.003725543401023046
BiLSTM,static,2026-02-17,1.0,-0.02753562737075732
BiLSTM,static,2026-02-18,1.0,0.028492819550103743
BiLSTM,static,2026-02-19,1.0,-0.01096054683802683
BiLSTM,static,2026-02-20,1.0,0.01762649769932323
BiLSTM,static,2026-02-23,1.0,-0.009946851177818905
BiLSTM,static,2026-02-24,1.0,0.02598304200809154
BiLSTM,static,2026-02-25,1.0,0.009539078065965212
BiLSTM,static,2026-02-26,1.0,-0.005435202138450612
BiLSTM,static,2026-02-27,1.0,0.009468721254565193
BiLSTM,static,2026-03-02,1.0,-0.018319616141515782
BiLSTM,static,2026-03-03,1.0,-0.02052757954391571
BiLSTM,static,2026-03-04,1.0,0.014116229997471974
BiLSTM,static,2026-03-05,1.0,-0.0174210480237319
BiLSTM,static,2026-03-06,1.0,0.000695321931401871
BiLSTM,static,2026-03-09,1.0,0.007556009523159491
BiLSTM,static,2026-03-10,1.0,0.01784327055792545
BiLSTM,static,2026-03-11,1.0,-0.00990850525195297
BiLSTM,static,2026-03-12,1.0,-0.0035924913993112813
BiLSTM,static,2026-03-13,1.0,-0.018885763916121068
BiLSTM,static,2026-03-16,-1.0,-0.013499538766748498
BiLSTM,static,2026-03-17,-1.0,0.011052608218068527
BiLSTM,static,2026-03-18,-1.0,0.030123134983010336
BiLSTM,static,2026-03-19,-1.0,0.021786066842027774
BiLSTM,static,2026-03-20,-1.0,0.01665744091076682
BiLSTM,static,2026-03-23,-1.0,-0.018156226752237048
BiLSTM,static,2026-03-24,-1.0,0.003125236139374765
BiLSTM,static,2026-03-25,-1.0,-0.019640326291151533
BiLSTM,static,2026-03-26,-1.0,0.014921321003698806
BiLSTM,static,2026-03-27,-1.0,-0.003763918803992628
BiLSTM,static,2026-03-30,-1.0,-0.0016462089832387508
BiLSTM,static,2026-03-31,-1.0,-0.020361626484978634
BiLSTM,static,2026-04-01,-1.0,-0.00653243427093253
BiLSTM,static,2026-04-02,-1.0,0.010846349486870133
BiLSTM,static,2026-04-06,-1.0,-0.0036850090820204073
BiLSTM,static,2026-04-07,-1.0,0.006984872386811114
BiLSTM,static,2026-04-08,-1.0,-0.03877719496245979
BiLSTM,static,2026-04-09,-1.0,0.0019966805609978877
BiLSTM,static,2026-04-10,-1.0,-0.021311750120080353
BiLSTM,static,2026-04-13,-1.0,-0.017971168186445396
BiLSTM,static,2026-04-14,-1.0,-0.01581326430790786
BiLSTM,static,2026-04-15,-1.0,-0.00024711798454157835
BiLSTM,static,2026-04-16,-1.0,0.0009057707112199997
BiLSTM,static,2026-04-17,-1.0,-0.006099019420354956
BiLSTM,static,2026-04-20,-1.0,0.011059247262121819
BiLSTM,static,2026-04-21,-1.0,0.00571564720337292
BiLSTM,static,2026-04-22,-1.0,-0.019745022627418285
BiLSTM,static,2026-04-23,-1.0,0.007271221396587535
BiLSTM,static,2026-04-24,-1.0,0.008558973858681207
BiLSTM,static,2026-04-27,-1.0,0.0009130638024508198
BiLSTM,static,2026-04-28,-1.0,0.017198386043329905
BiLSTM,static,2026-04-29,-1.0,0.006086778312694108
BiLSTM,static,2026-04-30,-1.0,-0.008280315324946908
Transformer,static,2025-07-02,-1.0,-0.0201079857001747
Transformer,static,2025-07-03,1.0,-0.010299056920037653
Transformer,static,2025-07-04,-1.0,0.01520126917078044
Transformer,static,2025-07-07,-1.0,0.00677491698700472
Transformer,static,2025-07-08,1.0,0.13231079520310127
Transformer,static,2025-07-09,1.0,-0.03569529488851686
Transformer,static,2025-07-10,1.0,0.019197173893448216
Transformer,static,2025-07-11,1.0,0.0025234209302467114
Transformer,static,2025-07-14,1.0,-0.008450185732452153
Transformer,static,2025-07-15,1.0,0.005621058581975369
Transformer,static,2025-07-16,1.0,-0.008925349535135352
Transformer,static,2025-07-17,1.0,-0.0019102982251403278
Transformer,static,2025-07-18,1.0,0.016769961102048425
Transformer,static,2025-07-21,1.0,0.005826423411900539
Transformer,static,2025-07-22,1.0,0.015417551024466958
Transformer,static,2025-07-23,-1.0,-0.017402044783521274
Transformer,static,2025-07-24,1.0,-0.0033061476528090327
Transformer,static,2025-07-25,1.0,-0.0023368074955468776
Transformer,static,2025-07-28,1.0,-0.0292357798535543
Transformer,static,2025-07-29,-1.0,-0.0017192313674488035
Transformer,static,2025-07-30,-1.0,0.005978356094184956
Transformer,static,2025-07-31,1.0,-0.2227314196725884
Transformer,static,2025-08-01,-1.0,-0.019135406157227773
Transformer,static,2025-08-04,-1.0,-0.0005665852180154474
Transformer,static,2025-08-05,1.0,-0.011751555763595012
Transformer,static,2025-08-06,1.0,0.006186973276029795
Transformer,static,2025-08-07,1.0,-0.0028466886475828623
Transformer,static,2025-08-08,1.0,0.017585963551933093
Transformer,static,2025-08-11,1.0,-0.007182148792667209
Transformer,static,2025-08-12,1.0,0.019215561653475266
Transformer,static,2025-08-13,1.0,-0.005877836194779329
Transformer,static,2025-08-14,1.0,-0.0039044900039202357
Transformer,static,2025-08-15,1.0,0.0030239027378216043
Transformer,static,2025-08-18,1.0,-0.0046896794361693805
Transformer,static,2025-08-19,1.0,-0.010769544814671184
Transformer,static,2025-08-20,1.0,0.0038557946639010687
Transformer,static,2025-08-21,1.0,0.0012426207943443401
Transformer,static,2025-08-22,1.0,0.0036105767787457665
Transformer,static,2025-08-25,1.0,0.00427196753025938
Transformer,static,2025-08-26,1.0,-0.0035821772536123175
Transformer,static,2025-08-27,1.0,-0.008088928174427634
Transformer,static,2025-08-28,1.0,0.011099735814189549
Transformer,static,2025-08-29,-1.0,-0.012722130179588165
Transformer,static,2025-09-02,-1.0,-0.011286958046876627
Transformer,static,2025-09-03,-1.0,0.002407299808743324
Transformer,static,2025-09-04,-1.0,0.015465591728420436
Transformer,static,2025-09-05,-1.0,0.0012254545199552602
Transformer,static,2025-09-08,-1.0,-0.0017846953412186117
Transformer,static,2025-09-09,-1.0,-0.002338259500294093
Transformer,static,2025-09-10,1.0,0.010686528327740174
Transformer,static,2025-09-11,-1.0,-0.009101029779579961
Transformer,static,2025-09-12,-1.0,0.00043565082119267906
Transformer,static,2025-09-15,-1.0,-0.014601702501418012
Transformer,static,2025-09-16,-1.0,0.004833001495090139
Transformer,static,2025-09-17,-1.0,0.01338221437499898
Transformer,static,2025-09-18,-1.0,0.00656316104952992
Transformer,static,2025-09-19,-1.0,-0.0061660159902687806
Transformer,static,2025-09-22,1.0,0.0006755060459384456
Transformer,static,2025-09-23,1.0,0.0025147347167067124
Transformer,static,2025-09-24,-1.0,-0.036845267153111004
Transformer,static,2025-09-25,1.0,-0.011246869505147883
Transformer,static,2025-09-26,-1.0,-0.003497887083739015
Transformer,static,2025-09-29,-1.0,-0.026614400472438238
Transformer,static,2025-09-30,1.0,-0.00763653195089633
Transformer,static,2025-10-01,1.0,0.005307034018189327
Transformer,static,2025-10-02,1.0,0.013973633339134484
Transformer,static,2025-10-03,-1.0,-0.032866462224428815
Transformer,static,2025-10-06,-1.0,0.014037188206906581
Transformer,static,2025-10-07,-1.0,-0.012231776707494424
Transformer,static,2025-10-08,-1.0,0.000396167808522252
Transformer,static,2025-10-09,1.0,0.005646216331171883
Transformer,static,2025-10-10,-1.0,0.044524704166958286
Transformer,static,2025-10-13,-1.0,-0.05197490844106545
Transformer,static,2025-10-14,-1.0,0.023527082255880516
Transformer,static,2025-10-15,-1.0,0.0017066757965109591
Transformer,static,2025-10-16,-1.0,0.002815755957587207
Transformer,static,2025-10-17,-1.0,0.005344942333289748
Transformer,static,2025-10-20,-1.0,-0.013484778969078404
Transformer,static,2025-10-21,-1.0,0.013605505131580542
Transformer,static,2025-10-22,-1.0,-0.00628806052911135
Transformer,static,2025-10-23,-1.0,-0.0243902063933088
Transformer,static,2025-10-24,-1.0,-0.002262959284184962
Transformer,static,2025-10-27,-1.0,-0.009227433016246955
Transformer,static,2025-10-28,1.0,-0.0002
Transformer,static,2025-10-29,1.0,0.018091612471139884
Transformer,static,2025-10-30,1.0,-0.02971241712750594
Transformer,static,2025-10-31,1.0,-0.002461655362990589
Transformer,static,2025-11-03,1.0,-0.0036521275334946424
Transformer,static,2025-11-04,1.0,-0.02397460168932819
Transformer,static,2025-11-05,1.0,0.007511104662075274
Transformer,static,2025-11-06,1.0,-0.003526077843692854
Transformer,static,2025-11-07,-1.0,0.0013164685027621027
Transformer,static,2025-11-10,1.0,0.029974095769330612
Transformer,static,2025-11-11,1.0,-0.007568278545645679
Transformer,static,2025-11-12,1.0,0.00812120211510381
Transformer,static,2025-11-13,1.0,-0.0003929374321625101
Transformer,static,2025-11-14,-1.0,0.0072693083241660355
Transformer,static,2025-11-17,-1.0,0.009802948543042644
Transformer,static,2025-11-18,-1.0,0.007499980926513716
Transformer,static,2025-11-19,1.0,0.008968725594225657
Transformer,static,2025-11-20,-1.0,0.00948451717903973
Transformer,static,2025-11-21,-1.0,-0.009880081628140136
Transformer,static,2025-11-24,-1.0,0.009284257776344229
Transformer,static,2025-11-25,-1.0,-0.007557417460658522
Transformer,static,2025-11-26,-1.0,-0.021002104874421335
Transformer,static,2025-11-28,1.0,0.015468416293379984
Transformer,static,2025-12-01,1.0,0.0064602674334068855
Transformer,static,2025-12-02,1.0,-0.011113257188007375
Transformer,static,2025-12-03,1.0,0.028482914011963567
Transformer,static,2025-12-04,1.0,-0.003108514678328511
Transformer,static,2025-12-05,1.0,0.0171028775137243
Transformer,static,2025-12-08,1.0,-0.0032515651812122792
Transformer,static,2025-12-09,1.0,-0.023114935487208554
Transformer,static,2025-12-10,1.0,0.00667872294446159
Transformer,static,2025-12-11,1.0,0.028717700732813434
Transformer,static,2025-12-12,1.0,-0.02644183711376369
Transformer,static,2025-12-15,1.0,0.010409733380034814
Transformer,static,2025-12-16,-1.0,0.009446875222742656
Transformer,static,2025-12-17,1.0,0.014269441341139697
Transformer,static,2025-12-18,1.0,0.0005592957017088729
Transformer,static,2025-12-19,1.0,0.013602898643957362
Transformer,static,2025-12-22,-1.0,0.00016765421358553318
Transformer,static,2025-12-23,-1.0,-0.007080428901760084
Transformer,static,2025-12-24,-1.0,-0.004108845660450777
Transformer,static,2025-12-26,1.0,0.04854058965293271
Transformer,static,2025-12-29,-1.0,0.04766265899085496
Transformer,static,2025-12-30,-1.0,-0.04316546575148905
Transformer,static,2025-12-31,-1.0,0.017023107474725352
Transformer,static,2026-01-02,-1.0,-0.001776154856378831
Transformer,static,2026-01-05,-1.0,-0.05044328524915209
Transformer,static,2026-01-06,-1.0,-0.014515987143868259
Transformer,static,2026-01-07,-1.0,0.03352465526985782
Transformer,static,2026-01-08,-1.0,0.010759166781860618
Transformer,static,2026-01-09,-1.0,-0.018968103315796014
Transformer,static,2026-01-12,-1.0,-0.02211594353492563
Transformer,static,2026-01-13,-1.0,0.002506322972117614
Transformer,static,2026-01-14,1.0,0.006332669296965388
Transformer,static,2026-01-15,1.0,-0.010151418219607966
Transformer,static,2026-01-16,1.0,-0.026815757111271044
Transformer,static,2026-01-20,-1.0,0.002477735011488269
Transformer,static,2026-01-21,-1.0,0.0075350681407182485
Transformer,static,2026-01-22,-1.0,-0.0022689609668471444
Transformer,static,2026-01-23,-1.0,-0.02934261238680569
Transformer,static,2026-01-26,-1.0,-0.012349929595729003
Transformer,static,2026-01-27,1.0,-0.02618603052044579
Transformer,static,2026-01-28,-1.0,-0.011180549362894499
Transformer,static,2026-01-29,-1.0,-0.04802715248787215
Transformer,static,2026-01-30,1.0,-0.045297576535241156
Transformer,static,2026-02-02,1.0,-0.016194674415304422
Transformer,static,2026-02-03,1.0,0.04498839324983006
Transformer,static,2026-02-04,1.0,-0.03901027404155932
Transformer,static,2026-02-05,1.0,-0.004634470692767567
Transformer,static,2026-02-06,1.0,0.011122664986156217
Transformer,static,2026-02-09,1.0,0.01389955687934874
Transformer,static,2026-02-10,1.0,-0.008242264390114884
Transformer,static,2026-02-11,1.0,0.00898914079377544
Transformer,static,2026-02-12,1.0,-0.02992099123137404
Transformer,static,2026-02-13,1.0,0.003725543401023046
Transformer,static,2026-02-17,1.0,-0.02753562737075732
Transformer,static,2026-02-18,1.0,0.028492819550103743
Transformer,static,2026-02-19,1.0,-0.01096054683802683
Transformer,static,2026-02-20,1.0,0.01762649769932323
Transformer,static,2026-02-23,1.0,-0.009946851177818905
Transformer,static,2026-02-24,1.0,0.02598304200809154
Transformer,static,2026-02-25,1.0,0.009539078065965212
Transformer,static,2026-02-26,1.0,-0.005435202138450612
Transformer,static,2026-02-27,1.0,0.009468721254565193
Transformer,static,2026-03-02,1.0,-0.018319616141515782
Transformer,static,2026-03-03,-1.0,0.02032757954391571
Transformer,static,2026-03-04,-1.0,-0.014116229997471974
Transformer,static,2026-03-05,-1.0,0.0174210480237319
Transformer,static,2026-03-06,-1.0,-0.000695321931401871
Transformer,static,2026-03-09,1.0,0.007356009523159492
Transformer,static,2026-03-10,1.0,0.01784327055792545
Transformer,static,2026-03-11,1.0,-0.00990850525195297
Transformer,static,2026-03-12,1.0,-0.0035924913993112813
Transformer,static,2026-03-13,1.0,-0.018885763916121068
Transformer,static,2026-03-16,1.0,0.013299538766748498
Transformer,static,2026-03-17,1.0,-0.011052608218068527
Transformer,static,2026-03-18,1.0,-0.030123134983010336
Transformer,static,2026-03-19,1.0,-0.021786066842027774
Transformer,static,2026-03-20,1.0,-0.01665744091076682
Transformer,static,2026-03-23,1.0,0.018156226752237048
Transformer,static,2026-03-24,1.0,-0.003125236139374765
Transformer,static,2026-03-25,1.0,0.019640326291151533
Transformer,static,2026-03-26,1.0,-0.014921321003698806
Transformer,static,2026-03-27,1.0,0.003763918803992628
Transformer,static,2026-03-30,-1.0,-0.0018462089832387508
Transformer,static,2026-03-31,-1.0,-0.020361626484978634
Transformer,static,2026-04-01,-1.0,-0.00653243427093253
Transformer,static,2026-04-02,-1.0,0.010846349486870133
Transformer,static,2026-04-06,-1.0,-0.0036850090820204073
Transformer,static,2026-04-07,-1.0,0.006984872386811114
Transformer,static,2026-04-08,-1.0,-0.03877719496245979
Transformer,static,2026-04-09,-1.0,0.0019966805609978877
Transformer,static,2026-04-10,-1.0,-0.021311750120080353
Transformer,static,2026-04-13,-1.0,-0.017971168186445396
Transformer,static,2026-04-14,-1.0,-0.01581326430790786
Transformer,static,2026-04-15,-1.0,-0.00024711798454157835
Transformer,static,2026-04-16,-1.0,0.0009057707112199997
Transformer,static,2026-04-17,-1.0,-0.006099019420354956
Transformer,static,2026-04-20,-1.0,0.011059247262121819
Transformer,static,2026-04-21,-1.0,0.00571564720337292
Transformer,static,2026-04-22,-1.0,-0.019745022627418285
Transformer,static,2026-04-23,-1.0,0.007271221396587535
Transformer,static,2026-04-24,-1.0,0.008558973858681207
Transformer,static,2026-04-27,-1.0,0.0009130638024508198
Transformer,static,2026-04-28,-1.0,0.017198386043329905
Transformer,static,2026-04-29,-1.0,0.006086778312694108
Transformer,static,2026-04-30,-1.0,-0.008280315324946908
TCN,static,2025-07-02,1.0,0.019907985700174703
TCN,static,2025-07-03,1.0,-0.010099056920037652
TCN,static,2025-07-04,1.0,-0.01540126917078044
TCN,static,2025-07-07,1.0,-0.00677491698700472
TCN,static,2025-07-08,1.0,0.13251079520310127
TCN,static,2025-07-09,1.0,-0.03569529488851686
TCN,static,2025-07-10,1.0,0.019197173893448216
TCN,static,2025-07-11,1.0,0.0025234209302467114
TCN,static,2025-07-14,-1.0,0.008250185732452153
TCN,static,2025-07-15,1.0,0.005421058581975369
TCN,static,2025-07-16,1.0,-0.008925349535135352
TCN,static,2025-07-17,1.0,-0.0019102982251403278
TCN,static,2025-07-18,1.0,0.016769961102048425
TCN,static,2025-07-21,1.0,0.005826423411900539
TCN,static,2025-07-22,1.0,0.015417551024466958
TCN,static,2025-07-23,1.0,0.017202044783521275
TCN,static,2025-07-24,1.0,-0.0031061476528090326
TCN,static,2025-07-25,1.0,-0.0023368074955468776
TCN,static,2025-07-28,1.0,-0.0292357798535543
TCN,static,2025-07-29,1.0,0.0015192313674488034
TCN,static,2025-07-30,1.0,-0.005978356094184956
TCN,static,2025-07-31,-1.0,0.22233141967258838
TCN,static,2025-08-01,-1.0,-0.018935406157227774
TCN,static,2025-08-04,-1.0,-0.0005665852180154474
TCN,static,2025-08-05,1.0,-0.011751555763595012
TCN,static,2025-08-06,-1.0,-0.006386973276029794
TCN,static,2025-08-07,-1.0,0.0028466886475828623
TCN,static,2025-08-08,1.0,0.017385963551933094
TCN,static,2025-08-11,-1.0,0.006982148792667209
TCN,static,2025-08-12,-1.0,-0.019215561653475266
TCN,static,2025-08-13,-1.0,0.005877836194779329
TCN,static,2025-08-14,1.0,-0.004104490003920235
TCN,static,2025-08-15,1.0,0.0030239027378216043
TCN,static,2025-08-18,1.0,-0.0046896794361693805
TCN,static,2025-08-19,1.0,-0.010769544814671184
TCN,static,2025-08-20,1.0,0.0038557946639010687
TCN,static,2025-08-21,1.0,0.0012426207943443401
TCN,static,2025-08-22,1.0,0.0036105767787457665
TCN,static,2025-08-25,1.0,0.00427196753025938
TCN,static,2025-08-26,1.0,-0.0035821772536123175
TCN,static,2025-08-27,-1.0,0.007888928174427634
TCN,static,2025-08-28,1.0,0.010899735814189548
TCN,static,2025-08-29,1.0,0.012122130179588164
TCN,static,2025-09-02,-1.0,-0.011486958046876628
TCN,static,2025-09-03,1.0,-0.002607299808743324
TCN,static,2025-09-04,1.0,-0.015465591728420436
TCN,static,2025-09-05,1.0,-0.0012254545199552602
TCN,static,2025-09-08,1.0,0.0017846953412186117
TCN,static,2025-09-09,-1.0,-0.0025382595002940932
TCN,static,2025-09-10,1.0,0.010686528327740174
TCN,static,2025-09-11,-1.0,-0.009101029779579961
TCN,static,2025-09-12,-1.0,0.00043565082119267906
TCN,static,2025-09-15,-1.0,-0.014601702501418012
TCN,static,2025-09-16,-1.0,0.004833001495090139
TCN,static,2025-09-17,1.0,-0.01358221437499898
TCN,static,2025-09-18,-1.0,0.00636316104952992
TCN,static,2025-09-19,-1.0,-0.0061660159902687806
TCN,static,2025-09-22,1.0,0.0006755060459384456
TCN,static,2025-09-23,1.0,0.0025147347167067124
TCN,static,2025-09-24,-1.0,-0.036845267153111004
TCN,static,2025-09-25,1.0,-0.011246869505147883
TCN,static,2025-09-26,-1.0,-0.003497887083739015
TCN,static,2025-09-29,1.0,0.02641440047243824
TCN,static,2025-09-30,-1.0,0.0072365319508963305
TCN,static,2025-10-01,1.0,0.0051070340181893275
TCN,static,2025-10-02,-1.0,-0.014173633339134484
TCN,static,2025-10-03,1.0,0.03246646222442882
TCN,static,2025-10-06,1.0,-0.014037188206906581
TCN,static,2025-10-07,-1.0,-0.012431776707494424
TCN,static,2025-10-08,-1.0,0.000396167808522252
TCN,static,2025-10-09,-1.0,-0.005846216331171883
TCN,static,2025-10-10,-1.0,0.044724704166958285
TCN,static,2025-10-13,-1.0,-0.05197490844106545
TCN,static,2025-10-14,1.0,-0.023727082255880515
TCN,static,2025-10-15,-1.0,0.001506675796510959
TCN,static,2025-10-16,1.0,-0.003015755957587207
TCN,static,2025-10-17,-1.0,0.005144942333289749
TCN,static,2025-10-20,-1.0,-0.013484778969078404
TCN,static,2025-10-21,1.0,-0.013805505131580543
TCN,static,2025-10-22,1.0,0.00628806052911135
TCN,static,2025-10-23,-1.0,-0.0245902063933088
TCN,static,2025-10-24,1.0,0.002062959284184962
TCN,static,2025-10-27,-1.0,-0.009427433016246956
TCN,static,2025-10-28,-1.0,-0.0
TCN,static,2025-10-29,-1.0,-0.018091612471139884
TCN,static,2025-10-30,-1.0,0.02971241712750594
TCN,static,2025-10-31,1.0,-0.002661655362990589
TCN,static,2025-11-03,1.0,-0.0036521275334946424
TCN,static,2025-11-04,1.0,-0.02397460168932819
TCN,static,2025-11-05,1.0,0.007511104662075274
TCN,static,2025-11-06,-1.0,0.003326077843692854
TCN,static,2025-11-07,1.0,-0.0017164685027621029
TCN,static,2025-11-10,1.0,0.03017409576933061
TCN,static,2025-11-11,1.0,-0.007568278545645679
TCN,static,2025-11-12,1.0,0.00812120211510381
TCN,static,2025-11-13,-1.0,0.00019293743216251008
TCN,static,2025-11-14,1.0,-0.007669308324166035
TCN,static,2025-11-17,1.0,-0.009802948543042644
TCN,static,2025-11-18,-1.0,0.007299980926513717
TCN,static,2025-11-19,1.0,0.008968725594225657
TCN,static,2025-11-20,1.0,-0.009684517179039731
TCN,static,2025-11-21,1.0,0.009880081628140136
TCN,static,2025-11-24,1.0,-0.009284257776344229
TCN,static,2025-11-25,-1.0,-0.007757417460658522
TCN,static,2025-11-26,1.0,0.020802104874421336
TCN,static,2025-11-28,-1.0,-0.01626841629337998
TCN,static,2025-12-01,-1.0,-0.0064602674334068855
TCN,static,2025-12-02,-1.0,0.011113257188007375
TCN,static,2025-12-03,1.0,0.02828291401196357
TCN,static,2025-12-04,1.0,-0.003108514678328511
TCN,static,2025-12-05,-1.0,-0.0173028775137243
TCN,static,2025-12-08,1.0,-0.0034515651812122793
TCN,static,2025-12-09,1.0,-0.023114935487208554
TCN,static,2025-12-10,1.0,0.00667872294446159
TCN,static,2025-12-11,1.0,0.028717700732813434
TCN,static,2025-12-12,-1.0,0.02624183711376369
TCN,static,2025-12-15,-1.0,-0.010409733380034814
TCN,static,2025-12-16,1.0,-0.009846875222742657
TCN,static,2025-12-17,1.0,0.014469441341139698
TCN,static,2025-12-18,1.0,0.0005592957017088729
TCN,static,2025-12-19,-1.0,-0.013802898643957362
TCN,static,2025-12-22,1.0,-0.0005676542135855332
TCN,static,2025-12-23,1.0,0.007080428901760084
TCN,static,2025-12-24,1.0,0.004108845660450777
TCN,static,2025-12-26,1.0,0.04874058965293271
TCN,static,2025-12-29,-1.0,0.04766265899085496
TCN,static,2025-12-30,1.0,0.04296546575148905
TCN,static,2025-12-31,-1.0,0.016823107474725353
TCN,static,2026-01-02,-1.0,-0.001776154856378831
TCN,static,2026-01-05,-1.0,-0.05044328524915209
TCN,static,2026-01-06,-1.0,-0.014515987143868259
TCN,static,2026-01-07,-1.0,0.03352465526985782
TCN,static,2026-01-08,-1.0,0.010759166781860618
TCN,static,2026-01-09,-1.0,-0.018968103315796014
TCN,static,2026-01-12,-1.0,-0.02211594353492563
TCN,static,2026-01-13,-1.0,0.002506322972117614
TCN,static,2026-01-14,-1.0,-0.006532669296965388
TCN,static,2026-01-15,-1.0,0.010151418219607966
TCN,static,2026-01-16,1.0,-0.027015757111271042
TCN,static,2026-01-20,-1.0,0.002477735011488269
TCN,static,2026-01-21,-1.0,0.0075350681407182485
TCN,static,2026-01-22,-1.0,-0.0022689609668471444
TCN,static,2026-01-23,-1.0,-0.02934261238680569
TCN,static,2026-01-26,-1.0,-0.012349929595729003
TCN,static,2026-01-27,-1.0,0.02598603052044579
TCN,static,2026-01-28,-1.0,-0.010980549362894498
TCN,static,2026-01-29,-1.0,-0.04802715248787215
TCN,static,2026-01-30,-1.0,0.04509757653524116
TCN,static,2026-02-02,-1.0,0.016194674415304422
TCN,static,2026-02-03,-1.0,-0.04498839324983006
TCN,static,2026-02-04,-1.0,0.03901027404155932
TCN,static,2026-02-05,-1.0,0.004634470692767567
TCN,static,2026-02-06,-1.0,-0.011122664986156217
TCN,static,2026-02-09,1.0,0.01369955687934874
TCN,static,2026-02-10,-1.0,0.008042264390114883
TCN,static,2026-02-11,-1.0,-0.00898914079377544
TCN,static,2026-02-12,1.0,-0.030120991231374038
TCN,static,2026-02-13,-1.0,-0.003925543401023046
TCN,static,2026-02-17,-1.0,0.02753562737075732
TCN,static,2026-02-18,-1.0,-0.028492819550103743
TCN,static,2026-02-19,-1.0,0.01096054683802683
TCN,static,2026-02-20,-1.0,-0.01762649769932323
TCN,static,2026-02-23,-1.0,0.009946851177818905
TCN,static,2026-02-24,-1.0,-0.02598304200809154
TCN,static,2026-02-25,-1.0,-0.009539078065965212
TCN,static,2026-02-26,-1.0,0.005435202138450612
TCN,static,2026-02-27,-1.0,-0.009868721254565194
TCN,static,2026-03-02,-1.0,0.018319616141515782
TCN,static,2026-03-03,1.0,-0.020727579543915707
TCN,static,2026-03-04,1.0,0.014116229997471974
TCN,static,2026-03-05,1.0,-0.0174210480237319
TCN,static,2026-03-06,1.0,0.000695321931401871
TCN,static,2026-03-09,1.0,0.007556009523159491
TCN,static,2026-03-10,1.0,0.01784327055792545
TCN,static,2026-03-11,1.0,-0.00990850525195297
TCN,static,2026-03-12,1.0,-0.0035924913993112813
TCN,static,2026-03-13,1.0,-0.018885763916121068
TCN,static,2026-03-16,1.0,0.013299538766748498
TCN,static,2026-03-17,1.0,-0.011052608218068527
TCN,static,2026-03-18,1.0,-0.030123134983010336
TCN,static,2026-03-19,1.0,-0.021786066842027774
TCN,static,2026-03-20,1.0,-0.01665744091076682
TCN,static,2026-03-23,1.0,0.018156226752237048
TCN,static,2026-03-24,1.0,-0.003125236139374765
TCN,static,2026-03-25,1.0,0.019640326291151533
TCN,static,2026-03-26,1.0,-0.014921321003698806
TCN,static,2026-03-27,-1.0,-0.003963918803992628
TCN,static,2026-03-30,1.0,0.0014462089832387507
TCN,static,2026-03-31,1.0,0.020361626484978634
TCN,static,2026-04-01,1.0,0.00653243427093253
TCN,static,2026-04-02,-1.0,0.010646349486870132
TCN,static,2026-04-06,1.0,0.0034850090820204072
TCN,static,2026-04-07,-1.0,0.006784872386811114
TCN,static,2026-04-08,1.0,0.038577194962459795
TCN,static,2026-04-09,1.0,-0.0019966805609978877
TCN,static,2026-04-10,1.0,0.021311750120080353
TCN,static,2026-04-13,1.0,0.017971168186445396
TCN,static,2026-04-14,-1.0,-0.016013264307907858
TCN,static,2026-04-15,1.0,4.711798454157834e-05
TCN,static,2026-04-16,1.0,-0.0009057707112199997
TCN,static,2026-04-17,1.0,0.006099019420354956
TCN,static,2026-04-20,-1.0,0.010859247262121818
TCN,static,2026-04-21,1.0,-0.00591564720337292
TCN,static,2026-04-22,1.0,0.019745022627418285
TCN,static,2026-04-23,1.0,-0.007271221396587535
TCN,static,2026-04-24,1.0,-0.008558973858681207
TCN,static,2026-04-27,-1.0,0.0007130638024508198
TCN,static,2026-04-28,1.0,-0.017398386043329904
TCN,static,2026-04-29,1.0,-0.006086778312694108
TCN,static,2026-04-30,1.0,0.007880315324946907
CNN LSTM,static,2025-07-02,1.0,0.019907985700174703
CNN LSTM,static,2025-07-03,1.0,-0.010099056920037652
CNN LSTM,static,2025-07-04,1.0,-0.01540126917078044
CNN LSTM,static,2025-07-07,1.0,-0.00677491698700472
CNN LSTM,static,2025-07-08,1.0,0.13251079520310127
CNN LSTM,static,2025-07-09,1.0,-0.03569529488851686
CNN LSTM,static,2025-07-10,1.0,0.019197173893448216
CNN LSTM,static,2025-07-11,1.0,0.0025234209302467114
CNN LSTM,static,2025-07-14,1.0,-0.008450185732452153
CNN LSTM,static,2025-07-15,1.0,0.005621058581975369
CNN LSTM,static,2025-07-16,1.0,-0.008925349535135352
CNN LSTM,static,2025-07-17,1.0,-0.0019102982251403278
CNN LSTM,static,2025-07-18,1.0,0.016769961102048425
CNN LSTM,static,2025-07-21,1.0,0.005826423411900539
CNN LSTM,static,2025-07-22,1.0,0.015417551024466958
CNN LSTM,static,2025-07-23,1.0,0.017202044783521275
CNN LSTM,static,2025-07-24,1.0,-0.0031061476528090326
CNN LSTM,static,2025-07-25,1.0,-0.0023368074955468776
CNN LSTM,static,2025-07-28,1.0,-0.0292357798535543
CNN LSTM,static,2025-07-29,1.0,0.0015192313674488034
CNN LSTM,static,2025-07-30,1.0,-0.005978356094184956
CNN LSTM,static,2025-07-31,-1.0,0.22233141967258838
CNN LSTM,static,2025-08-01,-1.0,-0.018935406157227774
CNN LSTM,static,2025-08-04,-1.0,-0.0005665852180154474
CNN LSTM,static,2025-08-05,1.0,-0.011751555763595012
CNN LSTM,static,2025-08-06,1.0,0.006186973276029795
CNN LSTM,static,2025-08-07,1.0,-0.0028466886475828623
CNN LSTM,static,2025-08-08,1.0,0.017585963551933093
CNN LSTM,static,2025-08-11,-1.0,0.006982148792667209
CNN LSTM,static,2025-08-12,-1.0,-0.019215561653475266
CNN LSTM,static,2025-08-13,1.0,-0.006077836194779329
CNN LSTM,static,2025-08-14,1.0,-0.0039044900039202357
CNN LSTM,static,2025-08-15,1.0,0.0030239027378216043
CNN LSTM,static,2025-08-18,1.0,-0.0046896794361693805
CNN LSTM,static,2025-08-19,-1.0,0.010569544814671183
CNN LSTM,static,2025-08-20,1.0,0.0036557946639010686
CNN LSTM,static,2025-08-21,1.0,0.0012426207943443401
CNN LSTM,static,2025-08-22,1.0,0.0036105767787457665
CNN LSTM,static,2025-08-25,-1.0,-0.004471967530259379
CNN LSTM,static,2025-08-26,-1.0,0.0035821772536123175
CNN LSTM,static,2025-08-27,-1.0,0.008088928174427634
CNN LSTM,static,2025-08-28,1.0,0.010899735814189548
CNN LSTM,static,2025-08-29,1.0,0.012122130179588164
CNN LSTM,static,2025-09-02,1.0,0.011286958046876627
CNN LSTM,static,2025-09-03,1.0,-0.002407299808743324
CNN LSTM,static,2025-09-04,1.0,-0.015465591728420436
CNN LSTM,static,2025-09-05,1.0,-0.0012254545199552602
CNN LSTM,static,2025-09-08,1.0,0.0017846953412186117
CNN LSTM,static,2025-09-09,1.0,0.002338259500294093
CNN LSTM,static,2025-09-10,1.0,0.010886528327740175
CNN LSTM,static,2025-09-11,1.0,0.008901029779579961
CNN LSTM,static,2025-09-12,1.0,-0.00043565082119267906
CNN LSTM,static,2025-09-15,1.0,0.014601702501418012
CNN LSTM,static,2025-09-16,1.0,-0.004833001495090139
CNN LSTM,static,2025-09-17,1.0,-0.01338221437499898
CNN LSTM,static,2025-09-18,1.0,-0.00656316104952992
CNN LSTM,static,2025-09-19,1.0,0.0061660159902687806
CNN LSTM,static,2025-09-22,1.0,0.0008755060459384456
CNN LSTM,static,2025-09-23,1.0,0.0025147347167067124
CNN LSTM,static,2025-09-24,1.0,0.036645267153111005
CNN LSTM,static,2025-09-25,1.0,-0.011046869505147883
CNN LSTM,static,2025-09-26,1.0,0.003297887083739015
CNN LSTM,static,2025-09-29,1.0,0.026614400472438238
CNN LSTM,static,2025-09-30,1.0,-0.00743653195089633
CNN LSTM,static,2025-10-01,-1.0,-0.005507034018189327
CNN LSTM,static,2025-10-02,1.0,0.013773633339134483
CNN LSTM,static,2025-10-03,1.0,0.032666462224428816
CNN LSTM,static,2025-10-06,1.0,-0.014037188206906581
CNN LSTM,static,2025-10-07,-1.0,-0.012431776707494424
CNN LSTM,static,2025-10-08,-1.0,0.000396167808522252
CNN LSTM,static,2025-10-09,-1.0,-0.005846216331171883
CNN LSTM,static,2025-10-10,-1.0,0.044724704166958285
CNN LSTM,static,2025-10-13,-1.0,-0.05197490844106545
CNN LSTM,static,2025-10-14,-1.0,0.023527082255880516
CNN LSTM,static,2025-10-15,1.0,-0.0019066757965109592
CNN LSTM,static,2025-10-16,1.0,-0.002815755957587207
CNN LSTM,static,2025-10-17,1.0,-0.005344942333289748
CNN LSTM,static,2025-10-20,-1.0,-0.013684778969078404
CNN LSTM,static,2025-10-21,-1.0,0.013605505131580542
CNN LSTM,static,2025-10-22,1.0,0.00608806052911135
CNN LSTM,static,2025-10-23,1.0,0.0243902063933088
CNN LSTM,static,2025-10-24,1.0,0.002262959284184962
CNN LSTM,static,2025-10-27,1.0,0.009227433016246955
CNN LSTM,static,2025-10-28,-1.0,-0.0002
CNN LSTM,static,2025-10-29,-1.0,-0.018091612471139884
CNN LSTM,static,2025-10-30,1.0,-0.02991241712750594
CNN LSTM,static,2025-10-31,1.0,-0.002461655362990589
CNN LSTM,static,2025-11-03,1.0,-0.0036521275334946424
CNN LSTM,static,2025-11-04,1.0,-0.02397460168932819
CNN LSTM,static,2025-11-05,1.0,0.007511104662075274
CNN LSTM,static,2025-11-06,1.0,-0.003526077843692854
CNN LSTM,static,2025-11-07,1.0,-0.0015164685027621028
CNN LSTM,static,2025-11-10,1.0,0.03017409576933061
CNN LSTM,static,2025-11-11,1.0,-0.007568278545645679
CNN LSTM,static,2025-11-12,1.0,0.00812120211510381
CNN LSTM,static,2025-11-13,1.0,-0.0003929374321625101
CNN LSTM,static,2025-11-14,1.0,-0.007469308324166035
CNN LSTM,static,2025-11-17,1.0,-0.009802948543042644
CNN LSTM,static,2025-11-18,1.0,-0.007499980926513716
CNN LSTM,static,2025-11-19,1.0,0.009168725594225657
CNN LSTM,static,2025-11-20,1.0,-0.009684517179039731
CNN LSTM,static,2025-11-21,1.0,0.009880081628140136
CNN LSTM,static,2025-11-24,1.0,-0.009284257776344229
CNN LSTM,static,2025-11-25,1.0,0.007557417460658522
CNN LSTM,static,2025-11-26,1.0,0.021002104874421335
CNN LSTM,static,2025-11-28,1.0,0.015668416293379984
CNN LSTM,static,2025-12-01,1.0,0.0064602674334068855
CNN LSTM,static,2025-12-02,1.0,-0.011113257188007375
CNN LSTM,static,2025-12-03,1.0,0.028482914011963567
CNN LSTM,static,2025-12-04,1.0,-0.003108514678328511
CNN LSTM,static,2025-12-05,1.0,0.0171028775137243
CNN LSTM,static,2025-12-08,1.0,-0.0032515651812122792
CNN LSTM,static,2025-12-09,1.0,-0.023114935487208554
CNN LSTM,static,2025-12-10,1.0,0.00667872294446159
CNN LSTM,static,2025-12-11,1.0,0.028717700732813434
CNN LSTM,static,2025-12-12,1.0,-0.02644183711376369
CNN LSTM,static,2025-12-15,-1.0,-0.010609733380034814
CNN LSTM,static,2025-12-16,1.0,-0.009846875222742657
CNN LSTM,static,2025-12-17,1.0,0.014469441341139698
CNN LSTM,static,2025-12-18,1.0,0.0005592957017088729
CNN LSTM,static,2025-12-19,1.0,0.013602898643957362
CNN LSTM,static,2025-12-22,1.0,-0.0003676542135855332
CNN LSTM,static,2025-12-23,1.0,0.007080428901760084
CNN LSTM,static,2025-12-24,1.0,0.004108845660450777
CNN LSTM,static,2025-12-26,1.0,0.04874058965293271
CNN LSTM,static,2025-12-29,1.0,-0.047862658990854956
CNN LSTM,static,2025-12-30,-1.0,-0.04336546575148905
CNN LSTM,static,2025-12-31,-1.0,0.017023107474725352
CNN LSTM,static,2026-01-02,-1.0,-0.001776154856378831
CNN LSTM,static,2026-01-05,1.0,0.05024328524915209
CNN LSTM,static,2026-01-06,1.0,0.014515987143868259
CNN LSTM,static,2026-01-07,-1.0,0.03332465526985782
CNN LSTM,static,2026-01-08,1.0,-0.010959166781860619
CNN LSTM,static,2026-01-09,-1.0,-0.019168103315796013
CNN LSTM,static,2026-01-12,1.0,0.021915943534925632
CNN LSTM,static,2026-01-13,-1.0,0.002306322972117614
CNN LSTM,static,2026-01-14,1.0,0.006332669296965388
CNN LSTM,static,2026-01-15,1.0,-0.010151418219607966
CNN LSTM,static,2026-01-16,1.0,-0.026815757111271044
CNN LSTM,static,2026-01-20,-1.0,0.002477735011488269
CNN LSTM,static,2026-01-21,-1.0,0.0075350681407182485
CNN LSTM,static,2026-01-22,1.0,0.0020689609668471443
CNN LSTM,static,2026-01-23,1.0,0.02934261238680569
CNN LSTM,static,2026-01-26,1.0,0.012349929595729003
CNN LSTM,static,2026-01-27,1.0,-0.02598603052044579
CNN LSTM,static,2026-01-28,-1.0,-0.011180549362894499
CNN LSTM,static,2026-01-29,-1.0,-0.04802715248787215
CNN LSTM,static,2026-01-30,-1.0,0.04509757653524116
CNN LSTM,static,2026-02-02,1.0,-0.01639467441530442
CNN LSTM,static,2026-02-03,-1.0,-0.04518839324983006
CNN LSTM,static,2026-02-04,-1.0,0.03901027404155932
CNN LSTM,static,2026-02-05,-1.0,0.004634470692767567
CNN LSTM,static,2026-02-06,-1.0,-0.011122664986156217
CNN LSTM,static,2026-02-09,-1.0,-0.01389955687934874
CNN LSTM,static,2026-02-10,-1.0,0.008242264390114884
CNN LSTM,static,2026-02-11,-1.0,-0.00898914079377544
CNN LSTM,static,2026-02-12,-1.0,0.02992099123137404
CNN LSTM,static,2026-02-13,-1.0,-0.003725543401023046
CNN LSTM,static,2026-02-17,-1.0,0.02753562737075732
CNN LSTM,static,2026-02-18,-1.0,-0.028492819550103743
CNN LSTM,static,2026-02-19,1.0,-0.01116054683802683
CNN LSTM,static,2026-02-20,1.0,0.01762649769932323
CNN LSTM,static,2026-02-23,-1.0,0.009746851177818905
CNN LSTM,static,2026-02-24,1.0,0.02578304200809154
CNN LSTM,static,2026-02-25,1.0,0.009539078065965212
CNN LSTM,static,2026-02-26,1.0,-0.005435202138450612
CNN LSTM,static,2026-02-27,1.0,0.009468721254565193
CNN LSTM,static,2026-03-02,-1.0,0.018119616141515783
CNN LSTM,static,2026-03-03,1.0,-0.020727579543915707
CNN LSTM,static,2026-03-04,1.0,0.014116229997471974
CNN LSTM,static,2026-03-05,1.0,-0.0174210480237319
CNN LSTM,static,2026-03-06,1.0,0.000695321931401871
CNN LSTM,static,2026-03-09,1.0,0.007556009523159491
CNN LSTM,static,2026-03-10,1.0,0.01784327055792545
CNN LSTM,static,2026-03-11,1.0,-0.00990850525195297
CNN LSTM,static,2026-03-12,1.0,-0.0035924913993112813
CNN LSTM,static,2026-03-13,1.0,-0.018885763916121068
CNN LSTM,static,2026-03-16,1.0,0.013299538766748498
CNN LSTM,static,2026-03-17,1.0,-0.011052608218068527
CNN LSTM,static,2026-03-18,1.0,-0.030123134983010336
CNN LSTM,static,2026-03-19,1.0,-0.021786066842027774
CNN LSTM,static,2026-03-20,1.0,-0.01665744091076682
CNN LSTM,static,2026-03-23,1.0,0.018156226752237048
CNN LSTM,static,2026-03-24,1.0,-0.003125236139374765
CNN LSTM,static,2026-03-25,1.0,0.019640326291151533
CNN LSTM,static,2026-03-26,1.0,-0.014921321003698806
CNN LSTM,static,2026-03-27,1.0,0.003763918803992628
CNN LSTM,static,2026-03-30,1.0,0.0016462089832387508
CNN LSTM,static,2026-03-31,1.0,0.020361626484978634
CNN LSTM,static,2026-04-01,-1.0,-0.00673243427093253
CNN LSTM,static,2026-04-02,-1.0,0.010846349486870133
CNN LSTM,static,2026-04-06,-1.0,-0.0036850090820204073
CNN LSTM,static,2026-04-07,-1.0,0.006984872386811114
CNN LSTM,static,2026-04-08,-1.0,-0.03877719496245979
CNN LSTM,static,2026-04-09,-1.0,0.0019966805609978877
CNN LSTM,static,2026-04-10,-1.0,-0.021311750120080353
CNN LSTM,static,2026-04-13,-1.0,-0.017971168186445396
CNN LSTM,static,2026-04-14,-1.0,-0.01581326430790786
CNN LSTM,static,2026-04-15,-1.0,-0.00024711798454157835
CNN LSTM,static,2026-04-16,-1.0,0.0009057707112199997
CNN LSTM,static,2026-04-17,-1.0,-0.006099019420354956
CNN LSTM,static,2026-04-20,-1.0,0.011059247262121819
CNN LSTM,static,2026-04-21,-1.0,0.00571564720337292
CNN LSTM,static,2026-04-22,-1.0,-0.019745022627418285
CNN LSTM,static,2026-04-23,-1.0,0.007271221396587535
CNN LSTM,static,2026-04-24,-1.0,0.008558973858681207
CNN LSTM,static,2026-04-27,-1.0,0.0009130638024508198
CNN LSTM,static,2026-04-28,-1.0,0.017198386043329905
CNN LSTM,static,2026-04-29,-1.0,0.006086778312694108
CNN LSTM,static,2026-04-30,-1.0,-0.008280315324946908
ARMA,rcs,2025-07-02,0.5,0.009953992850087351
ARMA,rcs,2025-07-03,-0.5,0.004949528460018826
ARMA,rcs,2025-07-04,0.5,-0.0078006345853902205
ARMA,rcs,2025-07-07,0.5,-0.00338745849350236
ARMA,rcs,2025-07-08,0.5,0.06625539760155064
ARMA,rcs,2025-07-09,-0.0,-5e-05
ARMA,rcs,2025-07-10,0.0,0.0
ARMA,rcs,2025-07-11,-0.0,-0.0
ARMA,rcs,2025-07-14,0.0,-0.0
ARMA,rcs,2025-07-15,0.0,0.0
ARMA,rcs,2025-07-16,0.0,-0.0
ARMA,rcs,2025-07-17,0.0,-0.0
ARMA,rcs,2025-07-18,0.0,0.0
ARMA,rcs,2025-07-21,-0.0,-0.0
ARMA,rcs,2025-07-22,0.0,0.0
ARMA,rcs,2025-07-23,-0.0,-0.0
ARMA,rcs,2025-07-24,-0.0,0.0
ARMA,rcs,2025-07-25,0.0,-0.0
ARMA,rcs,2025-07-28,0.0,-0.0
ARMA,rcs,2025-07-29,0.0,0.0
ARMA,rcs,2025-07-30,0.0,-0.0
ARMA,rcs,2025-07-31,0.0,-0.0
ARMA,rcs,2025-08-01,0.0,0.0
ARMA,rcs,2025-08-04,-0.0,-0.0
ARMA,rcs,2025-08-05,0.0,-0.0
ARMA,rcs,2025-08-06,0.0,0.0
ARMA,rcs,2025-08-07,0.0,-0.0
ARMA,rcs,2025-08-08,0.0,0.0
ARMA,rcs,2025-08-11,-0.0,0.0
ARMA,rcs,2025-08-12,0.0,0.0
ARMA,rcs,2025-08-13,-0.0,0.0
ARMA,rcs,2025-08-14,0.0,-0.0
ARMA,rcs,2025-08-15,0.0,0.0
ARMA,rcs,2025-08-18,0.0,-0.0
ARMA,rcs,2025-08-19,0.0,-0.0
ARMA,rcs,2025-08-20,0.0,0.0
ARMA,rcs,2025-08-21,0.0,0.0
ARMA,rcs,2025-08-22,0.0,0.0
ARMA,rcs,2025-08-25,0.0,0.0
ARMA,rcs,2025-08-26,0.0,-0.0
ARMA,rcs,2025-08-27,0.0,-0.0
ARMA,rcs,2025-08-28,0.0,0.0
ARMA,rcs,2025-08-29,-0.0,-0.0
ARMA,rcs,2025-09-02,1.0,0.011186958046876628
ARMA,rcs,2025-09-03,1.0,-0.002407299808743324
ARMA,rcs,2025-09-04,-1.0,0.015265591728420435
ARMA,rcs,2025-09-05,-1.0,0.0012254545199552602
ARMA,rcs,2025-09-08,1.0,0.0015846953412186116
ARMA,rcs,2025-09-09,1.0,0.002338259500294093
ARMA,rcs,2025-09-10,-1.0,-0.011086528327740175
ARMA,rcs,2025-09-11,-1.0,-0.008901029779579961
ARMA,rcs,2025-09-12,1.0,-0.000635650821192679
ARMA,rcs,2025-09-15,1.0,0.014601702501418012
ARMA,rcs,2025-09-16,-1.0,0.004633001495090139
ARMA,rcs,2025-09-17,-1.0,0.01338221437499898
ARMA,rcs,2025-09-18,1.0,-0.006763161049529919
ARMA,rcs,2025-09-19,1.0,0.0061660159902687806
ARMA,rcs,2025-09-22,-1.0,-0.0010755060459384457
ARMA,rcs,2025-09-23,-1.0,-0.0025147347167067124
ARMA,rcs,2025-09-24,1.0,0.036445267153111006
ARMA,rcs,2025-09-25,0.5,-0.005573434752573941
ARMA,rcs,2025-09-26,0.5,0.0016489435418695075
ARMA,rcs,2025-09-29,-0.5,-0.013407200236219118
ARMA,rcs,2025-09-30,-0.5,0.003718265975448165
ARMA,rcs,2025-10-01,0.5,0.0025535170090946638
ARMA,rcs,2025-10-02,0.5,0.006986816669567242
ARMA,rcs,2025-10-03,-0.5,-0.016433231112214407
ARMA,rcs,2025-10-06,-0.5,0.007018594103453291
ARMA,rcs,2025-10-07,0.5,0.006015888353747212
ARMA,rcs,2025-10-08,0.5,-0.000198083904261126
ARMA,rcs,2025-10-09,-0.5,-0.0030231081655859413
ARMA,rcs,2025-10-10,-0.5,0.022362352083479142
ARMA,rcs,2025-10-13,0.0,-5e-05
ARMA,rcs,2025-10-14,0.0,-0.0
ARMA,rcs,2025-10-15,-0.0,0.0
ARMA,rcs,2025-10-16,-0.0,0.0
ARMA,rcs,2025-10-17,0.0,-0.0
ARMA,rcs,2025-10-20,0.0,0.0
ARMA,rcs,2025-10-21,-0.0,0.0
ARMA,rcs,2025-10-22,-0.0,-0.0
ARMA,rcs,2025-10-23,0.0,0.0
ARMA,rcs,2025-10-24,-0.0,-0.0
ARMA,rcs,2025-10-27,-0.0,-0.0
ARMA,rcs,2025-10-28,-0.0,-0.0
ARMA,rcs,2025-10-29,0.0,0.0
ARMA,rcs,2025-10-30,-0.0,0.0
ARMA,rcs,2025-10-31,0.0,-0.0
ARMA,rcs,2025-11-03,0.0,-0.0
ARMA,rcs,2025-11-04,0.0,-0.0
ARMA,rcs,2025-11-05,-0.0,-0.0
ARMA,rcs,2025-11-06,-0.0,0.0
ARMA,rcs,2025-11-07,0.0,-0.0
ARMA,rcs,2025-11-10,0.0,0.0
ARMA,rcs,2025-11-11,-0.0,0.0
ARMA,rcs,2025-11-12,-0.0,-0.0
ARMA,rcs,2025-11-13,0.5,-0.00024646871608125507
ARMA,rcs,2025-11-14,0.5,-0.0037346541620830176
ARMA,rcs,2025-11-17,-0.5,0.004801474271521322
ARMA,rcs,2025-11-18,0.5,-0.003849990463256858
ARMA,rcs,2025-11-19,0.5,0.004584362797112829
ARMA,rcs,2025-11-20,-0.5,0.004742258589519865
ARMA,rcs,2025-11-21,-0.5,-0.004940040814070068
ARMA,rcs,2025-11-24,0.5,-0.004742128888172115
ARMA,rcs,2025-11-25,0.5,0.003778708730329261
ARMA,rcs,2025-11-26,-0.5,-0.010601052437210667
ARMA,rcs,2025-11-28,-0.5,-0.008034208146689991
ARMA,rcs,2025-12-01,-0.5,-0.0032301337167034427
ARMA,rcs,2025-12-02,0.5,-0.005656628594003688
ARMA,rcs,2025-12-03,0.5,0.014241457005981784
ARMA,rcs,2025-12-04,-0.5,0.0014542573391642555
ARMA,rcs,2025-12-05,-0.5,-0.00855143875686215
ARMA,rcs,2025-12-08,0.5,-0.0017257825906061397
ARMA,rcs,2025-12-09,0.5,-0.011557467743604277
ARMA,rcs,2025-12-10,0.5,0.003339361472230795
ARMA,rcs,2025-12-11,-0.5,-0.014458850366406716
ARMA,rcs,2025-12-12,-0.5,0.013220918556881844
ARMA,rcs,2025-12-15,0.0,-5e-05
ARMA,rcs,2025-12-16,0.0,-0.0
ARMA,rcs,2025-12-17,-0.0,-0.0
ARMA,rcs,2025-12-18,-0.0,-0.0
ARMA,rcs,2025-12-19,0.0,0.0
ARMA,rcs,2025-12-22,0.0,-0.0
ARMA,rcs,2025-12-23,-0.0,-0.0
ARMA,rcs,2025-12-24,-0.0,-0.0
ARMA,rcs,2025-12-26,0.5,0.024320294826466353
ARMA,rcs,2025-12-29,-0.0,-5e-05
ARMA,rcs,2025-12-30,0.0,0.0
ARMA,rcs,2025-12-31,-0.0,0.0
ARMA,rcs,2026-01-02,0.0,0.0
ARMA,rcs,2026-01-05,0.0,0.0
ARMA,rcs,2026-01-06,-0.0,-0.0
ARMA,rcs,2026-01-07,-0.0,0.0
ARMA,rcs,2026-01-08,0.0,-0.0
ARMA,rcs,2026-01-09,0.0,0.0
ARMA,rcs,2026-01-12,-0.0,-0.0
ARMA,rcs,2026-01-13,-0.0,0.0
ARMA,rcs,2026-01-14,0.0,0.0
ARMA,rcs,2026-01-15,-0.0,0.0
ARMA,rcs,2026-01-16,0.0,-0.0
ARMA,rcs,2026-01-20,0.0,-0.0
ARMA,rcs,2026-01-21,0.0,-0.0
ARMA,rcs,2026-01-22,0.0,0.0
ARMA,rcs,2026-01-23,0.0,0.0
ARMA,rcs,2026-01-26,-0.0,-0.0
ARMA,rcs,2026-01-27,-0.0,0.0
ARMA,rcs,2026-01-28,0.0,0.0
ARMA,rcs,2026-01-29,-0.0,-0.0
ARMA,rcs,2026-01-30,-0.0,0.0
ARMA,rcs,2026-02-02,0.0,-0.0
ARMA,rcs,2026-02-03,0.0,0.0
ARMA,rcs,2026-02-04,-0.0,0.0
ARMA,rcs,2026-02-05,0.0,-0.0
ARMA,rcs,2026-02-06,0.0,0.0
ARMA,rcs,2026-02-09,-0.0,-0.0
ARMA,rcs,2026-02-10,-0.0,0.0
ARMA,rcs,2026-02-11,0.0,0.0
ARMA,rcs,2026-02-12,-0.0,0.0
ARMA,rcs,2026-02-13,0.0,0.0
ARMA,rcs,2026-02-17,0.0,-0.0
ARMA,rcs,2026-02-18,0.0,0.0
ARMA,rcs,2026-02-19,-0.0,0.0
ARMA,rcs,2026-02-20,0.0,0.0
ARMA,rcs,2026-02-23,-0.0,0.0
ARMA,rcs,2026-02-24,0.0,0.0
ARMA,rcs,2026-02-25,-0.0,-0.0
ARMA,rcs,2026-02-26,-0.0,0.0
ARMA,rcs,2026-02-27,0.0,0.0
ARMA,rcs,2026-03-02,-0.0,0.0
ARMA,rcs,2026-03-03,0.0,-0.0
ARMA,rcs,2026-03-04,0.0,0.0
ARMA,rcs,2026-03-05,-0.0,0.0
ARMA,rcs,2026-03-06,-0.0,-0.0
ARMA,rcs,2026-03-09,0.0,0.0
ARMA,rcs,2026-03-10,0.0,0.0
ARMA,rcs,2026-03-11,-0.0,0.0
ARMA,rcs,2026-03-12,0.0,-0.0
ARMA,rcs,2026-03-13,0.0,-0.0
ARMA,rcs,2026-03-16,0.0,0.0
ARMA,rcs,2026-03-17,-0.0,0.0
ARMA,rcs,2026-03-18,-0.0,0.0
ARMA,rcs,2026-03-19,0.0,-0.0
ARMA,rcs,2026-03-20,0.0,-0.0
ARMA,rcs,2026-03-23,-0.0,-0.0
ARMA,rcs,2026-03-24,-0.0,0.0
ARMA,rcs,2026-03-25,0.0,0.0
ARMA,rcs,2026-03-26,0.0,-0.0
ARMA,rcs,2026-03-27,-0.0,-0.0
ARMA,rcs,2026-03-30,-0.0,-0.0
ARMA,rcs,2026-03-31,0.0,0.0
ARMA,rcs,2026-04-01,0.0,0.0
ARMA,rcs,2026-04-02,-0.0,0.0
ARMA,rcs,2026-04-06,0.0,0.0
ARMA,rcs,2026-04-07,0.5,-0.003542436193405557
ARMA,rcs,2026-04-08,0.5,0.019388597481229897
ARMA,rcs,2026-04-09,-0.0,-5e-05
ARMA,rcs,2026-04-10,0.0,0.0
ARMA,rcs,2026-04-13,0.0,0.0
ARMA,rcs,2026-04-14,-0.0,-0.0
ARMA,rcs,2026-04-15,-0.0,-0.0
ARMA,rcs,2026-04-16,0.0,-0.0
ARMA,rcs,2026-04-17,0.0,0.0
ARMA,rcs,2026-04-20,-0.0,0.0
ARMA,rcs,2026-04-21,-0.5,0.00280782360168646
ARMA,rcs,2026-04-22,0.5,0.009772511313709143
ARMA,rcs,2026-04-23,-0.5,0.0035356106982937677
ARMA,rcs,2026-04-24,-0.5,0.0042794869293406035
ARMA,rcs,2026-04-27,0.5,-0.0005565319012254099
ARMA,rcs,2026-04-28,0.5,-0.008599193021664953
ARMA,rcs,2026-04-29,0.5,-0.003043389156347054
ARMA,rcs,2026-04-30,0.5,0.003940157662473453
Decision Tree,rcs,2025-07-02,0.5,0.009953992850087351
Decision Tree,rcs,2025-07-03,0.5,-0.005049528460018826
Decision Tree,rcs,2025-07-04,0.5,-0.00770063458539022
Decision Tree,rcs,2025-07-07,0.5,-0.00338745849350236
Decision Tree,rcs,2025-07-08,0.5,0.06625539760155064
Decision Tree,rcs,2025-07-09,0.0,-5e-05
Decision Tree,rcs,2025-07-10,0.0,0.0
Decision Tree,rcs,2025-07-11,0.0,0.0
Decision Tree,rcs,2025-07-14,0.0,-0.0
Decision Tree,rcs,2025-07-15,0.0,0.0
Decision Tree,rcs,2025-07-16,0.0,-0.0
Decision Tree,rcs,2025-07-17,0.0,-0.0
Decision Tree,rcs,2025-07-18,0.0,0.0
Decision Tree,rcs,2025-07-21,0.0,0.0
Decision Tree,rcs,2025-07-22,0.0,0.0
Decision Tree,rcs,2025-07-23,0.0,0.0
Decision Tree,rcs,2025-07-24,0.0,-0.0
Decision Tree,rcs,2025-07-25,0.0,-0.0
Decision Tree,rcs,2025-07-28,0.0,-0.0
Decision Tree,rcs,2025-07-29,0.0,0.0
Decision Tree,rcs,2025-07-30,0.0,-0.0
Decision Tree,rcs,2025-07-31,0.0,-0.0
Decision Tree,rcs,2025-08-01,0.0,0.0
Decision Tree,rcs,2025-08-04,0.0,0.0
Decision Tree,rcs,2025-08-05,0.0,-0.0
Decision Tree,rcs,2025-08-06,0.0,0.0
Decision Tree,rcs,2025-08-07,0.0,-0.0
Decision Tree,rcs,2025-08-08,0.0,0.0
Decision Tree,rcs,2025-08-11,0.0,-0.0
Decision Tree,rcs,2025-08-12,0.0,0.0
Decision Tree,rcs,2025-08-13,0.0,-0.0
Decision Tree,rcs,2025-08-14,0.0,-0.0
Decision Tree,rcs,2025-08-15,0.0,0.0
Decision Tree,rcs,2025-08-18,0.0,-0.0
Decision Tree,rcs,2025-08-19,0.0,-0.0
Decision Tree,rcs,2025-08-20,0.0,0.0
Decision Tree,rcs,2025-08-21,0.0,0.0
Decision Tree,rcs,2025-08-22,0.0,0.0
Decision Tree,rcs,2025-08-25,0.0,0.0
Decision Tree,rcs,2025-08-26,0.0,-0.0
Decision Tree,rcs,2025-08-27,0.0,-0.0
Decision Tree,rcs,2025-08-28,0.0,0.0
Decision Tree,rcs,2025-08-29,0.0,0.0
Decision Tree,rcs,2025-09-02,1.0,0.011186958046876628
Decision Tree,rcs,2025-09-03,1.0,-0.002407299808743324
Decision Tree,rcs,2025-09-04,1.0,-0.015465591728420436
Decision Tree,rcs,2025-09-05,1.0,-0.0012254545199552602
Decision Tree,rcs,2025-09-08,1.0,0.0017846953412186117
Decision Tree,rcs,2025-09-09,1.0,0.002338259500294093
Decision Tree,rcs,2025-09-10,1.0,0.010886528327740175
Decision Tree,rcs,2025-09-11,1.0,0.008901029779579961
Decision Tree,rcs,2025-09-12,1.0,-0.00043565082119267906
Decision Tree,rcs,2025-09-15,1.0,0.014601702501418012
Decision Tree,rcs,2025-09-16,1.0,-0.004833001495090139
Decision Tree,rcs,2025-09-17,1.0,-0.01338221437499898
Decision Tree,rcs,2025-09-18,1.0,-0.00656316104952992
Decision Tree,rcs,2025-09-19,1.0,0.0061660159902687806
Decision Tree,rcs,2025-09-22,1.0,0.0008755060459384456
Decision Tree,rcs,2025-09-23,1.0,0.0025147347167067124
Decision Tree,rcs,2025-09-24,1.0,0.036645267153111005
Decision Tree,rcs,2025-09-25,0.5,-0.005573434752573941
Decision Tree,rcs,2025-09-26,0.5,0.0016489435418695075
Decision Tree,rcs,2025-09-29,0.5,0.013307200236219119
Decision Tree,rcs,2025-09-30,0.5,-0.003718265975448165
Decision Tree,rcs,2025-10-01,0.5,0.0026535170090946636
Decision Tree,rcs,2025-10-02,0.5,0.006986816669567242
Decision Tree,rcs,2025-10-03,0.5,0.016333231112214408
Decision Tree,rcs,2025-10-06,0.5,-0.007018594103453291
Decision Tree,rcs,2025-10-07,0.5,0.006115888353747212
Decision Tree,rcs,2025-10-08,0.5,-0.000198083904261126
Decision Tree,rcs,2025-10-09,0.5,0.0029231081655859414
Decision Tree,rcs,2025-10-10,0.5,-0.022362352083479142
Decision Tree,rcs,2025-10-13,0.0,-5e-05
Decision Tree,rcs,2025-10-14,0.0,-0.0
Decision Tree,rcs,2025-10-15,0.0,-0.0
Decision Tree,rcs,2025-10-16,0.0,-0.0
Decision Tree,rcs,2025-10-17,0.0,-0.0
Decision Tree,rcs,2025-10-20,0.0,0.0
Decision Tree,rcs,2025-10-21,0.0,-0.0
Decision Tree,rcs,2025-10-22,0.0,0.0
Decision Tree,rcs,2025-10-23,0.0,0.0
Decision Tree,rcs,2025-10-24,0.0,0.0
Decision Tree,rcs,2025-10-27,0.0,0.0
Decision Tree,rcs,2025-10-28,0.0,0.0
Decision Tree,rcs,2025-10-29,0.0,0.0
Decision Tree,rcs,2025-10-30,0.0,-0.0
Decision Tree,rcs,2025-10-31,0.0,-0.0
Decision Tree,rcs,2025-11-03,0.0,-0.0
Decision Tree,rcs,2025-11-04,0.0,-0.0
Decision Tree,rcs,2025-11-05,0.0,0.0
Decision Tree,rcs,2025-11-06,0.0,-0.0
Decision Tree,rcs,2025-11-07,0.0,-0.0
Decision Tree,rcs,2025-11-10,0.0,0.0
Decision Tree,rcs,2025-11-11,0.0,-0.0
Decision Tree,rcs,2025-11-12,0.0,0.0
Decision Tree,rcs,2025-11-13,0.5,-0.00024646871608125507
Decision Tree,rcs,2025-11-14,0.5,-0.0037346541620830176
Decision Tree,rcs,2025-11-17,0.5,-0.004901474271521322
Decision Tree,rcs,2025-11-18,0.5,-0.003749990463256858
Decision Tree,rcs,2025-11-19,0.5,0.004584362797112829
Decision Tree,rcs,2025-11-20,0.5,-0.0048422585895198655
Decision Tree,rcs,2025-11-21,0.5,0.004940040814070068
Decision Tree,rcs,2025-11-24,0.5,-0.0046421288881721146
Decision Tree,rcs,2025-11-25,0.5,0.003778708730329261
Decision Tree,rcs,2025-11-26,0.5,0.010501052437210667
Decision Tree,rcs,2025-11-28,0.5,0.007834208146689992
Decision Tree,rcs,2025-12-01,0.5,0.0032301337167034427
Decision Tree,rcs,2025-12-02,0.5,-0.0055566285940036875
Decision Tree,rcs,2025-12-03,0.5,0.014241457005981784
Decision Tree,rcs,2025-12-04,0.5,-0.0015542573391642556
Decision Tree,rcs,2025-12-05,0.5,0.00855143875686215
Decision Tree,rcs,2025-12-08,0.5,-0.0016257825906061396
Decision Tree,rcs,2025-12-09,0.5,-0.011557467743604277
Decision Tree,rcs,2025-12-10,0.5,0.003339361472230795
Decision Tree,rcs,2025-12-11,0.5,0.014358850366406717
Decision Tree,rcs,2025-12-12,0.5,-0.013220918556881844
Decision Tree,rcs,2025-12-15,0.0,-5e-05
Decision Tree,rcs,2025-12-16,0.0,-0.0
Decision Tree,rcs,2025-12-17,0.0,0.0
Decision Tree,rcs,2025-12-18,0.0,0.0
Decision Tree,rcs,2025-12-19,0.0,0.0
Decision Tree,rcs,2025-12-22,0.0,-0.0
Decision Tree,rcs,2025-12-23,0.0,0.0
Decision Tree,rcs,2025-12-24,0.0,0.0
Decision Tree,rcs,2025-12-26,0.5,0.024320294826466353
Decision Tree,rcs,2025-12-29,0.0,-5e-05
Decision Tree,rcs,2025-12-30,0.0,0.0
Decision Tree,rcs,2025-12-31,0.0,-0.0
Decision Tree,rcs,2026-01-02,-0.0,-0.0
Decision Tree,rcs,2026-01-05,0.0,0.0
Decision Tree,rcs,2026-01-06,0.0,0.0
Decision Tree,rcs,2026-01-07,0.0,-0.0
Decision Tree,rcs,2026-01-08,0.0,-0.0
Decision Tree,rcs,2026-01-09,0.0,0.0
Decision Tree,rcs,2026-01-12,0.0,0.0
Decision Tree,rcs,2026-01-13,0.0,-0.0
Decision Tree,rcs,2026-01-14,0.0,0.0
Decision Tree,rcs,2026-01-15,0.0,-0.0
Decision Tree,rcs,2026-01-16,0.0,-0.0
Decision Tree,rcs,2026-01-20,0.0,-0.0
Decision Tree,rcs,2026-01-21,0.0,-0.0
Decision Tree,rcs,2026-01-22,0.0,0.0
Decision Tree,rcs,2026-01-23,0.0,0.0
Decision Tree,rcs,2026-01-26,0.0,0.0
Decision Tree,rcs,2026-01-27,0.0,-0.0
Decision Tree,rcs,2026-01-28,-0.0,-0.0
Decision Tree,rcs,2026-01-29,0.0,0.0
Decision Tree,rcs,2026-01-30,0.0,-0.0
Decision Tree,rcs,2026-02-02,-0.0,0.0
Decision Tree,rcs,2026-02-03,0.0,0.0
Decision Tree,rcs,2026-02-04,0.0,-0.0
Decision Tree,rcs,2026-02-05,0.0,-0.0
Decision Tree,rcs,2026-02-06,-0.0,-0.0
Decision Tree,rcs,2026-02-09,0.0,0.0
Decision Tree,rcs,2026-02-10,0.0,-0.0
Decision Tree,rcs,2026-02-11,0.0,0.0
Decision Tree,rcs,2026-02-12,0.0,-0.0
Decision Tree,rcs,2026-02-13,-0.0,-0.0
Decision Tree,rcs,2026-02-17,0.0,-0.0
Decision Tree,rcs,2026-02-18,0.0,0.0
Decision Tree,rcs,2026-02-19,0.0,-0.0
Decision Tree,rcs,2026-02-20,0.0,0.0
Decision Tree,rcs,2026-02-23,0.0,-0.0
Decision Tree,rcs,2026-02-24,0.0,0.0
Decision Tree,rcs,2026-02-25,0.0,0.0
Decision Tree,rcs,2026-02-26,0.0,-0.0
Decision Tree,rcs,2026-02-27,0.0,0.0
Decision Tree,rcs,2026-03-02,0.0,-0.0
Decision Tree,rcs,2026-03-03,-0.0,0.0
Decision Tree,rcs,2026-03-04,0.0,0.0
Decision Tree,rcs,2026-03-05,0.0,-0.0
Decision Tree,rcs,2026-03-06,0.0,0.0
Decision Tree,rcs,2026-03-09,0.0,0.0
Decision Tree,rcs,2026-03-10,0.0,0.0
Decision Tree,rcs,2026-03-11,0.0,-0.0
Decision Tree,rcs,2026-03-12,0.0,-0.0
Decision Tree,rcs,2026-03-13,0.0,-0.0
Decision Tree,rcs,2026-03-16,0.0,0.0
Decision Tree,rcs,2026-03-17,0.0,-0.0
Decision Tree,rcs,2026-03-18,0.0,-0.0
Decision Tree,rcs,2026-03-19,0.0,-0.0
Decision Tree,rcs,2026-03-20,0.0,-0.0
Decision Tree,rcs,2026-03-23,0.0,0.0
Decision Tree,rcs,2026-03-24,0.0,-0.0
Decision Tree,rcs,2026-03-25,0.0,0.0
Decision Tree,rcs,2026-03-26,0.0,-0.0
Decision Tree,rcs,2026-03-27,0.0,0.0
Decision Tree,rcs,2026-03-30,0.0,0.0
Decision Tree,rcs,2026-03-31,0.0,0.0
Decision Tree,rcs,2026-04-01,0.0,0.0
Decision Tree,rcs,2026-04-02,0.0,-0.0
Decision Tree,rcs,2026-04-06,0.0,0.0
Decision Tree,rcs,2026-04-07,0.5,-0.003542436193405557
Decision Tree,rcs,2026-04-08,0.5,0.019388597481229897
Decision Tree,rcs,2026-04-09,0.0,-5e-05
Decision Tree,rcs,2026-04-10,0.0,0.0
Decision Tree,rcs,2026-04-13,0.0,0.0
Decision Tree,rcs,2026-04-14,0.0,0.0
Decision Tree,rcs,2026-04-15,0.0,0.0
Decision Tree,rcs,2026-04-16,0.0,-0.0
Decision Tree,rcs,2026-04-17,0.0,0.0
Decision Tree,rcs,2026-04-20,0.0,-0.0
Decision Tree,rcs,2026-04-21,0.5,-0.00290782360168646
Decision Tree,rcs,2026-04-22,0.5,0.009872511313709142
Decision Tree,rcs,2026-04-23,0.5,-0.0036356106982937675
Decision Tree,rcs,2026-04-24,0.5,-0.0042794869293406035
Decision Tree,rcs,2026-04-27,0.5,-0.0004565319012254099
Decision Tree,rcs,2026-04-28,0.5,-0.008599193021664953
Decision Tree,rcs,2026-04-29,0.5,-0.003043389156347054
Decision Tree,rcs,2026-04-30,0.5,0.003940157662473453
Random Forest,rcs,2025-07-02,0.5,0.009953992850087351
Random Forest,rcs,2025-07-03,0.5,-0.005049528460018826
Random Forest,rcs,2025-07-04,0.5,-0.00770063458539022
Random Forest,rcs,2025-07-07,0.5,-0.00338745849350236
Random Forest,rcs,2025-07-08,0.5,0.06625539760155064
Random Forest,rcs,2025-07-09,-0.0,-5e-05
Random Forest,rcs,2025-07-10,-0.0,-0.0
Random Forest,rcs,2025-07-11,-0.0,-0.0
Random Forest,rcs,2025-07-14,-0.0,0.0
Random Forest,rcs,2025-07-15,-0.0,-0.0
Random Forest,rcs,2025-07-16,0.0,-0.0
Random Forest,rcs,2025-07-17,0.0,-0.0
Random Forest,rcs,2025-07-18,0.0,0.0
Random Forest,rcs,2025-07-21,0.0,0.0
Random Forest,rcs,2025-07-22,-0.0,-0.0
Random Forest,rcs,2025-07-23,-0.0,-0.0
Random Forest,rcs,2025-07-24,-0.0,0.0
Random Forest,rcs,2025-07-25,-0.0,0.0
Random Forest,rcs,2025-07-28,0.0,-0.0
Random Forest,rcs,2025-07-29,0.0,0.0
Random Forest,rcs,2025-07-30,0.0,-0.0
Random Forest,rcs,2025-07-31,0.0,-0.0
Random Forest,rcs,2025-08-01,0.0,0.0
Random Forest,rcs,2025-08-04,0.0,0.0
Random Forest,rcs,2025-08-05,0.0,-0.0
Random Forest,rcs,2025-08-06,0.0,0.0
Random Forest,rcs,2025-08-07,0.0,-0.0
Random Forest,rcs,2025-08-08,0.0,0.0
Random Forest,rcs,2025-08-11,0.0,-0.0
Random Forest,rcs,2025-08-12,0.0,0.0
Random Forest,rcs,2025-08-13,0.0,-0.0
Random Forest,rcs,2025-08-14,0.0,-0.0
Random Forest,rcs,2025-08-15,0.0,0.0
Random Forest,rcs,2025-08-18,0.0,-0.0
Random Forest,rcs,2025-08-19,0.0,-0.0
Random Forest,rcs,2025-08-20,0.0,0.0
Random Forest,rcs,2025-08-21,0.0,0.0
Random Forest,rcs,2025-08-22,0.0,0.0
Random Forest,rcs,2025-08-25,0.0,0.0
Random Forest,rcs,2025-08-26,0.0,-0.0
Random Forest,rcs,2025-08-27,0.0,-0.0
Random Forest,rcs,2025-08-28,0.0,0.0
Random Forest,rcs,2025-08-29,-0.0,-0.0
Random Forest,rcs,2025-09-02,1.0,0.011186958046876628
Random Forest,rcs,2025-09-03,1.0,-0.002407299808743324
Random Forest,rcs,2025-09-04,1.0,-0.015465591728420436
Random Forest,rcs,2025-09-05,1.0,-0.0012254545199552602
Random Forest,rcs,2025-09-08,1.0,0.0017846953412186117
Random Forest,rcs,2025-09-09,1.0,0.002338259500294093
Random Forest,rcs,2025-09-10,1.0,0.010886528327740175
Random Forest,rcs,2025-09-11,1.0,0.008901029779579961
Random Forest,rcs,2025-09-12,1.0,-0.00043565082119267906
Random Forest,rcs,2025-09-15,1.0,0.014601702501418012
Random Forest,rcs,2025-09-16,1.0,-0.004833001495090139
Random Forest,rcs,2025-09-17,1.0,-0.01338221437499898
Random Forest,rcs,2025-09-18,1.0,-0.00656316104952992
Random Forest,rcs,2025-09-19,1.0,0.0061660159902687806
Random Forest,rcs,2025-09-22,1.0,0.0008755060459384456
Random Forest,rcs,2025-09-23,1.0,0.0025147347167067124
Random Forest,rcs,2025-09-24,1.0,0.036645267153111005
Random Forest,rcs,2025-09-25,0.5,-0.005573434752573941
Random Forest,rcs,2025-09-26,0.5,0.0016489435418695075
Random Forest,rcs,2025-09-29,0.5,0.013307200236219119
Random Forest,rcs,2025-09-30,0.5,-0.003718265975448165
Random Forest,rcs,2025-10-01,0.5,0.0026535170090946636
Random Forest,rcs,2025-10-02,0.5,0.006986816669567242
Random Forest,rcs,2025-10-03,0.5,0.016333231112214408
Random Forest,rcs,2025-10-06,0.5,-0.007018594103453291
Random Forest,rcs,2025-10-07,0.5,0.006115888353747212
Random Forest,rcs,2025-10-08,0.5,-0.000198083904261126
Random Forest,rcs,2025-10-09,0.5,0.0029231081655859414
Random Forest,rcs,2025-10-10,0.5,-0.022362352083479142
Random Forest,rcs,2025-10-13,0.0,-5e-05
Random Forest,rcs,2025-10-14,-0.0,0.0
Random Forest,rcs,2025-10-15,-0.0,0.0
Random Forest,rcs,2025-10-16,0.0,-0.0
Random Forest,rcs,2025-10-17,0.0,-0.0
Random Forest,rcs,2025-10-20,0.0,0.0
Random Forest,rcs,2025-10-21,0.0,-0.0
Random Forest,rcs,2025-10-22,0.0,0.0
Random Forest,rcs,2025-10-23,0.0,0.0
Random Forest,rcs,2025-10-24,0.0,0.0
Random Forest,rcs,2025-10-27,-0.0,-0.0
Random Forest,rcs,2025-10-28,0.0,0.0
Random Forest,rcs,2025-10-29,0.0,0.0
Random Forest,rcs,2025-10-30,0.0,-0.0
Random Forest,rcs,2025-10-31,0.0,-0.0
Random Forest,rcs,2025-11-03,0.0,-0.0
Random Forest,rcs,2025-11-04,0.0,-0.0
Random Forest,rcs,2025-11-05,0.0,0.0
Random Forest,rcs,2025-11-06,0.0,-0.0
Random Forest,rcs,2025-11-07,0.0,-0.0
Random Forest,rcs,2025-11-10,0.0,0.0
Random Forest,rcs,2025-11-11,0.0,-0.0
Random Forest,rcs,2025-11-12,0.0,0.0
Random Forest,rcs,2025-11-13,0.5,-0.00024646871608125507
Random Forest,rcs,2025-11-14,0.5,-0.0037346541620830176
Random Forest,rcs,2025-11-17,0.5,-0.004901474271521322
Random Forest,rcs,2025-11-18,0.5,-0.003749990463256858
Random Forest,rcs,2025-11-19,0.5,0.004584362797112829
Random Forest,rcs,2025-11-20,0.5,-0.0048422585895198655
Random Forest,rcs,2025-11-21,0.5,0.004940040814070068
Random Forest,rcs,2025-11-24,0.5,-0.0046421288881721146
Random Forest,rcs,2025-11-25,0.5,0.003778708730329261
Random Forest,rcs,2025-11-26,0.5,0.010501052437210667
Random Forest,rcs,2025-11-28,0.5,0.007834208146689992
Random Forest,rcs,2025-12-01,0.5,0.0032301337167034427
Random Forest,rcs,2025-12-02,0.5,-0.0055566285940036875
Random Forest,rcs,2025-12-03,0.5,0.014241457005981784
Random Forest,rcs,2025-12-04,0.5,-0.0015542573391642556
Random Forest,rcs,2025-12-05,0.5,0.00855143875686215
Random Forest,rcs,2025-12-08,0.5,-0.0016257825906061396
Random Forest,rcs,2025-12-09,0.5,-0.011557467743604277
Random Forest,rcs,2025-12-10,0.5,0.003339361472230795
Random Forest,rcs,2025-12-11,0.5,0.014358850366406717
Random Forest,rcs,2025-12-12,0.5,-0.013220918556881844
Random Forest,rcs,2025-12-15,-0.0,-5e-05
Random Forest,rcs,2025-12-16,0.0,-0.0
Random Forest,rcs,2025-12-17,0.0,0.0
Random Forest,rcs,2025-12-18,0.0,0.0
Random Forest,rcs,2025-12-19,0.0,0.0
Random Forest,rcs,2025-12-22,0.0,-0.0
Random Forest,rcs,2025-12-23,0.0,0.0
Random Forest,rcs,2025-12-24,0.0,0.0
Random Forest,rcs,2025-12-26,0.5,0.024320294826466353
Random Forest,rcs,2025-12-29,-0.0,-5e-05
Random Forest,rcs,2025-12-30,-0.0,-0.0
Random Forest,rcs,2025-12-31,-0.0,0.0
Random Forest,rcs,2026-01-02,-0.0,-0.0
Random Forest,rcs,2026-01-05,0.0,0.0
Random Forest,rcs,2026-01-06,-0.0,-0.0
Random Forest,rcs,2026-01-07,0.0,-0.0
Random Forest,rcs,2026-01-08,0.0,-0.0
Random Forest,rcs,2026-01-09,0.0,0.0
Random Forest,rcs,2026-01-12,-0.0,-0.0
Random Forest,rcs,2026-01-13,0.0,-0.0
Random Forest,rcs,2026-01-14,0.0,0.0
Random Forest,rcs,2026-01-15,0.0,-0.0
Random Forest,rcs,2026-01-16,0.0,-0.0
Random Forest,rcs,2026-01-20,-0.0,0.0
Random Forest,rcs,2026-01-21,0.0,-0.0
Random Forest,rcs,2026-01-22,-0.0,-0.0
Random Forest,rcs,2026-01-23,0.0,0.0
Random Forest,rcs,2026-01-26,0.0,0.0
Random Forest,rcs,2026-01-27,-0.0,0.0
Random Forest,rcs,2026-01-28,-0.0,-0.0
Random Forest,rcs,2026-01-29,0.0,0.0
Random Forest,rcs,2026-01-30,-0.0,0.0
Random Forest,rcs,2026-02-02,-0.0,0.0
Random Forest,rcs,2026-02-03,0.0,0.0
Random Forest,rcs,2026-02-04,-0.0,0.0
Random Forest,rcs,2026-02-05,0.0,-0.0
Random Forest,rcs,2026-02-06,-0.0,-0.0
Random Forest,rcs,2026-02-09,-0.0,-0.0
Random Forest,rcs,2026-02-10,0.0,-0.0
Random Forest,rcs,2026-02-11,0.0,0.0
Random Forest,rcs,2026-02-12,-0.0,0.0
Random Forest,rcs,2026-02-13,-0.0,-0.0
Random Forest,rcs,2026-02-17,0.0,-0.0
Random Forest,rcs,2026-02-18,0.0,0.0
Random Forest,rcs,2026-02-19,0.0,-0.0
Random Forest,rcs,2026-02-20,0.0,0.0
Random Forest,rcs,2026-02-23,0.0,-0.0
Random Forest,rcs,2026-02-24,0.0,0.0
Random Forest,rcs,2026-02-25,0.0,0.0
Random Forest,rcs,2026-02-26,0.0,-0.0
Random Forest,rcs,2026-02-27,0.0,0.0
Random Forest,rcs,2026-03-02,-0.0,0.0
Random Forest,rcs,2026-03-03,-0.0,0.0
Random Forest,rcs,2026-03-04,0.0,0.0
Random Forest,rcs,2026-03-05,0.0,-0.0
Random Forest,rcs,2026-03-06,0.0,0.0
Random Forest,rcs,2026-03-09,0.0,0.0
Random Forest,rcs,2026-03-10,0.0,0.0
Random Forest,rcs,2026-03-11,0.0,-0.0
Random Forest,rcs,2026-03-12,0.0,-0.0
Random Forest,rcs,2026-03-13,0.0,-0.0
Random Forest,rcs,2026-03-16,0.0,0.0
Random Forest,rcs,2026-03-17,0.0,-0.0
Random Forest,rcs,2026-03-18,0.0,-0.0
Random Forest,rcs,2026-03-19,0.0,-0.0
Random Forest,rcs,2026-03-20,0.0,-0.0
Random Forest,rcs,2026-03-23,0.0,0.0
Random Forest,rcs,2026-03-24,0.0,-0.0
Random Forest,rcs,2026-03-25,0.0,0.0
Random Forest,rcs,2026-03-26,0.0,-0.0
Random Forest,rcs,2026-03-27,0.0,0.0
Random Forest,rcs,2026-03-30,0.0,0.0
Random Forest,rcs,2026-03-31,0.0,0.0
Random Forest,rcs,2026-04-01,0.0,0.0
Random Forest,rcs,2026-04-02,0.0,-0.0
Random Forest,rcs,2026-04-06,0.0,0.0
Random Forest,rcs,2026-04-07,0.5,-0.003542436193405557
Random Forest,rcs,2026-04-08,0.5,0.019388597481229897
Random Forest,rcs,2026-04-09,0.0,-5e-05
Random Forest,rcs,2026-04-10,0.0,0.0
Random Forest,rcs,2026-04-13,0.0,0.0
Random Forest,rcs,2026-04-14,0.0,0.0
Random Forest,rcs,2026-04-15,0.0,0.0
Random Forest,rcs,2026-04-16,0.0,-0.0
Random Forest,rcs,2026-04-17,0.0,0.0
Random Forest,rcs,2026-04-20,0.0,-0.0
Random Forest,rcs,2026-04-21,-0.5,0.00280782360168646
Random Forest,rcs,2026-04-22,-0.5,-0.009872511313709142
Random Forest,rcs,2026-04-23,-0.5,0.0036356106982937675
Random Forest,rcs,2026-04-24,0.5,-0.004379486929340604
Random Forest,rcs,2026-04-27,0.5,-0.0004565319012254099
Random Forest,rcs,2026-04-28,-0.5,0.008499193021664953
Random Forest,rcs,2026-04-29,0.5,-0.0031433891563470537
Random Forest,rcs,2026-04-30,0.5,0.003940157662473453
Gradient Boosting,rcs,2025-07-02,-0.5,-0.01005399285008735
Gradient Boosting,rcs,2025-07-03,0.5,-0.005149528460018826
Gradient Boosting,rcs,2025-07-04,0.5,-0.00770063458539022
Gradient Boosting,rcs,2025-07-07,0.5,-0.00338745849350236
Gradient Boosting,rcs,2025-07-08,0.5,0.06625539760155064
Gradient Boosting,rcs,2025-07-09,-0.0,-5e-05
Gradient Boosting,rcs,2025-07-10,-0.0,-0.0
Gradient Boosting,rcs,2025-07-11,-0.0,-0.0
Gradient Boosting,rcs,2025-07-14,-0.0,0.0
Gradient Boosting,rcs,2025-07-15,0.0,0.0
Gradient Boosting,rcs,2025-07-16,-0.0,0.0
Gradient Boosting,rcs,2025-07-17,0.0,-0.0
Gradient Boosting,rcs,2025-07-18,0.0,0.0
Gradient Boosting,rcs,2025-07-21,0.0,0.0
Gradient Boosting,rcs,2025-07-22,0.0,0.0
Gradient Boosting,rcs,2025-07-23,-0.0,-0.0
Gradient Boosting,rcs,2025-07-24,-0.0,0.0
Gradient Boosting,rcs,2025-07-25,-0.0,0.0
Gradient Boosting,rcs,2025-07-28,0.0,-0.0
Gradient Boosting,rcs,2025-07-29,0.0,0.0
Gradient Boosting,rcs,2025-07-30,0.0,-0.0
Gradient Boosting,rcs,2025-07-31,0.0,-0.0
Gradient Boosting,rcs,2025-08-01,0.0,0.0
Gradient Boosting,rcs,2025-08-04,0.0,0.0
Gradient Boosting,rcs,2025-08-05,0.0,-0.0
Gradient Boosting,rcs,2025-08-06,0.0,0.0
Gradient Boosting,rcs,2025-08-07,0.0,-0.0
Gradient Boosting,rcs,2025-08-08,0.0,0.0
Gradient Boosting,rcs,2025-08-11,0.0,-0.0
Gradient Boosting,rcs,2025-08-12,0.0,0.0
Gradient Boosting,rcs,2025-08-13,0.0,-0.0
Gradient Boosting,rcs,2025-08-14,0.0,-0.0
Gradient Boosting,rcs,2025-08-15,0.0,0.0
Gradient Boosting,rcs,2025-08-18,0.0,-0.0
Gradient Boosting,rcs,2025-08-19,0.0,-0.0
Gradient Boosting,rcs,2025-08-20,0.0,0.0
Gradient Boosting,rcs,2025-08-21,0.0,0.0
Gradient Boosting,rcs,2025-08-22,0.0,0.0
Gradient Boosting,rcs,2025-08-25,0.0,0.0
Gradient Boosting,rcs,2025-08-26,0.0,-0.0
Gradient Boosting,rcs,2025-08-27,0.0,-0.0
Gradient Boosting,rcs,2025-08-28,0.0,0.0
Gradient Boosting,rcs,2025-08-29,0.0,0.0
Gradient Boosting,rcs,2025-09-02,1.0,0.011186958046876628
Gradient Boosting,rcs,2025-09-03,-1.0,0.002207299808743324
Gradient Boosting,rcs,2025-09-04,-1.0,0.015465591728420436
Gradient Boosting,rcs,2025-09-05,1.0,-0.0014254545199552603
Gradient Boosting,rcs,2025-09-08,1.0,0.0017846953412186117
Gradient Boosting,rcs,2025-09-09,-1.0,-0.0025382595002940932
Gradient Boosting,rcs,2025-09-10,-1.0,-0.010886528327740175
Gradient Boosting,rcs,2025-09-11,1.0,0.00870102977957996
Gradient Boosting,rcs,2025-09-12,1.0,-0.00043565082119267906
Gradient Boosting,rcs,2025-09-15,1.0,0.014601702501418012
Gradient Boosting,rcs,2025-09-16,-1.0,0.004633001495090139
Gradient Boosting,rcs,2025-09-17,1.0,-0.01358221437499898
Gradient Boosting,rcs,2025-09-18,1.0,-0.00656316104952992
Gradient Boosting,rcs,2025-09-19,1.0,0.0061660159902687806
Gradient Boosting,rcs,2025-09-22,-1.0,-0.0010755060459384457
Gradient Boosting,rcs,2025-09-23,1.0,0.0023147347167067124
Gradient Boosting,rcs,2025-09-24,-1.0,-0.036845267153111004
Gradient Boosting,rcs,2025-09-25,-0.5,0.005473434752573942
Gradient Boosting,rcs,2025-09-26,0.5,0.0015489435418695075
Gradient Boosting,rcs,2025-09-29,0.5,0.013307200236219119
Gradient Boosting,rcs,2025-09-30,0.5,-0.003718265975448165
Gradient Boosting,rcs,2025-10-01,0.5,0.0026535170090946636
Gradient Boosting,rcs,2025-10-02,0.5,0.006986816669567242
Gradient Boosting,rcs,2025-10-03,-0.5,-0.016433231112214407
Gradient Boosting,rcs,2025-10-06,-0.5,0.007018594103453291
Gradient Boosting,rcs,2025-10-07,0.5,0.006015888353747212
Gradient Boosting,rcs,2025-10-08,0.5,-0.000198083904261126
Gradient Boosting,rcs,2025-10-09,0.5,0.0029231081655859414
Gradient Boosting,rcs,2025-10-10,0.5,-0.022362352083479142
Gradient Boosting,rcs,2025-10-13,0.0,-5e-05
Gradient Boosting,rcs,2025-10-14,-0.0,0.0
Gradient Boosting,rcs,2025-10-15,-0.0,0.0
Gradient Boosting,rcs,2025-10-16,-0.0,0.0
Gradient Boosting,rcs,2025-10-17,0.0,-0.0
Gradient Boosting,rcs,2025-10-20,0.0,0.0
Gradient Boosting,rcs,2025-10-21,0.0,-0.0
Gradient Boosting,rcs,2025-10-22,0.0,0.0
Gradient Boosting,rcs,2025-10-23,0.0,0.0
Gradient Boosting,rcs,2025-10-24,-0.0,-0.0
Gradient Boosting,rcs,2025-10-27,-0.0,-0.0
Gradient Boosting,rcs,2025-10-28,0.0,0.0
Gradient Boosting,rcs,2025-10-29,-0.0,-0.0
Gradient Boosting,rcs,2025-10-30,0.0,-0.0
Gradient Boosting,rcs,2025-10-31,0.0,-0.0
Gradient Boosting,rcs,2025-11-03,0.0,-0.0
Gradient Boosting,rcs,2025-11-04,0.0,-0.0
Gradient Boosting,rcs,2025-11-05,0.0,0.0
Gradient Boosting,rcs,2025-11-06,0.0,-0.0
Gradient Boosting,rcs,2025-11-07,0.0,-0.0
Gradient Boosting,rcs,2025-11-10,-0.0,-0.0
Gradient Boosting,rcs,2025-11-11,0.0,-0.0
Gradient Boosting,rcs,2025-11-12,0.0,0.0
Gradient Boosting,rcs,2025-11-13,0.5,-0.00024646871608125507
Gradient Boosting,rcs,2025-11-14,0.5,-0.0037346541620830176
Gradient Boosting,rcs,2025-11-17,0.5,-0.004901474271521322
Gradient Boosting,rcs,2025-11-18,0.5,-0.003749990463256858
Gradient Boosting,rcs,2025-11-19,0.5,0.004584362797112829
Gradient Boosting,rcs,2025-11-20,-0.5,0.004742258589519865
Gradient Boosting,rcs,2025-11-21,0.5,0.004840040814070068
Gradient Boosting,rcs,2025-11-24,0.5,-0.0046421288881721146
Gradient Boosting,rcs,2025-11-25,0.5,0.003778708730329261
Gradient Boosting,rcs,2025-11-26,-0.5,-0.010601052437210667
Gradient Boosting,rcs,2025-11-28,0.5,0.007734208146689992
Gradient Boosting,rcs,2025-12-01,-0.5,-0.0033301337167034426
Gradient Boosting,rcs,2025-12-02,0.5,-0.005656628594003688
Gradient Boosting,rcs,2025-12-03,0.5,0.014241457005981784
Gradient Boosting,rcs,2025-12-04,0.5,-0.0015542573391642556
Gradient Boosting,rcs,2025-12-05,0.5,0.00855143875686215
Gradient Boosting,rcs,2025-12-08,0.5,-0.0016257825906061396
Gradient Boosting,rcs,2025-12-09,0.5,-0.011557467743604277
Gradient Boosting,rcs,2025-12-10,0.5,0.003339361472230795
Gradient Boosting,rcs,2025-12-11,0.5,0.014358850366406717
Gradient Boosting,rcs,2025-12-12,-0.5,0.013120918556881845
Gradient Boosting,rcs,2025-12-15,-0.0,-5e-05
Gradient Boosting,rcs,2025-12-16,0.0,-0.0
Gradient Boosting,rcs,2025-12-17,0.0,0.0
Gradient Boosting,rcs,2025-12-18,0.0,0.0
Gradient Boosting,rcs,2025-12-19,0.0,0.0
Gradient Boosting,rcs,2025-12-22,0.0,-0.0
Gradient Boosting,rcs,2025-12-23,0.0,0.0
Gradient Boosting,rcs,2025-12-24,0.0,0.0
Gradient Boosting,rcs,2025-12-26,0.5,0.024320294826466353
Gradient Boosting,rcs,2025-12-29,-0.0,-5e-05
Gradient Boosting,rcs,2025-12-30,-0.0,-0.0
Gradient Boosting,rcs,2025-12-31,-0.0,0.0
Gradient Boosting,rcs,2026-01-02,-0.0,-0.0
Gradient Boosting,rcs,2026-01-05,0.0,0.0
Gradient Boosting,rcs,2026-01-06,-0.0,-0.0
Gradient Boosting,rcs,2026-01-07,0.0,-0.0
Gradient Boosting,rcs,2026-01-08,0.0,-0.0
Gradient Boosting,rcs,2026-01-09,0.0,0.0
Gradient Boosting,rcs,2026-01-12,-0.0,-0.0
Gradient Boosting,rcs,2026-01-13,-0.0,0.0
Gradient Boosting,rcs,2026-01-14,0.0,0.0
Gradient Boosting,rcs,2026-01-15,-0.0,0.0
Gradient Boosting,rcs,2026-01-16,0.0,-0.0
Gradient Boosting,rcs,2026-01-20,-0.0,0.0
Gradient Boosting,rcs,2026-01-21,0.0,-0.0
Gradient Boosting,rcs,2026-01-22,0.0,0.0
Gradient Boosting,rcs,2026-01-23,0.0,0.0
Gradient Boosting,rcs,2026-01-26,-0.0,-0.0
Gradient Boosting,rcs,2026-01-27,-0.0,0.0
Gradient Boosting,rcs,2026-01-28,-0.0,-0.0
Gradient Boosting,rcs,2026-01-29,0.0,0.0
Gradient Boosting,rcs,2026-01-30,-0.0,0.0
Gradient Boosting,rcs,2026-02-02,0.0,-0.0
Gradient Boosting,rcs,2026-02-03,-0.0,-0.0
Gradient Boosting,rcs,2026-02-04,-0.0,0.0
Gradient Boosting,rcs,2026-02-05,0.0,-0.0
Gradient Boosting,rcs,2026-02-06,-0.0,-0.0
Gradient Boosting,rcs,2026-02-09,0.0,0.0
Gradient Boosting,rcs,2026-02-10,-0.0,0.0
Gradient Boosting,rcs,2026-02-11,0.0,0.0
Gradient Boosting,rcs,2026-02-12,0.0,-0.0
Gradient Boosting,rcs,2026-02-13,0.0,0.0
Gradient Boosting,rcs,2026-02-17,0.0,-0.0
Gradient Boosting,rcs,2026-02-18,-0.0,-0.0
Gradient Boosting,rcs,2026-02-19,0.0,-0.0
Gradient Boosting,rcs,2026-02-20,0.0,0.0
Gradient Boosting,rcs,2026-02-23,0.0,-0.0
Gradient Boosting,rcs,2026-02-24,0.0,0.0
Gradient Boosting,rcs,2026-02-25,0.0,0.0
Gradient Boosting,rcs,2026-02-26,0.0,-0.0
Gradient Boosting,rcs,2026-02-27,0.0,0.0
Gradient Boosting,rcs,2026-03-02,-0.0,0.0
Gradient Boosting,rcs,2026-03-03,-0.0,0.0
Gradient Boosting,rcs,2026-03-04,0.0,0.0
Gradient Boosting,rcs,2026-03-05,0.0,-0.0
Gradient Boosting,rcs,2026-03-06,0.0,0.0
Gradient Boosting,rcs,2026-03-09,0.0,0.0
Gradient Boosting,rcs,2026-03-10,0.0,0.0
Gradient Boosting,rcs,2026-03-11,-0.0,0.0
Gradient Boosting,rcs,2026-03-12,0.0,-0.0
Gradient Boosting,rcs,2026-03-13,-0.0,0.0
Gradient Boosting,rcs,2026-03-16,0.0,0.0
Gradient Boosting,rcs,2026-03-17,-0.0,0.0
Gradient Boosting,rcs,2026-03-18,-0.0,0.0
Gradient Boosting,rcs,2026-03-19,0.0,-0.0
Gradient Boosting,rcs,2026-03-20,0.0,-0.0
Gradient Boosting,rcs,2026-03-23,0.0,0.0
Gradient Boosting,rcs,2026-03-24,-0.0,0.0
Gradient Boosting,rcs,2026-03-25,-0.0,-0.0
Gradient Boosting,rcs,2026-03-26,-0.0,0.0
Gradient Boosting,rcs,2026-03-27,0.0,0.0
Gradient Boosting,rcs,2026-03-30,-0.0,-0.0
Gradient Boosting,rcs,2026-03-31,-0.0,-0.0
Gradient Boosting,rcs,2026-04-01,-0.0,-0.0
Gradient Boosting,rcs,2026-04-02,0.0,-0.0
Gradient Boosting,rcs,2026-04-06,-0.0,-0.0
Gradient Boosting,rcs,2026-04-07,-0.5,0.003442436193405557
Gradient Boosting,rcs,2026-04-08,0.5,0.019288597481229897
Gradient Boosting,rcs,2026-04-09,-0.0,-5e-05
Gradient Boosting,rcs,2026-04-10,-0.0,-0.0
Gradient Boosting,rcs,2026-04-13,0.0,0.0
Gradient Boosting,rcs,2026-04-14,-0.0,-0.0
Gradient Boosting,rcs,2026-04-15,-0.0,-0.0
Gradient Boosting,rcs,2026-04-16,0.0,-0.0
Gradient Boosting,rcs,2026-04-17,-0.0,-0.0
Gradient Boosting,rcs,2026-04-20,-0.0,0.0
Gradient Boosting,rcs,2026-04-21,-0.5,0.00280782360168646
Gradient Boosting,rcs,2026-04-22,-0.5,-0.009872511313709142
Gradient Boosting,rcs,2026-04-23,0.5,-0.0037356106982937673
Gradient Boosting,rcs,2026-04-24,-0.5,0.004179486929340603
Gradient Boosting,rcs,2026-04-27,0.5,-0.0005565319012254099
Gradient Boosting,rcs,2026-04-28,-0.5,0.008499193021664953
Gradient Boosting,rcs,2026-04-29,0.5,-0.0031433891563470537
Gradient Boosting,rcs,2026-04-30,0.5,0.003940157662473453
XGBoost,rcs,2025-07-02,-0.5,-0.01005399285008735
XGBoost,rcs,2025-07-03,0.5,-0.005149528460018826
XGBoost,rcs,2025-07-04,0.5,-0.00770063458539022
XGBoost,rcs,2025-07-07,-0.5,0.00328745849350236
XGBoost,rcs,2025-07-08,0.5,0.06615539760155063
XGBoost,rcs,2025-07-09,-0.0,-5e-05
XGBoost,rcs,2025-07-10,-0.0,-0.0
XGBoost,rcs,2025-07-11,-0.0,-0.0
XGBoost,rcs,2025-07-14,-0.0,0.0
XGBoost,rcs,2025-07-15,-0.0,-0.0
XGBoost,rcs,2025-07-16,0.0,-0.0
XGBoost,rcs,2025-07-17,0.0,-0.0
XGBoost,rcs,2025-07-18,0.0,0.0
XGBoost,rcs,2025-07-21,0.0,0.0
XGBoost,rcs,2025-07-22,0.0,0.0
XGBoost,rcs,2025-07-23,0.0,0.0
XGBoost,rcs,2025-07-24,0.0,-0.0
XGBoost,rcs,2025-07-25,-0.0,0.0
XGBoost,rcs,2025-07-28,-0.0,0.0
XGBoost,rcs,2025-07-29,-0.0,-0.0
XGBoost,rcs,2025-07-30,0.0,-0.0
XGBoost,rcs,2025-07-31,0.0,-0.0
XGBoost,rcs,2025-08-01,0.0,0.0
XGBoost,rcs,2025-08-04,0.0,0.0
XGBoost,rcs,2025-08-05,0.0,-0.0
XGBoost,rcs,2025-08-06,0.0,0.0
XGBoost,rcs,2025-08-07,0.0,-0.0
XGBoost,rcs,2025-08-08,0.0,0.0
XGBoost,rcs,2025-08-11,0.0,-0.0
XGBoost,rcs,2025-08-12,0.0,0.0
XGBoost,rcs,2025-08-13,0.0,-0.0
XGBoost,rcs,2025-08-14,0.0,-0.0
XGBoost,rcs,2025-08-15,0.0,0.0
XGBoost,rcs,2025-08-18,0.0,-0.0
XGBoost,rcs,2025-08-19,0.0,-0.0
XGBoost,rcs,2025-08-20,0.0,0.0
XGBoost,rcs,2025-08-21,0.0,0.0
XGBoost,rcs,2025-08-22,0.0,0.0
XGBoost,rcs,2025-08-25,0.0,0.0
XGBoost,rcs,2025-08-26,0.0,-0.0
XGBoost,rcs,2025-08-27,0.0,-0.0
XGBoost,rcs,2025-08-28,0.0,0.0
XGBoost,rcs,2025-08-29,0.0,0.0
XGBoost,rcs,2025-09-02,1.0,0.011186958046876628
XGBoost,rcs,2025-09-03,-1.0,0.002207299808743324
XGBoost,rcs,2025-09-04,-1.0,0.015465591728420436
XGBoost,rcs,2025-09-05,1.0,-0.0014254545199552603
XGBoost,rcs,2025-09-08,-1.0,-0.001984695341218612
XGBoost,rcs,2025-09-09,-1.0,-0.002338259500294093
XGBoost,rcs,2025-09-10,-1.0,-0.010886528327740175
XGBoost,rcs,2025-09-11,-1.0,-0.008901029779579961
XGBoost,rcs,2025-09-12,1.0,-0.000635650821192679
XGBoost,rcs,2025-09-15,1.0,0.014601702501418012
XGBoost,rcs,2025-09-16,-1.0,0.004633001495090139
XGBoost,rcs,2025-09-17,-1.0,0.01338221437499898
XGBoost,rcs,2025-09-18,1.0,-0.006763161049529919
XGBoost,rcs,2025-09-19,1.0,0.0061660159902687806
XGBoost,rcs,2025-09-22,-1.0,-0.0010755060459384457
XGBoost,rcs,2025-09-23,1.0,0.0023147347167067124
XGBoost,rcs,2025-09-24,-1.0,-0.036845267153111004
XGBoost,rcs,2025-09-25,-0.5,0.005473434752573942
XGBoost,rcs,2025-09-26,0.5,0.0015489435418695075
XGBoost,rcs,2025-09-29,0.5,0.013307200236219119
XGBoost,rcs,2025-09-30,-0.5,0.0036182659754481652
XGBoost,rcs,2025-10-01,-0.5,-0.0026535170090946636
XGBoost,rcs,2025-10-02,0.5,0.0068868166695672415
XGBoost,rcs,2025-10-03,-0.5,-0.016433231112214407
XGBoost,rcs,2025-10-06,-0.5,0.007018594103453291
XGBoost,rcs,2025-10-07,-0.5,-0.006115888353747212
XGBoost,rcs,2025-10-08,0.5,-0.000298083904261126
XGBoost,rcs,2025-10-09,0.5,0.0029231081655859414
XGBoost,rcs,2025-10-10,0.5,-0.022362352083479142
XGBoost,rcs,2025-10-13,0.0,-5e-05
XGBoost,rcs,2025-10-14,-0.0,0.0
XGBoost,rcs,2025-10-15,0.0,-0.0
XGBoost,rcs,2025-10-16,0.0,-0.0
XGBoost,rcs,2025-10-17,0.0,-0.0
XGBoost,rcs,2025-10-20,0.0,0.0
XGBoost,rcs,2025-10-21,0.0,-0.0
XGBoost,rcs,2025-10-22,0.0,0.0
XGBoost,rcs,2025-10-23,0.0,0.0
XGBoost,rcs,2025-10-24,0.0,0.0
XGBoost,rcs,2025-10-27,-0.0,-0.0
XGBoost,rcs,2025-10-28,0.0,0.0
XGBoost,rcs,2025-10-29,-0.0,-0.0
XGBoost,rcs,2025-10-30,0.0,-0.0
XGBoost,rcs,2025-10-31,0.0,-0.0
XGBoost,rcs,2025-11-03,-0.0,0.0
XGBoost,rcs,2025-11-04,0.0,-0.0
XGBoost,rcs,2025-11-05,0.0,0.0
XGBoost,rcs,2025-11-06,0.0,-0.0
XGBoost,rcs,2025-11-07,0.0,-0.0
XGBoost,rcs,2025-11-10,0.0,0.0
XGBoost,rcs,2025-11-11,0.0,-0.0
XGBoost,rcs,2025-11-12,0.0,0.0
XGBoost,rcs,2025-11-13,0.5,-0.00024646871608125507
XGBoost,rcs,2025-11-14,0.5,-0.0037346541620830176
XGBoost,rcs,2025-11-17,0.5,-0.004901474271521322
XGBoost,rcs,2025-11-18,0.5,-0.003749990463256858
XGBoost,rcs,2025-11-19,0.5,0.004584362797112829
XGBoost,rcs,2025-11-20,0.5,-0.0048422585895198655
XGBoost,rcs,2025-11-21,0.5,0.004940040814070068
XGBoost,rcs,2025-11-24,0.5,-0.0046421288881721146
XGBoost,rcs,2025-11-25,0.5,0.003778708730329261
XGBoost,rcs,2025-11-26,0.5,0.010501052437210667
XGBoost,rcs,2025-11-28,0.5,0.007834208146689992
XGBoost,rcs,2025-12-01,0.5,0.0032301337167034427
XGBoost,rcs,2025-12-02,0.5,-0.0055566285940036875
XGBoost,rcs,2025-12-03,0.5,0.014241457005981784
XGBoost,rcs,2025-12-04,0.5,-0.0015542573391642556
XGBoost,rcs,2025-12-05,0.5,0.00855143875686215
XGBoost,rcs,2025-12-08,0.5,-0.0016257825906061396
XGBoost,rcs,2025-12-09,0.5,-0.011557467743604277
XGBoost,rcs,2025-12-10,0.5,0.003339361472230795
XGBoost,rcs,2025-12-11,0.5,0.014358850366406717
XGBoost,rcs,2025-12-12,-0.5,0.013120918556881845
XGBoost,rcs,2025-12-15,-0.0,-5e-05
XGBoost,rcs,2025-12-16,0.0,-0.0
XGBoost,rcs,2025-12-17,0.0,0.0
XGBoost,rcs,2025-12-18,0.0,0.0
XGBoost,rcs,2025-12-19,0.0,0.0
XGBoost,rcs,2025-12-22,0.0,-0.0
XGBoost,rcs,2025-12-23,0.0,0.0
XGBoost,rcs,2025-12-24,0.0,0.0
XGBoost,rcs,2025-12-26,0.5,0.024320294826466353
XGBoost,rcs,2025-12-29,-0.0,-5e-05
XGBoost,rcs,2025-12-30,-0.0,-0.0
XGBoost,rcs,2025-12-31,-0.0,0.0
XGBoost,rcs,2026-01-02,0.0,0.0
XGBoost,rcs,2026-01-05,0.0,0.0
XGBoost,rcs,2026-01-06,-0.0,-0.0
XGBoost,rcs,2026-01-07,0.0,-0.0
XGBoost,rcs,2026-01-08,0.0,-0.0
XGBoost,rcs,2026-01-09,0.0,0.0
XGBoost,rcs,2026-01-12,-0.0,-0.0
XGBoost,rcs,2026-01-13,0.0,-0.0
XGBoost,rcs,2026-01-14,0.0,0.0
XGBoost,rcs,2026-01-15,-0.0,0.0
XGBoost,rcs,2026-01-16,0.0,-0.0
XGBoost,rcs,2026-01-20,-0.0,0.0
XGBoost,rcs,2026-01-21,0.0,-0.0
XGBoost,rcs,2026-01-22,-0.0,-0.0
XGBoost,rcs,2026-01-23,0.0,0.0
XGBoost,rcs,2026-01-26,-0.0,-0.0
XGBoost,rcs,2026-01-27,0.0,-0.0
XGBoost,rcs,2026-01-28,-0.0,-0.0
XGBoost,rcs,2026-01-29,0.0,0.0
XGBoost,rcs,2026-01-30,-0.0,0.0
XGBoost,rcs,2026-02-02,0.0,-0.0
XGBoost,rcs,2026-02-03,0.0,0.0
XGBoost,rcs,2026-02-04,-0.0,0.0
XGBoost,rcs,2026-02-05,0.0,-0.0
XGBoost,rcs,2026-02-06,0.0,0.0
XGBoost,rcs,2026-02-09,0.0,0.0
XGBoost,rcs,2026-02-10,-0.0,0.0
XGBoost,rcs,2026-02-11,0.0,0.0
XGBoost,rcs,2026-02-12,0.0,-0.0
XGBoost,rcs,2026-02-13,0.0,0.0
XGBoost,rcs,2026-02-17,0.0,-0.0
XGBoost,rcs,2026-02-18,-0.0,-0.0
XGBoost,rcs,2026-02-19,-0.0,0.0
XGBoost,rcs,2026-02-20,0.0,0.0
XGBoost,rcs,2026-02-23,-0.0,0.0
XGBoost,rcs,2026-02-24,0.0,0.0
XGBoost,rcs,2026-02-25,0.0,0.0
XGBoost,rcs,2026-02-26,0.0,-0.0
XGBoost,rcs,2026-02-27,-0.0,-0.0
XGBoost,rcs,2026-03-02,-0.0,0.0
XGBoost,rcs,2026-03-03,-0.0,0.0
XGBoost,rcs,2026-03-04,0.0,0.0
XGBoost,rcs,2026-03-05,0.0,-0.0
XGBoost,rcs,2026-03-06,0.0,0.0
XGBoost,rcs,2026-03-09,0.0,0.0
XGBoost,rcs,2026-03-10,0.0,0.0
XGBoost,rcs,2026-03-11,-0.0,0.0
XGBoost,rcs,2026-03-12,0.0,-0.0
XGBoost,rcs,2026-03-13,0.0,-0.0
XGBoost,rcs,2026-03-16,0.0,0.0
XGBoost,rcs,2026-03-17,-0.0,0.0
XGBoost,rcs,2026-03-18,0.0,-0.0
XGBoost,rcs,2026-03-19,0.0,-0.0
XGBoost,rcs,2026-03-20,0.0,-0.0
XGBoost,rcs,2026-03-23,-0.0,-0.0
XGBoost,rcs,2026-03-24,-0.0,0.0
XGBoost,rcs,2026-03-25,-0.0,-0.0
XGBoost,rcs,2026-03-26,0.0,-0.0
XGBoost,rcs,2026-03-27,0.0,0.0
XGBoost,rcs,2026-03-30,0.0,0.0
XGBoost,rcs,2026-03-31,-0.0,-0.0
XGBoost,rcs,2026-04-01,-0.0,-0.0
XGBoost,rcs,2026-04-02,-0.0,0.0
XGBoost,rcs,2026-04-06,0.0,0.0
XGBoost,rcs,2026-04-07,-0.5,0.003442436193405557
XGBoost,rcs,2026-04-08,-0.5,-0.019388597481229897
XGBoost,rcs,2026-04-09,-0.0,-5e-05
XGBoost,rcs,2026-04-10,-0.0,-0.0
XGBoost,rcs,2026-04-13,0.0,0.0
XGBoost,rcs,2026-04-14,-0.0,-0.0
XGBoost,rcs,2026-04-15,-0.0,-0.0
XGBoost,rcs,2026-04-16,-0.0,0.0
XGBoost,rcs,2026-04-17,-0.0,-0.0
XGBoost,rcs,2026-04-20,-0.0,0.0
XGBoost,rcs,2026-04-21,-0.5,0.00280782360168646
XGBoost,rcs,2026-04-22,-0.5,-0.009872511313709142
XGBoost,rcs,2026-04-23,-0.5,0.0036356106982937675
XGBoost,rcs,2026-04-24,-0.5,0.0042794869293406035
XGBoost,rcs,2026-04-27,0.5,-0.0005565319012254099
XGBoost,rcs,2026-04-28,-0.5,0.008499193021664953
XGBoost,rcs,2026-04-29,0.5,-0.0031433891563470537
XGBoost,rcs,2026-04-30,0.5,0.003940157662473453
SVR,rcs,2025-07-02,-0.5,-0.01005399285008735
SVR,rcs,2025-07-03,-0.5,0.005049528460018826
SVR,rcs,2025-07-04,-0.5,0.00770063458539022
SVR,rcs,2025-07-07,-0.5,0.00338745849350236
SVR,rcs,2025-07-08,-0.5,-0.06625539760155064
SVR,rcs,2025-07-09,-0.0,-5e-05
SVR,rcs,2025-07-10,-0.0,-0.0
SVR,rcs,2025-07-11,-0.0,-0.0
SVR,rcs,2025-07-14,-0.0,0.0
SVR,rcs,2025-07-15,-0.0,-0.0
SVR,rcs,2025-07-16,-0.0,0.0
SVR,rcs,2025-07-17,-0.0,0.0
SVR,rcs,2025-07-18,-0.0,-0.0
SVR,rcs,2025-07-21,-0.0,-0.0
SVR,rcs,2025-07-22,-0.0,-0.0
SVR,rcs,2025-07-23,-0.0,-0.0
SVR,rcs,2025-07-24,-0.0,0.0
SVR,rcs,2025-07-25,-0.0,0.0
SVR,rcs,2025-07-28,-0.0,0.0
SVR,rcs,2025-07-29,-0.0,-0.0
SVR,rcs,2025-07-30,-0.0,0.0
SVR,rcs,2025-07-31,0.0,-0.0
SVR,rcs,2025-08-01,0.0,0.0
SVR,rcs,2025-08-04,0.0,0.0
SVR,rcs,2025-08-05,0.0,-0.0
SVR,rcs,2025-08-06,0.0,0.0
SVR,rcs,2025-08-07,0.0,-0.0
SVR,rcs,2025-08-08,0.0,0.0
SVR,rcs,2025-08-11,0.0,-0.0
SVR,rcs,2025-08-12,0.0,0.0
SVR,rcs,2025-08-13,0.0,-0.0
SVR,rcs,2025-08-14,0.0,-0.0
SVR,rcs,2025-08-15,0.0,0.0
SVR,rcs,2025-08-18,0.0,-0.0
SVR,rcs,2025-08-19,0.0,-0.0
SVR,rcs,2025-08-20,0.0,0.0
SVR,rcs,2025-08-21,0.0,0.0
SVR,rcs,2025-08-22,0.0,0.0
SVR,rcs,2025-08-25,0.0,0.0
SVR,rcs,2025-08-26,0.0,-0.0
SVR,rcs,2025-08-27,0.0,-0.0
SVR,rcs,2025-08-28,0.0,0.0
SVR,rcs,2025-08-29,-0.0,-0.0
SVR,rcs,2025-09-02,-1.0,-0.011386958046876627
SVR,rcs,2025-09-03,-1.0,0.002407299808743324
SVR,rcs,2025-09-04,-1.0,0.015465591728420436
SVR,rcs,2025-09-05,-1.0,0.0012254545199552602
SVR,rcs,2025-09-08,1.0,0.0015846953412186116
SVR,rcs,2025-09-09,1.0,0.002338259500294093
SVR,rcs,2025-09-10,-1.0,-0.011086528327740175
SVR,rcs,2025-09-11,-1.0,-0.008901029779579961
SVR,rcs,2025-09-12,-1.0,0.00043565082119267906
SVR,rcs,2025-09-15,-1.0,-0.014601702501418012
SVR,rcs,2025-09-16,-1.0,0.004833001495090139
SVR,rcs,2025-09-17,-1.0,0.01338221437499898
SVR,rcs,2025-09-18,-1.0,0.00656316104952992
SVR,rcs,2025-09-19,-1.0,-0.0061660159902687806
SVR,rcs,2025-09-22,-1.0,-0.0008755060459384456
SVR,rcs,2025-09-23,-1.0,-0.0025147347167067124
SVR,rcs,2025-09-24,-1.0,-0.036645267153111005
SVR,rcs,2025-09-25,-0.5,0.005473434752573942
SVR,rcs,2025-09-26,-0.5,-0.0016489435418695075
SVR,rcs,2025-09-29,-0.5,-0.013307200236219119
SVR,rcs,2025-09-30,-0.5,0.003718265975448165
SVR,rcs,2025-10-01,-0.5,-0.0026535170090946636
SVR,rcs,2025-10-02,-0.5,-0.006986816669567242
SVR,rcs,2025-10-03,-0.5,-0.016333231112214408
SVR,rcs,2025-10-06,-0.5,0.007018594103453291
SVR,rcs,2025-10-07,-0.5,-0.006115888353747212
SVR,rcs,2025-10-08,-0.5,0.000198083904261126
SVR,rcs,2025-10-09,-0.5,-0.0029231081655859414
SVR,rcs,2025-10-10,-0.5,0.022362352083479142
SVR,rcs,2025-10-13,-0.0,-5e-05
SVR,rcs,2025-10-14,-0.0,0.0
SVR,rcs,2025-10-15,-0.0,0.0
SVR,rcs,2025-10-16,-0.0,0.0
SVR,rcs,2025-10-17,-0.0,0.0
SVR,rcs,2025-10-20,-0.0,-0.0
SVR,rcs,2025-10-21,-0.0,0.0
SVR,rcs,2025-10-22,-0.0,-0.0
SVR,rcs,2025-10-23,-0.0,-0.0
SVR,rcs,2025-10-24,-0.0,-0.0
SVR,rcs,2025-10-27,-0.0,-0.0
SVR,rcs,2025-10-28,-0.0,-0.0
SVR,rcs,2025-10-29,-0.0,-0.0
SVR,rcs,2025-10-30,-0.0,0.0
SVR,rcs,2025-10-31,-0.0,0.0
SVR,rcs,2025-11-03,-0.0,0.0
SVR,rcs,2025-11-04,-0.0,0.0
SVR,rcs,2025-11-05,-0.0,-0.0
SVR,rcs,2025-11-06,-0.0,0.0
SVR,rcs,2025-11-07,-0.0,0.0
SVR,rcs,2025-11-10,-0.0,-0.0
SVR,rcs,2025-11-11,-0.0,0.0
SVR,rcs,2025-11-12,-0.0,-0.0
SVR,rcs,2025-11-13,-0.5,0.00014646871608125505
SVR,rcs,2025-11-14,-0.5,0.0037346541620830176
SVR,rcs,2025-11-17,-0.5,0.004901474271521322
SVR,rcs,2025-11-18,-0.5,0.003749990463256858
SVR,rcs,2025-11-19,-0.5,-0.004584362797112829
SVR,rcs,2025-11-20,-0.5,0.0048422585895198655
SVR,rcs,2025-11-21,-0.5,-0.004940040814070068
SVR,rcs,2025-11-24,-0.5,0.0046421288881721146
SVR,rcs,2025-11-25,-0.5,-0.003778708730329261
SVR,rcs,2025-11-26,-0.5,-0.010501052437210667
SVR,rcs,2025-11-28,-0.5,-0.008034208146689991
SVR,rcs,2025-12-01,-0.5,-0.0032301337167034427
SVR,rcs,2025-12-02,-0.5,0.0055566285940036875
SVR,rcs,2025-12-03,-0.5,-0.014241457005981784
SVR,rcs,2025-12-04,-0.5,0.0015542573391642556
SVR,rcs,2025-12-05,-0.5,-0.00855143875686215
SVR,rcs,2025-12-08,-0.5,0.0016257825906061396
SVR,rcs,2025-12-09,-0.5,0.011557467743604277
SVR,rcs,2025-12-10,-0.5,-0.003339361472230795
SVR,rcs,2025-12-11,-0.5,-0.014358850366406717
SVR,rcs,2025-12-12,-0.5,0.013220918556881844
SVR,rcs,2025-12-15,-0.0,-5e-05
SVR,rcs,2025-12-16,-0.0,0.0
SVR,rcs,2025-12-17,-0.0,-0.0
SVR,rcs,2025-12-18,-0.0,-0.0
SVR,rcs,2025-12-19,-0.0,-0.0
SVR,rcs,2025-12-22,-0.0,0.0
SVR,rcs,2025-12-23,-0.0,-0.0
SVR,rcs,2025-12-24,-0.0,-0.0
SVR,rcs,2025-12-26,-0.5,-0.024420294826466356
SVR,rcs,2025-12-29,-0.0,-5e-05
SVR,rcs,2025-12-30,-0.0,-0.0
SVR,rcs,2025-12-31,-0.0,0.0
SVR,rcs,2026-01-02,-0.0,-0.0
SVR,rcs,2026-01-05,-0.0,-0.0
SVR,rcs,2026-01-06,-0.0,-0.0
SVR,rcs,2026-01-07,-0.0,0.0
SVR,rcs,2026-01-08,-0.0,0.0
SVR,rcs,2026-01-09,-0.0,-0.0
SVR,rcs,2026-01-12,-0.0,-0.0
SVR,rcs,2026-01-13,-0.0,0.0
SVR,rcs,2026-01-14,-0.0,-0.0
SVR,rcs,2026-01-15,-0.0,0.0
SVR,rcs,2026-01-16,-0.0,0.0
SVR,rcs,2026-01-20,-0.0,0.0
SVR,rcs,2026-01-21,-0.0,0.0
SVR,rcs,2026-01-22,-0.0,-0.0
SVR,rcs,2026-01-23,-0.0,-0.0
SVR,rcs,2026-01-26,-0.0,-0.0
SVR,rcs,2026-01-27,-0.0,0.0
SVR,rcs,2026-01-28,-0.0,-0.0
SVR,rcs,2026-01-29,-0.0,-0.0
SVR,rcs,2026-01-30,-0.0,0.0
SVR,rcs,2026-02-02,-0.0,0.0
SVR,rcs,2026-02-03,-0.0,-0.0
SVR,rcs,2026-02-04,-0.0,0.0
SVR,rcs,2026-02-05,-0.0,0.0
SVR,rcs,2026-02-06,-0.0,-0.0
SVR,rcs,2026-02-09,-0.0,-0.0
SVR,rcs,2026-02-10,-0.0,0.0
SVR,rcs,2026-02-11,-0.0,-0.0
SVR,rcs,2026-02-12,-0.0,0.0
SVR,rcs,2026-02-13,-0.0,-0.0
SVR,rcs,2026-02-17,-0.0,0.0
SVR,rcs,2026-02-18,-0.0,-0.0
SVR,rcs,2026-02-19,-0.0,0.0
SVR,rcs,2026-02-20,-0.0,-0.0
SVR,rcs,2026-02-23,-0.0,0.0
SVR,rcs,2026-02-24,-0.0,-0.0
SVR,rcs,2026-02-25,-0.0,-0.0
SVR,rcs,2026-02-26,-0.0,0.0
SVR,rcs,2026-02-27,-0.0,-0.0
SVR,rcs,2026-03-02,-0.0,0.0
SVR,rcs,2026-03-03,-0.0,0.0
SVR,rcs,2026-03-04,-0.0,-0.0
SVR,rcs,2026-03-05,-0.0,0.0
SVR,rcs,2026-03-06,-0.0,-0.0
SVR,rcs,2026-03-09,-0.0,-0.0
SVR,rcs,2026-03-10,-0.0,-0.0
SVR,rcs,2026-03-11,-0.0,0.0
SVR,rcs,2026-03-12,-0.0,0.0
SVR,rcs,2026-03-13,-0.0,0.0
SVR,rcs,2026-03-16,-0.0,-0.0
SVR,rcs,2026-03-17,-0.0,0.0
SVR,rcs,2026-03-18,-0.0,0.0
SVR,rcs,2026-03-19,-0.0,0.0
SVR,rcs,2026-03-20,-0.0,0.0
SVR,rcs,2026-03-23,-0.0,-0.0
SVR,rcs,2026-03-24,-0.0,0.0
SVR,rcs,2026-03-25,-0.0,-0.0
SVR,rcs,2026-03-26,-0.0,0.0
SVR,rcs,2026-03-27,-0.0,-0.0
SVR,rcs,2026-03-30,-0.0,-0.0
SVR,rcs,2026-03-31,-0.0,-0.0
SVR,rcs,2026-04-01,-0.0,-0.0
SVR,rcs,2026-04-02,-0.0,0.0
SVR,rcs,2026-04-06,-0.0,-0.0
SVR,rcs,2026-04-07,0.5,-0.003542436193405557
SVR,rcs,2026-04-08,-0.5,-0.019488597481229896
SVR,rcs,2026-04-09,-0.0,-5e-05
SVR,rcs,2026-04-10,-0.0,-0.0
SVR,rcs,2026-04-13,-0.0,-0.0
SVR,rcs,2026-04-14,-0.0,-0.0
SVR,rcs,2026-04-15,-0.0,-0.0
SVR,rcs,2026-04-16,-0.0,0.0
SVR,rcs,2026-04-17,-0.0,-0.0
SVR,rcs,2026-04-20,-0.0,0.0
SVR,rcs,2026-04-21,-0.5,0.00280782360168646
SVR,rcs,2026-04-22,-0.5,-0.009872511313709142
SVR,rcs,2026-04-23,-0.5,0.0036356106982937675
SVR,rcs,2026-04-24,-0.5,0.0042794869293406035
SVR,rcs,2026-04-27,-0.5,0.0004565319012254099
SVR,rcs,2026-04-28,-0.5,0.008599193021664953
SVR,rcs,2026-04-29,-0.5,0.003043389156347054
SVR,rcs,2026-04-30,-0.5,-0.004140157662473454
LSTM,rcs,2025-07-02,0.5,0.009953992850087351
LSTM,rcs,2025-07-03,0.5,-0.005049528460018826
LSTM,rcs,2025-07-04,0.5,-0.00770063458539022
LSTM,rcs,2025-07-07,0.5,-0.00338745849350236
LSTM,rcs,2025-07-08,0.5,0.06625539760155064
LSTM,rcs,2025-07-09,-0.0,-5e-05
LSTM,rcs,2025-07-10,0.0,0.0
LSTM,rcs,2025-07-11,0.0,0.0
LSTM,rcs,2025-07-14,0.0,-0.0
LSTM,rcs,2025-07-15,0.0,0.0
LSTM,rcs,2025-07-16,0.0,-0.0
LSTM,rcs,2025-07-17,0.0,-0.0
LSTM,rcs,2025-07-18,0.0,0.0
LSTM,rcs,2025-07-21,0.0,0.0
LSTM,rcs,2025-07-22,0.0,0.0
LSTM,rcs,2025-07-23,0.0,0.0
LSTM,rcs,2025-07-24,0.0,-0.0
LSTM,rcs,2025-07-25,0.0,-0.0
LSTM,rcs,2025-07-28,0.0,-0.0
LSTM,rcs,2025-07-29,0.0,0.0
LSTM,rcs,2025-07-30,0.0,-0.0
LSTM,rcs,2025-07-31,-0.0,0.0
LSTM,rcs,2025-08-01,0.0,0.0
LSTM,rcs,2025-08-04,0.0,0.0
LSTM,rcs,2025-08-05,0.0,-0.0
LSTM,rcs,2025-08-06,0.0,0.0
LSTM,rcs,2025-08-07,0.0,-0.0
LSTM,rcs,2025-08-08,0.0,0.0
LSTM,rcs,2025-08-11,-0.0,0.0
LSTM,rcs,2025-08-12,-0.0,-0.0
LSTM,rcs,2025-08-13,-0.0,0.0
LSTM,rcs,2025-08-14,-0.0,0.0
LSTM,rcs,2025-08-15,-0.0,-0.0
LSTM,rcs,2025-08-18,-0.0,0.0
LSTM,rcs,2025-08-19,-0.0,0.0
LSTM,rcs,2025-08-20,-0.0,-0.0
LSTM,rcs,2025-08-21,-0.0,-0.0
LSTM,rcs,2025-08-22,-0.0,-0.0
LSTM,rcs,2025-08-25,-0.0,-0.0
LSTM,rcs,2025-08-26,-0.0,0.0
LSTM,rcs,2025-08-27,-0.0,0.0
LSTM,rcs,2025-08-28,-0.0,-0.0
LSTM,rcs,2025-08-29,0.0,0.0
LSTM,rcs,2025-09-02,1.0,0.011186958046876628
LSTM,rcs,2025-09-03,1.0,-0.002407299808743324
LSTM,rcs,2025-09-04,1.0,-0.015465591728420436
LSTM,rcs,2025-09-05,1.0,-0.0012254545199552602
LSTM,rcs,2025-09-08,1.0,0.0017846953412186117
LSTM,rcs,2025-09-09,-1.0,-0.0025382595002940932
LSTM,rcs,2025-09-10,-1.0,-0.010886528327740175
LSTM,rcs,2025-09-11,-1.0,-0.008901029779579961
LSTM,rcs,2025-09-12,-1.0,0.00043565082119267906
LSTM,rcs,2025-09-15,-1.0,-0.014601702501418012
LSTM,rcs,2025-09-16,-1.0,0.004833001495090139
LSTM,rcs,2025-09-17,1.0,-0.01358221437499898
LSTM,rcs,2025-09-18,1.0,-0.00656316104952992
LSTM,rcs,2025-09-19,1.0,0.0061660159902687806
LSTM,rcs,2025-09-22,1.0,0.0008755060459384456
LSTM,rcs,2025-09-23,1.0,0.0025147347167067124
LSTM,rcs,2025-09-24,1.0,0.036645267153111005
LSTM,rcs,2025-09-25,-0.5,0.005373434752573941
LSTM,rcs,2025-09-26,0.5,0.0015489435418695075
LSTM,rcs,2025-09-29,0.5,0.013307200236219119
LSTM,rcs,2025-09-30,0.5,-0.003718265975448165
LSTM,rcs,2025-10-01,0.5,0.0026535170090946636
LSTM,rcs,2025-10-02,0.5,0.006986816669567242
LSTM,rcs,2025-10-03,-0.5,-0.016433231112214407
LSTM,rcs,2025-10-06,-0.5,0.007018594103453291
LSTM,rcs,2025-10-07,-0.5,-0.006115888353747212
LSTM,rcs,2025-10-08,-0.5,0.000198083904261126
LSTM,rcs,2025-10-09,-0.5,-0.0029231081655859414
LSTM,rcs,2025-10-10,-0.5,0.022362352083479142
LSTM,rcs,2025-10-13,-0.0,-5e-05
LSTM,rcs,2025-10-14,-0.0,0.0
LSTM,rcs,2025-10-15,0.0,-0.0
LSTM,rcs,2025-10-16,0.0,-0.0
LSTM,rcs,2025-10-17,0.0,-0.0
LSTM,rcs,2025-10-20,0.0,0.0
LSTM,rcs,2025-10-21,-0.0,0.0
LSTM,rcs,2025-10-22,-0.0,-0.0
LSTM,rcs,2025-10-23,-0.0,-0.0
LSTM,rcs,2025-10-24,-0.0,-0.0
LSTM,rcs,2025-10-27,-0.0,-0.0
LSTM,rcs,2025-10-28,-0.0,-0.0
LSTM,rcs,2025-10-29,0.0,0.0
LSTM,rcs,2025-10-30,0.0,-0.0
LSTM,rcs,2025-10-31,0.0,-0.0
LSTM,rcs,2025-11-03,0.0,-0.0
LSTM,rcs,2025-11-04,0.0,-0.0
LSTM,rcs,2025-11-05,0.0,0.0
LSTM,rcs,2025-11-06,0.0,-0.0
LSTM,rcs,2025-11-07,0.0,-0.0
LSTM,rcs,2025-11-10,0.0,0.0
LSTM,rcs,2025-11-11,0.0,-0.0
LSTM,rcs,2025-11-12,0.0,0.0
LSTM,rcs,2025-11-13,0.5,-0.00024646871608125507
LSTM,rcs,2025-11-14,0.5,-0.0037346541620830176
LSTM,rcs,2025-11-17,0.5,-0.004901474271521322
LSTM,rcs,2025-11-18,0.5,-0.003749990463256858
LSTM,rcs,2025-11-19,0.5,0.004584362797112829
LSTM,rcs,2025-11-20,0.5,-0.0048422585895198655
LSTM,rcs,2025-11-21,0.5,0.004940040814070068
LSTM,rcs,2025-11-24,0.5,-0.0046421288881721146
LSTM,rcs,2025-11-25,0.5,0.003778708730329261
LSTM,rcs,2025-11-26,0.5,0.010501052437210667
LSTM,rcs,2025-11-28,-0.5,-0.00813420814668999
LSTM,rcs,2025-12-01,-0.5,-0.0032301337167034427
LSTM,rcs,2025-12-02,-0.5,0.0055566285940036875
LSTM,rcs,2025-12-03,-0.5,-0.014241457005981784
LSTM,rcs,2025-12-04,-0.5,0.0015542573391642556
LSTM,rcs,2025-12-05,-0.5,-0.00855143875686215
LSTM,rcs,2025-12-08,-0.5,0.0016257825906061396
LSTM,rcs,2025-12-09,-0.5,0.011557467743604277
LSTM,rcs,2025-12-10,0.5,0.0032393614722307953
LSTM,rcs,2025-12-11,0.5,0.014358850366406717
LSTM,rcs,2025-12-12,-0.5,0.013120918556881845
LSTM,rcs,2025-12-15,-0.0,-5e-05
LSTM,rcs,2025-12-16,-0.0,0.0
LSTM,rcs,2025-12-17,-0.0,-0.0
LSTM,rcs,2025-12-18,-0.0,-0.0
LSTM,rcs,2025-12-19,-0.0,-0.0
LSTM,rcs,2025-12-22,-0.0,0.0
LSTM,rcs,2025-12-23,-0.0,-0.0
LSTM,rcs,2025-12-24,-0.0,-0.0
LSTM,rcs,2025-12-26,-0.5,-0.024420294826466356
LSTM,rcs,2025-12-29,-0.0,-5e-05
LSTM,rcs,2025-12-30,-0.0,-0.0
LSTM,rcs,2025-12-31,-0.0,0.0
LSTM,rcs,2026-01-02,-0.0,-0.0
LSTM,rcs,2026-01-05,-0.0,-0.0
LSTM,rcs,2026-01-06,-0.0,-0.0
LSTM,rcs,2026-01-07,-0.0,0.0
LSTM,rcs,2026-01-08,-0.0,0.0
LSTM,rcs,2026-01-09,-0.0,-0.0
LSTM,rcs,2026-01-12,-0.0,-0.0
LSTM,rcs,2026-01-13,-0.0,0.0
LSTM,rcs,2026-01-14,-0.0,-0.0
LSTM,rcs,2026-01-15,-0.0,0.0
LSTM,rcs,2026-01-16,-0.0,0.0
LSTM,rcs,2026-01-20,-0.0,0.0
LSTM,rcs,2026-01-21,-0.0,0.0
LSTM,rcs,2026-01-22,-0.0,-0.0
LSTM,rcs,2026-01-23,-0.0,-0.0
LSTM,rcs,2026-01-26,-0.0,-0.0
LSTM,rcs,2026-01-27,-0.0,0.0
LSTM,rcs,2026-01-28,0.0,0.0
LSTM,rcs,2026-01-29,0.0,0.0
LSTM,rcs,2026-01-30,0.0,-0.0
LSTM,rcs,2026-02-02,-0.0,0.0
LSTM,rcs,2026-02-03,0.0,0.0
LSTM,rcs,2026-02-04,0.0,-0.0
LSTM,rcs,2026-02-05,0.0,-0.0
LSTM,rcs,2026-02-06,0.0,0.0
LSTM,rcs,2026-02-09,0.0,0.0
LSTM,rcs,2026-02-10,0.0,-0.0
LSTM,rcs,2026-02-11,0.0,0.0
LSTM,rcs,2026-02-12,0.0,-0.0
LSTM,rcs,2026-02-13,0.0,0.0
LSTM,rcs,2026-02-17,0.0,-0.0
LSTM,rcs,2026-02-18,0.0,0.0
LSTM,rcs,2026-02-19,0.0,-0.0
LSTM,rcs,2026-02-20,0.0,0.0
LSTM,rcs,2026-02-23,0.0,-0.0
LSTM,rcs,2026-02-24,0.0,0.0
LSTM,rcs,2026-02-25,0.0,0.0
LSTM,rcs,2026-02-26,-0.0,0.0
LSTM,rcs,2026-02-27,-0.0,-0.0
LSTM,rcs,2026-03-02,-0.0,0.0
LSTM,rcs,2026-03-03,0.0,-0.0
LSTM,rcs,2026-03-04,0.0,0.0
LSTM,rcs,2026-03-05,0.0,-0.0
LSTM,rcs,2026-03-06,0.0,0.0
LSTM,rcs,2026-03-09,0.0,0.0
LSTM,rcs,2026-03-10,0.0,0.0
LSTM,rcs,2026-03-11,0.0,-0.0
LSTM,rcs,2026-03-12,0.0,-0.0
LSTM,rcs,2026-03-13,0.0,-0.0
LSTM,rcs,2026-03-16,0.0,0.0
LSTM,rcs,2026-03-17,-0.0,0.0
LSTM,rcs,2026-03-18,-0.0,0.0
LSTM,rcs,2026-03-19,-0.0,0.0
LSTM,rcs,2026-03-20,-0.0,0.0
LSTM,rcs,2026-03-23,-0.0,-0.0
LSTM,rcs,2026-03-24,-0.0,0.0
LSTM,rcs,2026-03-25,-0.0,-0.0
LSTM,rcs,2026-03-26,-0.0,0.0
LSTM,rcs,2026-03-27,-0.0,-0.0
LSTM,rcs,2026-03-30,-0.0,-0.0
LSTM,rcs,2026-03-31,-0.0,-0.0
LSTM,rcs,2026-04-01,-0.0,-0.0
LSTM,rcs,2026-04-02,-0.0,0.0
LSTM,rcs,2026-04-06,-0.0,-0.0
LSTM,rcs,2026-04-07,-0.5,0.003442436193405557
LSTM,rcs,2026-04-08,-0.5,-0.019388597481229897
LSTM,rcs,2026-04-09,-0.0,-5e-05
LSTM,rcs,2026-04-10,0.0,0.0
LSTM,rcs,2026-04-13,-0.0,-0.0
LSTM,rcs,2026-04-14,-0.0,-0.0
LSTM,rcs,2026-04-15,-0.0,-0.0
LSTM,rcs,2026-04-16,0.0,-0.0
LSTM,rcs,2026-04-17,0.0,0.0
LSTM,rcs,2026-04-20,0.0,-0.0
LSTM,rcs,2026-04-21,0.5,-0.00290782360168646
LSTM,rcs,2026-04-22,0.5,0.009872511313709142
LSTM,rcs,2026-04-23,0.5,-0.0036356106982937675
LSTM,rcs,2026-04-24,-0.5,0.004179486929340603
LSTM,rcs,2026-04-27,-0.5,0.0004565319012254099
LSTM,rcs,2026-04-28,-0.5,0.008599193021664953
LSTM,rcs,2026-04-29,-0.5,0.003043389156347054
LSTM,rcs,2026-04-30,-0.5,-0.004140157662473454
GRU,rcs,2025-07-02,0.5,0.009953992850087351
GRU,rcs,2025-07-03,0.5,-0.005049528460018826
GRU,rcs,2025-07-04,0.5,-0.00770063458539022
GRU,rcs,2025-07-07,0.5,-0.00338745849350236
GRU,rcs,2025-07-08,0.5,0.06625539760155064
GRU,rcs,2025-07-09,-0.0,-5e-05
GRU,rcs,2025-07-10,0.0,0.0
GRU,rcs,2025-07-11,0.0,0.0
GRU,rcs,2025-07-14,0.0,-0.0
GRU,rcs,2025-07-15,0.0,0.0
GRU,rcs,2025-07-16,-0.0,0.0
GRU,rcs,2025-07-17,0.0,-0.0
GRU,rcs,2025-07-18,-0.0,-0.0
GRU,rcs,2025-07-21,-0.0,-0.0
GRU,rcs,2025-07-22,-0.0,-0.0
GRU,rcs,2025-07-23,0.0,0.0
GRU,rcs,2025-07-24,-0.0,0.0
GRU,rcs,2025-07-25,0.0,-0.0
GRU,rcs,2025-07-28,0.0,-0.0
GRU,rcs,2025-07-29,0.0,0.0
GRU,rcs,2025-07-30,0.0,-0.0
GRU,rcs,2025-07-31,-0.0,0.0
GRU,rcs,2025-08-01,0.0,0.0
GRU,rcs,2025-08-04,0.0,0.0
GRU,rcs,2025-08-05,0.0,-0.0
GRU,rcs,2025-08-06,0.0,0.0
GRU,rcs,2025-08-07,0.0,-0.0
GRU,rcs,2025-08-08,0.0,0.0
GRU,rcs,2025-08-11,0.0,-0.0
GRU,rcs,2025-08-12,0.0,0.0
GRU,rcs,2025-08-13,0.0,-0.0
GRU,rcs,2025-08-14,0.0,-0.0
GRU,rcs,2025-08-15,0.0,0.0
GRU,rcs,2025-08-18,0.0,-0.0
GRU,rcs,2025-08-19,0.0,-0.0
GRU,rcs,2025-08-20,0.0,0.0
GRU,rcs,2025-08-21,0.0,0.0
GRU,rcs,2025-08-22,0.0,0.0
GRU,rcs,2025-08-25,0.0,0.0
GRU,rcs,2025-08-26,0.0,-0.0
GRU,rcs,2025-08-27,0.0,-0.0
GRU,rcs,2025-08-28,0.0,0.0
GRU,rcs,2025-08-29,-0.0,-0.0
GRU,rcs,2025-09-02,-1.0,-0.011386958046876627
GRU,rcs,2025-09-03,-1.0,0.002407299808743324
GRU,rcs,2025-09-04,-1.0,0.015465591728420436
GRU,rcs,2025-09-05,-1.0,0.0012254545199552602
GRU,rcs,2025-09-08,-1.0,-0.0017846953412186117
GRU,rcs,2025-09-09,-1.0,-0.002338259500294093
GRU,rcs,2025-09-10,-1.0,-0.010886528327740175
GRU,rcs,2025-09-11,1.0,0.00870102977957996
GRU,rcs,2025-09-12,1.0,-0.00043565082119267906
GRU,rcs,2025-09-15,1.0,0.014601702501418012
GRU,rcs,2025-09-16,1.0,-0.004833001495090139
GRU,rcs,2025-09-17,1.0,-0.01338221437499898
GRU,rcs,2025-09-18,-1.0,0.00636316104952992
GRU,rcs,2025-09-19,-1.0,-0.0061660159902687806
GRU,rcs,2025-09-22,-1.0,-0.0008755060459384456
GRU,rcs,2025-09-23,-1.0,-0.0025147347167067124
GRU,rcs,2025-09-24,1.0,0.036445267153111006
GRU,rcs,2025-09-25,0.5,-0.005573434752573941
GRU,rcs,2025-09-26,0.5,0.0016489435418695075
GRU,rcs,2025-09-29,0.5,0.013307200236219119
GRU,rcs,2025-09-30,-0.5,0.0036182659754481652
GRU,rcs,2025-10-01,-0.5,-0.0026535170090946636
GRU,rcs,2025-10-02,0.5,0.0068868166695672415
GRU,rcs,2025-10-03,-0.5,-0.016433231112214407
GRU,rcs,2025-10-06,-0.5,0.007018594103453291
GRU,rcs,2025-10-07,-0.5,-0.006115888353747212
GRU,rcs,2025-10-08,-0.5,0.000198083904261126
GRU,rcs,2025-10-09,-0.5,-0.0029231081655859414
GRU,rcs,2025-10-10,-0.5,0.022362352083479142
GRU,rcs,2025-10-13,0.0,-5e-05
GRU,rcs,2025-10-14,-0.0,0.0
GRU,rcs,2025-10-15,0.0,-0.0
GRU,rcs,2025-10-16,0.0,-0.0
GRU,rcs,2025-10-17,0.0,-0.0
GRU,rcs,2025-10-20,0.0,0.0
GRU,rcs,2025-10-21,-0.0,0.0
GRU,rcs,2025-10-22,-0.0,-0.0
GRU,rcs,2025-10-23,-0.0,-0.0
GRU,rcs,2025-10-24,-0.0,-0.0
GRU,rcs,2025-10-27,-0.0,-0.0
GRU,rcs,2025-10-28,-0.0,-0.0
GRU,rcs,2025-10-29,-0.0,-0.0
GRU,rcs,2025-10-30,-0.0,0.0
GRU,rcs,2025-10-31,0.0,-0.0
GRU,rcs,2025-11-03,0.0,-0.0
GRU,rcs,2025-11-04,0.0,-0.0
GRU,rcs,2025-11-05,0.0,0.0
GRU,rcs,2025-11-06,0.0,-0.0
GRU,rcs,2025-11-07,0.0,-0.0
GRU,rcs,2025-11-10,0.0,0.0
GRU,rcs,2025-11-11,0.0,-0.0
GRU,rcs,2025-11-12,0.0,0.0
GRU,rcs,2025-11-13,0.5,-0.00024646871608125507
GRU,rcs,2025-11-14,0.5,-0.0037346541620830176
GRU,rcs,2025-11-17,-0.5,0.004801474271521322
GRU,rcs,2025-11-18,-0.5,0.003749990463256858
GRU,rcs,2025-11-19,-0.5,-0.004584362797112829
GRU,rcs,2025-11-20,-0.5,0.0048422585895198655
GRU,rcs,2025-11-21,0.5,0.004840040814070068
GRU,rcs,2025-11-24,0.5,-0.0046421288881721146
GRU,rcs,2025-11-25,0.5,0.003778708730329261
GRU,rcs,2025-11-26,0.5,0.010501052437210667
GRU,rcs,2025-11-28,0.5,0.007834208146689992
GRU,rcs,2025-12-01,0.5,0.0032301337167034427
GRU,rcs,2025-12-02,0.5,-0.0055566285940036875
GRU,rcs,2025-12-03,0.5,0.014241457005981784
GRU,rcs,2025-12-04,0.5,-0.0015542573391642556
GRU,rcs,2025-12-05,0.5,0.00855143875686215
GRU,rcs,2025-12-08,0.5,-0.0016257825906061396
GRU,rcs,2025-12-09,0.5,-0.011557467743604277
GRU,rcs,2025-12-10,0.5,0.003339361472230795
GRU,rcs,2025-12-11,0.5,0.014358850366406717
GRU,rcs,2025-12-12,0.5,-0.013220918556881844
GRU,rcs,2025-12-15,-0.0,-5e-05
GRU,rcs,2025-12-16,-0.0,0.0
GRU,rcs,2025-12-17,0.0,0.0
GRU,rcs,2025-12-18,0.0,0.0
GRU,rcs,2025-12-19,0.0,0.0
GRU,rcs,2025-12-22,-0.0,0.0
GRU,rcs,2025-12-23,-0.0,-0.0
GRU,rcs,2025-12-24,0.0,0.0
GRU,rcs,2025-12-26,0.5,0.024320294826466353
GRU,rcs,2025-12-29,-0.0,-5e-05
GRU,rcs,2025-12-30,-0.0,-0.0
GRU,rcs,2025-12-31,-0.0,0.0
GRU,rcs,2026-01-02,-0.0,-0.0
GRU,rcs,2026-01-05,-0.0,-0.0
GRU,rcs,2026-01-06,-0.0,-0.0
GRU,rcs,2026-01-07,0.0,-0.0
GRU,rcs,2026-01-08,0.0,-0.0
GRU,rcs,2026-01-09,-0.0,-0.0
GRU,rcs,2026-01-12,-0.0,-0.0
GRU,rcs,2026-01-13,-0.0,0.0
GRU,rcs,2026-01-14,0.0,0.0
GRU,rcs,2026-01-15,0.0,-0.0
GRU,rcs,2026-01-16,0.0,-0.0
GRU,rcs,2026-01-20,0.0,-0.0
GRU,rcs,2026-01-21,0.0,-0.0
GRU,rcs,2026-01-22,-0.0,-0.0
GRU,rcs,2026-01-23,-0.0,-0.0
GRU,rcs,2026-01-26,-0.0,-0.0
GRU,rcs,2026-01-27,0.0,-0.0
GRU,rcs,2026-01-28,-0.0,-0.0
GRU,rcs,2026-01-29,-0.0,-0.0
GRU,rcs,2026-01-30,0.0,-0.0
GRU,rcs,2026-02-02,-0.0,0.0
GRU,rcs,2026-02-03,0.0,0.0
GRU,rcs,2026-02-04,0.0,-0.0
GRU,rcs,2026-02-05,0.0,-0.0
GRU,rcs,2026-02-06,0.0,0.0
GRU,rcs,2026-02-09,0.0,0.0
GRU,rcs,2026-02-10,0.0,-0.0
GRU,rcs,2026-02-11,0.0,0.0
GRU,rcs,2026-02-12,0.0,-0.0
GRU,rcs,2026-02-13,-0.0,-0.0
GRU,rcs,2026-02-17,-0.0,0.0
GRU,rcs,2026-02-18,-0.0,-0.0
GRU,rcs,2026-02-19,-0.0,0.0
GRU,rcs,2026-02-20,0.0,0.0
GRU,rcs,2026-02-23,-0.0,0.0
GRU,rcs,2026-02-24,-0.0,-0.0
GRU,rcs,2026-02-25,-0.0,-0.0
GRU,rcs,2026-02-26,-0.0,0.0
GRU,rcs,2026-02-27,-0.0,-0.0
GRU,rcs,2026-03-02,-0.0,0.0
GRU,rcs,2026-03-03,0.0,-0.0
GRU,rcs,2026-03-04,0.0,0.0
GRU,rcs,2026-03-05,-0.0,0.0
GRU,rcs,2026-03-06,0.0,0.0
GRU,rcs,2026-03-09,0.0,0.0
GRU,rcs,2026-03-10,0.0,0.0
GRU,rcs,2026-03-11,0.0,-0.0
GRU,rcs,2026-03-12,0.0,-0.0
GRU,rcs,2026-03-13,0.0,-0.0
GRU,rcs,2026-03-16,0.0,0.0
GRU,rcs,2026-03-17,-0.0,0.0
GRU,rcs,2026-03-18,-0.0,0.0
GRU,rcs,2026-03-19,0.0,-0.0
GRU,rcs,2026-03-20,-0.0,0.0
GRU,rcs,2026-03-23,-0.0,-0.0
GRU,rcs,2026-03-24,-0.0,0.0
GRU,rcs,2026-03-25,-0.0,-0.0
GRU,rcs,2026-03-26,-0.0,0.0
GRU,rcs,2026-03-27,-0.0,-0.0
GRU,rcs,2026-03-30,-0.0,-0.0
GRU,rcs,2026-03-31,-0.0,-0.0
GRU,rcs,2026-04-01,-0.0,-0.0
GRU,rcs,2026-04-02,-0.0,0.0
GRU,rcs,2026-04-06,-0.0,-0.0
GRU,rcs,2026-04-07,-0.5,0.003442436193405557
GRU,rcs,2026-04-08,-0.5,-0.019388597481229897
GRU,rcs,2026-04-09,-0.0,-5e-05
GRU,rcs,2026-04-10,-0.0,-0.0
GRU,rcs,2026-04-13,-0.0,-0.0
GRU,rcs,2026-04-14,-0.0,-0.0
GRU,rcs,2026-04-15,0.0,0.0
GRU,rcs,2026-04-16,0.0,-0.0
GRU,rcs,2026-04-17,0.0,0.0
GRU,rcs,2026-04-20,0.0,-0.0
GRU,rcs,2026-04-21,0.5,-0.00290782360168646
GRU,rcs,2026-04-22,-0.5,-0.009972511313709142
GRU,rcs,2026-04-23,-0.5,0.0036356106982937675
GRU,rcs,2026-04-24,-0.5,0.0042794869293406035
GRU,rcs,2026-04-27,-0.5,0.0004565319012254099
GRU,rcs,2026-04-28,-0.5,0.008599193021664953
GRU,rcs,2026-04-29,-0.5,0.003043389156347054
GRU,rcs,2026-04-30,-0.5,-0.004140157662473454
BiLSTM,rcs,2025-07-02,0.5,0.009953992850087351
BiLSTM,rcs,2025-07-03,-0.5,0.004949528460018826
BiLSTM,rcs,2025-07-04,-0.5,0.00770063458539022
BiLSTM,rcs,2025-07-07,0.5,-0.0034874584935023598
BiLSTM,rcs,2025-07-08,0.5,0.06625539760155064
BiLSTM,rcs,2025-07-09,-0.0,-5e-05
BiLSTM,rcs,2025-07-10,0.0,0.0
BiLSTM,rcs,2025-07-11,0.0,0.0
BiLSTM,rcs,2025-07-14,0.0,-0.0
BiLSTM,rcs,2025-07-15,0.0,0.0
BiLSTM,rcs,2025-07-16,0.0,-0.0
BiLSTM,rcs,2025-07-17,0.0,-0.0
BiLSTM,rcs,2025-07-18,0.0,0.0
BiLSTM,rcs,2025-07-21,0.0,0.0
BiLSTM,rcs,2025-07-22,0.0,0.0
BiLSTM,rcs,2025-07-23,0.0,0.0
BiLSTM,rcs,2025-07-24,0.0,-0.0
BiLSTM,rcs,2025-07-25,0.0,-0.0
BiLSTM,rcs,2025-07-28,0.0,-0.0
BiLSTM,rcs,2025-07-29,0.0,0.0
BiLSTM,rcs,2025-07-30,0.0,-0.0
BiLSTM,rcs,2025-07-31,-0.0,0.0
BiLSTM,rcs,2025-08-01,-0.0,-0.0
BiLSTM,rcs,2025-08-04,0.0,0.0
BiLSTM,rcs,2025-08-05,0.0,-0.0
BiLSTM,rcs,2025-08-06,0.0,0.0
BiLSTM,rcs,2025-08-07,0.0,-0.0
BiLSTM,rcs,2025-08-08,0.0,0.0
BiLSTM,rcs,2025-08-11,0.0,-0.0
BiLSTM,rcs,2025-08-12,0.0,0.0
BiLSTM,rcs,2025-08-13,0.0,-0.0
BiLSTM,rcs,2025-08-14,0.0,-0.0
BiLSTM,rcs,2025-08-15,0.0,0.0
BiLSTM,rcs,2025-08-18,0.0,-0.0
BiLSTM,rcs,2025-08-19,0.0,-0.0
BiLSTM,rcs,2025-08-20,0.0,0.0
BiLSTM,rcs,2025-08-21,0.0,0.0
BiLSTM,rcs,2025-08-22,0.0,0.0
BiLSTM,rcs,2025-08-25,0.0,0.0
BiLSTM,rcs,2025-08-26,-0.0,0.0
BiLSTM,rcs,2025-08-27,-0.0,0.0
BiLSTM,rcs,2025-08-28,0.0,0.0
BiLSTM,rcs,2025-08-29,0.0,0.0
BiLSTM,rcs,2025-09-02,1.0,0.011186958046876628
BiLSTM,rcs,2025-09-03,-1.0,0.002207299808743324
BiLSTM,rcs,2025-09-04,-1.0,0.015465591728420436
BiLSTM,rcs,2025-09-05,-1.0,0.0012254545199552602
BiLSTM,rcs,2025-09-08,-1.0,-0.0017846953412186117
BiLSTM,rcs,2025-09-09,-1.0,-0.002338259500294093
BiLSTM,rcs,2025-09-10,-1.0,-0.010886528327740175
BiLSTM,rcs,2025-09-11,-1.0,-0.008901029779579961
BiLSTM,rcs,2025-09-12,-1.0,0.00043565082119267906
BiLSTM,rcs,2025-09-15,-1.0,-0.014601702501418012
BiLSTM,rcs,2025-09-16,-1.0,0.004833001495090139
BiLSTM,rcs,2025-09-17,-1.0,0.01338221437499898
BiLSTM,rcs,2025-09-18,-1.0,0.00656316104952992
BiLSTM,rcs,2025-09-19,-1.0,-0.0061660159902687806
BiLSTM,rcs,2025-09-22,-1.0,-0.0008755060459384456
BiLSTM,rcs,2025-09-23,-1.0,-0.0025147347167067124
BiLSTM,rcs,2025-09-24,-1.0,-0.036645267153111005
BiLSTM,rcs,2025-09-25,-0.5,0.005473434752573942
BiLSTM,rcs,2025-09-26,0.5,0.0015489435418695075
BiLSTM,rcs,2025-09-29,0.5,0.013307200236219119
BiLSTM,rcs,2025-09-30,0.5,-0.003718265975448165
BiLSTM,rcs,2025-10-01,0.5,0.0026535170090946636
BiLSTM,rcs,2025-10-02,0.5,0.006986816669567242
BiLSTM,rcs,2025-10-03,0.5,0.016333231112214408
BiLSTM,rcs,2025-10-06,-0.5,0.00691859410345329
BiLSTM,rcs,2025-10-07,-0.5,-0.006115888353747212
BiLSTM,rcs,2025-10-08,-0.5,0.000198083904261126
BiLSTM,rcs,2025-10-09,-0.5,-0.0029231081655859414
BiLSTM,rcs,2025-10-10,-0.5,0.022362352083479142
BiLSTM,rcs,2025-10-13,0.0,-5e-05
BiLSTM,rcs,2025-10-14,-0.0,0.0
BiLSTM,rcs,2025-10-15,0.0,-0.0
BiLSTM,rcs,2025-10-16,0.0,-0.0
BiLSTM,rcs,2025-10-17,0.0,-0.0
BiLSTM,rcs,2025-10-20,0.0,0.0
BiLSTM,rcs,2025-10-21,0.0,-0.0
BiLSTM,rcs,2025-10-22,-0.0,-0.0
BiLSTM,rcs,2025-10-23,-0.0,-0.0
BiLSTM,rcs,2025-10-24,-0.0,-0.0
BiLSTM,rcs,2025-10-27,-0.0,-0.0
BiLSTM,rcs,2025-10-28,-0.0,-0.0
BiLSTM,rcs,2025-10-29,0.0,0.0
BiLSTM,rcs,2025-10-30,0.0,-0.0
BiLSTM,rcs,2025-10-31,0.0,-0.0
BiLSTM,rcs,2025-11-03,0.0,-0.0
BiLSTM,rcs,2025-11-04,0.0,-0.0
BiLSTM,rcs,2025-11-05,0.0,0.0
BiLSTM,rcs,2025-11-06,0.0,-0.0
BiLSTM,rcs,2025-11-07,0.0,-0.0
BiLSTM,rcs,2025-11-10,0.0,0.0
BiLSTM,rcs,2025-11-11,0.0,-0.0
BiLSTM,rcs,2025-11-12,0.0,0.0
BiLSTM,rcs,2025-11-13,0.5,-0.00024646871608125507
BiLSTM,rcs,2025-11-14,0.5,-0.0037346541620830176
BiLSTM,rcs,2025-11-17,0.5,-0.004901474271521322
BiLSTM,rcs,2025-11-18,0.5,-0.003749990463256858
BiLSTM,rcs,2025-11-19,0.5,0.004584362797112829
BiLSTM,rcs,2025-11-20,0.5,-0.0048422585895198655
BiLSTM,rcs,2025-11-21,0.5,0.004940040814070068
BiLSTM,rcs,2025-11-24,0.5,-0.0046421288881721146
BiLSTM,rcs,2025-11-25,0.5,0.003778708730329261
BiLSTM,rcs,2025-11-26,0.5,0.010501052437210667
BiLSTM,rcs,2025-11-28,-0.5,-0.00813420814668999
BiLSTM,rcs,2025-12-01,-0.5,-0.0032301337167034427
BiLSTM,rcs,2025-12-02,-0.5,0.0055566285940036875
BiLSTM,rcs,2025-12-03,-0.5,-0.014241457005981784
BiLSTM,rcs,2025-12-04,-0.5,0.0015542573391642556
BiLSTM,rcs,2025-12-05,-0.5,-0.00855143875686215
BiLSTM,rcs,2025-12-08,-0.5,0.0016257825906061396
BiLSTM,rcs,2025-12-09,0.5,-0.011657467743604277
BiLSTM,rcs,2025-12-10,0.5,0.003339361472230795
BiLSTM,rcs,2025-12-11,0.5,0.014358850366406717
BiLSTM,rcs,2025-12-12,-0.5,0.013120918556881845
BiLSTM,rcs,2025-12-15,-0.0,-5e-05
BiLSTM,rcs,2025-12-16,-0.0,0.0
BiLSTM,rcs,2025-12-17,-0.0,-0.0
BiLSTM,rcs,2025-12-18,-0.0,-0.0
BiLSTM,rcs,2025-12-19,-0.0,-0.0
BiLSTM,rcs,2025-12-22,-0.0,0.0
BiLSTM,rcs,2025-12-23,-0.0,-0.0
BiLSTM,rcs,2025-12-24,-0.0,-0.0
BiLSTM,rcs,2025-12-26,-0.5,-0.024420294826466356
BiLSTM,rcs,2025-12-29,-0.0,-5e-05
BiLSTM,rcs,2025-12-30,-0.0,-0.0
BiLSTM,rcs,2025-12-31,-0.0,0.0
BiLSTM,rcs,2026-01-02,-0.0,-0.0
BiLSTM,rcs,2026-01-05,-0.0,-0.0
BiLSTM,rcs,2026-01-06,-0.0,-0.0
BiLSTM,rcs,2026-01-07,-0.0,0.0
BiLSTM,rcs,2026-01-08,-0.0,0.0
BiLSTM,rcs,2026-01-09,-0.0,-0.0
BiLSTM,rcs,2026-01-12,-0.0,-0.0
BiLSTM,rcs,2026-01-13,-0.0,0.0
BiLSTM,rcs,2026-01-14,0.0,0.0
BiLSTM,rcs,2026-01-15,0.0,-0.0
BiLSTM,rcs,2026-01-16,0.0,-0.0
BiLSTM,rcs,2026-01-20,-0.0,0.0
BiLSTM,rcs,2026-01-21,0.0,-0.0
BiLSTM,rcs,2026-01-22,-0.0,-0.0
BiLSTM,rcs,2026-01-23,-0.0,-0.0
BiLSTM,rcs,2026-01-26,-0.0,-0.0
BiLSTM,rcs,2026-01-27,-0.0,0.0
BiLSTM,rcs,2026-01-28,-0.0,-0.0
BiLSTM,rcs,2026-01-29,-0.0,-0.0
BiLSTM,rcs,2026-01-30,-0.0,0.0
BiLSTM,rcs,2026-02-02,-0.0,0.0
BiLSTM,rcs,2026-02-03,0.0,0.0
BiLSTM,rcs,2026-02-04,0.0,-0.0
BiLSTM,rcs,2026-02-05,0.0,-0.0
BiLSTM,rcs,2026-02-06,0.0,0.0
BiLSTM,rcs,2026-02-09,0.0,0.0
BiLSTM,rcs,2026-02-10,0.0,-0.0
BiLSTM,rcs,2026-02-11,0.0,0.0
BiLSTM,rcs,2026-02-12,0.0,-0.0
BiLSTM,rcs,2026-02-13,0.0,0.0
BiLSTM,rcs,2026-02-17,0.0,-0.0
BiLSTM,rcs,2026-02-18,0.0,0.0
BiLSTM,rcs,2026-02-19,0.0,-0.0
BiLSTM,rcs,2026-02-20,0.0,0.0
BiLSTM,rcs,2026-02-23,0.0,-0.0
BiLSTM,rcs,2026-02-24,0.0,0.0
BiLSTM,rcs,2026-02-25,0.0,0.0
BiLSTM,rcs,2026-02-26,0.0,-0.0
BiLSTM,rcs,2026-02-27,0.0,0.0
BiLSTM,rcs,2026-03-02,0.0,-0.0
BiLSTM,rcs,2026-03-03,0.0,-0.0
BiLSTM,rcs,2026-03-04,0.0,0.0
BiLSTM,rcs,2026-03-05,0.0,-0.0
BiLSTM,rcs,2026-03-06,0.0,0.0
BiLSTM,rcs,2026-03-09,0.0,0.0
BiLSTM,rcs,2026-03-10,0.0,0.0
BiLSTM,rcs,2026-03-11,0.0,-0.0
BiLSTM,rcs,2026-03-12,0.0,-0.0
BiLSTM,rcs,2026-03-13,0.0,-0.0
BiLSTM,rcs,2026-03-16,-0.0,-0.0
BiLSTM,rcs,2026-03-17,-0.0,0.0
BiLSTM,rcs,2026-03-18,-0.0,0.0
BiLSTM,rcs,2026-03-19,-0.0,0.0
BiLSTM,rcs,2026-03-20,-0.0,0.0
BiLSTM,rcs,2026-03-23,-0.0,-0.0
BiLSTM,rcs,2026-03-24,-0.0,0.0
BiLSTM,rcs,2026-03-25,-0.0,-0.0
BiLSTM,rcs,2026-03-26,-0.0,0.0
BiLSTM,rcs,2026-03-27,-0.0,-0.0
BiLSTM,rcs,2026-03-30,-0.0,-0.0
BiLSTM,rcs,2026-03-31,-0.0,-0.0
BiLSTM,rcs,2026-04-01,-0.0,-0.0
BiLSTM,rcs,2026-04-02,-0.0,0.0
BiLSTM,rcs,2026-04-06,-0.0,-0.0
BiLSTM,rcs,2026-04-07,-0.5,0.003442436193405557
BiLSTM,rcs,2026-04-08,-0.5,-0.019388597481229897
BiLSTM,rcs,2026-04-09,-0.0,-5e-05
BiLSTM,rcs,2026-04-10,-0.0,-0.0
BiLSTM,rcs,2026-04-13,-0.0,-0.0
BiLSTM,rcs,2026-04-14,-0.0,-0.0
BiLSTM,rcs,2026-04-15,-0.0,-0.0
BiLSTM,rcs,2026-04-16,-0.0,0.0
BiLSTM,rcs,2026-04-17,-0.0,-0.0
BiLSTM,rcs,2026-04-20,-0.0,0.0
BiLSTM,rcs,2026-04-21,-0.5,0.00280782360168646
BiLSTM,rcs,2026-04-22,-0.5,-0.009872511313709142
BiLSTM,rcs,2026-04-23,-0.5,0.0036356106982937675
BiLSTM,rcs,2026-04-24,-0.5,0.0042794869293406035
BiLSTM,rcs,2026-04-27,-0.5,0.0004565319012254099
BiLSTM,rcs,2026-04-28,-0.5,0.008599193021664953
BiLSTM,rcs,2026-04-29,-0.5,0.003043389156347054
BiLSTM,rcs,2026-04-30,-0.5,-0.004140157662473454
Transformer,rcs,2025-07-02,-0.5,-0.01005399285008735
Transformer,rcs,2025-07-03,0.5,-0.005149528460018826
Transformer,rcs,2025-07-04,-0.5,0.00760063458539022
Transformer,rcs,2025-07-07,-0.5,0.00338745849350236
Transformer,rcs,2025-07-08,0.5,0.06615539760155063
Transformer,rcs,2025-07-09,0.0,-5e-05
Transformer,rcs,2025-07-10,0.0,0.0
Transformer,rcs,2025-07-11,0.0,0.0
Transformer,rcs,2025-07-14,0.0,-0.0
Transformer,rcs,2025-07-15,0.0,0.0
Transformer,rcs,2025-07-16,0.0,-0.0
Transformer,rcs,2025-07-17,0.0,-0.0
Transformer,rcs,2025-07-18,0.0,0.0
Transformer,rcs,2025-07-21,0.0,0.0
Transformer,rcs,2025-07-22,0.0,0.0
Transformer,rcs,2025-07-23,-0.0,-0.0
Transformer,rcs,2025-07-24,0.0,-0.0
Transformer,rcs,2025-07-25,0.0,-0.0
Transformer,rcs,2025-07-28,0.0,-0.0
Transformer,rcs,2025-07-29,-0.0,-0.0
Transformer,rcs,2025-07-30,-0.0,0.0
Transformer,rcs,2025-07-31,0.0,-0.0
Transformer,rcs,2025-08-01,-0.0,-0.0
Transformer,rcs,2025-08-04,-0.0,-0.0
Transformer,rcs,2025-08-05,0.0,-0.0
Transformer,rcs,2025-08-06,0.0,0.0
Transformer,rcs,2025-08-07,0.0,-0.0
Transformer,rcs,2025-08-08,0.0,0.0
Transformer,rcs,2025-08-11,0.0,-0.0
Transformer,rcs,2025-08-12,0.0,0.0
Transformer,rcs,2025-08-13,0.0,-0.0
Transformer,rcs,2025-08-14,0.0,-0.0
Transformer,rcs,2025-08-15,0.0,0.0
Transformer,rcs,2025-08-18,0.0,-0.0
Transformer,rcs,2025-08-19,0.0,-0.0
Transformer,rcs,2025-08-20,0.0,0.0
Transformer,rcs,2025-08-21,0.0,0.0
Transformer,rcs,2025-08-22,0.0,0.0
Transformer,rcs,2025-08-25,0.0,0.0
Transformer,rcs,2025-08-26,0.0,-0.0
Transformer,rcs,2025-08-27,0.0,-0.0
Transformer,rcs,2025-08-28,0.0,0.0
Transformer,rcs,2025-08-29,-0.0,-0.0
Transformer,rcs,2025-09-02,-1.0,-0.011386958046876627
Transformer,rcs,2025-09-03,-1.0,0.002407299808743324
Transformer,rcs,2025-09-04,-1.0,0.015465591728420436
Transformer,rcs,2025-09-05,-1.0,0.0012254545199552602
Transformer,rcs,2025-09-08,-1.0,-0.0017846953412186117
Transformer,rcs,2025-09-09,-1.0,-0.002338259500294093
Transformer,rcs,2025-09-10,1.0,0.010686528327740174
Transformer,rcs,2025-09-11,-1.0,-0.009101029779579961
Transformer,rcs,2025-09-12,-1.0,0.00043565082119267906
Transformer,rcs,2025-09-15,-1.0,-0.014601702501418012
Transformer,rcs,2025-09-16,-1.0,0.004833001495090139
Transformer,rcs,2025-09-17,-1.0,0.01338221437499898
Transformer,rcs,2025-09-18,-1.0,0.00656316104952992
Transformer,rcs,2025-09-19,-1.0,-0.0061660159902687806
Transformer,rcs,2025-09-22,1.0,0.0006755060459384456
Transformer,rcs,2025-09-23,1.0,0.0025147347167067124
Transformer,rcs,2025-09-24,-1.0,-0.036845267153111004
Transformer,rcs,2025-09-25,0.5,-0.005673434752573941
Transformer,rcs,2025-09-26,-0.5,-0.0017489435418695076
Transformer,rcs,2025-09-29,-0.5,-0.013307200236219119
Transformer,rcs,2025-09-30,0.5,-0.003818265975448165
Transformer,rcs,2025-10-01,0.5,0.0026535170090946636
Transformer,rcs,2025-10-02,0.5,0.006986816669567242
Transformer,rcs,2025-10-03,-0.5,-0.016433231112214407
Transformer,rcs,2025-10-06,-0.5,0.007018594103453291
Transformer,rcs,2025-10-07,-0.5,-0.006115888353747212
Transformer,rcs,2025-10-08,-0.5,0.000198083904261126
Transformer,rcs,2025-10-09,0.5,0.0028231081655859416
Transformer,rcs,2025-10-10,-0.5,0.022262352083479143
Transformer,rcs,2025-10-13,-0.0,-5e-05
Transformer,rcs,2025-10-14,-0.0,0.0
Transformer,rcs,2025-10-15,-0.0,0.0
Transformer,rcs,2025-10-16,-0.0,0.0
Transformer,rcs,2025-10-17,-0.0,0.0
Transformer,rcs,2025-10-20,-0.0,-0.0
Transformer,rcs,2025-10-21,-0.0,0.0
Transformer,rcs,2025-10-22,-0.0,-0.0
Transformer,rcs,2025-10-23,-0.0,-0.0
Transformer,rcs,2025-10-24,-0.0,-0.0
Transformer,rcs,2025-10-27,-0.0,-0.0
Transformer,rcs,2025-10-28,0.0,0.0
Transformer,rcs,2025-10-29,0.0,0.0
Transformer,rcs,2025-10-30,0.0,-0.0
Transformer,rcs,2025-10-31,0.0,-0.0
Transformer,rcs,2025-11-03,0.0,-0.0
Transformer,rcs,2025-11-04,0.0,-0.0
Transformer,rcs,2025-11-05,0.0,0.0
Transformer,rcs,2025-11-06,0.0,-0.0
Transformer,rcs,2025-11-07,-0.0,0.0
Transformer,rcs,2025-11-10,0.0,0.0
Transformer,rcs,2025-11-11,0.0,-0.0
Transformer,rcs,2025-11-12,0.0,0.0
Transformer,rcs,2025-11-13,0.5,-0.00024646871608125507
Transformer,rcs,2025-11-14,-0.5,0.0036346541620830178
Transformer,rcs,2025-11-17,-0.5,0.004901474271521322
Transformer,rcs,2025-11-18,-0.5,0.003749990463256858
Transformer,rcs,2025-11-19,0.5,0.004484362797112828
Transformer,rcs,2025-11-20,-0.5,0.004742258589519865
Transformer,rcs,2025-11-21,-0.5,-0.004940040814070068
Transformer,rcs,2025-11-24,-0.5,0.0046421288881721146
Transformer,rcs,2025-11-25,-0.5,-0.003778708730329261
Transformer,rcs,2025-11-26,-0.5,-0.010501052437210667
Transformer,rcs,2025-11-28,0.5,0.007734208146689992
Transformer,rcs,2025-12-01,0.5,0.0032301337167034427
Transformer,rcs,2025-12-02,0.5,-0.0055566285940036875
Transformer,rcs,2025-12-03,0.5,0.014241457005981784
Transformer,rcs,2025-12-04,0.5,-0.0015542573391642556
Transformer,rcs,2025-12-05,0.5,0.00855143875686215
Transformer,rcs,2025-12-08,0.5,-0.0016257825906061396
Transformer,rcs,2025-12-09,0.5,-0.011557467743604277
Transformer,rcs,2025-12-10,0.5,0.003339361472230795
Transformer,rcs,2025-12-11,0.5,0.014358850366406717
Transformer,rcs,2025-12-12,0.5,-0.013220918556881844
Transformer,rcs,2025-12-15,0.0,-5e-05
Transformer,rcs,2025-12-16,-0.0,0.0
Transformer,rcs,2025-12-17,0.0,0.0
Transformer,rcs,2025-12-18,0.0,0.0
Transformer,rcs,2025-12-19,0.0,0.0
Transformer,rcs,2025-12-22,-0.0,0.0
Transformer,rcs,2025-12-23,-0.0,-0.0
Transformer,rcs,2025-12-24,-0.0,-0.0
Transformer,rcs,2025-12-26,0.5,0.024320294826466353
Transformer,rcs,2025-12-29,-0.0,-5e-05
Transformer,rcs,2025-12-30,-0.0,-0.0
Transformer,rcs,2025-12-31,-0.0,0.0
Transformer,rcs,2026-01-02,-0.0,-0.0
Transformer,rcs,2026-01-05,-0.0,-0.0
Transformer,rcs,2026-01-06,-0.0,-0.0
Transformer,rcs,2026-01-07,-0.0,0.0
Transformer,rcs,2026-01-08,-0.0,0.0
Transformer,rcs,2026-01-09,-0.0,-0.0
Transformer,rcs,2026-01-12,-0.0,-0.0
Transformer,rcs,2026-01-13,-0.0,0.0
Transformer,rcs,2026-01-14,0.0,0.0
Transformer,rcs,2026-01-15,0.0,-0.0
Transformer,rcs,2026-01-16,0.0,-0.0
Transformer,rcs,2026-01-20,-0.0,0.0
Transformer,rcs,2026-01-21,-0.0,0.0
Transformer,rcs,2026-01-22,-0.0,-0.0
Transformer,rcs,2026-01-23,-0.0,-0.0
Transformer,rcs,2026-01-26,-0.0,-0.0
Transformer,rcs,2026-01-27,0.0,-0.0
Transformer,rcs,2026-01-28,-0.0,-0.0
Transformer,rcs,2026-01-29,-0.0,-0.0
Transformer,rcs,2026-01-30,0.0,-0.0
Transformer,rcs,2026-02-02,0.0,-0.0
Transformer,rcs,2026-02-03,0.0,0.0
Transformer,rcs,2026-02-04,0.0,-0.0
Transformer,rcs,2026-02-05,0.0,-0.0
Transformer,rcs,2026-02-06,0.0,0.0
Transformer,rcs,2026-02-09,0.0,0.0
Transformer,rcs,2026-02-10,0.0,-0.0
Transformer,rcs,2026-02-11,0.0,0.0
Transformer,rcs,2026-02-12,0.0,-0.0
Transformer,rcs,2026-02-13,0.0,0.0
Transformer,rcs,2026-02-17,0.0,-0.0
Transformer,rcs,2026-02-18,0.0,0.0
Transformer,rcs,2026-02-19,0.0,-0.0
Transformer,rcs,2026-02-20,0.0,0.0
Transformer,rcs,2026-02-23,0.0,-0.0
Transformer,rcs,2026-02-24,0.0,0.0
Transformer,rcs,2026-02-25,0.0,0.0
Transformer,rcs,2026-02-26,0.0,-0.0
Transformer,rcs,2026-02-27,0.0,0.0
Transformer,rcs,2026-03-02,0.0,-0.0
Transformer,rcs,2026-03-03,-0.0,0.0
Transformer,rcs,2026-03-04,-0.0,-0.0
Transformer,rcs,2026-03-05,-0.0,0.0
Transformer,rcs,2026-03-06,-0.0,-0.0
Transformer,rcs,2026-03-09,0.0,0.0
Transformer,rcs,2026-03-10,0.0,0.0
Transformer,rcs,2026-03-11,0.0,-0.0
Transformer,rcs,2026-03-12,0.0,-0.0
Transformer,rcs,2026-03-13,0.0,-0.0
Transformer,rcs,2026-03-16,0.0,0.0
Transformer,rcs,2026-03-17,0.0,-0.0
Transformer,rcs,2026-03-18,0.0,-0.0
Transformer,rcs,2026-03-19,0.0,-0.0
Transformer,rcs,2026-03-20,0.0,-0.0
Transformer,rcs,2026-03-23,0.0,0.0
Transformer,rcs,2026-03-24,0.0,-0.0
Transformer,rcs,2026-03-25,0.0,0.0
Transformer,rcs,2026-03-26,0.0,-0.0
Transformer,rcs,2026-03-27,0.0,0.0
Transformer,rcs,2026-03-30,-0.0,-0.0
Transformer,rcs,2026-03-31,-0.0,-0.0
Transformer,rcs,2026-04-01,-0.0,-0.0
Transformer,rcs,2026-04-02,-0.0,0.0
Transformer,rcs,2026-04-06,-0.0,-0.0
Transformer,rcs,2026-04-07,-0.5,0.003442436193405557
Transformer,rcs,2026-04-08,-0.5,-0.019388597481229897
Transformer,rcs,2026-04-09,-0.0,-5e-05
Transformer,rcs,2026-04-10,-0.0,-0.0
Transformer,rcs,2026-04-13,-0.0,-0.0
Transformer,rcs,2026-04-14,-0.0,-0.0
Transformer,rcs,2026-04-15,-0.0,-0.0
Transformer,rcs,2026-04-16,-0.0,0.0
Transformer,rcs,2026-04-17,-0.0,-0.0
Transformer,rcs,2026-04-20,-0.0,0.0
Transformer,rcs,2026-04-21,-0.5,0.00280782360168646
Transformer,rcs,2026-04-22,-0.5,-0.009872511313709142
Transformer,rcs,2026-04-23,-0.5,0.0036356106982937675
Transformer,rcs,2026-04-24,-0.5,0.0042794869293406035
Transformer,rcs,2026-04-27,-0.5,0.0004565319012254099
Transformer,rcs,2026-04-28,-0.5,0.008599193021664953
Transformer,rcs,2026-04-29,-0.5,0.003043389156347054
Transformer,rcs,2026-04-30,-0.5,-0.004140157662473454
TCN,rcs,2025-07-02,0.5,0.009953992850087351
TCN,rcs,2025-07-03,0.5,-0.005049528460018826
TCN,rcs,2025-07-04,0.5,-0.00770063458539022
TCN,rcs,2025-07-07,0.5,-0.00338745849350236
TCN,rcs,2025-07-08,0.5,0.06625539760155064
TCN,rcs,2025-07-09,0.0,-5e-05
TCN,rcs,2025-07-10,0.0,0.0
TCN,rcs,2025-07-11,0.0,0.0
TCN,rcs,2025-07-14,-0.0,0.0
TCN,rcs,2025-07-15,0.0,0.0
TCN,rcs,2025-07-16,0.0,-0.0
TCN,rcs,2025-07-17,0.0,-0.0
TCN,rcs,2025-07-18,0.0,0.0
TCN,rcs,2025-07-21,0.0,0.0
TCN,rcs,2025-07-22,0.0,0.0
TCN,rcs,2025-07-23,0.0,0.0
TCN,rcs,2025-07-24,0.0,-0.0
TCN,rcs,2025-07-25,0.0,-0.0
TCN,rcs,2025-07-28,0.0,-0.0
TCN,rcs,2025-07-29,0.0,0.0
TCN,rcs,2025-07-30,0.0,-0.0
TCN,rcs,2025-07-31,-0.0,0.0
TCN,rcs,2025-08-01,-0.0,-0.0
TCN,rcs,2025-08-04,-0.0,-0.0
TCN,rcs,2025-08-05,0.0,-0.0
TCN,rcs,2025-08-06,-0.0,-0.0
TCN,rcs,2025-08-07,-0.0,0.0
TCN,rcs,2025-08-08,0.0,0.0
TCN,rcs,2025-08-11,-0.0,0.0
TCN,rcs,2025-08-12,-0.0,-0.0
TCN,rcs,2025-08-13,-0.0,0.0
TCN,rcs,2025-08-14,0.0,-0.0
TCN,rcs,2025-08-15,0.0,0.0
TCN,rcs,2025-08-18,0.0,-0.0
TCN,rcs,2025-08-19,0.0,-0.0
TCN,rcs,2025-08-20,0.0,0.0
TCN,rcs,2025-08-21,0.0,0.0
TCN,rcs,2025-08-22,0.0,0.0
TCN,rcs,2025-08-25,0.0,0.0
TCN,rcs,2025-08-26,0.0,-0.0
TCN,rcs,2025-08-27,-0.0,0.0
TCN,rcs,2025-08-28,0.0,0.0
TCN,rcs,2025-08-29,0.0,0.0
TCN,rcs,2025-09-02,-1.0,-0.011386958046876627
TCN,rcs,2025-09-03,1.0,-0.002607299808743324
TCN,rcs,2025-09-04,1.0,-0.015465591728420436
TCN,rcs,2025-09-05,1.0,-0.0012254545199552602
TCN,rcs,2025-09-08,1.0,0.0017846953412186117
TCN,rcs,2025-09-09,-1.0,-0.0025382595002940932
TCN,rcs,2025-09-10,1.0,0.010686528327740174
TCN,rcs,2025-09-11,-1.0,-0.009101029779579961
TCN,rcs,2025-09-12,-1.0,0.00043565082119267906
TCN,rcs,2025-09-15,-1.0,-0.014601702501418012
TCN,rcs,2025-09-16,-1.0,0.004833001495090139
TCN,rcs,2025-09-17,1.0,-0.01358221437499898
TCN,rcs,2025-09-18,-1.0,0.00636316104952992
TCN,rcs,2025-09-19,-1.0,-0.0061660159902687806
TCN,rcs,2025-09-22,1.0,0.0006755060459384456
TCN,rcs,2025-09-23,1.0,0.0025147347167067124
TCN,rcs,2025-09-24,-1.0,-0.036845267153111004
TCN,rcs,2025-09-25,0.5,-0.005673434752573941
TCN,rcs,2025-09-26,-0.5,-0.0017489435418695076
TCN,rcs,2025-09-29,0.5,0.01320720023621912
TCN,rcs,2025-09-30,-0.5,0.0036182659754481652
TCN,rcs,2025-10-01,0.5,0.0025535170090946638
TCN,rcs,2025-10-02,-0.5,-0.007086816669567242
TCN,rcs,2025-10-03,0.5,0.01623323111221441
TCN,rcs,2025-10-06,0.5,-0.007018594103453291
TCN,rcs,2025-10-07,-0.5,-0.006215888353747212
TCN,rcs,2025-10-08,-0.5,0.000198083904261126
TCN,rcs,2025-10-09,-0.5,-0.0029231081655859414
TCN,rcs,2025-10-10,-0.5,0.022362352083479142
TCN,rcs,2025-10-13,-0.0,-5e-05
TCN,rcs,2025-10-14,0.0,-0.0
TCN,rcs,2025-10-15,-0.0,0.0
TCN,rcs,2025-10-16,0.0,-0.0
TCN,rcs,2025-10-17,-0.0,0.0
TCN,rcs,2025-10-20,-0.0,-0.0
TCN,rcs,2025-10-21,0.0,-0.0
TCN,rcs,2025-10-22,0.0,0.0
TCN,rcs,2025-10-23,-0.0,-0.0
TCN,rcs,2025-10-24,0.0,0.0
TCN,rcs,2025-10-27,-0.0,-0.0
TCN,rcs,2025-10-28,-0.0,-0.0
TCN,rcs,2025-10-29,-0.0,-0.0
TCN,rcs,2025-10-30,-0.0,0.0
TCN,rcs,2025-10-31,0.0,-0.0
TCN,rcs,2025-11-03,0.0,-0.0
TCN,rcs,2025-11-04,0.0,-0.0
TCN,rcs,2025-11-05,0.0,0.0
TCN,rcs,2025-11-06,-0.0,0.0
TCN,rcs,2025-11-07,0.0,-0.0
TCN,rcs,2025-11-10,0.0,0.0
TCN,rcs,2025-11-11,0.0,-0.0
TCN,rcs,2025-11-12,0.0,0.0
TCN,rcs,2025-11-13,-0.5,0.00014646871608125505
TCN,rcs,2025-11-14,0.5,-0.0038346541620830174
TCN,rcs,2025-11-17,0.5,-0.004901474271521322
TCN,rcs,2025-11-18,-0.5,0.0036499904632568583
TCN,rcs,2025-11-19,0.5,0.004484362797112828
TCN,rcs,2025-11-20,0.5,-0.0048422585895198655
TCN,rcs,2025-11-21,0.5,0.004940040814070068
TCN,rcs,2025-11-24,0.5,-0.0046421288881721146
TCN,rcs,2025-11-25,-0.5,-0.003878708730329261
TCN,rcs,2025-11-26,0.5,0.010401052437210668
TCN,rcs,2025-11-28,-0.5,-0.00813420814668999
TCN,rcs,2025-12-01,-0.5,-0.0032301337167034427
TCN,rcs,2025-12-02,-0.5,0.0055566285940036875
TCN,rcs,2025-12-03,0.5,0.014141457005981784
TCN,rcs,2025-12-04,0.5,-0.0015542573391642556
TCN,rcs,2025-12-05,-0.5,-0.00865143875686215
TCN,rcs,2025-12-08,0.5,-0.0017257825906061397
TCN,rcs,2025-12-09,0.5,-0.011557467743604277
TCN,rcs,2025-12-10,0.5,0.003339361472230795
TCN,rcs,2025-12-11,0.5,0.014358850366406717
TCN,rcs,2025-12-12,-0.5,0.013120918556881845
TCN,rcs,2025-12-15,-0.0,-5e-05
TCN,rcs,2025-12-16,0.0,-0.0
TCN,rcs,2025-12-17,0.0,0.0
TCN,rcs,2025-12-18,0.0,0.0
TCN,rcs,2025-12-19,-0.0,-0.0
TCN,rcs,2025-12-22,0.0,-0.0
TCN,rcs,2025-12-23,0.0,0.0
TCN,rcs,2025-12-24,0.0,0.0
TCN,rcs,2025-12-26,0.5,0.024320294826466353
TCN,rcs,2025-12-29,-0.0,-5e-05
TCN,rcs,2025-12-30,0.0,0.0
TCN,rcs,2025-12-31,-0.0,0.0
TCN,rcs,2026-01-02,-0.0,-0.0
TCN,rcs,2026-01-05,-0.0,-0.0
TCN,rcs,2026-01-06,-0.0,-0.0
TCN,rcs,2026-01-07,-0.0,0.0
TCN,rcs,2026-01-08,-0.0,0.0
TCN,rcs,2026-01-09,-0.0,-0.0
TCN,rcs,2026-01-12,-0.0,-0.0
TCN,rcs,2026-01-13,-0.0,0.0
TCN,rcs,2026-01-14,-0.0,-0.0
TCN,rcs,2026-01-15,-0.0,0.0
TCN,rcs,2026-01-16,0.0,-0.0
TCN,rcs,2026-01-20,-0.0,0.0
TCN,rcs,2026-01-21,-0.0,0.0
TCN,rcs,2026-01-22,-0.0,-0.0
TCN,rcs,2026-01-23,-0.0,-0.0
TCN,rcs,2026-01-26,-0.0,-0.0
TCN,rcs,2026-01-27,-0.0,0.0
TCN,rcs,2026-01-28,-0.0,-0.0
TCN,rcs,2026-01-29,-0.0,-0.0
TCN,rcs,2026-01-30,-0.0,0.0
TCN,rcs,2026-02-02,-0.0,0.0
TCN,rcs,2026-02-03,-0.0,-0.0
TCN,rcs,2026-02-04,-0.0,0.0
TCN,rcs,2026-02-05,-0.0,0.0
TCN,rcs,2026-02-06,-0.0,-0.0
TCN,rcs,2026-02-09,0.0,0.0
TCN,rcs,2026-02-10,-0.0,0.0
TCN,rcs,2026-02-11,-0.0,-0.0
TCN,rcs,2026-02-12,0.0,-0.0
TCN,rcs,2026-02-13,-0.0,-0.0
TCN,rcs,2026-02-17,-0.0,0.0
TCN,rcs,2026-02-18,-0.0,-0.0
TCN,rcs,2026-02-19,-0.0,0.0
TCN,rcs,2026-02-20,-0.0,-0.0
TCN,rcs,2026-02-23,-0.0,0.0
TCN,rcs,2026-02-24,-0.0,-0.0
TCN,rcs,2026-02-25,-0.0,-0.0
TCN,rcs,2026-02-26,-0.0,0.0
TCN,rcs,2026-02-27,-0.0,-0.0
TCN,rcs,2026-03-02,-0.0,0.0
TCN,rcs,2026-03-03,0.0,-0.0
TCN,rcs,2026-03-04,0.0,0.0
TCN,rcs,2026-03-05,0.0,-0.0
TCN,rcs,2026-03-06,0.0,0.0
TCN,rcs,2026-03-09,0.0,0.0
TCN,rcs,2026-03-10,0.0,0.0
TCN,rcs,2026-03-11,0.0,-0.0
TCN,rcs,2026-03-12,0.0,-0.0
TCN,rcs,2026-03-13,0.0,-0.0
TCN,rcs,2026-03-16,0.0,0.0
TCN,rcs,2026-03-17,0.0,-0.0
TCN,rcs,2026-03-18,0.0,-0.0
TCN,rcs,2026-03-19,0.0,-0.0
TCN,rcs,2026-03-20,0.0,-0.0
TCN,rcs,2026-03-23,0.0,0.0
TCN,rcs,2026-03-24,0.0,-0.0
TCN,rcs,2026-03-25,0.0,0.0
TCN,rcs,2026-03-26,0.0,-0.0
TCN,rcs,2026-03-27,-0.0,-0.0
TCN,rcs,2026-03-30,0.0,0.0
TCN,rcs,2026-03-31,0.0,0.0
TCN,rcs,2026-04-01,0.0,0.0
TCN,rcs,2026-04-02,-0.0,0.0
TCN,rcs,2026-04-06,0.0,0.0
TCN,rcs,2026-04-07,-0.5,0.003442436193405557
TCN,rcs,2026-04-08,0.5,0.019288597481229897
TCN,rcs,2026-04-09,0.0,-5e-05
TCN,rcs,2026-04-10,0.0,0.0
TCN,rcs,2026-04-13,0.0,0.0
TCN,rcs,2026-04-14,-0.0,-0.0
TCN,rcs,2026-04-15,0.0,0.0
TCN,rcs,2026-04-16,0.0,-0.0
TCN,rcs,2026-04-17,0.0,0.0
TCN,rcs,2026-04-20,-0.0,0.0
TCN,rcs,2026-04-21,0.5,-0.00290782360168646
TCN,rcs,2026-04-22,0.5,0.009872511313709142
TCN,rcs,2026-04-23,0.5,-0.0036356106982937675
TCN,rcs,2026-04-24,0.5,-0.0042794869293406035
TCN,rcs,2026-04-27,-0.5,0.0003565319012254099
TCN,rcs,2026-04-28,0.5,-0.008699193021664952
TCN,rcs,2026-04-29,0.5,-0.003043389156347054
TCN,rcs,2026-04-30,0.5,0.003940157662473453
CNN LSTM,rcs,2025-07-02,0.5,0.009953992850087351
CNN LSTM,rcs,2025-07-03,0.5,-0.005049528460018826
CNN LSTM,rcs,2025-07-04,0.5,-0.00770063458539022
CNN LSTM,rcs,2025-07-07,0.5,-0.00338745849350236
CNN LSTM,rcs,2025-07-08,0.5,0.06625539760155064
CNN LSTM,rcs,2025-07-09,0.0,-5e-05
CNN LSTM,rcs,2025-07-10,0.0,0.0
CNN LSTM,rcs,2025-07-11,0.0,0.0
CNN LSTM,rcs,2025-07-14,0.0,-0.0
CNN LSTM,rcs,2025-07-15,0.0,0.0
CNN LSTM,rcs,2025-07-16,0.0,-0.0
CNN LSTM,rcs,2025-07-17,0.0,-0.0
CNN LSTM,rcs,2025-07-18,0.0,0.0
CNN LSTM,rcs,2025-07-21,0.0,0.0
CNN LSTM,rcs,2025-07-22,0.0,0.0
CNN LSTM,rcs,2025-07-23,0.0,0.0
CNN LSTM,rcs,2025-07-24,0.0,-0.0
CNN LSTM,rcs,2025-07-25,0.0,-0.0
CNN LSTM,rcs,2025-07-28,0.0,-0.0
CNN LSTM,rcs,2025-07-29,0.0,0.0
CNN LSTM,rcs,2025-07-30,0.0,-0.0
CNN LSTM,rcs,2025-07-31,-0.0,0.0
CNN LSTM,rcs,2025-08-01,-0.0,-0.0
CNN LSTM,rcs,2025-08-04,-0.0,-0.0
CNN LSTM,rcs,2025-08-05,0.0,-0.0
CNN LSTM,rcs,2025-08-06,0.0,0.0
CNN LSTM,rcs,2025-08-07,0.0,-0.0
CNN LSTM,rcs,2025-08-08,0.0,0.0
CNN LSTM,rcs,2025-08-11,-0.0,0.0
CNN LSTM,rcs,2025-08-12,-0.0,-0.0
CNN LSTM,rcs,2025-08-13,0.0,-0.0
CNN LSTM,rcs,2025-08-14,0.0,-0.0
CNN LSTM,rcs,2025-08-15,0.0,0.0
CNN LSTM,rcs,2025-08-18,0.0,-0.0
CNN LSTM,rcs,2025-08-19,-0.0,0.0
CNN LSTM,rcs,2025-08-20,0.0,0.0
CNN LSTM,rcs,2025-08-21,0.0,0.0
CNN LSTM,rcs,2025-08-22,0.0,0.0
CNN LSTM,rcs,2025-08-25,-0.0,-0.0
CNN LSTM,rcs,2025-08-26,-0.0,0.0
CNN LSTM,rcs,2025-08-27,-0.0,0.0
CNN LSTM,rcs,2025-08-28,0.0,0.0
CNN LSTM,rcs,2025-08-29,0.0,0.0
CNN LSTM,rcs,2025-09-02,1.0,0.011186958046876628
CNN LSTM,rcs,2025-09-03,1.0,-0.002407299808743324
CNN LSTM,rcs,2025-09-04,1.0,-0.015465591728420436
CNN LSTM,rcs,2025-09-05,1.0,-0.0012254545199552602
CNN LSTM,rcs,2025-09-08,1.0,0.0017846953412186117
CNN LSTM,rcs,2025-09-09,1.0,0.002338259500294093
CNN LSTM,rcs,2025-09-10,1.0,0.010886528327740175
CNN LSTM,rcs,2025-09-11,1.0,0.008901029779579961
CNN LSTM,rcs,2025-09-12,1.0,-0.00043565082119267906
CNN LSTM,rcs,2025-09-15,1.0,0.014601702501418012
CNN LSTM,rcs,2025-09-16,1.0,-0.004833001495090139
CNN LSTM,rcs,2025-09-17,1.0,-0.01338221437499898
CNN LSTM,rcs,2025-09-18,1.0,-0.00656316104952992
CNN LSTM,rcs,2025-09-19,1.0,0.0061660159902687806
CNN LSTM,rcs,2025-09-22,1.0,0.0008755060459384456
CNN LSTM,rcs,2025-09-23,1.0,0.0025147347167067124
CNN LSTM,rcs,2025-09-24,1.0,0.036645267153111005
CNN LSTM,rcs,2025-09-25,0.5,-0.005573434752573941
CNN LSTM,rcs,2025-09-26,0.5,0.0016489435418695075
CNN LSTM,rcs,2025-09-29,0.5,0.013307200236219119
CNN LSTM,rcs,2025-09-30,0.5,-0.003718265975448165
CNN LSTM,rcs,2025-10-01,-0.5,-0.0027535170090946634
CNN LSTM,rcs,2025-10-02,0.5,0.0068868166695672415
CNN LSTM,rcs,2025-10-03,0.5,0.016333231112214408
CNN LSTM,rcs,2025-10-06,0.5,-0.007018594103453291
CNN LSTM,rcs,2025-10-07,-0.5,-0.006215888353747212
CNN LSTM,rcs,2025-10-08,-0.5,0.000198083904261126
CNN LSTM,rcs,2025-10-09,-0.5,-0.0029231081655859414
CNN LSTM,rcs,2025-10-10,-0.5,0.022362352083479142
CNN LSTM,rcs,2025-10-13,-0.0,-5e-05
CNN LSTM,rcs,2025-10-14,-0.0,0.0
CNN LSTM,rcs,2025-10-15,0.0,-0.0
CNN LSTM,rcs,2025-10-16,0.0,-0.0
CNN LSTM,rcs,2025-10-17,0.0,-0.0
CNN LSTM,rcs,2025-10-20,-0.0,-0.0
CNN LSTM,rcs,2025-10-21,-0.0,0.0
CNN LSTM,rcs,2025-10-22,0.0,0.0
CNN LSTM,rcs,2025-10-23,0.0,0.0
CNN LSTM,rcs,2025-10-24,0.0,0.0
CNN LSTM,rcs,2025-10-27,0.0,0.0
CNN LSTM,rcs,2025-10-28,-0.0,-0.0
CNN LSTM,rcs,2025-10-29,-0.0,-0.0
CNN LSTM,rcs,2025-10-30,0.0,-0.0
CNN LSTM,rcs,2025-10-31,0.0,-0.0
CNN LSTM,rcs,2025-11-03,0.0,-0.0
CNN LSTM,rcs,2025-11-04,0.0,-0.0
CNN LSTM,rcs,2025-11-05,0.0,0.0
CNN LSTM,rcs,2025-11-06,0.0,-0.0
CNN LSTM,rcs,2025-11-07,0.0,-0.0
CNN LSTM,rcs,2025-11-10,0.0,0.0
CNN LSTM,rcs,2025-11-11,0.0,-0.0
CNN LSTM,rcs,2025-11-12,0.0,0.0
CNN LSTM,rcs,2025-11-13,0.5,-0.00024646871608125507
CNN LSTM,rcs,2025-11-14,0.5,-0.0037346541620830176
CNN LSTM,rcs,2025-11-17,0.5,-0.004901474271521322
CNN LSTM,rcs,2025-11-18,0.5,-0.003749990463256858
CNN LSTM,rcs,2025-11-19,0.5,0.004584362797112829
CNN LSTM,rcs,2025-11-20,0.5,-0.0048422585895198655
CNN LSTM,rcs,2025-11-21,0.5,0.004940040814070068
CNN LSTM,rcs,2025-11-24,0.5,-0.0046421288881721146
CNN LSTM,rcs,2025-11-25,0.5,0.003778708730329261
CNN LSTM,rcs,2025-11-26,0.5,0.010501052437210667
CNN LSTM,rcs,2025-11-28,0.5,0.007834208146689992
CNN LSTM,rcs,2025-12-01,0.5,0.0032301337167034427
CNN LSTM,rcs,2025-12-02,0.5,-0.0055566285940036875
CNN LSTM,rcs,2025-12-03,0.5,0.014241457005981784
CNN LSTM,rcs,2025-12-04,0.5,-0.0015542573391642556
CNN LSTM,rcs,2025-12-05,0.5,0.00855143875686215
CNN LSTM,rcs,2025-12-08,0.5,-0.0016257825906061396
CNN LSTM,rcs,2025-12-09,0.5,-0.011557467743604277
CNN LSTM,rcs,2025-12-10,0.5,0.003339361472230795
CNN LSTM,rcs,2025-12-11,0.5,0.014358850366406717
CNN LSTM,rcs,2025-12-12,0.5,-0.013220918556881844
CNN LSTM,rcs,2025-12-15,-0.0,-5e-05
CNN LSTM,rcs,2025-12-16,0.0,-0.0
CNN LSTM,rcs,2025-12-17,0.0,0.0
CNN LSTM,rcs,2025-12-18,0.0,0.0
CNN LSTM,rcs,2025-12-19,0.0,0.0
CNN LSTM,rcs,2025-12-22,0.0,-0.0
CNN LSTM,rcs,2025-12-23,0.0,0.0
CNN LSTM,rcs,2025-12-24,0.0,0.0
CNN LSTM,rcs,2025-12-26,0.5,0.024320294826466353
CNN LSTM,rcs,2025-12-29,0.0,-5e-05
CNN LSTM,rcs,2025-12-30,-0.0,-0.0
CNN LSTM,rcs,2025-12-31,-0.0,0.0
CNN LSTM,rcs,2026-01-02,-0.0,-0.0
CNN LSTM,rcs,2026-01-05,0.0,0.0
CNN LSTM,rcs,2026-01-06,0.0,0.0
CNN LSTM,rcs,2026-01-07,-0.0,0.0
CNN LSTM,rcs,2026-01-08,0.0,-0.0
CNN LSTM,rcs,2026-01-09,-0.0,-0.0
CNN LSTM,rcs,2026-01-12,0.0,0.0
CNN LSTM,rcs,2026-01-13,-0.0,0.0
CNN LSTM,rcs,2026-01-14,0.0,0.0
CNN LSTM,rcs,2026-01-15,0.0,-0.0
CNN LSTM,rcs,2026-01-16,0.0,-0.0
CNN LSTM,rcs,2026-01-20,-0.0,0.0
CNN LSTM,rcs,2026-01-21,-0.0,0.0
CNN LSTM,rcs,2026-01-22,0.0,0.0
CNN LSTM,rcs,2026-01-23,0.0,0.0
CNN LSTM,rcs,2026-01-26,0.0,0.0
CNN LSTM,rcs,2026-01-27,0.0,-0.0
CNN LSTM,rcs,2026-01-28,-0.0,-0.0
CNN LSTM,rcs,2026-01-29,-0.0,-0.0
CNN LSTM,rcs,2026-01-30,-0.0,0.0
CNN LSTM,rcs,2026-02-02,0.0,-0.0
CNN LSTM,rcs,2026-02-03,-0.0,-0.0
CNN LSTM,rcs,2026-02-04,-0.0,0.0
CNN LSTM,rcs,2026-02-05,-0.0,0.0
CNN LSTM,rcs,2026-02-06,-0.0,-0.0
CNN LSTM,rcs,2026-02-09,-0.0,-0.0
CNN LSTM,rcs,2026-02-10,-0.0,0.0
CNN LSTM,rcs,2026-02-11,-0.0,-0.0
CNN LSTM,rcs,2026-02-12,-0.0,0.0
CNN LSTM,rcs,2026-02-13,-0.0,-0.0
CNN LSTM,rcs,2026-02-17,-0.0,0.0
CNN LSTM,rcs,2026-02-18,-0.0,-0.0
CNN LSTM,rcs,2026-02-19,0.0,-0.0
CNN LSTM,rcs,2026-02-20,0.0,0.0
CNN LSTM,rcs,2026-02-23,-0.0,0.0
CNN LSTM,rcs,2026-02-24,0.0,0.0
CNN LSTM,rcs,2026-02-25,0.0,0.0
CNN LSTM,rcs,2026-02-26,0.0,-0.0
CNN LSTM,rcs,2026-02-27,0.0,0.0
CNN LSTM,rcs,2026-03-02,-0.0,0.0
CNN LSTM,rcs,2026-03-03,0.0,-0.0
CNN LSTM,rcs,2026-03-04,0.0,0.0
CNN LSTM,rcs,2026-03-05,0.0,-0.0
CNN LSTM,rcs,2026-03-06,0.0,0.0
CNN LSTM,rcs,2026-03-09,0.0,0.0
CNN LSTM,rcs,2026-03-10,0.0,0.0
CNN LSTM,rcs,2026-03-11,0.0,-0.0
CNN LSTM,rcs,2026-03-12,0.0,-0.0
CNN LSTM,rcs,2026-03-13,0.0,-0.0
CNN LSTM,rcs,2026-03-16,0.0,0.0
CNN LSTM,rcs,2026-03-17,0.0,-0.0
CNN LSTM,rcs,2026-03-18,0.0,-0.0
CNN LSTM,rcs,2026-03-19,0.0,-0.0
CNN LSTM,rcs,2026-03-20,0.0,-0.0
CNN LSTM,rcs,2026-03-23,0.0,0.0
CNN LSTM,rcs,2026-03-24,0.0,-0.0
CNN LSTM,rcs,2026-03-25,0.0,0.0
CNN LSTM,rcs,2026-03-26,0.0,-0.0
CNN LSTM,rcs,2026-03-27,0.0,0.0
CNN LSTM,rcs,2026-03-30,0.0,0.0
CNN LSTM,rcs,2026-03-31,0.0,0.0
CNN LSTM,rcs,2026-04-01,-0.0,-0.0
CNN LSTM,rcs,2026-04-02,-0.0,0.0
CNN LSTM,rcs,2026-04-06,-0.0,-0.0
CNN LSTM,rcs,2026-04-07,-0.5,0.003442436193405557
CNN LSTM,rcs,2026-04-08,-0.5,-0.019388597481229897
CNN LSTM,rcs,2026-04-09,-0.0,-5e-05
CNN LSTM,rcs,2026-04-10,-0.0,-0.0
CNN LSTM,rcs,2026-04-13,-0.0,-0.0
CNN LSTM,rcs,2026-04-14,-0.0,-0.0
CNN LSTM,rcs,2026-04-15,-0.0,-0.0
CNN LSTM,rcs,2026-04-16,-0.0,0.0
CNN LSTM,rcs,2026-04-17,-0.0,-0.0
CNN LSTM,rcs,2026-04-20,-0.0,0.0
CNN LSTM,rcs,2026-04-21,-0.5,0.00280782360168646
CNN LSTM,rcs,2026-04-22,-0.5,-0.009872511313709142
CNN LSTM,rcs,2026-04-23,-0.5,0.0036356106982937675
CNN LSTM,rcs,2026-04-24,-0.5,0.0042794869293406035
CNN LSTM,rcs,2026-04-27,-0.5,0.0004565319012254099
CNN LSTM,rcs,2026-04-28,-0.5,0.008599193021664953
CNN LSTM,rcs,2026-04-29,-0.5,0.003043389156347054
CNN LSTM,rcs,2026-04-30,-0.5,-0.004140157662473454
